solid OpenSCAD_Model
  facet normal -0.5555702314944656 -0.8314696133216091 0
    outer loop
      vertex -42.78277971595526 -25.262718684971333 0
      vertex -42.5 -25.451666049659252 0
      vertex -42.78277971595526 -25.262718684971333 5
    endloop
  endfacet
  facet normal -0.6593458214167548 -0.7518398019393926 0
    outer loop
      vertex -42.78277971595526 -25.262718684971333 0
      vertex -43.03847762942314 -25.03847762942314 5
      vertex -43.03847762942314 -25.03847762942314 0
    endloop
  endfacet
  facet normal -0.7518398019393926 -0.6593458214167548 0
    outer loop
      vertex -43.03847762942314 -25.03847762942314 0
      vertex -43.26271868497133 -24.782779715955257 5
      vertex -43.26271868497133 -24.782779715955257 0
    endloop
  endfacet
  facet normal -0.8314696133216091 -0.5555702314944656 0
    outer loop
      vertex -43.45166604965925 -24.5 0
      vertex -43.26271868497133 -24.782779715955257 0
      vertex -43.45166604965925 -24.5 5
    endloop
  endfacet
  facet normal -0.9469301279485381 -0.32143946985920274 0
    outer loop
      vertex -43.602086782455444 -24.194976925849915 0
      vertex -43.71140714734793 -23.872929520905018 5
      vertex -43.71140714734793 -23.872929520905018 0
    endloop
  endfacet
  facet normal -0.8968727427631223 -0.4422886877239278 0
    outer loop
      vertex -43.45166604965925 -24.5 0
      vertex -43.602086782455444 -24.194976925849915 5
      vertex -43.602086782455444 -24.194976925849915 0
    endloop
  endfacet
  facet normal -0.19509032108454616 -0.9807852805885336 0
    outer loop
      vertex -41.87292952090502 -25.711407147347927 0
      vertex -41.539368100464344 -25.77775663882494 0
      vertex -41.87292952090502 -25.711407147347927 5
    endloop
  endfacet
  facet normal -0.06540312313072735 -0.9978589236383804 0
    outer loop
      vertex -41.539368100464344 -25.77775663882494 0
      vertex -41.20000000298023 -25.799999997019768 0
      vertex -41.539368100464344 -25.77775663882494 5
    endloop
  endfacet
  facet normal 0 0 -1
    outer loop
      vertex -41.87292952090502 -25.711407147347927 0
      vertex -41.5 -23.7196152433753 0
      vertex -41.539368100464344 -25.77775663882494 0
    endloop
  endfacet
  facet normal 0 0 -1
    outer loop
      vertex -41.539368100464344 -25.77775663882494 0
      vertex -41.20000000298023 -23.799999997019768 0
      vertex -41.20000000298023 -25.799999997019768 0
    endloop
  endfacet
  facet normal 0 0 -1
    outer loop
      vertex -41.539368100464344 -25.77775663882494 0
      vertex -41.5 -23.7196152433753 0
      vertex -41.429610058665276 -23.754327721893787 0
    endloop
  endfacet
  facet normal 0 0 -1
    outer loop
      vertex -41.539368100464344 -25.77775663882494 0
      vertex -41.429610058665276 -23.754327721893787 0
      vertex -41.35529142618179 -23.7795554921031 0
    endloop
  endfacet
  facet normal 0 0 -1
    outer loop
      vertex -41.539368100464344 -25.77775663882494 0
      vertex -41.27831571549177 -23.794866919517517 0
      vertex -41.20000000298023 -23.799999997019768 0
    endloop
  endfacet
  facet normal 0 0 -1
    outer loop
      vertex -41.539368100464344 -25.77775663882494 0
      vertex -41.35529142618179 -23.7795554921031 0
      vertex -41.27831571549177 -23.794866919517517 0
    endloop
  endfacet
  facet normal 0 0 -1
    outer loop
      vertex -41.87292952090502 -25.711407147347927 0
      vertex -41.62426406890154 -23.62426406890154 0
      vertex -41.56525685638189 -23.676012001931667 0
    endloop
  endfacet
  facet normal 0 0 -1
    outer loop
      vertex -41.87292952090502 -25.711407147347927 0
      vertex -41.67601200193167 -23.565256856381893 0
      vertex -41.62426406890154 -23.62426406890154 0
    endloop
  endfacet
  facet normal 0 0 -1
    outer loop
      vertex -41.87292952090502 -25.711407147347927 0
      vertex -41.75432772189379 -23.429610058665276 0
      vertex -41.7196152433753 -23.5 0
    endloop
  endfacet
  facet normal 0 0 -1
    outer loop
      vertex -41.87292952090502 -25.711407147347927 0
      vertex -41.7196152433753 -23.5 0
      vertex -41.67601200193167 -23.565256856381893 0
    endloop
  endfacet
  facet normal 0 0 -1
    outer loop
      vertex -41.87292952090502 -25.711407147347927 0
      vertex -41.56525685638189 -23.676012001931667 0
      vertex -41.5 -23.7196152433753 0
    endloop
  endfacet
  facet normal 0 0 -1
    outer loop
      vertex -41.87292952090502 -25.711407147347927 0
      vertex -41.7795554921031 -23.355291426181793 0
      vertex -41.75432772189379 -23.429610058665276 0
    endloop
  endfacet
  facet normal 0 0 -1
    outer loop
      vertex -41.87292952090502 -25.711407147347927 0
      vertex -41.79486691951752 -23.27831571549177 0
      vertex -41.7795554921031 -23.355291426181793 0
    endloop
  endfacet
  facet normal 0 0 -1
    outer loop
      vertex -41.87292952090502 -25.711407147347927 0
      vertex -41.79999999701977 -23.200000002980232 0
      vertex -41.79486691951752 -23.27831571549177 0
    endloop
  endfacet
  facet normal -0.4422886877239278 -0.8968727427631223 0
    outer loop
      vertex -42.5 -25.451666049659252 0
      vertex -42.194976925849915 -25.602086782455444 0
      vertex -42.5 -25.451666049659252 5
    endloop
  endfacet
  facet normal -0.32143946985920274 -0.9469301279485381 0
    outer loop
      vertex -41.87292952090502 -25.711407147347927 0
      vertex -42.194976925849915 -25.602086782455444 5
      vertex -42.194976925849915 -25.602086782455444 0
    endloop
  endfacet
  facet normal -0.5555702314944656 -0.8314696133216091 0
    outer loop
      vertex -42.5 -25.451666049659252 0
      vertex -42.5 -25.451666049659252 5
      vertex -42.78277971595526 -25.262718684971333 5
    endloop
  endfacet
  facet normal -0.7518398019393926 -0.6593458214167548 0
    outer loop
      vertex -43.03847762942314 -25.03847762942314 0
      vertex -43.03847762942314 -25.03847762942314 5
      vertex -43.26271868497133 -24.782779715955257 5
    endloop
  endfacet
  facet normal -0.6593458214167548 -0.7518398019393926 0
    outer loop
      vertex -42.78277971595526 -25.262718684971333 0
      vertex -42.78277971595526 -25.262718684971333 5
      vertex -43.03847762942314 -25.03847762942314 5
    endloop
  endfacet
  facet normal -0.8314696133216091 -0.5555702314944656 0
    outer loop
      vertex -43.26271868497133 -24.782779715955257 0
      vertex -43.26271868497133 -24.782779715955257 5
      vertex -43.45166604965925 -24.5 5
    endloop
  endfacet
  facet normal -0.9469301279485381 -0.32143946985920274 0
    outer loop
      vertex -43.602086782455444 -24.194976925849915 0
      vertex -43.602086782455444 -24.194976925849915 5
      vertex -43.71140714734793 -23.872929520905018 5
    endloop
  endfacet
  facet normal -0.8968727427631223 -0.4422886877239278 0
    outer loop
      vertex -43.45166604965925 -24.5 0
      vertex -43.45166604965925 -24.5 5
      vertex -43.602086782455444 -24.194976925849915 5
    endloop
  endfacet
  facet normal -0.19509032108454616 -0.9807852805885336 0
    outer loop
      vertex -41.539368100464344 -25.77775663882494 0
      vertex -41.539368100464344 -25.77775663882494 5
      vertex -41.87292952090502 -25.711407147347927 5
    endloop
  endfacet
  facet normal -0.06540312313072735 -0.9978589236383804 0
    outer loop
      vertex -41.20000000298023 -25.799999997019768 0
      vertex -41.20000000298023 -25.799999997019768 5
      vertex -41.539368100464344 -25.77775663882494 5
    endloop
  endfacet
  facet normal -0.4422886877239278 -0.8968727427631223 0
    outer loop
      vertex -42.194976925849915 -25.602086782455444 0
      vertex -42.194976925849915 -25.602086782455444 5
      vertex -42.5 -25.451666049659252 5
    endloop
  endfacet
  facet normal -0.32143946985920274 -0.9469301279485381 0
    outer loop
      vertex -41.87292952090502 -25.711407147347927 0
      vertex -41.87292952090502 -25.711407147347927 5
      vertex -42.194976925849915 -25.602086782455444 5
    endloop
  endfacet
  facet normal -0.9807852805885336 -0.19509032108454616 0
    outer loop
      vertex -43.71140714734793 -23.872929520905018 0
      vertex -43.77775663882494 -23.539368100464344 5
      vertex -43.77775663882494 -23.539368100464344 0
    endloop
  endfacet
  facet normal -0.9978589236383804 -0.06540312313072735 0
    outer loop
      vertex -43.77775663882494 -23.539368100464344 0
      vertex -43.79999999701977 -23.200000002980232 5
      vertex -43.79999999701977 -23.200000002980232 0
    endloop
  endfacet
  facet normal -0.9807852805885336 -0.19509032108454616 0
    outer loop
      vertex -43.71140714734793 -23.872929520905018 0
      vertex -43.71140714734793 -23.872929520905018 5
      vertex -43.77775663882494 -23.539368100464344 5
    endloop
  endfacet
  facet normal -0.9978589236383804 -0.06540312313072735 0
    outer loop
      vertex -43.77775663882494 -23.539368100464344 0
      vertex -43.77775663882494 -23.539368100464344 5
      vertex -43.79999999701977 -23.200000002980232 5
    endloop
  endfacet
  facet normal 0 0 -1
    outer loop
      vertex -43.45166604965925 -24.5 0
      vertex -43.602086782455444 -24.194976925849915 0
      vertex -43.602086782455444 24.194976925849915 0
    endloop
  endfacet
  facet normal 0 0 -1
    outer loop
      vertex -43.45166604965925 -24.5 0
      vertex -43.45166604965925 24.5 0
      vertex -43.26271868497133 -24.782779715955257 0
    endloop
  endfacet
  facet normal 0 0 -1
    outer loop
      vertex -43.602086782455444 -24.194976925849915 0
      vertex -43.71140714734793 -23.872929520905018 0
      vertex -43.71140714734793 23.872929520905018 0
    endloop
  endfacet
  facet normal 0 0 -1
    outer loop
      vertex -43.71140714734793 -23.872929520905018 0
      vertex -43.77775663882494 -23.539368100464344 0
      vertex -43.77775663882494 23.539368100464344 0
    endloop
  endfacet
  facet normal 0 0 -1
    outer loop
      vertex -43.77775663882494 -23.539368100464344 0
      vertex -43.79999999701977 -23.200000002980232 0
      vertex -43.79999999701977 23.200000002980232 0
    endloop
  endfacet
  facet normal 0 0 -1
    outer loop
      vertex -42.78277971595526 -25.262718684971333 0
      vertex -43.03847762942314 -25.03847762942314 0
      vertex -43.03847762942314 25.03847762942314 0
    endloop
  endfacet
  facet normal 0 0 -1
    outer loop
      vertex -43.03847762942314 -25.03847762942314 0
      vertex -43.26271868497133 -24.782779715955257 0
      vertex -43.26271868497133 24.782779715955257 0
    endloop
  endfacet
  facet normal 0 0 -1
    outer loop
      vertex -42.78277971595526 -25.262718684971333 0
      vertex -42.78277971595526 25.262718684971333 0
      vertex -42.5 -25.451666049659252 0
    endloop
  endfacet
  facet normal 0 0 -1
    outer loop
      vertex -41.87292952090502 -25.711407147347927 0
      vertex -42.194976925849915 -25.602086782455444 0
      vertex -42.194976925849915 25.602086782455444 0
    endloop
  endfacet
  facet normal 0 0 -1
    outer loop
      vertex -42.5 -25.451666049659252 0
      vertex -42.5 25.451666049659252 0
      vertex -42.194976925849915 -25.602086782455444 0
    endloop
  endfacet
  facet normal 0 0 -1
    outer loop
      vertex -41.87292952090502 -25.711407147347927 0
      vertex -41.87292952090502 25.711407147347927 0
      vertex -41.79999999701977 -23.200000002980232 0
    endloop
  endfacet
  facet normal -1 0 0
    outer loop
      vertex -43.79999999701977 -23.200000002980232 0
      vertex -43.79999999701977 -23.200000002980232 5
      vertex -43.79999999701977 23.200000002980232 5
    endloop
  endfacet
  facet normal 0 -1 0
    outer loop
      vertex -41.20000000298023 -25.799999997019768 0
      vertex 41.20000000298023 -25.799999997019768 0
      vertex -41.20000000298023 -25.799999997019768 5
    endloop
  endfacet
  facet normal 0 0 -1
    outer loop
      vertex -41.20000000298023 -25.799999997019768 0
      vertex -41.20000000298023 -23.799999997019768 0
      vertex 41.20000000298023 -23.799999997019768 0
    endloop
  endfacet
  facet normal 0 0 -1
    outer loop
      vertex -43.77775663882494 -23.539368100464344 0
      vertex -43.79999999701977 23.200000002980232 0
      vertex -43.77775663882494 23.539368100464344 0
    endloop
  endfacet
  facet normal 0 0 -1
    outer loop
      vertex -43.71140714734793 -23.872929520905018 0
      vertex -43.77775663882494 23.539368100464344 0
      vertex -43.71140714734793 23.872929520905018 0
    endloop
  endfacet
  facet normal 0 0 -1
    outer loop
      vertex -43.602086782455444 -24.194976925849915 0
      vertex -43.71140714734793 23.872929520905018 0
      vertex -43.602086782455444 24.194976925849915 0
    endloop
  endfacet
  facet normal 0 0 -1
    outer loop
      vertex -43.45166604965925 -24.5 0
      vertex -43.602086782455444 24.194976925849915 0
      vertex -43.45166604965925 24.5 0
    endloop
  endfacet
  facet normal 0 0 -1
    outer loop
      vertex -43.26271868497133 -24.782779715955257 0
      vertex -43.45166604965925 24.5 0
      vertex -43.26271868497133 24.782779715955257 0
    endloop
  endfacet
  facet normal 0 0 -1
    outer loop
      vertex -43.03847762942314 -25.03847762942314 0
      vertex -43.26271868497133 24.782779715955257 0
      vertex -43.03847762942314 25.03847762942314 0
    endloop
  endfacet
  facet normal 0 0 -1
    outer loop
      vertex -42.78277971595526 -25.262718684971333 0
      vertex -43.03847762942314 25.03847762942314 0
      vertex -42.78277971595526 25.262718684971333 0
    endloop
  endfacet
  facet normal 0 0 -1
    outer loop
      vertex -42.5 -25.451666049659252 0
      vertex -42.78277971595526 25.262718684971333 0
      vertex -42.5 25.451666049659252 0
    endloop
  endfacet
  facet normal -1 0 0
    outer loop
      vertex -43.79999999701977 -23.200000002980232 0
      vertex -43.79999999701977 23.200000002980232 5
      vertex -43.79999999701977 23.200000002980232 0
    endloop
  endfacet
  facet normal 0 0 -1
    outer loop
      vertex -42.194976925849915 -25.602086782455444 0
      vertex -42.5 25.451666049659252 0
      vertex -42.194976925849915 25.602086782455444 0
    endloop
  endfacet
  facet normal 0 0 -1
    outer loop
      vertex -41.87292952090502 -25.711407147347927 0
      vertex -42.194976925849915 25.602086782455444 0
      vertex -41.87292952090502 25.711407147347927 0
    endloop
  endfacet
  facet normal 0 0 -1
    outer loop
      vertex -41.79999999701977 -23.200000002980232 0
      vertex -41.87292952090502 25.711407147347927 0
      vertex -41.79999999701977 23.200000002980232 0
    endloop
  endfacet
  facet normal -0.9978589236383804 0.06540312313072735 0
    outer loop
      vertex -43.79999999701977 23.200000002980232 0
      vertex -43.77775663882494 23.539368100464344 5
      vertex -43.77775663882494 23.539368100464344 0
    endloop
  endfacet
  facet normal -0.9807852805885336 0.19509032108454616 0
    outer loop
      vertex -43.77775663882494 23.539368100464344 0
      vertex -43.71140714734793 23.872929520905018 5
      vertex -43.71140714734793 23.872929520905018 0
    endloop
  endfacet
  facet normal -0.9978589236383804 0.06540312313072735 0
    outer loop
      vertex -43.79999999701977 23.200000002980232 0
      vertex -43.79999999701977 23.200000002980232 5
      vertex -43.77775663882494 23.539368100464344 5
    endloop
  endfacet
  facet normal -0.9807852805885336 0.19509032108454616 0
    outer loop
      vertex -43.77775663882494 23.539368100464344 0
      vertex -43.77775663882494 23.539368100464344 5
      vertex -43.71140714734793 23.872929520905018 5
    endloop
  endfacet
  facet normal -0.9469301279485381 0.32143946985920274 0
    outer loop
      vertex -43.71140714734793 23.872929520905018 0
      vertex -43.602086782455444 24.194976925849915 5
      vertex -43.602086782455444 24.194976925849915 0
    endloop
  endfacet
  facet normal -0.8968727427631223 0.4422886877239278 0
    outer loop
      vertex -43.602086782455444 24.194976925849915 0
      vertex -43.45166604965925 24.5 5
      vertex -43.45166604965925 24.5 0
    endloop
  endfacet
  facet normal -0.8314696133216091 0.5555702314944656 0
    outer loop
      vertex -43.45166604965925 24.5 0
      vertex -43.26271868497133 24.782779715955257 5
      vertex -43.26271868497133 24.782779715955257 0
    endloop
  endfacet
  facet normal -0.7518398019393926 0.6593458214167548 0
    outer loop
      vertex -43.26271868497133 24.782779715955257 0
      vertex -43.03847762942314 25.03847762942314 5
      vertex -43.03847762942314 25.03847762942314 0
    endloop
  endfacet
  facet normal -0.6593458214167548 0.7518398019393926 0
    outer loop
      vertex -43.03847762942314 25.03847762942314 0
      vertex -42.78277971595526 25.262718684971333 5
      vertex -42.78277971595526 25.262718684971333 0
    endloop
  endfacet
  facet normal -0.5555702314944656 0.8314696133216091 0
    outer loop
      vertex -42.78277971595526 25.262718684971333 0
      vertex -42.5 25.451666049659252 5
      vertex -42.5 25.451666049659252 0
    endloop
  endfacet
  facet normal 0 0 -1
    outer loop
      vertex -41.79999999701977 23.200000002980232 0
      vertex -41.87292952090502 25.711407147347927 0
      vertex -41.79486691951752 23.27831571549177 0
    endloop
  endfacet
  facet normal 0 0 -1
    outer loop
      vertex -41.79486691951752 23.27831571549177 0
      vertex -41.87292952090502 25.711407147347927 0
      vertex -41.7795554921031 23.355291426181793 0
    endloop
  endfacet
  facet normal 0 0 -1
    outer loop
      vertex -41.7795554921031 23.355291426181793 0
      vertex -41.87292952090502 25.711407147347927 0
      vertex -41.75432772189379 23.429610058665276 0
    endloop
  endfacet
  facet normal 0 0 -1
    outer loop
      vertex -41.75432772189379 23.429610058665276 0
      vertex -41.87292952090502 25.711407147347927 0
      vertex -41.7196152433753 23.5 0
    endloop
  endfacet
  facet normal 0 0 -1
    outer loop
      vertex -41.7196152433753 23.5 0
      vertex -41.87292952090502 25.711407147347927 0
      vertex -41.67601200193167 23.565256856381893 0
    endloop
  endfacet
  facet normal 0 0 -1
    outer loop
      vertex -41.62426406890154 23.62426406890154 0
      vertex -41.87292952090502 25.711407147347927 0
      vertex -41.56525685638189 23.676012001931667 0
    endloop
  endfacet
  facet normal 0 0 -1
    outer loop
      vertex -41.67601200193167 23.565256856381893 0
      vertex -41.87292952090502 25.711407147347927 0
      vertex -41.62426406890154 23.62426406890154 0
    endloop
  endfacet
  facet normal 0 0 -1
    outer loop
      vertex -41.56525685638189 23.676012001931667 0
      vertex -41.539368100464344 25.77775663882494 0
      vertex -41.5 23.7196152433753 0
    endloop
  endfacet
  facet normal 0 0 -1
    outer loop
      vertex -41.5 23.7196152433753 0
      vertex -41.539368100464344 25.77775663882494 0
      vertex -41.429610058665276 23.754327721893787 0
    endloop
  endfacet
  facet normal 0 0 -1
    outer loop
      vertex -41.429610058665276 23.754327721893787 0
      vertex -41.539368100464344 25.77775663882494 0
      vertex -41.35529142618179 23.7795554921031 0
    endloop
  endfacet
  facet normal 0 0 -1
    outer loop
      vertex -41.35529142618179 23.7795554921031 0
      vertex -41.539368100464344 25.77775663882494 0
      vertex -41.27831571549177 23.794866919517517 0
    endloop
  endfacet
  facet normal 0 0 -1
    outer loop
      vertex -41.27831571549177 23.794866919517517 0
      vertex -41.539368100464344 25.77775663882494 0
      vertex -41.20000000298023 23.799999997019768 0
    endloop
  endfacet
  facet normal 0 0 -1
    outer loop
      vertex -41.56525685638189 23.676012001931667 0
      vertex -41.87292952090502 25.711407147347927 0
      vertex -41.539368100464344 25.77775663882494 0
    endloop
  endfacet
  facet normal 0 0 -1
    outer loop
      vertex -41.20000000298023 23.799999997019768 0
      vertex -41.539368100464344 25.77775663882494 0
      vertex -41.20000000298023 25.799999997019768 0
    endloop
  endfacet
  facet normal -0.4422886877239278 0.8968727427631223 0
    outer loop
      vertex -42.5 25.451666049659252 0
      vertex -42.194976925849915 25.602086782455444 5
      vertex -42.194976925849915 25.602086782455444 0
    endloop
  endfacet
  facet normal -0.32143946985920274 0.9469301279485381 0
    outer loop
      vertex -42.194976925849915 25.602086782455444 0
      vertex -41.87292952090502 25.711407147347927 5
      vertex -41.87292952090502 25.711407147347927 0
    endloop
  endfacet
  facet normal -0.19509032108454616 0.9807852805885336 0
    outer loop
      vertex -41.87292952090502 25.711407147347927 0
      vertex -41.539368100464344 25.77775663882494 5
      vertex -41.539368100464344 25.77775663882494 0
    endloop
  endfacet
  facet normal -0.06540312313072735 0.9978589236383804 0
    outer loop
      vertex -41.539368100464344 25.77775663882494 0
      vertex -41.20000000298023 25.799999997019768 5
      vertex -41.20000000298023 25.799999997019768 0
    endloop
  endfacet
  facet normal -0.9469301279485381 0.32143946985920274 0
    outer loop
      vertex -43.71140714734793 23.872929520905018 0
      vertex -43.71140714734793 23.872929520905018 5
      vertex -43.602086782455444 24.194976925849915 5
    endloop
  endfacet
  facet normal -0.8968727427631223 0.4422886877239278 0
    outer loop
      vertex -43.602086782455444 24.194976925849915 0
      vertex -43.602086782455444 24.194976925849915 5
      vertex -43.45166604965925 24.5 5
    endloop
  endfacet
  facet normal -0.8314696133216091 0.5555702314944656 0
    outer loop
      vertex -43.45166604965925 24.5 0
      vertex -43.45166604965925 24.5 5
      vertex -43.26271868497133 24.782779715955257 5
    endloop
  endfacet
  facet normal -0.7518398019393926 0.6593458214167548 0
    outer loop
      vertex -43.26271868497133 24.782779715955257 0
      vertex -43.26271868497133 24.782779715955257 5
      vertex -43.03847762942314 25.03847762942314 5
    endloop
  endfacet
  facet normal -0.6593458214167548 0.7518398019393926 0
    outer loop
      vertex -43.03847762942314 25.03847762942314 0
      vertex -43.03847762942314 25.03847762942314 5
      vertex -42.78277971595526 25.262718684971333 5
    endloop
  endfacet
  facet normal -0.5555702314944656 0.8314696133216091 0
    outer loop
      vertex -42.78277971595526 25.262718684971333 0
      vertex -42.78277971595526 25.262718684971333 5
      vertex -42.5 25.451666049659252 5
    endloop
  endfacet
  facet normal -0.4422886877239278 0.8968727427631223 0
    outer loop
      vertex -42.5 25.451666049659252 0
      vertex -42.5 25.451666049659252 5
      vertex -42.194976925849915 25.602086782455444 5
    endloop
  endfacet
  facet normal -0.32143946985920274 0.9469301279485381 0
    outer loop
      vertex -42.194976925849915 25.602086782455444 0
      vertex -42.194976925849915 25.602086782455444 5
      vertex -41.87292952090502 25.711407147347927 5
    endloop
  endfacet
  facet normal -0.19509032108454616 0.9807852805885336 0
    outer loop
      vertex -41.87292952090502 25.711407147347927 0
      vertex -41.87292952090502 25.711407147347927 5
      vertex -41.539368100464344 25.77775663882494 5
    endloop
  endfacet
  facet normal -0.06540312313072735 0.9978589236383804 0
    outer loop
      vertex -41.539368100464344 25.77775663882494 0
      vertex -41.539368100464344 25.77775663882494 5
      vertex -41.20000000298023 25.799999997019768 5
    endloop
  endfacet
  facet normal 0 0 -1
    outer loop
      vertex -41.20000000298023 23.799999997019768 0
      vertex -41.20000000298023 25.799999997019768 0
      vertex 41.20000000298023 25.799999997019768 0
    endloop
  endfacet
  facet normal 0 1 0
    outer loop
      vertex -41.20000000298023 25.799999997019768 0
      vertex -41.20000000298023 25.799999997019768 5
      vertex 41.20000000298023 25.799999997019768 5
    endloop
  endfacet
  facet normal 0 0 -1
    outer loop
      vertex -41.20000000298023 -25.799999997019768 0
      vertex 41.20000000298023 -23.799999997019768 0
      vertex 41.20000000298023 -25.799999997019768 0
    endloop
  endfacet
  facet normal 0 -1 0
    outer loop
      vertex -41.20000000298023 -25.799999997019768 5
      vertex 41.20000000298023 -25.799999997019768 0
      vertex 41.20000000298023 -25.799999997019768 5
    endloop
  endfacet
  facet normal 0.06540312313072735 -0.9978589236383804 0
    outer loop
      vertex 41.20000000298023 -25.799999997019768 0
      vertex 41.539368100464344 -25.77775663882494 0
      vertex 41.20000000298023 -25.799999997019768 5
    endloop
  endfacet
  facet normal 0.19509032108454616 -0.9807852805885336 0
    outer loop
      vertex 41.539368100464344 -25.77775663882494 0
      vertex 41.87292952090502 -25.711407147347927 0
      vertex 41.539368100464344 -25.77775663882494 5
    endloop
  endfacet
  facet normal 0 0 -1
    outer loop
      vertex 41.20000000298023 -25.799999997019768 0
      vertex 41.20000000298023 -23.799999997019768 0
      vertex 41.539368100464344 -25.77775663882494 0
    endloop
  endfacet
  facet normal 0 0 -1
    outer loop
      vertex 41.539368100464344 -25.77775663882494 0
      vertex 41.56525685638189 -23.676012001931667 0
      vertex 41.87292952090502 -25.711407147347927 0
    endloop
  endfacet
  facet normal 0 0 -1
    outer loop
      vertex 41.539368100464344 -25.77775663882494 0
      vertex 41.20000000298023 -23.799999997019768 0
      vertex 41.27831571549177 -23.794866919517517 0
    endloop
  endfacet
  facet normal 0 0 -1
    outer loop
      vertex 41.539368100464344 -25.77775663882494 0
      vertex 41.27831571549177 -23.794866919517517 0
      vertex 41.35529142618179 -23.7795554921031 0
    endloop
  endfacet
  facet normal 0 0 -1
    outer loop
      vertex 41.539368100464344 -25.77775663882494 0
      vertex 41.429610058665276 -23.754327721893787 0
      vertex 41.5 -23.7196152433753 0
    endloop
  endfacet
  facet normal 0 0 -1
    outer loop
      vertex 41.539368100464344 -25.77775663882494 0
      vertex 41.35529142618179 -23.7795554921031 0
      vertex 41.429610058665276 -23.754327721893787 0
    endloop
  endfacet
  facet normal 0 0 -1
    outer loop
      vertex 41.539368100464344 -25.77775663882494 0
      vertex 41.5 -23.7196152433753 0
      vertex 41.56525685638189 -23.676012001931667 0
    endloop
  endfacet
  facet normal 0 0 -1
    outer loop
      vertex 41.87292952090502 -25.711407147347927 0
      vertex 41.56525685638189 -23.676012001931667 0
      vertex 41.62426406890154 -23.62426406890154 0
    endloop
  endfacet
  facet normal 0 0 -1
    outer loop
      vertex 41.87292952090502 -25.711407147347927 0
      vertex 41.62426406890154 -23.62426406890154 0
      vertex 41.67601200193167 -23.565256856381893 0
    endloop
  endfacet
  facet normal 0 0 -1
    outer loop
      vertex 41.87292952090502 -25.711407147347927 0
      vertex 41.67601200193167 -23.565256856381893 0
      vertex 41.7196152433753 -23.5 0
    endloop
  endfacet
  facet normal 0 0 -1
    outer loop
      vertex 41.87292952090502 -25.711407147347927 0
      vertex 41.7196152433753 -23.5 0
      vertex 41.75432772189379 -23.429610058665276 0
    endloop
  endfacet
  facet normal 0 0 -1
    outer loop
      vertex 41.87292952090502 -25.711407147347927 0
      vertex 41.75432772189379 -23.429610058665276 0
      vertex 41.7795554921031 -23.355291426181793 0
    endloop
  endfacet
  facet normal 0 0 -1
    outer loop
      vertex 41.87292952090502 -25.711407147347927 0
      vertex 41.7795554921031 -23.355291426181793 0
      vertex 41.79486691951752 -23.27831571549177 0
    endloop
  endfacet
  facet normal 0 0 -1
    outer loop
      vertex 41.87292952090502 -25.711407147347927 0
      vertex 41.79486691951752 -23.27831571549177 0
      vertex 41.79999999701977 -23.200000002980232 0
    endloop
  endfacet
  facet normal 0.32143946985920274 -0.9469301279485381 0
    outer loop
      vertex 41.87292952090502 -25.711407147347927 0
      vertex 42.194976925849915 -25.602086782455444 0
      vertex 41.87292952090502 -25.711407147347927 5
    endloop
  endfacet
  facet normal 0.4422886877239278 -0.8968727427631223 0
    outer loop
      vertex 42.194976925849915 -25.602086782455444 0
      vertex 42.5 -25.451666049659252 0
      vertex 42.194976925849915 -25.602086782455444 5
    endloop
  endfacet
  facet normal 0.5555702314944656 -0.8314696133216091 0
    outer loop
      vertex 42.5 -25.451666049659252 0
      vertex 42.78277971595526 -25.262718684971333 0
      vertex 42.5 -25.451666049659252 5
    endloop
  endfacet
  facet normal 0.6593458214167548 -0.7518398019393926 0
    outer loop
      vertex 42.78277971595526 -25.262718684971333 0
      vertex 43.03847762942314 -25.03847762942314 0
      vertex 42.78277971595526 -25.262718684971333 5
    endloop
  endfacet
  facet normal 0.7518398019393926 -0.6593458214167548 0
    outer loop
      vertex 43.03847762942314 -25.03847762942314 0
      vertex 43.26271868497133 -24.782779715955257 0
      vertex 43.03847762942314 -25.03847762942314 5
    endloop
  endfacet
  facet normal 0.8314696133216091 -0.5555702314944656 0
    outer loop
      vertex 43.26271868497133 -24.782779715955257 0
      vertex 43.45166604965925 -24.5 0
      vertex 43.26271868497133 -24.782779715955257 5
    endloop
  endfacet
  facet normal 0.8968727427631223 -0.4422886877239278 0
    outer loop
      vertex 43.45166604965925 -24.5 0
      vertex 43.602086782455444 -24.194976925849915 0
      vertex 43.45166604965925 -24.5 5
    endloop
  endfacet
  facet normal 0.9469301279485381 -0.32143946985920274 0
    outer loop
      vertex 43.602086782455444 -24.194976925849915 0
      vertex 43.71140714734793 -23.872929520905018 0
      vertex 43.602086782455444 -24.194976925849915 5
    endloop
  endfacet
  facet normal 0.06540312313072735 -0.9978589236383804 0
    outer loop
      vertex 41.539368100464344 -25.77775663882494 0
      vertex 41.539368100464344 -25.77775663882494 5
      vertex 41.20000000298023 -25.799999997019768 5
    endloop
  endfacet
  facet normal 0.19509032108454616 -0.9807852805885336 0
    outer loop
      vertex 41.87292952090502 -25.711407147347927 0
      vertex 41.87292952090502 -25.711407147347927 5
      vertex 41.539368100464344 -25.77775663882494 5
    endloop
  endfacet
  facet normal 0.32143946985920274 -0.9469301279485381 0
    outer loop
      vertex 42.194976925849915 -25.602086782455444 0
      vertex 42.194976925849915 -25.602086782455444 5
      vertex 41.87292952090502 -25.711407147347927 5
    endloop
  endfacet
  facet normal 0.4422886877239278 -0.8968727427631223 0
    outer loop
      vertex 42.5 -25.451666049659252 0
      vertex 42.5 -25.451666049659252 5
      vertex 42.194976925849915 -25.602086782455444 5
    endloop
  endfacet
  facet normal 0.5555702314944656 -0.8314696133216091 0
    outer loop
      vertex 42.78277971595526 -25.262718684971333 0
      vertex 42.78277971595526 -25.262718684971333 5
      vertex 42.5 -25.451666049659252 5
    endloop
  endfacet
  facet normal 0.6593458214167548 -0.7518398019393926 0
    outer loop
      vertex 43.03847762942314 -25.03847762942314 0
      vertex 43.03847762942314 -25.03847762942314 5
      vertex 42.78277971595526 -25.262718684971333 5
    endloop
  endfacet
  facet normal 0.7518398019393926 -0.6593458214167548 0
    outer loop
      vertex 43.26271868497133 -24.782779715955257 0
      vertex 43.26271868497133 -24.782779715955257 5
      vertex 43.03847762942314 -25.03847762942314 5
    endloop
  endfacet
  facet normal 0.8314696133216091 -0.5555702314944656 0
    outer loop
      vertex 43.45166604965925 -24.5 0
      vertex 43.45166604965925 -24.5 5
      vertex 43.26271868497133 -24.782779715955257 5
    endloop
  endfacet
  facet normal 0.8968727427631223 -0.4422886877239278 0
    outer loop
      vertex 43.602086782455444 -24.194976925849915 0
      vertex 43.602086782455444 -24.194976925849915 5
      vertex 43.45166604965925 -24.5 5
    endloop
  endfacet
  facet normal 0.9469301279485381 -0.32143946985920274 0
    outer loop
      vertex 43.71140714734793 -23.872929520905018 0
      vertex 43.71140714734793 -23.872929520905018 5
      vertex 43.602086782455444 -24.194976925849915 5
    endloop
  endfacet
  facet normal 0.9807852805885336 -0.19509032108454616 0
    outer loop
      vertex 43.71140714734793 -23.872929520905018 0
      vertex 43.77775663882494 -23.539368100464344 0
      vertex 43.71140714734793 -23.872929520905018 5
    endloop
  endfacet
  facet normal 0.9978589236383804 -0.06540312313072735 0
    outer loop
      vertex 43.77775663882494 -23.539368100464344 0
      vertex 43.79999999701977 -23.200000002980232 0
      vertex 43.77775663882494 -23.539368100464344 5
    endloop
  endfacet
  facet normal 0.9807852805885336 -0.19509032108454616 0
    outer loop
      vertex 43.77775663882494 -23.539368100464344 0
      vertex 43.77775663882494 -23.539368100464344 5
      vertex 43.71140714734793 -23.872929520905018 5
    endloop
  endfacet
  facet normal 0.9978589236383804 -0.06540312313072735 0
    outer loop
      vertex 43.79999999701977 -23.200000002980232 0
      vertex 43.79999999701977 -23.200000002980232 5
      vertex 43.77775663882494 -23.539368100464344 5
    endloop
  endfacet
  facet normal 0 0 -1
    outer loop
      vertex 41.87292952090502 -25.711407147347927 0
      vertex 41.79999999701977 -23.200000002980232 0
      vertex 41.79999999701977 23.200000002980232 0
    endloop
  endfacet
  facet normal 0 0 -1
    outer loop
      vertex 41.87292952090502 -25.711407147347927 0
      vertex 41.87292952090502 25.711407147347927 0
      vertex 42.194976925849915 -25.602086782455444 0
    endloop
  endfacet
  facet normal 0 0 -1
    outer loop
      vertex 42.194976925849915 -25.602086782455444 0
      vertex 42.194976925849915 25.602086782455444 0
      vertex 42.5 -25.451666049659252 0
    endloop
  endfacet
  facet normal 0 0 -1
    outer loop
      vertex 42.5 -25.451666049659252 0
      vertex 42.5 25.451666049659252 0
      vertex 42.78277971595526 -25.262718684971333 0
    endloop
  endfacet
  facet normal 0 0 -1
    outer loop
      vertex 42.78277971595526 -25.262718684971333 0
      vertex 42.78277971595526 25.262718684971333 0
      vertex 43.03847762942314 -25.03847762942314 0
    endloop
  endfacet
  facet normal 0 0 -1
    outer loop
      vertex 43.03847762942314 -25.03847762942314 0
      vertex 43.03847762942314 25.03847762942314 0
      vertex 43.26271868497133 -24.782779715955257 0
    endloop
  endfacet
  facet normal 0 0 -1
    outer loop
      vertex 43.26271868497133 -24.782779715955257 0
      vertex 43.26271868497133 24.782779715955257 0
      vertex 43.45166604965925 -24.5 0
    endloop
  endfacet
  facet normal 0 0 -1
    outer loop
      vertex 43.45166604965925 -24.5 0
      vertex 43.45166604965925 24.5 0
      vertex 43.602086782455444 -24.194976925849915 0
    endloop
  endfacet
  facet normal 0 0 -1
    outer loop
      vertex 43.602086782455444 -24.194976925849915 0
      vertex 43.602086782455444 24.194976925849915 0
      vertex 43.71140714734793 -23.872929520905018 0
    endloop
  endfacet
  facet normal 0 0 -1
    outer loop
      vertex 43.71140714734793 -23.872929520905018 0
      vertex 43.71140714734793 23.872929520905018 0
      vertex 43.77775663882494 -23.539368100464344 0
    endloop
  endfacet
  facet normal 0 0 -1
    outer loop
      vertex 43.77775663882494 -23.539368100464344 0
      vertex 43.77775663882494 23.539368100464344 0
      vertex 43.79999999701977 -23.200000002980232 0
    endloop
  endfacet
  facet normal 1 0 0
    outer loop
      vertex 43.79999999701977 -23.200000002980232 0
      vertex 43.79999999701977 23.200000002980232 0
      vertex 43.79999999701977 -23.200000002980232 5
    endloop
  endfacet
  facet normal 0 0 -1
    outer loop
      vertex -41.20000000298023 23.799999997019768 0
      vertex 41.20000000298023 25.799999997019768 0
      vertex 41.20000000298023 23.799999997019768 0
    endloop
  endfacet
  facet normal 0 1 0
    outer loop
      vertex -41.20000000298023 25.799999997019768 0
      vertex 41.20000000298023 25.799999997019768 5
      vertex 41.20000000298023 25.799999997019768 0
    endloop
  endfacet
  facet normal 0 0 -1
    outer loop
      vertex 41.87292952090502 -25.711407147347927 0
      vertex 41.79999999701977 23.200000002980232 0
      vertex 41.87292952090502 25.711407147347927 0
    endloop
  endfacet
  facet normal 0 0 -1
    outer loop
      vertex 42.5 -25.451666049659252 0
      vertex 42.194976925849915 25.602086782455444 0
      vertex 42.5 25.451666049659252 0
    endloop
  endfacet
  facet normal 0 0 -1
    outer loop
      vertex 42.194976925849915 -25.602086782455444 0
      vertex 41.87292952090502 25.711407147347927 0
      vertex 42.194976925849915 25.602086782455444 0
    endloop
  endfacet
  facet normal 0 0 -1
    outer loop
      vertex 42.78277971595526 -25.262718684971333 0
      vertex 42.5 25.451666049659252 0
      vertex 42.78277971595526 25.262718684971333 0
    endloop
  endfacet
  facet normal 0 0 -1
    outer loop
      vertex 43.26271868497133 -24.782779715955257 0
      vertex 43.03847762942314 25.03847762942314 0
      vertex 43.26271868497133 24.782779715955257 0
    endloop
  endfacet
  facet normal 0 0 -1
    outer loop
      vertex 43.03847762942314 -25.03847762942314 0
      vertex 42.78277971595526 25.262718684971333 0
      vertex 43.03847762942314 25.03847762942314 0
    endloop
  endfacet
  facet normal 0 0 -1
    outer loop
      vertex 43.79999999701977 -23.200000002980232 0
      vertex 43.77775663882494 23.539368100464344 0
      vertex 43.79999999701977 23.200000002980232 0
    endloop
  endfacet
  facet normal 0 0 -1
    outer loop
      vertex 43.77775663882494 -23.539368100464344 0
      vertex 43.71140714734793 23.872929520905018 0
      vertex 43.77775663882494 23.539368100464344 0
    endloop
  endfacet
  facet normal 0 0 -1
    outer loop
      vertex 43.71140714734793 -23.872929520905018 0
      vertex 43.602086782455444 24.194976925849915 0
      vertex 43.71140714734793 23.872929520905018 0
    endloop
  endfacet
  facet normal 0 0 -1
    outer loop
      vertex 43.45166604965925 -24.5 0
      vertex 43.26271868497133 24.782779715955257 0
      vertex 43.45166604965925 24.5 0
    endloop
  endfacet
  facet normal 0 0 -1
    outer loop
      vertex 43.602086782455444 -24.194976925849915 0
      vertex 43.45166604965925 24.5 0
      vertex 43.602086782455444 24.194976925849915 0
    endloop
  endfacet
  facet normal 1 0 0
    outer loop
      vertex 43.79999999701977 -23.200000002980232 5
      vertex 43.79999999701977 23.200000002980232 0
      vertex 43.79999999701977 23.200000002980232 5
    endloop
  endfacet
  facet normal 0.9978589236383804 0.06540312313072735 0
    outer loop
      vertex 43.79999999701977 23.200000002980232 0
      vertex 43.77775663882494 23.539368100464344 0
      vertex 43.79999999701977 23.200000002980232 5
    endloop
  endfacet
  facet normal 0.9807852805885336 0.19509032108454616 0
    outer loop
      vertex 43.77775663882494 23.539368100464344 0
      vertex 43.71140714734793 23.872929520905018 0
      vertex 43.77775663882494 23.539368100464344 5
    endloop
  endfacet
  facet normal 0.9978589236383804 0.06540312313072735 0
    outer loop
      vertex 43.77775663882494 23.539368100464344 0
      vertex 43.77775663882494 23.539368100464344 5
      vertex 43.79999999701977 23.200000002980232 5
    endloop
  endfacet
  facet normal 0.9807852805885336 0.19509032108454616 0
    outer loop
      vertex 43.71140714734793 23.872929520905018 0
      vertex 43.71140714734793 23.872929520905018 5
      vertex 43.77775663882494 23.539368100464344 5
    endloop
  endfacet
  facet normal 0 0 -1
    outer loop
      vertex 41.79999999701977 23.200000002980232 0
      vertex 41.79486691951752 23.27831571549177 0
      vertex 41.87292952090502 25.711407147347927 0
    endloop
  endfacet
  facet normal 0 0 -1
    outer loop
      vertex 41.79486691951752 23.27831571549177 0
      vertex 41.7795554921031 23.355291426181793 0
      vertex 41.87292952090502 25.711407147347927 0
    endloop
  endfacet
  facet normal 0 0 -1
    outer loop
      vertex 41.75432772189379 23.429610058665276 0
      vertex 41.87292952090502 25.711407147347927 0
      vertex 41.7795554921031 23.355291426181793 0
    endloop
  endfacet
  facet normal 0 0 -1
    outer loop
      vertex 41.56525685638189 23.676012001931667 0
      vertex 41.5 23.7196152433753 0
      vertex 41.87292952090502 25.711407147347927 0
    endloop
  endfacet
  facet normal 0 0 -1
    outer loop
      vertex 41.7196152433753 23.5 0
      vertex 41.67601200193167 23.565256856381893 0
      vertex 41.87292952090502 25.711407147347927 0
    endloop
  endfacet
  facet normal 0 0 -1
    outer loop
      vertex 41.75432772189379 23.429610058665276 0
      vertex 41.7196152433753 23.5 0
      vertex 41.87292952090502 25.711407147347927 0
    endloop
  endfacet
  facet normal 0 0 -1
    outer loop
      vertex 41.62426406890154 23.62426406890154 0
      vertex 41.56525685638189 23.676012001931667 0
      vertex 41.87292952090502 25.711407147347927 0
    endloop
  endfacet
  facet normal 0 0 -1
    outer loop
      vertex 41.62426406890154 23.62426406890154 0
      vertex 41.87292952090502 25.711407147347927 0
      vertex 41.67601200193167 23.565256856381893 0
    endloop
  endfacet
  facet normal 0 0 -1
    outer loop
      vertex 41.27831571549177 23.794866919517517 0
      vertex 41.539368100464344 25.77775663882494 0
      vertex 41.35529142618179 23.7795554921031 0
    endloop
  endfacet
  facet normal 0 0 -1
    outer loop
      vertex 41.20000000298023 23.799999997019768 0
      vertex 41.539368100464344 25.77775663882494 0
      vertex 41.27831571549177 23.794866919517517 0
    endloop
  endfacet
  facet normal 0 0 -1
    outer loop
      vertex 41.429610058665276 23.754327721893787 0
      vertex 41.539368100464344 25.77775663882494 0
      vertex 41.5 23.7196152433753 0
    endloop
  endfacet
  facet normal 0 0 -1
    outer loop
      vertex 41.429610058665276 23.754327721893787 0
      vertex 41.35529142618179 23.7795554921031 0
      vertex 41.539368100464344 25.77775663882494 0
    endloop
  endfacet
  facet normal 0 0 -1
    outer loop
      vertex 41.20000000298023 23.799999997019768 0
      vertex 41.20000000298023 25.799999997019768 0
      vertex 41.539368100464344 25.77775663882494 0
    endloop
  endfacet
  facet normal 0 0 -1
    outer loop
      vertex 41.5 23.7196152433753 0
      vertex 41.539368100464344 25.77775663882494 0
      vertex 41.87292952090502 25.711407147347927 0
    endloop
  endfacet
  facet normal 0.32143946985920274 0.9469301279485381 0
    outer loop
      vertex 42.194976925849915 25.602086782455444 0
      vertex 41.87292952090502 25.711407147347927 0
      vertex 42.194976925849915 25.602086782455444 5
    endloop
  endfacet
  facet normal 0.4422886877239278 0.8968727427631223 0
    outer loop
      vertex 42.194976925849915 25.602086782455444 0
      vertex 42.5 25.451666049659252 5
      vertex 42.5 25.451666049659252 0
    endloop
  endfacet
  facet normal 0.06540312313072735 0.9978589236383804 0
    outer loop
      vertex 41.20000000298023 25.799999997019768 0
      vertex 41.539368100464344 25.77775663882494 5
      vertex 41.539368100464344 25.77775663882494 0
    endloop
  endfacet
  facet normal 0.19509032108454616 0.9807852805885336 0
    outer loop
      vertex 41.539368100464344 25.77775663882494 0
      vertex 41.87292952090502 25.711407147347927 5
      vertex 41.87292952090502 25.711407147347927 0
    endloop
  endfacet
  facet normal 0.8968727427631223 0.4422886877239278 0
    outer loop
      vertex 43.602086782455444 24.194976925849915 0
      vertex 43.45166604965925 24.5 0
      vertex 43.602086782455444 24.194976925849915 5
    endloop
  endfacet
  facet normal 0.9469301279485381 0.32143946985920274 0
    outer loop
      vertex 43.71140714734793 23.872929520905018 0
      vertex 43.602086782455444 24.194976925849915 0
      vertex 43.71140714734793 23.872929520905018 5
    endloop
  endfacet
  facet normal 0.8314696133216091 0.5555702314944656 0
    outer loop
      vertex 43.26271868497133 24.782779715955257 0
      vertex 43.45166604965925 24.5 5
      vertex 43.45166604965925 24.5 0
    endloop
  endfacet
  facet normal 0.7518398019393926 0.6593458214167548 0
    outer loop
      vertex 43.26271868497133 24.782779715955257 0
      vertex 43.03847762942314 25.03847762942314 0
      vertex 43.26271868497133 24.782779715955257 5
    endloop
  endfacet
  facet normal 0.6593458214167548 0.7518398019393926 0
    outer loop
      vertex 43.03847762942314 25.03847762942314 0
      vertex 42.78277971595526 25.262718684971333 0
      vertex 43.03847762942314 25.03847762942314 5
    endloop
  endfacet
  facet normal 0.5555702314944656 0.8314696133216091 0
    outer loop
      vertex 42.5 25.451666049659252 0
      vertex 42.78277971595526 25.262718684971333 5
      vertex 42.78277971595526 25.262718684971333 0
    endloop
  endfacet
  facet normal 0.32143946985920274 0.9469301279485381 0
    outer loop
      vertex 41.87292952090502 25.711407147347927 0
      vertex 41.87292952090502 25.711407147347927 5
      vertex 42.194976925849915 25.602086782455444 5
    endloop
  endfacet
  facet normal 0.4422886877239278 0.8968727427631223 0
    outer loop
      vertex 42.194976925849915 25.602086782455444 0
      vertex 42.194976925849915 25.602086782455444 5
      vertex 42.5 25.451666049659252 5
    endloop
  endfacet
  facet normal 0.06540312313072735 0.9978589236383804 0
    outer loop
      vertex 41.20000000298023 25.799999997019768 0
      vertex 41.20000000298023 25.799999997019768 5
      vertex 41.539368100464344 25.77775663882494 5
    endloop
  endfacet
  facet normal 0.19509032108454616 0.9807852805885336 0
    outer loop
      vertex 41.539368100464344 25.77775663882494 0
      vertex 41.539368100464344 25.77775663882494 5
      vertex 41.87292952090502 25.711407147347927 5
    endloop
  endfacet
  facet normal 0.8968727427631223 0.4422886877239278 0
    outer loop
      vertex 43.45166604965925 24.5 0
      vertex 43.45166604965925 24.5 5
      vertex 43.602086782455444 24.194976925849915 5
    endloop
  endfacet
  facet normal 0.9469301279485381 0.32143946985920274 0
    outer loop
      vertex 43.602086782455444 24.194976925849915 0
      vertex 43.602086782455444 24.194976925849915 5
      vertex 43.71140714734793 23.872929520905018 5
    endloop
  endfacet
  facet normal 0.8314696133216091 0.5555702314944656 0
    outer loop
      vertex 43.26271868497133 24.782779715955257 0
      vertex 43.26271868497133 24.782779715955257 5
      vertex 43.45166604965925 24.5 5
    endloop
  endfacet
  facet normal 0.6593458214167548 0.7518398019393926 0
    outer loop
      vertex 42.78277971595526 25.262718684971333 0
      vertex 42.78277971595526 25.262718684971333 5
      vertex 43.03847762942314 25.03847762942314 5
    endloop
  endfacet
  facet normal 0.7518398019393926 0.6593458214167548 0
    outer loop
      vertex 43.03847762942314 25.03847762942314 0
      vertex 43.03847762942314 25.03847762942314 5
      vertex 43.26271868497133 24.782779715955257 5
    endloop
  endfacet
  facet normal 0.5555702314944656 0.8314696133216091 0
    outer loop
      vertex 42.5 25.451666049659252 0
      vertex 42.5 25.451666049659252 5
      vertex 42.78277971595526 25.262718684971333 5
    endloop
  endfacet
  facet normal 0 0 -1
    outer loop
      vertex -42.93073373287916 -27.09551812708378 5
      vertex -42.5 -25.451666049659252 5
      vertex -42.43527618050575 -27.263703301548958 5
    endloop
  endfacet
  facet normal 0 0 -1
    outer loop
      vertex -43.83504571765661 -26.573413364589214 5
      vertex -43.45166604965925 -24.5 5
      vertex -43.399999998509884 -26.864101618528366 5
    endloop
  endfacet
  facet normal 0 0 -1
    outer loop
      vertex -43.399999998509884 -26.864101618528366 5
      vertex -43.03847762942314 -25.03847762942314 5
      vertex -42.93073373287916 -27.09551812708378 5
    endloop
  endfacet
  facet normal 0 0 -1
    outer loop
      vertex -42.93073373287916 -27.09551812708378 5
      vertex -43.03847762942314 -25.03847762942314 5
      vertex -42.78277971595526 -25.262718684971333 5
    endloop
  endfacet
  facet normal 0 0 -1
    outer loop
      vertex -42.93073373287916 -27.09551812708378 5
      vertex -42.78277971595526 -25.262718684971333 5
      vertex -42.5 -25.451666049659252 5
    endloop
  endfacet
  facet normal 0 0 -1
    outer loop
      vertex -43.399999998509884 -26.864101618528366 5
      vertex -43.45166604965925 -24.5 5
      vertex -43.26271868497133 -24.782779715955257 5
    endloop
  endfacet
  facet normal 0 0 -1
    outer loop
      vertex -43.83504571765661 -26.573413364589214 5
      vertex -43.602086782455444 -24.194976925849915 5
      vertex -43.45166604965925 -24.5 5
    endloop
  endfacet
  facet normal 0 0 -1
    outer loop
      vertex -43.83504571765661 -26.573413364589214 5
      vertex -43.71140714734793 -23.872929520905018 5
      vertex -43.602086782455444 -24.194976925849915 5
    endloop
  endfacet
  facet normal 0 0 -1
    outer loop
      vertex -43.399999998509884 -26.864101618528366 5
      vertex -43.26271868497133 -24.782779715955257 5
      vertex -43.03847762942314 -25.03847762942314 5
    endloop
  endfacet
  facet normal 0 0 -1
    outer loop
      vertex -43.83504571765661 -26.573413364589214 5
      vertex -43.77775663882494 -23.539368100464344 5
      vertex -43.71140714734793 -23.872929520905018 5
    endloop
  endfacet
  facet normal 0 0 -1
    outer loop
      vertex -43.83504571765661 -26.573413364589214 5
      vertex -43.79999999701977 -23.200000002980232 5
      vertex -43.77775663882494 -23.539368100464344 5
    endloop
  endfacet
  facet normal 0 0 -1
    outer loop
      vertex -42.43527618050575 -27.263703301548958 5
      vertex -42.194976925849915 -25.602086782455444 5
      vertex -41.92210476845503 -27.36577944457531 5
    endloop
  endfacet
  facet normal 0 0 -1
    outer loop
      vertex -41.92210476845503 -27.36577944457531 5
      vertex -41.539368100464344 -25.77775663882494 5
      vertex -41.399999998509884 -27.399999998509884 5
    endloop
  endfacet
  facet normal 0 0 -1
    outer loop
      vertex -41.92210476845503 -27.36577944457531 5
      vertex -42.194976925849915 -25.602086782455444 5
      vertex -41.87292952090502 -25.711407147347927 5
    endloop
  endfacet
  facet normal 0 0 -1
    outer loop
      vertex -42.43527618050575 -27.263703301548958 5
      vertex -42.5 -25.451666049659252 5
      vertex -42.194976925849915 -25.602086782455444 5
    endloop
  endfacet
  facet normal 0 0 -1
    outer loop
      vertex -41.92210476845503 -27.36577944457531 5
      vertex -41.87292952090502 -25.711407147347927 5
      vertex -41.539368100464344 -25.77775663882494 5
    endloop
  endfacet
  facet normal 0 0 -1
    outer loop
      vertex -41.399999998509884 -27.399999998509884 5
      vertex -41.539368100464344 -25.77775663882494 5
      vertex -41.20000000298023 -25.799999997019768 5
    endloop
  endfacet
  facet normal -0.6593458157582756 -0.7518398069017458 0
    outer loop
      vertex -44.22842712700367 -26.22842712700367 5
      vertex -43.83504571765661 -26.573413364589214 5
      vertex -44.22842712700367 -26.22842712700367 40
    endloop
  endfacet
  facet normal -0.7518398069017458 -0.6593458157582756 0
    outer loop
      vertex -44.22842712700367 -26.22842712700367 5
      vertex -44.573413364589214 -25.835045717656612 40
      vertex -44.573413364589214 -25.835045717656612 5
    endloop
  endfacet
  facet normal -0.5555702302277682 -0.831469614167989 0
    outer loop
      vertex -43.83504571765661 -26.573413364589214 5
      vertex -43.399999998509884 -26.864101618528366 5
      vertex -43.83504571765661 -26.573413364589214 40
    endloop
  endfacet
  facet normal -0.3214394622629726 -0.9469301305271107 0
    outer loop
      vertex -42.93073373287916 -27.09551812708378 5
      vertex -42.43527618050575 -27.263703301548958 5
      vertex -42.93073373287916 -27.09551812708378 40
    endloop
  endfacet
  facet normal -0.4422886841754128 -0.8968727445130562 0
    outer loop
      vertex -43.399999998509884 -26.864101618528366 5
      vertex -42.93073373287916 -27.09551812708378 5
      vertex -43.399999998509884 -26.864101618528366 40
    endloop
  endfacet
  facet normal -0.831469614167989 -0.5555702302277682 0
    outer loop
      vertex -44.573413364589214 -25.835045717656612 5
      vertex -44.864101618528366 -25.399999998509884 40
      vertex -44.864101618528366 -25.399999998509884 5
    endloop
  endfacet
  facet normal -0.8968727445130562 -0.4422886841754128 0
    outer loop
      vertex -44.864101618528366 -25.399999998509884 5
      vertex -45.09551812708378 -24.930733732879162 40
      vertex -45.09551812708378 -24.930733732879162 5
    endloop
  endfacet
  facet normal -0.9469301305271107 -0.3214394622629726 0
    outer loop
      vertex -45.09551812708378 -24.930733732879162 5
      vertex -45.26370330154896 -24.435276180505753 40
      vertex -45.26370330154896 -24.435276180505753 5
    endloop
  endfacet
  facet normal -0.9807852794583501 -0.1950903267663619 0
    outer loop
      vertex -45.26370330154896 -24.435276180505753 5
      vertex -45.36577944457531 -23.92210476845503 40
      vertex -45.36577944457531 -23.92210476845503 5
    endloop
  endfacet
  facet normal -0.1950903267663619 -0.9807852794583501 0
    outer loop
      vertex -42.43527618050575 -27.263703301548958 5
      vertex -41.92210476845503 -27.36577944457531 5
      vertex -42.43527618050575 -27.263703301548958 40
    endloop
  endfacet
  facet normal -0.06540312801222276 -0.9978589233184301 0
    outer loop
      vertex -41.92210476845503 -27.36577944457531 5
      vertex -41.399999998509884 -27.399999998509884 5
      vertex -41.92210476845503 -27.36577944457531 40
    endloop
  endfacet
  facet normal -0.9978589233184301 -0.06540312801222276 0
    outer loop
      vertex -45.36577944457531 -23.92210476845503 5
      vertex -45.399999998509884 -23.399999998509884 40
      vertex -45.399999998509884 -23.399999998509884 5
    endloop
  endfacet
  facet normal 0 0 -1
    outer loop
      vertex -44.573413364589214 -25.835045717656612 5
      vertex -44.864101618528366 -25.399999998509884 5
      vertex -44.864101618528366 25.399999998509884 5
    endloop
  endfacet
  facet normal 0 0 -1
    outer loop
      vertex -44.22842712700367 -26.22842712700367 5
      vertex -44.573413364589214 -25.835045717656612 5
      vertex -44.573413364589214 25.835045717656612 5
    endloop
  endfacet
  facet normal 0 0 -1
    outer loop
      vertex -44.22842712700367 -26.22842712700367 5
      vertex -44.22842712700367 26.22842712700367 5
      vertex -43.83504571765661 -26.573413364589214 5
    endloop
  endfacet
  facet normal 0 0 -1
    outer loop
      vertex -43.83504571765661 -26.573413364589214 5
      vertex -43.79999999701977 23.200000002980232 5
      vertex -43.79999999701977 -23.200000002980232 5
    endloop
  endfacet
  facet normal 0 0 -1
    outer loop
      vertex -45.26370330154896 -24.435276180505753 5
      vertex -45.36577944457531 -23.92210476845503 5
      vertex -45.36577944457531 23.92210476845503 5
    endloop
  endfacet
  facet normal 0 0 -1
    outer loop
      vertex -45.09551812708378 -24.930733732879162 5
      vertex -45.26370330154896 -24.435276180505753 5
      vertex -45.26370330154896 24.435276180505753 5
    endloop
  endfacet
  facet normal 0 0 -1
    outer loop
      vertex -44.864101618528366 -25.399999998509884 5
      vertex -45.09551812708378 -24.930733732879162 5
      vertex -45.09551812708378 24.930733732879162 5
    endloop
  endfacet
  facet normal 0 0 -1
    outer loop
      vertex -45.36577944457531 -23.92210476845503 5
      vertex -45.399999998509884 -23.399999998509884 5
      vertex -45.399999998509884 23.399999998509884 5
    endloop
  endfacet
  facet normal 0 0 -1
    outer loop
      vertex -41.399999998509884 -27.399999998509884 5
      vertex -41.20000000298023 -25.799999997019768 5
      vertex 41.399999998509884 -27.399999998509884 5
    endloop
  endfacet
  facet normal 0 -1 0
    outer loop
      vertex -41.399999998509884 -27.399999998509884 5
      vertex 41.399999998509884 -27.399999998509884 5
      vertex -41.399999998509884 -27.399999998509884 40
    endloop
  endfacet
  facet normal -0.7518398069017458 -0.6593458157582756 0
    outer loop
      vertex -44.22842712700367 -26.22842712700367 5
      vertex -44.22842712700367 -26.22842712700367 40
      vertex -44.573413364589214 -25.835045717656612 40
    endloop
  endfacet
  facet normal -0.831469614167989 -0.5555702302277682 0
    outer loop
      vertex -44.573413364589214 -25.835045717656612 5
      vertex -44.573413364589214 -25.835045717656612 40
      vertex -44.864101618528366 -25.399999998509884 40
    endloop
  endfacet
  facet normal -0.5555702302277682 -0.831469614167989 0
    outer loop
      vertex -43.399999998509884 -26.864101618528366 5
      vertex -43.399999998509884 -26.864101618528366 40
      vertex -43.83504571765661 -26.573413364589214 40
    endloop
  endfacet
  facet normal -0.4422886841754128 -0.8968727445130562 0
    outer loop
      vertex -42.93073373287916 -27.09551812708378 5
      vertex -42.93073373287916 -27.09551812708378 40
      vertex -43.399999998509884 -26.864101618528366 40
    endloop
  endfacet
  facet normal -0.3214394622629726 -0.9469301305271107 0
    outer loop
      vertex -42.43527618050575 -27.263703301548958 5
      vertex -42.43527618050575 -27.263703301548958 40
      vertex -42.93073373287916 -27.09551812708378 40
    endloop
  endfacet
  facet normal -0.6593458157582756 -0.7518398069017458 0
    outer loop
      vertex -43.83504571765661 -26.573413364589214 5
      vertex -43.83504571765661 -26.573413364589214 40
      vertex -44.22842712700367 -26.22842712700367 40
    endloop
  endfacet
  facet normal -0.8968727445130562 -0.4422886841754128 0
    outer loop
      vertex -44.864101618528366 -25.399999998509884 5
      vertex -44.864101618528366 -25.399999998509884 40
      vertex -45.09551812708378 -24.930733732879162 40
    endloop
  endfacet
  facet normal -0.9469301305271107 -0.3214394622629726 0
    outer loop
      vertex -45.09551812708378 -24.930733732879162 5
      vertex -45.09551812708378 -24.930733732879162 40
      vertex -45.26370330154896 -24.435276180505753 40
    endloop
  endfacet
  facet normal -0.9807852794583501 -0.1950903267663619 0
    outer loop
      vertex -45.26370330154896 -24.435276180505753 5
      vertex -45.26370330154896 -24.435276180505753 40
      vertex -45.36577944457531 -23.92210476845503 40
    endloop
  endfacet
  facet normal -0.1950903267663619 -0.9807852794583501 0
    outer loop
      vertex -41.92210476845503 -27.36577944457531 5
      vertex -41.92210476845503 -27.36577944457531 40
      vertex -42.43527618050575 -27.263703301548958 40
    endloop
  endfacet
  facet normal -0.06540312801222276 -0.9978589233184301 0
    outer loop
      vertex -41.399999998509884 -27.399999998509884 5
      vertex -41.399999998509884 -27.399999998509884 40
      vertex -41.92210476845503 -27.36577944457531 40
    endloop
  endfacet
  facet normal -0.9978589233184301 -0.06540312801222276 0
    outer loop
      vertex -45.36577944457531 -23.92210476845503 5
      vertex -45.36577944457531 -23.92210476845503 40
      vertex -45.399999998509884 -23.399999998509884 40
    endloop
  endfacet
  facet normal -1 0 0
    outer loop
      vertex -45.399999998509884 -23.399999998509884 5
      vertex -45.399999998509884 -23.399999998509884 40
      vertex -45.399999998509884 -6.475000001490116 33.58
    endloop
  endfacet
  facet normal -1 0 0
    outer loop
      vertex -45.399999998509884 -23.399999998509884 5
      vertex -45.399999998509884 -5.741404354572296 31.41889693021774
      vertex -45.399999998509884 -5.435229070484638 31.069770926535128
    endloop
  endfacet
  facet normal -1 0 0
    outer loop
      vertex -45.399999998509884 -23.399999998509884 5
      vertex -45.399999998509884 -5.435229070484638 31.069770926535128
      vertex -45.399999998509884 -5.086103074252605 30.76359564244747
    endloop
  endfacet
  facet normal -1 0 0
    outer loop
      vertex -45.399999998509884 -23.399999998509884 5
      vertex -45.399999998509884 -4.283526182174683 30.300227658748625
      vertex -45.399999998509884 -3.8438076078891754 30.15096331566572
    endloop
  endfacet
  facet normal -1 0 0
    outer loop
      vertex -45.399999998509884 -23.399999998509884 5
      vertex -45.399999998509884 -5.086103074252605 30.76359564244747
      vertex -45.399999998509884 -4.700000002980232 30.505609819591044
    endloop
  endfacet
  facet normal -1 0 0
    outer loop
      vertex -45.399999998509884 -23.399999998509884 5
      vertex -45.399999998509884 -4.700000002980232 30.505609819591044
      vertex -45.399999998509884 -4.283526182174683 30.300227658748625
    endloop
  endfacet
  facet normal -1 0 0
    outer loop
      vertex -45.399999998509884 -23.399999998509884 5
      vertex -45.399999998509884 -6.44462925940752 33.11663201630115
      vertex -45.399999998509884 -6.354036681354046 32.66119238913059
    endloop
  endfacet
  facet normal -1 0 0
    outer loop
      vertex -45.399999998509884 -23.399999998509884 5
      vertex -45.399999998509884 -6.475000001490116 33.58
      vertex -45.399999998509884 -6.44462925940752 33.11663201630115
    endloop
  endfacet
  facet normal -1 0 0
    outer loop
      vertex -45.399999998509884 -23.399999998509884 5
      vertex -45.399999998509884 -5.999390184879303 31.805000001490114
      vertex -45.399999998509884 -5.741404354572296 31.41889693021774
    endloop
  endfacet
  facet normal -1 0 0
    outer loop
      vertex -45.399999998509884 -23.399999998509884 5
      vertex -45.399999998509884 -6.204772338271141 32.22147381484508
      vertex -45.399999998509884 -5.999390184879303 31.805000001490114
    endloop
  endfacet
  facet normal -1 0 0
    outer loop
      vertex -45.399999998509884 -23.399999998509884 5
      vertex -45.399999998509884 -6.354036681354046 32.66119238913059
      vertex -45.399999998509884 -6.204772338271141 32.22147381484508
    endloop
  endfacet
  facet normal -1 0 0
    outer loop
      vertex -45.399999998509884 -23.399999998509884 5
      vertex -45.399999998509884 -3.8438076078891754 30.15096331566572
      vertex -45.399999998509884 -3.3883679807186127 30.060370745062826
    endloop
  endfacet
  facet normal -1 0 0
    outer loop
      vertex -45.399999998509884 -23.399999998509884 5
      vertex -45.399999998509884 -3.3883679807186127 30.060370745062826
      vertex -45.399999998509884 -2.9249999970197678 30.03000000298023
    endloop
  endfacet
  facet normal -1 0 0
    outer loop
      vertex -45.399999998509884 -23.399999998509884 5
      vertex -45.399999998509884 -2.9249999970197678 30.03000000298023
      vertex -45.399999998509884 2.9249999970197678 30.03000000298023
    endloop
  endfacet
  facet normal -1 0 0
    outer loop
      vertex -45.399999998509884 -23.399999998509884 5
      vertex -45.399999998509884 2.9249999970197678 30.03000000298023
      vertex -45.399999998509884 3.3883679807186127 30.060370745062826
    endloop
  endfacet
  facet normal -1 0 0
    outer loop
      vertex -45.399999998509884 -23.399999998509884 5
      vertex -45.399999998509884 3.3883679807186127 30.060370745062826
      vertex -45.399999998509884 3.8438076078891754 30.15096331566572
    endloop
  endfacet
  facet normal -1 0 0
    outer loop
      vertex -45.399999998509884 -23.399999998509884 5
      vertex -45.399999998509884 3.8438076078891754 30.15096331566572
      vertex -45.399999998509884 4.283526182174683 30.300227658748625
    endloop
  endfacet
  facet normal -1 0 0
    outer loop
      vertex -45.399999998509884 -23.399999998509884 5
      vertex -45.399999998509884 4.283526182174683 30.300227658748625
      vertex -45.399999998509884 4.700000002980232 30.505609819591044
    endloop
  endfacet
  facet normal -1 0 0
    outer loop
      vertex -45.399999998509884 -23.399999998509884 5
      vertex -45.399999998509884 4.700000002980232 30.505609819591044
      vertex -45.399999998509884 5.086103074252605 30.76359564244747
    endloop
  endfacet
  facet normal -1 0 0
    outer loop
      vertex -45.399999998509884 -23.399999998509884 5
      vertex -45.399999998509884 5.086103074252605 30.76359564244747
      vertex -45.399999998509884 5.435229070484638 31.069770926535128
    endloop
  endfacet
  facet normal -1 0 0
    outer loop
      vertex -45.399999998509884 -23.399999998509884 40
      vertex -45.399999998509884 -6.44462925940752 34.04336798369884
      vertex -45.399999998509884 -6.475000001490116 33.58
    endloop
  endfacet
  facet normal -1 0 0
    outer loop
      vertex -45.399999998509884 -23.399999998509884 40
      vertex -45.399999998509884 -6.354036681354046 34.498807610869406
      vertex -45.399999998509884 -6.44462925940752 34.04336798369884
    endloop
  endfacet
  facet normal -1 0 0
    outer loop
      vertex -45.399999998509884 -23.399999998509884 40
      vertex -45.399999998509884 -6.204772338271141 34.93852618515491
      vertex -45.399999998509884 -6.354036681354046 34.498807610869406
    endloop
  endfacet
  facet normal -1 0 0
    outer loop
      vertex -45.399999998509884 -23.399999998509884 40
      vertex -45.399999998509884 -5.999390184879303 35.35499999850988
      vertex -45.399999998509884 -6.204772338271141 34.93852618515491
    endloop
  endfacet
  facet normal -1 0 0
    outer loop
      vertex -45.399999998509884 -23.399999998509884 40
      vertex -45.399999998509884 -5.741404354572296 35.741103069782255
      vertex -45.399999998509884 -5.999390184879303 35.35499999850988
    endloop
  endfacet
  facet normal -1 0 0
    outer loop
      vertex -45.399999998509884 -23.399999998509884 40
      vertex -45.399999998509884 -5.435229070484638 36.09022907346487
      vertex -45.399999998509884 -5.741404354572296 35.741103069782255
    endloop
  endfacet
  facet normal -1 0 0
    outer loop
      vertex -45.399999998509884 -23.399999998509884 40
      vertex -45.399999998509884 -5.086103074252605 36.39640435755253
      vertex -45.399999998509884 -5.435229070484638 36.09022907346487
    endloop
  endfacet
  facet normal -1 0 0
    outer loop
      vertex -45.399999998509884 -23.399999998509884 40
      vertex -45.399999998509884 -4.700000002980232 36.65439018040895
      vertex -45.399999998509884 -5.086103074252605 36.39640435755253
    endloop
  endfacet
  facet normal -1 0 0
    outer loop
      vertex -45.399999998509884 -23.399999998509884 40
      vertex -45.399999998509884 -4.283526182174683 36.85977234125137
      vertex -45.399999998509884 -4.700000002980232 36.65439018040895
    endloop
  endfacet
  facet normal -1 0 0
    outer loop
      vertex -45.399999998509884 -23.399999998509884 40
      vertex -45.399999998509884 -3.8438076078891754 37.009036684334276
      vertex -45.399999998509884 -4.283526182174683 36.85977234125137
    endloop
  endfacet
  facet normal -1 0 0
    outer loop
      vertex -45.399999998509884 -23.399999998509884 40
      vertex -45.399999998509884 -3.3883679807186127 37.09962925493717
      vertex -45.399999998509884 -3.8438076078891754 37.009036684334276
    endloop
  endfacet
  facet normal 0 0 1
    outer loop
      vertex -44.573413364589214 -25.835045717656612 40
      vertex -44.864101618528366 25.399999998509884 40
      vertex -44.864101618528366 -25.399999998509884 40
    endloop
  endfacet
  facet normal 0 0 1
    outer loop
      vertex -44.22842712700367 -26.22842712700367 40
      vertex -44.573413364589214 25.835045717656612 40
      vertex -44.573413364589214 -25.835045717656612 40
    endloop
  endfacet
  facet normal 0 0 1
    outer loop
      vertex -44.22842712700367 -26.22842712700367 40
      vertex -43.83504571765661 -26.573413364589214 40
      vertex -44.22842712700367 26.22842712700367 40
    endloop
  endfacet
  facet normal 0 0 1
    outer loop
      vertex -43.83504571765661 -26.573413364589214 40
      vertex -43.399999998509884 -26.864101618528366 40
      vertex -43.83504571765661 26.573413364589214 40
    endloop
  endfacet
  facet normal 0 0 1
    outer loop
      vertex -43.399999998509884 -26.864101618528366 40
      vertex -42.93073373287916 -27.09551812708378 40
      vertex -43.399999998509884 26.864101618528366 40
    endloop
  endfacet
  facet normal 0 0 1
    outer loop
      vertex -42.93073373287916 -27.09551812708378 40
      vertex -42.43527618050575 -27.263703301548958 40
      vertex -42.93073373287916 27.09551812708378 40
    endloop
  endfacet
  facet normal 0 0 1
    outer loop
      vertex -45.26370330154896 -24.435276180505753 40
      vertex -45.36577944457531 23.92210476845503 40
      vertex -45.36577944457531 -23.92210476845503 40
    endloop
  endfacet
  facet normal 0 0 1
    outer loop
      vertex -45.09551812708378 -24.930733732879162 40
      vertex -45.26370330154896 24.435276180505753 40
      vertex -45.26370330154896 -24.435276180505753 40
    endloop
  endfacet
  facet normal 0 0 1
    outer loop
      vertex -44.864101618528366 -25.399999998509884 40
      vertex -45.09551812708378 24.930733732879162 40
      vertex -45.09551812708378 -24.930733732879162 40
    endloop
  endfacet
  facet normal 0 0 1
    outer loop
      vertex -45.36577944457531 -23.92210476845503 40
      vertex -45.399999998509884 23.399999998509884 40
      vertex -45.399999998509884 -23.399999998509884 40
    endloop
  endfacet
  facet normal 0 0 1
    outer loop
      vertex -42.43527618050575 -27.263703301548958 40
      vertex -41.92210476845503 -27.36577944457531 40
      vertex -42.43527618050575 27.263703301548958 40
    endloop
  endfacet
  facet normal 0 0 1
    outer loop
      vertex -41.92210476845503 -27.36577944457531 40
      vertex -41.399999998509884 -27.399999998509884 40
      vertex -41.92210476845503 27.36577944457531 40
    endloop
  endfacet
  facet normal -1 0 0
    outer loop
      vertex -45.399999998509884 -23.399999998509884 40
      vertex -45.399999998509884 23.399999998509884 40
      vertex -45.399999998509884 -3.3883679807186127 37.09962925493717
    endloop
  endfacet
  facet normal 0 0 1
    outer loop
      vertex -41.399999998509884 -27.399999998509884 40
      vertex 41.399999998509884 -27.399999998509884 40
      vertex -21.45 13.919333950160459 40
    endloop
  endfacet
  facet normal 0 0 -1
    outer loop
      vertex -45.36577944457531 -23.92210476845503 5
      vertex -45.399999998509884 23.399999998509884 5
      vertex -45.36577944457531 23.92210476845503 5
    endloop
  endfacet
  facet normal 0 0 -1
    outer loop
      vertex -45.26370330154896 -24.435276180505753 5
      vertex -45.36577944457531 23.92210476845503 5
      vertex -45.26370330154896 24.435276180505753 5
    endloop
  endfacet
  facet normal 0 0 -1
    outer loop
      vertex -45.09551812708378 -24.930733732879162 5
      vertex -45.26370330154896 24.435276180505753 5
      vertex -45.09551812708378 24.930733732879162 5
    endloop
  endfacet
  facet normal 0 0 -1
    outer loop
      vertex -44.864101618528366 -25.399999998509884 5
      vertex -45.09551812708378 24.930733732879162 5
      vertex -44.864101618528366 25.399999998509884 5
    endloop
  endfacet
  facet normal 0 0 -1
    outer loop
      vertex -44.573413364589214 -25.835045717656612 5
      vertex -44.864101618528366 25.399999998509884 5
      vertex -44.573413364589214 25.835045717656612 5
    endloop
  endfacet
  facet normal 0 0 -1
    outer loop
      vertex -43.83504571765661 -26.573413364589214 5
      vertex -43.83504571765661 26.573413364589214 5
      vertex -43.79999999701977 23.200000002980232 5
    endloop
  endfacet
  facet normal 0 0 -1
    outer loop
      vertex -44.22842712700367 -26.22842712700367 5
      vertex -44.573413364589214 25.835045717656612 5
      vertex -44.22842712700367 26.22842712700367 5
    endloop
  endfacet
  facet normal 0 0 -1
    outer loop
      vertex -43.83504571765661 -26.573413364589214 5
      vertex -44.22842712700367 26.22842712700367 5
      vertex -43.83504571765661 26.573413364589214 5
    endloop
  endfacet
  facet normal -1 0 0
    outer loop
      vertex -45.399999998509884 -23.399999998509884 5
      vertex -45.399999998509884 23.399999998509884 40
      vertex -45.399999998509884 23.399999998509884 5
    endloop
  endfacet
  facet normal 0 0 -1
    outer loop
      vertex -43.79999999701977 23.200000002980232 5
      vertex -43.83504571765661 26.573413364589214 5
      vertex -43.77775663882494 23.539368100464344 5
    endloop
  endfacet
  facet normal 0 0 -1
    outer loop
      vertex -43.77775663882494 23.539368100464344 5
      vertex -43.83504571765661 26.573413364589214 5
      vertex -43.71140714734793 23.872929520905018 5
    endloop
  endfacet
  facet normal 0 0 -1
    outer loop
      vertex -43.71140714734793 23.872929520905018 5
      vertex -43.83504571765661 26.573413364589214 5
      vertex -43.602086782455444 24.194976925849915 5
    endloop
  endfacet
  facet normal 0 0 -1
    outer loop
      vertex -43.602086782455444 24.194976925849915 5
      vertex -43.83504571765661 26.573413364589214 5
      vertex -43.45166604965925 24.5 5
    endloop
  endfacet
  facet normal 0 0 -1
    outer loop
      vertex -43.45166604965925 24.5 5
      vertex -43.83504571765661 26.573413364589214 5
      vertex -43.26271868497133 24.782779715955257 5
    endloop
  endfacet
  facet normal 0 0 -1
    outer loop
      vertex -43.26271868497133 24.782779715955257 5
      vertex -43.399999998509884 26.864101618528366 5
      vertex -43.03847762942314 25.03847762942314 5
    endloop
  endfacet
  facet normal 0 0 -1
    outer loop
      vertex -43.26271868497133 24.782779715955257 5
      vertex -43.83504571765661 26.573413364589214 5
      vertex -43.399999998509884 26.864101618528366 5
    endloop
  endfacet
  facet normal 0 0 -1
    outer loop
      vertex -43.03847762942314 25.03847762942314 5
      vertex -43.399999998509884 26.864101618528366 5
      vertex -42.78277971595526 25.262718684971333 5
    endloop
  endfacet
  facet normal 0 0 -1
    outer loop
      vertex -42.78277971595526 25.262718684971333 5
      vertex -42.93073373287916 27.09551812708378 5
      vertex -42.5 25.451666049659252 5
    endloop
  endfacet
  facet normal 0 0 -1
    outer loop
      vertex -42.78277971595526 25.262718684971333 5
      vertex -43.399999998509884 26.864101618528366 5
      vertex -42.93073373287916 27.09551812708378 5
    endloop
  endfacet
  facet normal 0 0 -1
    outer loop
      vertex -42.93073373287916 27.09551812708378 5
      vertex -42.194976925849915 25.602086782455444 5
      vertex -42.5 25.451666049659252 5
    endloop
  endfacet
  facet normal 0 0 -1
    outer loop
      vertex -42.194976925849915 25.602086782455444 5
      vertex -42.43527618050575 27.263703301548958 5
      vertex -41.87292952090502 25.711407147347927 5
    endloop
  endfacet
  facet normal 0 0 -1
    outer loop
      vertex -41.87292952090502 25.711407147347927 5
      vertex -41.92210476845503 27.36577944457531 5
      vertex -41.539368100464344 25.77775663882494 5
    endloop
  endfacet
  facet normal 0 0 -1
    outer loop
      vertex -41.539368100464344 25.77775663882494 5
      vertex -41.399999998509884 27.399999998509884 5
      vertex -41.20000000298023 25.799999997019768 5
    endloop
  endfacet
  facet normal 0 0 -1
    outer loop
      vertex -42.93073373287916 27.09551812708378 5
      vertex -42.43527618050575 27.263703301548958 5
      vertex -42.194976925849915 25.602086782455444 5
    endloop
  endfacet
  facet normal 0 0 -1
    outer loop
      vertex -41.87292952090502 25.711407147347927 5
      vertex -42.43527618050575 27.263703301548958 5
      vertex -41.92210476845503 27.36577944457531 5
    endloop
  endfacet
  facet normal 0 0 -1
    outer loop
      vertex -41.539368100464344 25.77775663882494 5
      vertex -41.92210476845503 27.36577944457531 5
      vertex -41.399999998509884 27.399999998509884 5
    endloop
  endfacet
  facet normal -0.9978589233184301 0.06540312801222276 0
    outer loop
      vertex -45.399999998509884 23.399999998509884 5
      vertex -45.36577944457531 23.92210476845503 40
      vertex -45.36577944457531 23.92210476845503 5
    endloop
  endfacet
  facet normal -0.9807852794583501 0.1950903267663619 0
    outer loop
      vertex -45.36577944457531 23.92210476845503 5
      vertex -45.26370330154896 24.435276180505753 40
      vertex -45.26370330154896 24.435276180505753 5
    endloop
  endfacet
  facet normal -0.9469301305271107 0.3214394622629726 0
    outer loop
      vertex -45.26370330154896 24.435276180505753 5
      vertex -45.09551812708378 24.930733732879162 40
      vertex -45.09551812708378 24.930733732879162 5
    endloop
  endfacet
  facet normal -0.8968727445130562 0.4422886841754128 0
    outer loop
      vertex -45.09551812708378 24.930733732879162 5
      vertex -44.864101618528366 25.399999998509884 40
      vertex -44.864101618528366 25.399999998509884 5
    endloop
  endfacet
  facet normal -0.831469614167989 0.5555702302277682 0
    outer loop
      vertex -44.864101618528366 25.399999998509884 5
      vertex -44.573413364589214 25.835045717656612 40
      vertex -44.573413364589214 25.835045717656612 5
    endloop
  endfacet
  facet normal -0.7518398069017458 0.6593458157582756 0
    outer loop
      vertex -44.573413364589214 25.835045717656612 5
      vertex -44.22842712700367 26.22842712700367 40
      vertex -44.22842712700367 26.22842712700367 5
    endloop
  endfacet
  facet normal -0.6593458157582756 0.7518398069017458 0
    outer loop
      vertex -44.22842712700367 26.22842712700367 5
      vertex -43.83504571765661 26.573413364589214 40
      vertex -43.83504571765661 26.573413364589214 5
    endloop
  endfacet
  facet normal -0.5555702302277682 0.831469614167989 0
    outer loop
      vertex -43.83504571765661 26.573413364589214 5
      vertex -43.399999998509884 26.864101618528366 40
      vertex -43.399999998509884 26.864101618528366 5
    endloop
  endfacet
  facet normal -0.4422886841754128 0.8968727445130562 0
    outer loop
      vertex -43.399999998509884 26.864101618528366 5
      vertex -42.93073373287916 27.09551812708378 40
      vertex -42.93073373287916 27.09551812708378 5
    endloop
  endfacet
  facet normal -0.3214394622629726 0.9469301305271107 0
    outer loop
      vertex -42.93073373287916 27.09551812708378 5
      vertex -42.43527618050575 27.263703301548958 40
      vertex -42.43527618050575 27.263703301548958 5
    endloop
  endfacet
  facet normal -0.1950903267663619 0.9807852794583501 0
    outer loop
      vertex -42.43527618050575 27.263703301548958 5
      vertex -41.92210476845503 27.36577944457531 40
      vertex -41.92210476845503 27.36577944457531 5
    endloop
  endfacet
  facet normal -0.06540312801222276 0.9978589233184301 0
    outer loop
      vertex -41.92210476845503 27.36577944457531 5
      vertex -41.399999998509884 27.399999998509884 40
      vertex -41.399999998509884 27.399999998509884 5
    endloop
  endfacet
  facet normal 0 0 -1
    outer loop
      vertex -41.20000000298023 25.799999997019768 5
      vertex -41.399999998509884 27.399999998509884 5
      vertex 41.20000000298023 25.799999997019768 5
    endloop
  endfacet
  facet normal -1 0 0
    outer loop
      vertex -45.399999998509884 -23.399999998509884 5
      vertex -45.399999998509884 5.435229070484638 31.069770926535128
      vertex -45.399999998509884 23.399999998509884 40
    endloop
  endfacet
  facet normal -1 0 0
    outer loop
      vertex -45.399999998509884 -3.3883679807186127 37.09962925493717
      vertex -45.399999998509884 23.399999998509884 40
      vertex -45.399999998509884 -2.9249999970197678 37.129999997019766
    endloop
  endfacet
  facet normal 0 0 1
    outer loop
      vertex -41.399999998509884 -27.399999998509884 40
      vertex -30.55 13.919333950160459 40
      vertex -31.85 16.171 40
    endloop
  endfacet
  facet normal 0 0 1
    outer loop
      vertex -41.399999998509884 -27.399999998509884 40
      vertex -31.85 16.171 40
      vertex -31.2 19.54833395016046 40
    endloop
  endfacet
  facet normal 0 0 1
    outer loop
      vertex -41.399999998509884 -27.399999998509884 40
      vertex -33.8 19.54833395016046 40
      vertex -35.1 21.799999999999997 40
    endloop
  endfacet
  facet normal 0 0 1
    outer loop
      vertex -41.399999998509884 -27.399999998509884 40
      vertex -31.2 19.54833395016046 40
      vertex -33.8 19.54833395016046 40
    endloop
  endfacet
  facet normal -1 0 0
    outer loop
      vertex -45.399999998509884 5.435229070484638 31.069770926535128
      vertex -45.399999998509884 5.741404354572296 31.41889693021774
      vertex -45.399999998509884 23.399999998509884 40
    endloop
  endfacet
  facet normal -1 0 0
    outer loop
      vertex -45.399999998509884 5.741404354572296 31.41889693021774
      vertex -45.399999998509884 5.999390184879303 31.805000001490114
      vertex -45.399999998509884 23.399999998509884 40
    endloop
  endfacet
  facet normal -1 0 0
    outer loop
      vertex -45.399999998509884 5.999390184879303 31.805000001490114
      vertex -45.399999998509884 6.204772338271141 32.22147381484508
      vertex -45.399999998509884 23.399999998509884 40
    endloop
  endfacet
  facet normal -1 0 0
    outer loop
      vertex -45.399999998509884 6.204772338271141 32.22147381484508
      vertex -45.399999998509884 6.354036681354046 32.66119238913059
      vertex -45.399999998509884 23.399999998509884 40
    endloop
  endfacet
  facet normal -1 0 0
    outer loop
      vertex -45.399999998509884 -2.9249999970197678 37.129999997019766
      vertex -45.399999998509884 23.399999998509884 40
      vertex -45.399999998509884 2.9249999970197678 37.129999997019766
    endloop
  endfacet
  facet normal 0 0 1
    outer loop
      vertex -45.36577944457531 -23.92210476845503 40
      vertex -45.36577944457531 23.92210476845503 40
      vertex -45.399999998509884 23.399999998509884 40
    endloop
  endfacet
  facet normal 0 0 1
    outer loop
      vertex -45.26370330154896 -24.435276180505753 40
      vertex -45.26370330154896 24.435276180505753 40
      vertex -45.36577944457531 23.92210476845503 40
    endloop
  endfacet
  facet normal 0 0 1
    outer loop
      vertex -45.09551812708378 -24.930733732879162 40
      vertex -45.09551812708378 24.930733732879162 40
      vertex -45.26370330154896 24.435276180505753 40
    endloop
  endfacet
  facet normal 0 0 1
    outer loop
      vertex -44.864101618528366 -25.399999998509884 40
      vertex -44.864101618528366 25.399999998509884 40
      vertex -45.09551812708378 24.930733732879162 40
    endloop
  endfacet
  facet normal 0 0 1
    outer loop
      vertex -44.573413364589214 -25.835045717656612 40
      vertex -44.573413364589214 25.835045717656612 40
      vertex -44.864101618528366 25.399999998509884 40
    endloop
  endfacet
  facet normal -1 0 0
    outer loop
      vertex -45.399999998509884 2.9249999970197678 37.129999997019766
      vertex -45.399999998509884 23.399999998509884 40
      vertex -45.399999998509884 3.3883679807186127 37.09962925493717
    endloop
  endfacet
  facet normal -1 0 0
    outer loop
      vertex -45.399999998509884 3.3883679807186127 37.09962925493717
      vertex -45.399999998509884 23.399999998509884 40
      vertex -45.399999998509884 3.8438076078891754 37.009036684334276
    endloop
  endfacet
  facet normal 0 0 1
    outer loop
      vertex -44.22842712700367 -26.22842712700367 40
      vertex -44.22842712700367 26.22842712700367 40
      vertex -44.573413364589214 25.835045717656612 40
    endloop
  endfacet
  facet normal 0 0 1
    outer loop
      vertex -43.83504571765661 -26.573413364589214 40
      vertex -43.83504571765661 26.573413364589214 40
      vertex -44.22842712700367 26.22842712700367 40
    endloop
  endfacet
  facet normal 0 0 1
    outer loop
      vertex -43.399999998509884 -26.864101618528366 40
      vertex -43.399999998509884 26.864101618528366 40
      vertex -43.83504571765661 26.573413364589214 40
    endloop
  endfacet
  facet normal 0 0 1
    outer loop
      vertex -42.93073373287916 -27.09551812708378 40
      vertex -42.93073373287916 27.09551812708378 40
      vertex -43.399999998509884 26.864101618528366 40
    endloop
  endfacet
  facet normal 0 0 1
    outer loop
      vertex -42.43527618050575 -27.263703301548958 40
      vertex -42.43527618050575 27.263703301548958 40
      vertex -42.93073373287916 27.09551812708378 40
    endloop
  endfacet
  facet normal 0 0 1
    outer loop
      vertex -41.92210476845503 -27.36577944457531 40
      vertex -41.92210476845503 27.36577944457531 40
      vertex -42.43527618050575 27.263703301548958 40
    endloop
  endfacet
  facet normal 0 0 1
    outer loop
      vertex -41.399999998509884 -27.399999998509884 40
      vertex -41.399999998509884 27.399999998509884 40
      vertex -41.92210476845503 27.36577944457531 40
    endloop
  endfacet
  facet normal -1 0 0
    outer loop
      vertex -45.399999998509884 6.354036681354046 34.498807610869406
      vertex -45.399999998509884 6.204772338271141 34.93852618515491
      vertex -45.399999998509884 23.399999998509884 40
    endloop
  endfacet
  facet normal -1 0 0
    outer loop
      vertex -45.399999998509884 6.204772338271141 34.93852618515491
      vertex -45.399999998509884 5.999390184879303 35.35499999850988
      vertex -45.399999998509884 23.399999998509884 40
    endloop
  endfacet
  facet normal -1 0 0
    outer loop
      vertex -45.399999998509884 5.086103074252605 36.39640435755253
      vertex -45.399999998509884 23.399999998509884 40
      vertex -45.399999998509884 5.435229070484638 36.09022907346487
    endloop
  endfacet
  facet normal -1 0 0
    outer loop
      vertex -45.399999998509884 5.435229070484638 36.09022907346487
      vertex -45.399999998509884 23.399999998509884 40
      vertex -45.399999998509884 5.741404354572296 35.741103069782255
    endloop
  endfacet
  facet normal -1 0 0
    outer loop
      vertex -45.399999998509884 5.741404354572296 35.741103069782255
      vertex -45.399999998509884 23.399999998509884 40
      vertex -45.399999998509884 5.999390184879303 35.35499999850988
    endloop
  endfacet
  facet normal -1 0 0
    outer loop
      vertex -45.399999998509884 6.354036681354046 32.66119238913059
      vertex -45.399999998509884 6.44462925940752 33.11663201630115
      vertex -45.399999998509884 23.399999998509884 40
    endloop
  endfacet
  facet normal -1 0 0
    outer loop
      vertex -45.399999998509884 6.44462925940752 33.11663201630115
      vertex -45.399999998509884 6.475000001490116 33.58
      vertex -45.399999998509884 23.399999998509884 40
    endloop
  endfacet
  facet normal -1 0 0
    outer loop
      vertex -45.399999998509884 6.475000001490116 33.58
      vertex -45.399999998509884 6.44462925940752 34.04336798369884
      vertex -45.399999998509884 23.399999998509884 40
    endloop
  endfacet
  facet normal -1 0 0
    outer loop
      vertex -45.399999998509884 6.44462925940752 34.04336798369884
      vertex -45.399999998509884 6.354036681354046 34.498807610869406
      vertex -45.399999998509884 23.399999998509884 40
    endloop
  endfacet
  facet normal -1 0 0
    outer loop
      vertex -45.399999998509884 3.8438076078891754 37.009036684334276
      vertex -45.399999998509884 23.399999998509884 40
      vertex -45.399999998509884 4.283526182174683 36.85977234125137
    endloop
  endfacet
  facet normal -1 0 0
    outer loop
      vertex -45.399999998509884 4.700000002980232 36.65439018040895
      vertex -45.399999998509884 23.399999998509884 40
      vertex -45.399999998509884 5.086103074252605 36.39640435755253
    endloop
  endfacet
  facet normal -1 0 0
    outer loop
      vertex -45.399999998509884 4.283526182174683 36.85977234125137
      vertex -45.399999998509884 23.399999998509884 40
      vertex -45.399999998509884 4.700000002980232 36.65439018040895
    endloop
  endfacet
  facet normal 0 0 1
    outer loop
      vertex -41.399999998509884 -27.399999998509884 40
      vertex -35.1 21.799999999999997 40
      vertex -41.399999998509884 27.399999998509884 40
    endloop
  endfacet
  facet normal 0 0 1
    outer loop
      vertex -41.399999998509884 -27.399999998509884 40
      vertex -27.95 13.919333950160459 40
      vertex -30.55 13.919333950160459 40
    endloop
  endfacet
  facet normal 0 0 1
    outer loop
      vertex -41.399999998509884 -27.399999998509884 40
      vertex -24.05 13.919333950160459 40
      vertex -27.95 13.919333950160459 40
    endloop
  endfacet
  facet normal 0 0 1
    outer loop
      vertex -41.399999998509884 -27.399999998509884 40
      vertex -21.45 13.919333950160459 40
      vertex -24.05 13.919333950160459 40
    endloop
  endfacet
  facet normal -0.9978589233184301 0.06540312801222276 0
    outer loop
      vertex -45.399999998509884 23.399999998509884 5
      vertex -45.399999998509884 23.399999998509884 40
      vertex -45.36577944457531 23.92210476845503 40
    endloop
  endfacet
  facet normal -0.9807852794583501 0.1950903267663619 0
    outer loop
      vertex -45.36577944457531 23.92210476845503 5
      vertex -45.36577944457531 23.92210476845503 40
      vertex -45.26370330154896 24.435276180505753 40
    endloop
  endfacet
  facet normal -0.9469301305271107 0.3214394622629726 0
    outer loop
      vertex -45.26370330154896 24.435276180505753 5
      vertex -45.26370330154896 24.435276180505753 40
      vertex -45.09551812708378 24.930733732879162 40
    endloop
  endfacet
  facet normal -0.8968727445130562 0.4422886841754128 0
    outer loop
      vertex -45.09551812708378 24.930733732879162 5
      vertex -45.09551812708378 24.930733732879162 40
      vertex -44.864101618528366 25.399999998509884 40
    endloop
  endfacet
  facet normal -0.831469614167989 0.5555702302277682 0
    outer loop
      vertex -44.864101618528366 25.399999998509884 5
      vertex -44.864101618528366 25.399999998509884 40
      vertex -44.573413364589214 25.835045717656612 40
    endloop
  endfacet
  facet normal -0.7518398069017458 0.6593458157582756 0
    outer loop
      vertex -44.573413364589214 25.835045717656612 5
      vertex -44.573413364589214 25.835045717656612 40
      vertex -44.22842712700367 26.22842712700367 40
    endloop
  endfacet
  facet normal -0.6593458157582756 0.7518398069017458 0
    outer loop
      vertex -44.22842712700367 26.22842712700367 5
      vertex -44.22842712700367 26.22842712700367 40
      vertex -43.83504571765661 26.573413364589214 40
    endloop
  endfacet
  facet normal -0.5555702302277682 0.831469614167989 0
    outer loop
      vertex -43.83504571765661 26.573413364589214 5
      vertex -43.83504571765661 26.573413364589214 40
      vertex -43.399999998509884 26.864101618528366 40
    endloop
  endfacet
  facet normal -0.4422886841754128 0.8968727445130562 0
    outer loop
      vertex -43.399999998509884 26.864101618528366 5
      vertex -43.399999998509884 26.864101618528366 40
      vertex -42.93073373287916 27.09551812708378 40
    endloop
  endfacet
  facet normal -0.3214394622629726 0.9469301305271107 0
    outer loop
      vertex -42.93073373287916 27.09551812708378 5
      vertex -42.93073373287916 27.09551812708378 40
      vertex -42.43527618050575 27.263703301548958 40
    endloop
  endfacet
  facet normal -0.1950903267663619 0.9807852794583501 0
    outer loop
      vertex -42.43527618050575 27.263703301548958 5
      vertex -42.43527618050575 27.263703301548958 40
      vertex -41.92210476845503 27.36577944457531 40
    endloop
  endfacet
  facet normal -0.06540312801222276 0.9978589233184301 0
    outer loop
      vertex -41.92210476845503 27.36577944457531 5
      vertex -41.92210476845503 27.36577944457531 40
      vertex -41.399999998509884 27.399999998509884 40
    endloop
  endfacet
  facet normal 0 0 1
    outer loop
      vertex -41.399999998509884 27.399999998509884 40
      vertex -35.1 21.799999999999997 40
      vertex -33.8 24.051666049839536 40
    endloop
  endfacet
  facet normal 0 0 1
    outer loop
      vertex -41.399999998509884 27.399999998509884 40
      vertex -33.8 24.051666049839536 40
      vertex -31.2 24.051666049839536 40
    endloop
  endfacet
  facet normal 0 0 1
    outer loop
      vertex -31.85 16.171 40
      vertex -30.55 18.42266604983954 40
      vertex -31.2 19.54833395016046 40
    endloop
  endfacet
  facet normal 0 0 1
    outer loop
      vertex -30.55 18.42266604983954 40
      vertex -27.95 18.42266604983954 40
      vertex -31.2 19.54833395016046 40
    endloop
  endfacet
  facet normal 0 0 1
    outer loop
      vertex -31.2 19.54833395016046 40
      vertex -27.3 19.54833395016046 40
      vertex -28.6 21.799999999999997 40
    endloop
  endfacet
  facet normal 0 0 1
    outer loop
      vertex -27.95 13.919333950160459 40
      vertex -24.05 13.919333950160459 40
      vertex -25.35 16.171 40
    endloop
  endfacet
  facet normal 0 0 1
    outer loop
      vertex -27.95 13.919333950160459 40
      vertex -25.35 16.171 40
      vertex -26.65 16.171 40
    endloop
  endfacet
  facet normal 0 0 1
    outer loop
      vertex -26.65 16.171 40
      vertex -25.35 16.171 40
      vertex -24.05 18.42266604983954 40
    endloop
  endfacet
  facet normal 0 0 1
    outer loop
      vertex -31.2 19.54833395016046 40
      vertex -27.95 18.42266604983954 40
      vertex -24.05 18.42266604983954 40
    endloop
  endfacet
  facet normal 0 0 1
    outer loop
      vertex -26.65 16.171 40
      vertex -24.05 18.42266604983954 40
      vertex -27.95 18.42266604983954 40
    endloop
  endfacet
  facet normal 0 0 1
    outer loop
      vertex -31.2 19.54833395016046 40
      vertex -24.05 18.42266604983954 40
      vertex -27.3 19.54833395016046 40
    endloop
  endfacet
  facet normal 0 0 1
    outer loop
      vertex -24.05 18.42266604983954 40
      vertex -21.45 18.42266604983954 40
      vertex -24.7 19.54833395016046 40
    endloop
  endfacet
  facet normal 0 0 1
    outer loop
      vertex -27.3 19.54833395016046 40
      vertex -24.05 18.42266604983954 40
      vertex -24.7 19.54833395016046 40
    endloop
  endfacet
  facet normal 0 0 1
    outer loop
      vertex -31.2 19.54833395016046 40
      vertex -28.6 21.799999999999997 40
      vertex -29.9 21.799999999999997 40
    endloop
  endfacet
  facet normal 0 0 1
    outer loop
      vertex -29.9 21.799999999999997 40
      vertex -28.6 21.799999999999997 40
      vertex -27.3 24.051666049839536 40
    endloop
  endfacet
  facet normal 0 0 1
    outer loop
      vertex -29.9 21.799999999999997 40
      vertex -27.3 24.051666049839536 40
      vertex -31.2 24.051666049839536 40
    endloop
  endfacet
  facet normal 0 0 1
    outer loop
      vertex -41.399999998509884 27.399999998509884 40
      vertex -31.2 24.051666049839536 40
      vertex -27.3 24.051666049839536 40
    endloop
  endfacet
  facet normal 0 0 1
    outer loop
      vertex -41.399999998509884 27.399999998509884 40
      vertex -27.3 24.051666049839536 40
      vertex -24.7 24.051666049839536 40
    endloop
  endfacet
  facet normal 0 0 1
    outer loop
      vertex -41.399999998509884 27.399999998509884 40
      vertex -24.7 24.051666049839536 40
      vertex -20.8 24.051666049839536 40
    endloop
  endfacet
  facet normal 0 0 1
    outer loop
      vertex -24.7 19.54833395016046 40
      vertex -22.1 21.799999999999997 40
      vertex -23.4 21.799999999999997 40
    endloop
  endfacet
  facet normal 0 0 1
    outer loop
      vertex -23.4 21.799999999999997 40
      vertex -20.8 24.051666049839536 40
      vertex -24.7 24.051666049839536 40
    endloop
  endfacet
  facet normal 0 0 1
    outer loop
      vertex -41.399999998509884 27.399999998509884 40
      vertex -20.8 24.051666049839536 40
      vertex -18.2 24.051666049839536 40
    endloop
  endfacet
  facet normal 0 0 1
    outer loop
      vertex -41.399999998509884 27.399999998509884 40
      vertex -18.2 24.051666049839536 40
      vertex -14.3 24.051666049839536 40
    endloop
  endfacet
  facet normal 0 1 0
    outer loop
      vertex -41.399999998509884 27.399999998509884 5
      vertex -41.399999998509884 27.399999998509884 40
      vertex 41.399999998509884 27.399999998509884 40
    endloop
  endfacet
  facet normal 0 0 1
    outer loop
      vertex -21.45 13.919333950160459 40
      vertex -18.85 16.171 40
      vertex -20.15 16.171 40
    endloop
  endfacet
  facet normal 0 0 1
    outer loop
      vertex -21.45 13.919333950160459 40
      vertex -17.55 13.919333950160459 40
      vertex -18.85 16.171 40
    endloop
  endfacet
  facet normal 0 0 1
    outer loop
      vertex -20.15 16.171 40
      vertex -18.85 16.171 40
      vertex -17.55 18.42266604983954 40
    endloop
  endfacet
  facet normal 0 0 1
    outer loop
      vertex -21.45 18.42266604983954 40
      vertex -17.55 18.42266604983954 40
      vertex -20.8 19.54833395016046 40
    endloop
  endfacet
  facet normal 0 0 1
    outer loop
      vertex -24.7 19.54833395016046 40
      vertex -21.45 18.42266604983954 40
      vertex -20.8 19.54833395016046 40
    endloop
  endfacet
  facet normal 0 0 1
    outer loop
      vertex -24.7 19.54833395016046 40
      vertex -20.8 19.54833395016046 40
      vertex -22.1 21.799999999999997 40
    endloop
  endfacet
  facet normal 0 0 1
    outer loop
      vertex -20.15 16.171 40
      vertex -17.55 18.42266604983954 40
      vertex -21.45 18.42266604983954 40
    endloop
  endfacet
  facet normal 0 0 1
    outer loop
      vertex -20.8 19.54833395016046 40
      vertex -17.55 18.42266604983954 40
      vertex -18.2 19.54833395016046 40
    endloop
  endfacet
  facet normal 0 0 1
    outer loop
      vertex -14.95 13.919333950160459 40
      vertex -11.05 13.919333950160459 40
      vertex -12.35 16.171 40
    endloop
  endfacet
  facet normal 0 0 1
    outer loop
      vertex -14.95 13.919333950160459 40
      vertex -12.35 16.171 40
      vertex -13.65 16.171 40
    endloop
  endfacet
  facet normal 0 0 1
    outer loop
      vertex -13.65 16.171 40
      vertex -12.35 16.171 40
      vertex -11.05 18.42266604983954 40
    endloop
  endfacet
  facet normal 0 0 1
    outer loop
      vertex -17.55 18.42266604983954 40
      vertex -14.95 18.42266604983954 40
      vertex -18.2 19.54833395016046 40
    endloop
  endfacet
  facet normal 0 0 1
    outer loop
      vertex -18.2 19.54833395016046 40
      vertex -14.95 18.42266604983954 40
      vertex -14.3 19.54833395016046 40
    endloop
  endfacet
  facet normal 0 0 1
    outer loop
      vertex -18.2 19.54833395016046 40
      vertex -14.3 19.54833395016046 40
      vertex -15.6 21.799999999999997 40
    endloop
  endfacet
  facet normal 0 0 1
    outer loop
      vertex -13.65 16.171 40
      vertex -11.05 18.42266604983954 40
      vertex -14.95 18.42266604983954 40
    endloop
  endfacet
  facet normal 0 0 1
    outer loop
      vertex -14.95 18.42266604983954 40
      vertex -11.05 18.42266604983954 40
      vertex -14.3 19.54833395016046 40
    endloop
  endfacet
  facet normal 0 0 1
    outer loop
      vertex -14.3 19.54833395016046 40
      vertex -11.05 18.42266604983954 40
      vertex -11.7 19.54833395016046 40
    endloop
  endfacet
  facet normal 0 0 1
    outer loop
      vertex -23.4 21.799999999999997 40
      vertex -22.1 21.799999999999997 40
      vertex -20.8 24.051666049839536 40
    endloop
  endfacet
  facet normal 0 0 1
    outer loop
      vertex -41.399999998509884 27.399999998509884 40
      vertex -14.3 24.051666049839536 40
      vertex -11.7 24.051666049839536 40
    endloop
  endfacet
  facet normal 0 0 1
    outer loop
      vertex -41.399999998509884 27.399999998509884 40
      vertex -11.7 24.051666049839536 40
      vertex -7.8 24.051666049839536 40
    endloop
  endfacet
  facet normal 0 0 1
    outer loop
      vertex -41.399999998509884 27.399999998509884 40
      vertex -7.8 24.051666049839536 40
      vertex -5.2 24.051666049839536 40
    endloop
  endfacet
  facet normal 0 0 1
    outer loop
      vertex -18.2 19.54833395016046 40
      vertex -15.6 21.799999999999997 40
      vertex -16.9 21.799999999999997 40
    endloop
  endfacet
  facet normal 0 0 1
    outer loop
      vertex -18.2 24.051666049839536 40
      vertex -16.9 21.799999999999997 40
      vertex -14.3 24.051666049839536 40
    endloop
  endfacet
  facet normal 0 0 1
    outer loop
      vertex -16.9 21.799999999999997 40
      vertex -15.6 21.799999999999997 40
      vertex -14.3 24.051666049839536 40
    endloop
  endfacet
  facet normal 0 0 1
    outer loop
      vertex -41.399999998509884 27.399999998509884 40
      vertex -5.2 24.051666049839536 40
      vertex -1.3 24.051666049839536 40
    endloop
  endfacet
  facet normal 0 0 1
    outer loop
      vertex -41.399999998509884 27.399999998509884 40
      vertex -1.3 24.051666049839536 40
      vertex 1.3 24.051666049839536 40
    endloop
  endfacet
  facet normal 0 0 1
    outer loop
      vertex -41.399999998509884 27.399999998509884 40
      vertex 1.3 24.051666049839536 40
      vertex 5.2 24.051666049839536 40
    endloop
  endfacet
  facet normal 0 0 1
    outer loop
      vertex -8.45 13.919333950160459 40
      vertex -4.55 13.919333950160459 40
      vertex -5.85 16.171 40
    endloop
  endfacet
  facet normal 0 0 1
    outer loop
      vertex -8.45 13.919333950160459 40
      vertex -5.85 16.171 40
      vertex -7.15 16.171 40
    endloop
  endfacet
  facet normal 0 0 1
    outer loop
      vertex -7.15 16.171 40
      vertex -5.85 16.171 40
      vertex -4.55 18.42266604983954 40
    endloop
  endfacet
  facet normal 0 0 1
    outer loop
      vertex -11.7 19.54833395016046 40
      vertex -11.05 18.42266604983954 40
      vertex -8.45 18.42266604983954 40
    endloop
  endfacet
  facet normal 0 0 1
    outer loop
      vertex -11.7 19.54833395016046 40
      vertex -8.45 18.42266604983954 40
      vertex -7.8 19.54833395016046 40
    endloop
  endfacet
  facet normal 0 0 1
    outer loop
      vertex -11.7 19.54833395016046 40
      vertex -7.8 19.54833395016046 40
      vertex -9.1 21.799999999999997 40
    endloop
  endfacet
  facet normal 0 0 1
    outer loop
      vertex -7.15 16.171 40
      vertex -4.55 18.42266604983954 40
      vertex -8.45 18.42266604983954 40
    endloop
  endfacet
  facet normal 0 0 1
    outer loop
      vertex -8.45 18.42266604983954 40
      vertex -4.55 18.42266604983954 40
      vertex -7.8 19.54833395016046 40
    endloop
  endfacet
  facet normal 0 0 1
    outer loop
      vertex -7.8 19.54833395016046 40
      vertex -4.55 18.42266604983954 40
      vertex -5.2 19.54833395016046 40
    endloop
  endfacet
  facet normal 0 0 1
    outer loop
      vertex -1.95 13.919333950160459 40
      vertex 0.6499999999999999 16.171 40
      vertex -0.6499999999999999 16.171 40
    endloop
  endfacet
  facet normal 0 0 1
    outer loop
      vertex -4.55 18.42266604983954 40
      vertex -1.95 18.42266604983954 40
      vertex -5.2 19.54833395016046 40
    endloop
  endfacet
  facet normal 0 0 1
    outer loop
      vertex -5.2 19.54833395016046 40
      vertex -1.3 19.54833395016046 40
      vertex -2.6 21.799999999999997 40
    endloop
  endfacet
  facet normal 0 0 1
    outer loop
      vertex -0.6499999999999999 16.171 40
      vertex 1.95 18.42266604983954 40
      vertex -1.95 18.42266604983954 40
    endloop
  endfacet
  facet normal 0 0 1
    outer loop
      vertex -1.95 18.42266604983954 40
      vertex 1.95 18.42266604983954 40
      vertex -1.3 19.54833395016046 40
    endloop
  endfacet
  facet normal 0 0 1
    outer loop
      vertex -5.2 19.54833395016046 40
      vertex -1.95 18.42266604983954 40
      vertex -1.3 19.54833395016046 40
    endloop
  endfacet
  facet normal 0 0 1
    outer loop
      vertex -11.7 19.54833395016046 40
      vertex -9.1 21.799999999999997 40
      vertex -10.4 21.799999999999997 40
    endloop
  endfacet
  facet normal 0 0 1
    outer loop
      vertex -11.7 24.051666049839536 40
      vertex -10.4 21.799999999999997 40
      vertex -7.8 24.051666049839536 40
    endloop
  endfacet
  facet normal 0 0 1
    outer loop
      vertex -10.4 21.799999999999997 40
      vertex -9.1 21.799999999999997 40
      vertex -7.8 24.051666049839536 40
    endloop
  endfacet
  facet normal 0 0 1
    outer loop
      vertex -41.399999998509884 27.399999998509884 40
      vertex 5.2 24.051666049839536 40
      vertex 7.8 24.051666049839536 40
    endloop
  endfacet
  facet normal 0 0 1
    outer loop
      vertex -41.399999998509884 27.399999998509884 40
      vertex 7.8 24.051666049839536 40
      vertex 11.7 24.051666049839536 40
    endloop
  endfacet
  facet normal 0 0 1
    outer loop
      vertex -5.2 19.54833395016046 40
      vertex -2.6 21.799999999999997 40
      vertex -3.9 21.799999999999997 40
    endloop
  endfacet
  facet normal 0 0 1
    outer loop
      vertex -3.9 21.799999999999997 40
      vertex -1.3 24.051666049839536 40
      vertex -5.2 24.051666049839536 40
    endloop
  endfacet
  facet normal 0 0 1
    outer loop
      vertex -3.9 21.799999999999997 40
      vertex -2.6 21.799999999999997 40
      vertex -1.3 24.051666049839536 40
    endloop
  endfacet
  facet normal 0 0 -1
    outer loop
      vertex -41.20000000298023 -25.799999997019768 5
      vertex 41.20000000298023 -25.799999997019768 5
      vertex 41.399999998509884 -27.399999998509884 5
    endloop
  endfacet
  facet normal 0 0 -1
    outer loop
      vertex 41.399999998509884 -27.399999998509884 5
      vertex 41.539368100464344 -25.77775663882494 5
      vertex 41.92210476845503 -27.36577944457531 5
    endloop
  endfacet
  facet normal 0 0 -1
    outer loop
      vertex 41.92210476845503 -27.36577944457531 5
      vertex 41.87292952090502 -25.711407147347927 5
      vertex 42.43527618050575 -27.263703301548958 5
    endloop
  endfacet
  facet normal 0 0 -1
    outer loop
      vertex 42.43527618050575 -27.263703301548958 5
      vertex 42.194976925849915 -25.602086782455444 5
      vertex 42.93073373287916 -27.09551812708378 5
    endloop
  endfacet
  facet normal 0 0 -1
    outer loop
      vertex 41.399999998509884 -27.399999998509884 5
      vertex 41.20000000298023 -25.799999997019768 5
      vertex 41.539368100464344 -25.77775663882494 5
    endloop
  endfacet
  facet normal 0 0 -1
    outer loop
      vertex 41.92210476845503 -27.36577944457531 5
      vertex 41.539368100464344 -25.77775663882494 5
      vertex 41.87292952090502 -25.711407147347927 5
    endloop
  endfacet
  facet normal 0 0 -1
    outer loop
      vertex 42.43527618050575 -27.263703301548958 5
      vertex 41.87292952090502 -25.711407147347927 5
      vertex 42.194976925849915 -25.602086782455444 5
    endloop
  endfacet
  facet normal 0 0 -1
    outer loop
      vertex 42.194976925849915 -25.602086782455444 5
      vertex 42.5 -25.451666049659252 5
      vertex 42.93073373287916 -27.09551812708378 5
    endloop
  endfacet
  facet normal 0 0 -1
    outer loop
      vertex 42.93073373287916 -27.09551812708378 5
      vertex 42.78277971595526 -25.262718684971333 5
      vertex 43.399999998509884 -26.864101618528366 5
    endloop
  endfacet
  facet normal 0 0 -1
    outer loop
      vertex 42.5 -25.451666049659252 5
      vertex 42.78277971595526 -25.262718684971333 5
      vertex 42.93073373287916 -27.09551812708378 5
    endloop
  endfacet
  facet normal 0 0 -1
    outer loop
      vertex 43.399999998509884 -26.864101618528366 5
      vertex 42.78277971595526 -25.262718684971333 5
      vertex 43.03847762942314 -25.03847762942314 5
    endloop
  endfacet
  facet normal 0 0 -1
    outer loop
      vertex 43.399999998509884 -26.864101618528366 5
      vertex 43.26271868497133 -24.782779715955257 5
      vertex 43.83504571765661 -26.573413364589214 5
    endloop
  endfacet
  facet normal 0 0 -1
    outer loop
      vertex 43.399999998509884 -26.864101618528366 5
      vertex 43.03847762942314 -25.03847762942314 5
      vertex 43.26271868497133 -24.782779715955257 5
    endloop
  endfacet
  facet normal 0 0 -1
    outer loop
      vertex 43.83504571765661 -26.573413364589214 5
      vertex 43.26271868497133 -24.782779715955257 5
      vertex 43.45166604965925 -24.5 5
    endloop
  endfacet
  facet normal 0 0 -1
    outer loop
      vertex 43.83504571765661 -26.573413364589214 5
      vertex 43.45166604965925 -24.5 5
      vertex 43.602086782455444 -24.194976925849915 5
    endloop
  endfacet
  facet normal 0 0 -1
    outer loop
      vertex 43.83504571765661 -26.573413364589214 5
      vertex 43.602086782455444 -24.194976925849915 5
      vertex 43.71140714734793 -23.872929520905018 5
    endloop
  endfacet
  facet normal 0 0 -1
    outer loop
      vertex 43.83504571765661 -26.573413364589214 5
      vertex 43.71140714734793 -23.872929520905018 5
      vertex 43.77775663882494 -23.539368100464344 5
    endloop
  endfacet
  facet normal 0 0 -1
    outer loop
      vertex 43.83504571765661 -26.573413364589214 5
      vertex 43.77775663882494 -23.539368100464344 5
      vertex 43.79999999701977 -23.200000002980232 5
    endloop
  endfacet
  facet normal 0.06540312801222276 -0.9978589233184301 0
    outer loop
      vertex 41.399999998509884 -27.399999998509884 5
      vertex 41.92210476845503 -27.36577944457531 5
      vertex 41.399999998509884 -27.399999998509884 40
    endloop
  endfacet
  facet normal 0.1950903267663619 -0.9807852794583501 0
    outer loop
      vertex 41.92210476845503 -27.36577944457531 5
      vertex 42.43527618050575 -27.263703301548958 5
      vertex 41.92210476845503 -27.36577944457531 40
    endloop
  endfacet
  facet normal 0.3214394622629726 -0.9469301305271107 0
    outer loop
      vertex 42.43527618050575 -27.263703301548958 5
      vertex 42.93073373287916 -27.09551812708378 5
      vertex 42.43527618050575 -27.263703301548958 40
    endloop
  endfacet
  facet normal 0.4422886841754128 -0.8968727445130562 0
    outer loop
      vertex 42.93073373287916 -27.09551812708378 5
      vertex 43.399999998509884 -26.864101618528366 5
      vertex 42.93073373287916 -27.09551812708378 40
    endloop
  endfacet
  facet normal 0.5555702302277682 -0.831469614167989 0
    outer loop
      vertex 43.399999998509884 -26.864101618528366 5
      vertex 43.83504571765661 -26.573413364589214 5
      vertex 43.399999998509884 -26.864101618528366 40
    endloop
  endfacet
  facet normal 0.6593458157582756 -0.7518398069017458 0
    outer loop
      vertex 43.83504571765661 -26.573413364589214 5
      vertex 44.22842712700367 -26.22842712700367 5
      vertex 43.83504571765661 -26.573413364589214 40
    endloop
  endfacet
  facet normal 0.7518398069017458 -0.6593458157582756 0
    outer loop
      vertex 44.22842712700367 -26.22842712700367 5
      vertex 44.573413364589214 -25.835045717656612 5
      vertex 44.22842712700367 -26.22842712700367 40
    endloop
  endfacet
  facet normal 0.831469614167989 -0.5555702302277682 0
    outer loop
      vertex 44.573413364589214 -25.835045717656612 5
      vertex 44.864101618528366 -25.399999998509884 5
      vertex 44.573413364589214 -25.835045717656612 40
    endloop
  endfacet
  facet normal 0.8968727445130562 -0.4422886841754128 0
    outer loop
      vertex 44.864101618528366 -25.399999998509884 5
      vertex 45.09551812708378 -24.930733732879162 5
      vertex 44.864101618528366 -25.399999998509884 40
    endloop
  endfacet
  facet normal 0.9469301305271107 -0.3214394622629726 0
    outer loop
      vertex 45.09551812708378 -24.930733732879162 5
      vertex 45.26370330154896 -24.435276180505753 5
      vertex 45.09551812708378 -24.930733732879162 40
    endloop
  endfacet
  facet normal 0.9807852794583501 -0.1950903267663619 0
    outer loop
      vertex 45.26370330154896 -24.435276180505753 5
      vertex 45.36577944457531 -23.92210476845503 5
      vertex 45.26370330154896 -24.435276180505753 40
    endloop
  endfacet
  facet normal 0.9978589233184301 -0.06540312801222276 0
    outer loop
      vertex 45.36577944457531 -23.92210476845503 5
      vertex 45.399999998509884 -23.399999998509884 5
      vertex 45.36577944457531 -23.92210476845503 40
    endloop
  endfacet
  facet normal 0 0 -1
    outer loop
      vertex 43.83504571765661 -26.573413364589214 5
      vertex 43.83504571765661 26.573413364589214 5
      vertex 44.22842712700367 -26.22842712700367 5
    endloop
  endfacet
  facet normal 0 0 -1
    outer loop
      vertex 44.22842712700367 -26.22842712700367 5
      vertex 44.22842712700367 26.22842712700367 5
      vertex 44.573413364589214 -25.835045717656612 5
    endloop
  endfacet
  facet normal 0 0 -1
    outer loop
      vertex 43.83504571765661 -26.573413364589214 5
      vertex 43.79999999701977 -23.200000002980232 5
      vertex 43.83504571765661 26.573413364589214 5
    endloop
  endfacet
  facet normal 0 0 -1
    outer loop
      vertex 44.573413364589214 -25.835045717656612 5
      vertex 44.573413364589214 25.835045717656612 5
      vertex 44.864101618528366 -25.399999998509884 5
    endloop
  endfacet
  facet normal 0 0 -1
    outer loop
      vertex 44.864101618528366 -25.399999998509884 5
      vertex 44.864101618528366 25.399999998509884 5
      vertex 45.09551812708378 -24.930733732879162 5
    endloop
  endfacet
  facet normal 0 0 -1
    outer loop
      vertex 45.09551812708378 -24.930733732879162 5
      vertex 45.09551812708378 24.930733732879162 5
      vertex 45.26370330154896 -24.435276180505753 5
    endloop
  endfacet
  facet normal 0 0 -1
    outer loop
      vertex 45.26370330154896 -24.435276180505753 5
      vertex 45.26370330154896 24.435276180505753 5
      vertex 45.36577944457531 -23.92210476845503 5
    endloop
  endfacet
  facet normal 0 0 -1
    outer loop
      vertex 45.36577944457531 -23.92210476845503 5
      vertex 45.36577944457531 23.92210476845503 5
      vertex 45.399999998509884 -23.399999998509884 5
    endloop
  endfacet
  facet normal 1 0 0
    outer loop
      vertex 45.399999998509884 -23.399999998509884 5
      vertex 45.399999998509884 23.399999998509884 5
      vertex 45.399999998509884 -23.399999998509884 40
    endloop
  endfacet
  facet normal 0 -1 0
    outer loop
      vertex -41.399999998509884 -27.399999998509884 40
      vertex 41.399999998509884 -27.399999998509884 5
      vertex 41.399999998509884 -27.399999998509884 40
    endloop
  endfacet
  facet normal 0.06540312801222276 -0.9978589233184301 0
    outer loop
      vertex 41.92210476845503 -27.36577944457531 5
      vertex 41.92210476845503 -27.36577944457531 40
      vertex 41.399999998509884 -27.399999998509884 40
    endloop
  endfacet
  facet normal 0.1950903267663619 -0.9807852794583501 0
    outer loop
      vertex 42.43527618050575 -27.263703301548958 5
      vertex 42.43527618050575 -27.263703301548958 40
      vertex 41.92210476845503 -27.36577944457531 40
    endloop
  endfacet
  facet normal 0.3214394622629726 -0.9469301305271107 0
    outer loop
      vertex 42.93073373287916 -27.09551812708378 5
      vertex 42.93073373287916 -27.09551812708378 40
      vertex 42.43527618050575 -27.263703301548958 40
    endloop
  endfacet
  facet normal 0.4422886841754128 -0.8968727445130562 0
    outer loop
      vertex 43.399999998509884 -26.864101618528366 5
      vertex 43.399999998509884 -26.864101618528366 40
      vertex 42.93073373287916 -27.09551812708378 40
    endloop
  endfacet
  facet normal 0.5555702302277682 -0.831469614167989 0
    outer loop
      vertex 43.83504571765661 -26.573413364589214 5
      vertex 43.83504571765661 -26.573413364589214 40
      vertex 43.399999998509884 -26.864101618528366 40
    endloop
  endfacet
  facet normal 0.6593458157582756 -0.7518398069017458 0
    outer loop
      vertex 44.22842712700367 -26.22842712700367 5
      vertex 44.22842712700367 -26.22842712700367 40
      vertex 43.83504571765661 -26.573413364589214 40
    endloop
  endfacet
  facet normal 0.7518398069017458 -0.6593458157582756 0
    outer loop
      vertex 44.573413364589214 -25.835045717656612 5
      vertex 44.573413364589214 -25.835045717656612 40
      vertex 44.22842712700367 -26.22842712700367 40
    endloop
  endfacet
  facet normal 0.831469614167989 -0.5555702302277682 0
    outer loop
      vertex 44.864101618528366 -25.399999998509884 5
      vertex 44.864101618528366 -25.399999998509884 40
      vertex 44.573413364589214 -25.835045717656612 40
    endloop
  endfacet
  facet normal 0.8968727445130562 -0.4422886841754128 0
    outer loop
      vertex 45.09551812708378 -24.930733732879162 5
      vertex 45.09551812708378 -24.930733732879162 40
      vertex 44.864101618528366 -25.399999998509884 40
    endloop
  endfacet
  facet normal 0.9469301305271107 -0.3214394622629726 0
    outer loop
      vertex 45.26370330154896 -24.435276180505753 5
      vertex 45.26370330154896 -24.435276180505753 40
      vertex 45.09551812708378 -24.930733732879162 40
    endloop
  endfacet
  facet normal 0.9807852794583501 -0.1950903267663619 0
    outer loop
      vertex 45.36577944457531 -23.92210476845503 5
      vertex 45.36577944457531 -23.92210476845503 40
      vertex 45.26370330154896 -24.435276180505753 40
    endloop
  endfacet
  facet normal 0.9978589233184301 -0.06540312801222276 0
    outer loop
      vertex 45.399999998509884 -23.399999998509884 5
      vertex 45.399999998509884 -23.399999998509884 40
      vertex 45.36577944457531 -23.92210476845503 40
    endloop
  endfacet
  facet normal 0 0 1
    outer loop
      vertex 41.399999998509884 -27.399999998509884 40
      vertex 41.92210476845503 -27.36577944457531 40
      vertex 41.399999998509884 27.399999998509884 40
    endloop
  endfacet
  facet normal 0 0 1
    outer loop
      vertex 41.92210476845503 -27.36577944457531 40
      vertex 42.43527618050575 -27.263703301548958 40
      vertex 41.92210476845503 27.36577944457531 40
    endloop
  endfacet
  facet normal 0 0 1
    outer loop
      vertex 42.43527618050575 -27.263703301548958 40
      vertex 42.93073373287916 -27.09551812708378 40
      vertex 42.43527618050575 27.263703301548958 40
    endloop
  endfacet
  facet normal 0 0 1
    outer loop
      vertex 42.93073373287916 -27.09551812708378 40
      vertex 43.399999998509884 -26.864101618528366 40
      vertex 42.93073373287916 27.09551812708378 40
    endloop
  endfacet
  facet normal 0 0 1
    outer loop
      vertex 43.399999998509884 -26.864101618528366 40
      vertex 43.83504571765661 -26.573413364589214 40
      vertex 43.399999998509884 26.864101618528366 40
    endloop
  endfacet
  facet normal 0 0 1
    outer loop
      vertex 43.83504571765661 -26.573413364589214 40
      vertex 44.22842712700367 -26.22842712700367 40
      vertex 43.83504571765661 26.573413364589214 40
    endloop
  endfacet
  facet normal 0 0 1
    outer loop
      vertex 44.22842712700367 -26.22842712700367 40
      vertex 44.573413364589214 -25.835045717656612 40
      vertex 44.22842712700367 26.22842712700367 40
    endloop
  endfacet
  facet normal 0 0 1
    outer loop
      vertex 44.573413364589214 -25.835045717656612 40
      vertex 44.864101618528366 -25.399999998509884 40
      vertex 44.573413364589214 25.835045717656612 40
    endloop
  endfacet
  facet normal 0 0 1
    outer loop
      vertex 44.864101618528366 -25.399999998509884 40
      vertex 45.09551812708378 -24.930733732879162 40
      vertex 44.864101618528366 25.399999998509884 40
    endloop
  endfacet
  facet normal 0 0 1
    outer loop
      vertex 45.09551812708378 -24.930733732879162 40
      vertex 45.26370330154896 -24.435276180505753 40
      vertex 45.09551812708378 24.930733732879162 40
    endloop
  endfacet
  facet normal 0 0 1
    outer loop
      vertex 45.26370330154896 -24.435276180505753 40
      vertex 45.36577944457531 -23.92210476845503 40
      vertex 45.26370330154896 24.435276180505753 40
    endloop
  endfacet
  facet normal 0 0 1
    outer loop
      vertex 45.36577944457531 -23.92210476845503 40
      vertex 45.399999998509884 -23.399999998509884 40
      vertex 45.36577944457531 23.92210476845503 40
    endloop
  endfacet
  facet normal 0 0 -1
    outer loop
      vertex -41.399999998509884 27.399999998509884 5
      vertex 41.399999998509884 27.399999998509884 5
      vertex 41.20000000298023 25.799999997019768 5
    endloop
  endfacet
  facet normal 0 1 0
    outer loop
      vertex -41.399999998509884 27.399999998509884 5
      vertex 41.399999998509884 27.399999998509884 40
      vertex 41.399999998509884 27.399999998509884 5
    endloop
  endfacet
  facet normal 0 0 -1
    outer loop
      vertex 45.399999998509884 -23.399999998509884 5
      vertex 45.36577944457531 23.92210476845503 5
      vertex 45.399999998509884 23.399999998509884 5
    endloop
  endfacet
  facet normal 0 0 -1
    outer loop
      vertex 45.09551812708378 -24.930733732879162 5
      vertex 44.864101618528366 25.399999998509884 5
      vertex 45.09551812708378 24.930733732879162 5
    endloop
  endfacet
  facet normal 0 0 -1
    outer loop
      vertex 45.26370330154896 -24.435276180505753 5
      vertex 45.09551812708378 24.930733732879162 5
      vertex 45.26370330154896 24.435276180505753 5
    endloop
  endfacet
  facet normal 0 0 -1
    outer loop
      vertex 45.36577944457531 -23.92210476845503 5
      vertex 45.26370330154896 24.435276180505753 5
      vertex 45.36577944457531 23.92210476845503 5
    endloop
  endfacet
  facet normal 0 0 -1
    outer loop
      vertex 43.79999999701977 -23.200000002980232 5
      vertex 43.79999999701977 23.200000002980232 5
      vertex 43.83504571765661 26.573413364589214 5
    endloop
  endfacet
  facet normal 0 0 -1
    outer loop
      vertex 44.22842712700367 -26.22842712700367 5
      vertex 43.83504571765661 26.573413364589214 5
      vertex 44.22842712700367 26.22842712700367 5
    endloop
  endfacet
  facet normal 0 0 -1
    outer loop
      vertex 44.573413364589214 -25.835045717656612 5
      vertex 44.22842712700367 26.22842712700367 5
      vertex 44.573413364589214 25.835045717656612 5
    endloop
  endfacet
  facet normal 0 0 -1
    outer loop
      vertex 44.864101618528366 -25.399999998509884 5
      vertex 44.573413364589214 25.835045717656612 5
      vertex 44.864101618528366 25.399999998509884 5
    endloop
  endfacet
  facet normal 0 0 -1
    outer loop
      vertex 41.20000000298023 25.799999997019768 5
      vertex 41.399999998509884 27.399999998509884 5
      vertex 41.539368100464344 25.77775663882494 5
    endloop
  endfacet
  facet normal 0 0 -1
    outer loop
      vertex 41.539368100464344 25.77775663882494 5
      vertex 41.92210476845503 27.36577944457531 5
      vertex 41.87292952090502 25.711407147347927 5
    endloop
  endfacet
  facet normal 0 0 -1
    outer loop
      vertex 42.194976925849915 25.602086782455444 5
      vertex 42.43527618050575 27.263703301548958 5
      vertex 42.5 25.451666049659252 5
    endloop
  endfacet
  facet normal 0 0 -1
    outer loop
      vertex 42.194976925849915 25.602086782455444 5
      vertex 41.87292952090502 25.711407147347927 5
      vertex 41.92210476845503 27.36577944457531 5
    endloop
  endfacet
  facet normal 0 0 -1
    outer loop
      vertex 41.539368100464344 25.77775663882494 5
      vertex 41.399999998509884 27.399999998509884 5
      vertex 41.92210476845503 27.36577944457531 5
    endloop
  endfacet
  facet normal 0 0 -1
    outer loop
      vertex 42.194976925849915 25.602086782455444 5
      vertex 41.92210476845503 27.36577944457531 5
      vertex 42.43527618050575 27.263703301548958 5
    endloop
  endfacet
  facet normal 0 0 -1
    outer loop
      vertex 43.79999999701977 23.200000002980232 5
      vertex 43.77775663882494 23.539368100464344 5
      vertex 43.83504571765661 26.573413364589214 5
    endloop
  endfacet
  facet normal 0 0 -1
    outer loop
      vertex 43.77775663882494 23.539368100464344 5
      vertex 43.71140714734793 23.872929520905018 5
      vertex 43.83504571765661 26.573413364589214 5
    endloop
  endfacet
  facet normal 0 0 -1
    outer loop
      vertex 43.26271868497133 24.782779715955257 5
      vertex 43.03847762942314 25.03847762942314 5
      vertex 43.399999998509884 26.864101618528366 5
    endloop
  endfacet
  facet normal 0 0 -1
    outer loop
      vertex 43.71140714734793 23.872929520905018 5
      vertex 43.602086782455444 24.194976925849915 5
      vertex 43.83504571765661 26.573413364589214 5
    endloop
  endfacet
  facet normal 0 0 -1
    outer loop
      vertex 43.602086782455444 24.194976925849915 5
      vertex 43.45166604965925 24.5 5
      vertex 43.83504571765661 26.573413364589214 5
    endloop
  endfacet
  facet normal 0 0 -1
    outer loop
      vertex 43.26271868497133 24.782779715955257 5
      vertex 43.399999998509884 26.864101618528366 5
      vertex 43.45166604965925 24.5 5
    endloop
  endfacet
  facet normal 0 0 -1
    outer loop
      vertex 42.5 25.451666049659252 5
      vertex 42.93073373287916 27.09551812708378 5
      vertex 42.78277971595526 25.262718684971333 5
    endloop
  endfacet
  facet normal 0 0 -1
    outer loop
      vertex 43.03847762942314 25.03847762942314 5
      vertex 42.78277971595526 25.262718684971333 5
      vertex 42.93073373287916 27.09551812708378 5
    endloop
  endfacet
  facet normal 0 0 -1
    outer loop
      vertex 43.03847762942314 25.03847762942314 5
      vertex 42.93073373287916 27.09551812708378 5
      vertex 43.399999998509884 26.864101618528366 5
    endloop
  endfacet
  facet normal 0 0 -1
    outer loop
      vertex 43.45166604965925 24.5 5
      vertex 43.399999998509884 26.864101618528366 5
      vertex 43.83504571765661 26.573413364589214 5
    endloop
  endfacet
  facet normal 0 0 -1
    outer loop
      vertex 42.5 25.451666049659252 5
      vertex 42.43527618050575 27.263703301548958 5
      vertex 42.93073373287916 27.09551812708378 5
    endloop
  endfacet
  facet normal 0.9978589233184301 0.06540312801222276 0
    outer loop
      vertex 45.399999998509884 23.399999998509884 5
      vertex 45.36577944457531 23.92210476845503 5
      vertex 45.399999998509884 23.399999998509884 40
    endloop
  endfacet
  facet normal 0.06540312801222276 0.9978589233184301 0
    outer loop
      vertex 41.399999998509884 27.399999998509884 5
      vertex 41.92210476845503 27.36577944457531 40
      vertex 41.92210476845503 27.36577944457531 5
    endloop
  endfacet
  facet normal 0.1950903267663619 0.9807852794583501 0
    outer loop
      vertex 41.92210476845503 27.36577944457531 5
      vertex 42.43527618050575 27.263703301548958 40
      vertex 42.43527618050575 27.263703301548958 5
    endloop
  endfacet
  facet normal 0.9807852794583501 0.1950903267663619 0
    outer loop
      vertex 45.36577944457531 23.92210476845503 5
      vertex 45.26370330154896 24.435276180505753 5
      vertex 45.36577944457531 23.92210476845503 40
    endloop
  endfacet
  facet normal 0.9469301305271107 0.3214394622629726 0
    outer loop
      vertex 45.26370330154896 24.435276180505753 5
      vertex 45.09551812708378 24.930733732879162 5
      vertex 45.26370330154896 24.435276180505753 40
    endloop
  endfacet
  facet normal 0.8968727445130562 0.4422886841754128 0
    outer loop
      vertex 45.09551812708378 24.930733732879162 5
      vertex 44.864101618528366 25.399999998509884 5
      vertex 45.09551812708378 24.930733732879162 40
    endloop
  endfacet
  facet normal 0.831469614167989 0.5555702302277682 0
    outer loop
      vertex 44.864101618528366 25.399999998509884 5
      vertex 44.573413364589214 25.835045717656612 5
      vertex 44.864101618528366 25.399999998509884 40
    endloop
  endfacet
  facet normal 0.4422886841754128 0.8968727445130562 0
    outer loop
      vertex 42.93073373287916 27.09551812708378 5
      vertex 43.399999998509884 26.864101618528366 40
      vertex 43.399999998509884 26.864101618528366 5
    endloop
  endfacet
  facet normal 0.3214394622629726 0.9469301305271107 0
    outer loop
      vertex 42.43527618050575 27.263703301548958 5
      vertex 42.93073373287916 27.09551812708378 40
      vertex 42.93073373287916 27.09551812708378 5
    endloop
  endfacet
  facet normal 0.5555702302277682 0.831469614167989 0
    outer loop
      vertex 43.399999998509884 26.864101618528366 5
      vertex 43.83504571765661 26.573413364589214 40
      vertex 43.83504571765661 26.573413364589214 5
    endloop
  endfacet
  facet normal 0.7518398069017458 0.6593458157582756 0
    outer loop
      vertex 44.573413364589214 25.835045717656612 5
      vertex 44.22842712700367 26.22842712700367 5
      vertex 44.573413364589214 25.835045717656612 40
    endloop
  endfacet
  facet normal 0.6593458157582756 0.7518398069017458 0
    outer loop
      vertex 43.83504571765661 26.573413364589214 5
      vertex 44.22842712700367 26.22842712700367 40
      vertex 44.22842712700367 26.22842712700367 5
    endloop
  endfacet
  facet normal 0 0 1
    outer loop
      vertex -21.45 13.919333950160459 40
      vertex 41.399999998509884 -27.399999998509884 40
      vertex -17.55 13.919333950160459 40
    endloop
  endfacet
  facet normal 0 0 1
    outer loop
      vertex -17.55 13.919333950160459 40
      vertex 41.399999998509884 -27.399999998509884 40
      vertex -14.95 13.919333950160459 40
    endloop
  endfacet
  facet normal 0 0 1
    outer loop
      vertex -14.95 13.919333950160459 40
      vertex 41.399999998509884 -27.399999998509884 40
      vertex -11.05 13.919333950160459 40
    endloop
  endfacet
  facet normal 0 0 1
    outer loop
      vertex -11.05 13.919333950160459 40
      vertex 41.399999998509884 -27.399999998509884 40
      vertex -8.45 13.919333950160459 40
    endloop
  endfacet
  facet normal 0 0 1
    outer loop
      vertex -8.45 13.919333950160459 40
      vertex 41.399999998509884 -27.399999998509884 40
      vertex -4.55 13.919333950160459 40
    endloop
  endfacet
  facet normal 0 0 1
    outer loop
      vertex -4.55 13.919333950160459 40
      vertex 41.399999998509884 -27.399999998509884 40
      vertex -1.95 13.919333950160459 40
    endloop
  endfacet
  facet normal 0 0 1
    outer loop
      vertex -1.95 13.919333950160459 40
      vertex 41.399999998509884 -27.399999998509884 40
      vertex 1.95 13.919333950160459 40
    endloop
  endfacet
  facet normal 0 0 1
    outer loop
      vertex 41.399999998509884 -27.399999998509884 40
      vertex 4.55 13.919333950160459 40
      vertex 1.95 13.919333950160459 40
    endloop
  endfacet
  facet normal 0 0 1
    outer loop
      vertex 41.399999998509884 -27.399999998509884 40
      vertex 8.45 13.919333950160459 40
      vertex 4.55 13.919333950160459 40
    endloop
  endfacet
  facet normal 0 0 1
    outer loop
      vertex 41.399999998509884 -27.399999998509884 40
      vertex 11.05 13.919333950160459 40
      vertex 8.45 13.919333950160459 40
    endloop
  endfacet
  facet normal 0 0 1
    outer loop
      vertex 41.399999998509884 -27.399999998509884 40
      vertex 14.95 13.919333950160459 40
      vertex 11.05 13.919333950160459 40
    endloop
  endfacet
  facet normal 0 0 1
    outer loop
      vertex -1.95 13.919333950160459 40
      vertex 1.95 13.919333950160459 40
      vertex 0.6499999999999999 16.171 40
    endloop
  endfacet
  facet normal 0 0 1
    outer loop
      vertex -0.6499999999999999 16.171 40
      vertex 0.6499999999999999 16.171 40
      vertex 1.95 18.42266604983954 40
    endloop
  endfacet
  facet normal 0 0 1
    outer loop
      vertex 1.95 18.42266604983954 40
      vertex 4.55 18.42266604983954 40
      vertex 1.3 19.54833395016046 40
    endloop
  endfacet
  facet normal 0 0 1
    outer loop
      vertex -1.3 19.54833395016046 40
      vertex 1.95 18.42266604983954 40
      vertex 1.3 19.54833395016046 40
    endloop
  endfacet
  facet normal 0 0 1
    outer loop
      vertex 1.3 19.54833395016046 40
      vertex 4.55 18.42266604983954 40
      vertex 5.2 19.54833395016046 40
    endloop
  endfacet
  facet normal 0 0 1
    outer loop
      vertex 1.3 19.54833395016046 40
      vertex 5.2 19.54833395016046 40
      vertex 3.9 21.799999999999997 40
    endloop
  endfacet
  facet normal 0 0 1
    outer loop
      vertex 4.55 13.919333950160459 40
      vertex 8.45 13.919333950160459 40
      vertex 7.15 16.171 40
    endloop
  endfacet
  facet normal 0 0 1
    outer loop
      vertex 4.55 13.919333950160459 40
      vertex 7.15 16.171 40
      vertex 5.85 16.171 40
    endloop
  endfacet
  facet normal 0 0 1
    outer loop
      vertex 5.85 16.171 40
      vertex 7.15 16.171 40
      vertex 8.45 18.42266604983954 40
    endloop
  endfacet
  facet normal 0 0 1
    outer loop
      vertex 4.55 18.42266604983954 40
      vertex 5.85 16.171 40
      vertex 8.45 18.42266604983954 40
    endloop
  endfacet
  facet normal 0 0 1
    outer loop
      vertex 4.55 18.42266604983954 40
      vertex 8.45 18.42266604983954 40
      vertex 5.2 19.54833395016046 40
    endloop
  endfacet
  facet normal 0 0 1
    outer loop
      vertex 5.2 19.54833395016046 40
      vertex 8.45 18.42266604983954 40
      vertex 7.8 19.54833395016046 40
    endloop
  endfacet
  facet normal 0 0 1
    outer loop
      vertex 8.45 18.42266604983954 40
      vertex 11.05 18.42266604983954 40
      vertex 7.8 19.54833395016046 40
    endloop
  endfacet
  facet normal 0 0 1
    outer loop
      vertex 7.8 19.54833395016046 40
      vertex 11.05 18.42266604983954 40
      vertex 11.7 19.54833395016046 40
    endloop
  endfacet
  facet normal 0 0 1
    outer loop
      vertex 7.8 19.54833395016046 40
      vertex 11.7 19.54833395016046 40
      vertex 10.4 21.799999999999997 40
    endloop
  endfacet
  facet normal 0 0 1
    outer loop
      vertex 1.3 19.54833395016046 40
      vertex 3.9 21.799999999999997 40
      vertex 2.6 21.799999999999997 40
    endloop
  endfacet
  facet normal 0 0 1
    outer loop
      vertex 2.6 21.799999999999997 40
      vertex 3.9 21.799999999999997 40
      vertex 5.2 24.051666049839536 40
    endloop
  endfacet
  facet normal 0 0 1
    outer loop
      vertex 2.6 21.799999999999997 40
      vertex 5.2 24.051666049839536 40
      vertex 1.3 24.051666049839536 40
    endloop
  endfacet
  facet normal 0 0 1
    outer loop
      vertex -41.399999998509884 27.399999998509884 40
      vertex 11.7 24.051666049839536 40
      vertex 41.399999998509884 27.399999998509884 40
    endloop
  endfacet
  facet normal 0 0 1
    outer loop
      vertex 7.8 19.54833395016046 40
      vertex 10.4 21.799999999999997 40
      vertex 9.1 21.799999999999997 40
    endloop
  endfacet
  facet normal 0 0 1
    outer loop
      vertex 9.1 21.799999999999997 40
      vertex 11.7 24.051666049839536 40
      vertex 7.8 24.051666049839536 40
    endloop
  endfacet
  facet normal 0 0 1
    outer loop
      vertex 9.1 21.799999999999997 40
      vertex 10.4 21.799999999999997 40
      vertex 11.7 24.051666049839536 40
    endloop
  endfacet
  facet normal 0 0 1
    outer loop
      vertex 11.05 13.919333950160459 40
      vertex 14.95 13.919333950160459 40
      vertex 13.65 16.171 40
    endloop
  endfacet
  facet normal 0 0 1
    outer loop
      vertex 11.05 13.919333950160459 40
      vertex 13.65 16.171 40
      vertex 12.35 16.171 40
    endloop
  endfacet
  facet normal 0 0 1
    outer loop
      vertex 12.35 16.171 40
      vertex 13.65 16.171 40
      vertex 14.95 18.42266604983954 40
    endloop
  endfacet
  facet normal 0 0 1
    outer loop
      vertex 11.05 18.42266604983954 40
      vertex 14.95 18.42266604983954 40
      vertex 11.7 19.54833395016046 40
    endloop
  endfacet
  facet normal 0 0 1
    outer loop
      vertex 11.05 18.42266604983954 40
      vertex 12.35 16.171 40
      vertex 14.95 18.42266604983954 40
    endloop
  endfacet
  facet normal 0 0 1
    outer loop
      vertex 11.7 19.54833395016046 40
      vertex 14.95 18.42266604983954 40
      vertex 14.3 19.54833395016046 40
    endloop
  endfacet
  facet normal 0 0 1
    outer loop
      vertex 14.95 18.42266604983954 40
      vertex 17.55 18.42266604983954 40
      vertex 14.3 19.54833395016046 40
    endloop
  endfacet
  facet normal 0 0 1
    outer loop
      vertex 14.3 19.54833395016046 40
      vertex 17.55 18.42266604983954 40
      vertex 18.2 19.54833395016046 40
    endloop
  endfacet
  facet normal 0 0 1
    outer loop
      vertex 14.3 19.54833395016046 40
      vertex 18.2 19.54833395016046 40
      vertex 16.9 21.799999999999997 40
    endloop
  endfacet
  facet normal 0 0 1
    outer loop
      vertex 17.55 13.919333950160459 40
      vertex 21.45 13.919333950160459 40
      vertex 20.15 16.171 40
    endloop
  endfacet
  facet normal 0 0 1
    outer loop
      vertex 17.55 13.919333950160459 40
      vertex 20.15 16.171 40
      vertex 18.85 16.171 40
    endloop
  endfacet
  facet normal 0 0 1
    outer loop
      vertex 18.85 16.171 40
      vertex 20.15 16.171 40
      vertex 21.45 18.42266604983954 40
    endloop
  endfacet
  facet normal 0 0 1
    outer loop
      vertex 18.85 16.171 40
      vertex 21.45 18.42266604983954 40
      vertex 17.55 18.42266604983954 40
    endloop
  endfacet
  facet normal 0 0 1
    outer loop
      vertex 17.55 18.42266604983954 40
      vertex 21.45 18.42266604983954 40
      vertex 18.2 19.54833395016046 40
    endloop
  endfacet
  facet normal 0 0 1
    outer loop
      vertex 21.45 18.42266604983954 40
      vertex 24.05 18.42266604983954 40
      vertex 20.8 19.54833395016046 40
    endloop
  endfacet
  facet normal 0 0 1
    outer loop
      vertex 18.2 19.54833395016046 40
      vertex 21.45 18.42266604983954 40
      vertex 20.8 19.54833395016046 40
    endloop
  endfacet
  facet normal 0 0 1
    outer loop
      vertex 14.3 19.54833395016046 40
      vertex 16.9 21.799999999999997 40
      vertex 15.6 21.799999999999997 40
    endloop
  endfacet
  facet normal 0 0 1
    outer loop
      vertex 15.6 21.799999999999997 40
      vertex 16.9 21.799999999999997 40
      vertex 18.2 24.051666049839536 40
    endloop
  endfacet
  facet normal 0 0 1
    outer loop
      vertex 15.6 21.799999999999997 40
      vertex 18.2 24.051666049839536 40
      vertex 14.3 24.051666049839536 40
    endloop
  endfacet
  facet normal 0 0 1
    outer loop
      vertex 20.8 19.54833395016046 40
      vertex 23.4 21.799999999999997 40
      vertex 22.1 21.799999999999997 40
    endloop
  endfacet
  facet normal 0 0 1
    outer loop
      vertex 22.1 21.799999999999997 40
      vertex 24.7 24.051666049839536 40
      vertex 20.8 24.051666049839536 40
    endloop
  endfacet
  facet normal 0 0 1
    outer loop
      vertex 11.7 24.051666049839536 40
      vertex 14.3 24.051666049839536 40
      vertex 41.399999998509884 27.399999998509884 40
    endloop
  endfacet
  facet normal 1 0 0
    outer loop
      vertex 45.399999998509884 -23.399999998509884 40
      vertex 45.399999998509884 23.399999998509884 5
      vertex 45.399999998509884 23.399999998509884 40
    endloop
  endfacet
  facet normal 0 0 1
    outer loop
      vertex 41.399999998509884 -27.399999998509884 40
      vertex 17.55 13.919333950160459 40
      vertex 14.95 13.919333950160459 40
    endloop
  endfacet
  facet normal 0 0 1
    outer loop
      vertex 41.399999998509884 -27.399999998509884 40
      vertex 21.45 13.919333950160459 40
      vertex 17.55 13.919333950160459 40
    endloop
  endfacet
  facet normal 0 0 1
    outer loop
      vertex 41.399999998509884 -27.399999998509884 40
      vertex 24.05 13.919333950160459 40
      vertex 21.45 13.919333950160459 40
    endloop
  endfacet
  facet normal 0 0 1
    outer loop
      vertex 41.399999998509884 -27.399999998509884 40
      vertex 27.95 13.919333950160459 40
      vertex 24.05 13.919333950160459 40
    endloop
  endfacet
  facet normal 0 0 1
    outer loop
      vertex 41.399999998509884 -27.399999998509884 40
      vertex 30.55 13.919333950160459 40
      vertex 27.95 13.919333950160459 40
    endloop
  endfacet
  facet normal 0 0 1
    outer loop
      vertex 41.399999998509884 -27.399999998509884 40
      vertex 31.85 16.171 40
      vertex 30.55 13.919333950160459 40
    endloop
  endfacet
  facet normal 0 0 1
    outer loop
      vertex 41.399999998509884 -27.399999998509884 40
      vertex 41.399999998509884 27.399999998509884 40
      vertex 31.85 16.171 40
    endloop
  endfacet
  facet normal 0 0 1
    outer loop
      vertex 41.92210476845503 -27.36577944457531 40
      vertex 41.92210476845503 27.36577944457531 40
      vertex 41.399999998509884 27.399999998509884 40
    endloop
  endfacet
  facet normal 0 0 1
    outer loop
      vertex 42.43527618050575 -27.263703301548958 40
      vertex 42.43527618050575 27.263703301548958 40
      vertex 41.92210476845503 27.36577944457531 40
    endloop
  endfacet
  facet normal 0 0 1
    outer loop
      vertex 45.399999998509884 -23.399999998509884 40
      vertex 45.399999998509884 23.399999998509884 40
      vertex 45.36577944457531 23.92210476845503 40
    endloop
  endfacet
  facet normal 0 0 1
    outer loop
      vertex 45.09551812708378 -24.930733732879162 40
      vertex 45.09551812708378 24.930733732879162 40
      vertex 44.864101618528366 25.399999998509884 40
    endloop
  endfacet
  facet normal 0 0 1
    outer loop
      vertex 45.26370330154896 -24.435276180505753 40
      vertex 45.26370330154896 24.435276180505753 40
      vertex 45.09551812708378 24.930733732879162 40
    endloop
  endfacet
  facet normal 0 0 1
    outer loop
      vertex 45.36577944457531 -23.92210476845503 40
      vertex 45.36577944457531 23.92210476845503 40
      vertex 45.26370330154896 24.435276180505753 40
    endloop
  endfacet
  facet normal 0 0 1
    outer loop
      vertex 42.93073373287916 -27.09551812708378 40
      vertex 42.93073373287916 27.09551812708378 40
      vertex 42.43527618050575 27.263703301548958 40
    endloop
  endfacet
  facet normal 0 0 1
    outer loop
      vertex 43.399999998509884 -26.864101618528366 40
      vertex 43.399999998509884 26.864101618528366 40
      vertex 42.93073373287916 27.09551812708378 40
    endloop
  endfacet
  facet normal 0 0 1
    outer loop
      vertex 43.83504571765661 -26.573413364589214 40
      vertex 43.83504571765661 26.573413364589214 40
      vertex 43.399999998509884 26.864101618528366 40
    endloop
  endfacet
  facet normal 0 0 1
    outer loop
      vertex 44.22842712700367 -26.22842712700367 40
      vertex 44.22842712700367 26.22842712700367 40
      vertex 43.83504571765661 26.573413364589214 40
    endloop
  endfacet
  facet normal 0 0 1
    outer loop
      vertex 44.573413364589214 -25.835045717656612 40
      vertex 44.573413364589214 25.835045717656612 40
      vertex 44.22842712700367 26.22842712700367 40
    endloop
  endfacet
  facet normal 0 0 1
    outer loop
      vertex 44.864101618528366 -25.399999998509884 40
      vertex 44.864101618528366 25.399999998509884 40
      vertex 44.573413364589214 25.835045717656612 40
    endloop
  endfacet
  facet normal 0.9978589233184301 0.06540312801222276 0
    outer loop
      vertex 45.36577944457531 23.92210476845503 5
      vertex 45.36577944457531 23.92210476845503 40
      vertex 45.399999998509884 23.399999998509884 40
    endloop
  endfacet
  facet normal 0.06540312801222276 0.9978589233184301 0
    outer loop
      vertex 41.399999998509884 27.399999998509884 5
      vertex 41.399999998509884 27.399999998509884 40
      vertex 41.92210476845503 27.36577944457531 40
    endloop
  endfacet
  facet normal 0.1950903267663619 0.9807852794583501 0
    outer loop
      vertex 41.92210476845503 27.36577944457531 5
      vertex 41.92210476845503 27.36577944457531 40
      vertex 42.43527618050575 27.263703301548958 40
    endloop
  endfacet
  facet normal 0.9807852794583501 0.1950903267663619 0
    outer loop
      vertex 45.26370330154896 24.435276180505753 5
      vertex 45.26370330154896 24.435276180505753 40
      vertex 45.36577944457531 23.92210476845503 40
    endloop
  endfacet
  facet normal 0.9469301305271107 0.3214394622629726 0
    outer loop
      vertex 45.09551812708378 24.930733732879162 5
      vertex 45.09551812708378 24.930733732879162 40
      vertex 45.26370330154896 24.435276180505753 40
    endloop
  endfacet
  facet normal 0.8968727445130562 0.4422886841754128 0
    outer loop
      vertex 44.864101618528366 25.399999998509884 5
      vertex 44.864101618528366 25.399999998509884 40
      vertex 45.09551812708378 24.930733732879162 40
    endloop
  endfacet
  facet normal 0.6593458157582756 0.7518398069017458 0
    outer loop
      vertex 43.83504571765661 26.573413364589214 5
      vertex 43.83504571765661 26.573413364589214 40
      vertex 44.22842712700367 26.22842712700367 40
    endloop
  endfacet
  facet normal 0.3214394622629726 0.9469301305271107 0
    outer loop
      vertex 42.43527618050575 27.263703301548958 5
      vertex 42.43527618050575 27.263703301548958 40
      vertex 42.93073373287916 27.09551812708378 40
    endloop
  endfacet
  facet normal 0.4422886841754128 0.8968727445130562 0
    outer loop
      vertex 42.93073373287916 27.09551812708378 5
      vertex 42.93073373287916 27.09551812708378 40
      vertex 43.399999998509884 26.864101618528366 40
    endloop
  endfacet
  facet normal 0.5555702302277682 0.831469614167989 0
    outer loop
      vertex 43.399999998509884 26.864101618528366 5
      vertex 43.399999998509884 26.864101618528366 40
      vertex 43.83504571765661 26.573413364589214 40
    endloop
  endfacet
  facet normal 0.831469614167989 0.5555702302277682 0
    outer loop
      vertex 44.573413364589214 25.835045717656612 5
      vertex 44.573413364589214 25.835045717656612 40
      vertex 44.864101618528366 25.399999998509884 40
    endloop
  endfacet
  facet normal 0.7518398069017458 0.6593458157582756 0
    outer loop
      vertex 44.22842712700367 26.22842712700367 5
      vertex 44.22842712700367 26.22842712700367 40
      vertex 44.573413364589214 25.835045717656612 40
    endloop
  endfacet
  facet normal 0 0 1
    outer loop
      vertex 24.05 13.919333950160459 40
      vertex 26.65 16.171 40
      vertex 25.35 16.171 40
    endloop
  endfacet
  facet normal 0 0 1
    outer loop
      vertex 24.05 13.919333950160459 40
      vertex 27.95 13.919333950160459 40
      vertex 26.65 16.171 40
    endloop
  endfacet
  facet normal 0 0 1
    outer loop
      vertex 25.35 16.171 40
      vertex 26.65 16.171 40
      vertex 27.95 18.42266604983954 40
    endloop
  endfacet
  facet normal 0 0 1
    outer loop
      vertex 20.8 19.54833395016046 40
      vertex 24.05 18.42266604983954 40
      vertex 24.7 19.54833395016046 40
    endloop
  endfacet
  facet normal 0 0 1
    outer loop
      vertex 20.8 19.54833395016046 40
      vertex 24.7 19.54833395016046 40
      vertex 23.4 21.799999999999997 40
    endloop
  endfacet
  facet normal 0 0 1
    outer loop
      vertex 25.35 16.171 40
      vertex 27.95 18.42266604983954 40
      vertex 24.05 18.42266604983954 40
    endloop
  endfacet
  facet normal 0 0 1
    outer loop
      vertex 24.05 18.42266604983954 40
      vertex 27.95 18.42266604983954 40
      vertex 24.7 19.54833395016046 40
    endloop
  endfacet
  facet normal 0 0 1
    outer loop
      vertex 24.7 19.54833395016046 40
      vertex 27.95 18.42266604983954 40
      vertex 27.3 19.54833395016046 40
    endloop
  endfacet
  facet normal 0 0 1
    outer loop
      vertex 27.95 18.42266604983954 40
      vertex 30.55 18.42266604983954 40
      vertex 27.3 19.54833395016046 40
    endloop
  endfacet
  facet normal 0 0 1
    outer loop
      vertex 31.85 16.171 40
      vertex 31.2 19.54833395016046 40
      vertex 30.55 18.42266604983954 40
    endloop
  endfacet
  facet normal 0 0 1
    outer loop
      vertex 27.3 19.54833395016046 40
      vertex 30.55 18.42266604983954 40
      vertex 31.2 19.54833395016046 40
    endloop
  endfacet
  facet normal 0 0 1
    outer loop
      vertex 27.3 19.54833395016046 40
      vertex 31.2 19.54833395016046 40
      vertex 29.9 21.799999999999997 40
    endloop
  endfacet
  facet normal 0 0 1
    outer loop
      vertex 31.85 16.171 40
      vertex 33.8 19.54833395016046 40
      vertex 31.2 19.54833395016046 40
    endloop
  endfacet
  facet normal 0 0 1
    outer loop
      vertex 22.1 21.799999999999997 40
      vertex 23.4 21.799999999999997 40
      vertex 24.7 24.051666049839536 40
    endloop
  endfacet
  facet normal 0 0 1
    outer loop
      vertex 14.3 24.051666049839536 40
      vertex 18.2 24.051666049839536 40
      vertex 41.399999998509884 27.399999998509884 40
    endloop
  endfacet
  facet normal 0 0 1
    outer loop
      vertex 18.2 24.051666049839536 40
      vertex 20.8 24.051666049839536 40
      vertex 41.399999998509884 27.399999998509884 40
    endloop
  endfacet
  facet normal 0 0 1
    outer loop
      vertex 27.3 19.54833395016046 40
      vertex 29.9 21.799999999999997 40
      vertex 28.6 21.799999999999997 40
    endloop
  endfacet
  facet normal 0 0 1
    outer loop
      vertex 27.3 24.051666049839536 40
      vertex 28.6 21.799999999999997 40
      vertex 31.2 24.051666049839536 40
    endloop
  endfacet
  facet normal 0 0 1
    outer loop
      vertex 28.6 21.799999999999997 40
      vertex 29.9 21.799999999999997 40
      vertex 31.2 24.051666049839536 40
    endloop
  endfacet
  facet normal 0 0 1
    outer loop
      vertex 20.8 24.051666049839536 40
      vertex 24.7 24.051666049839536 40
      vertex 41.399999998509884 27.399999998509884 40
    endloop
  endfacet
  facet normal 0 0 1
    outer loop
      vertex 24.7 24.051666049839536 40
      vertex 27.3 24.051666049839536 40
      vertex 41.399999998509884 27.399999998509884 40
    endloop
  endfacet
  facet normal 0 0 1
    outer loop
      vertex 27.3 24.051666049839536 40
      vertex 31.2 24.051666049839536 40
      vertex 41.399999998509884 27.399999998509884 40
    endloop
  endfacet
  facet normal 0 0 1
    outer loop
      vertex 31.85 16.171 40
      vertex 41.399999998509884 27.399999998509884 40
      vertex 33.8 19.54833395016046 40
    endloop
  endfacet
  facet normal 0 0 1
    outer loop
      vertex 33.8 19.54833395016046 40
      vertex 41.399999998509884 27.399999998509884 40
      vertex 35.1 21.799999999999997 40
    endloop
  endfacet
  facet normal 0 0 1
    outer loop
      vertex 31.2 24.051666049839536 40
      vertex 33.8 24.051666049839536 40
      vertex 41.399999998509884 27.399999998509884 40
    endloop
  endfacet
  facet normal 0 0 1
    outer loop
      vertex 33.8 24.051666049839536 40
      vertex 35.1 21.799999999999997 40
      vertex 41.399999998509884 27.399999998509884 40
    endloop
  endfacet
  facet normal 0.555570268531842 0.8314695885740241 0
    outer loop
      vertex -41.5 -23.7196152433753 0
      vertex -41.56525685638189 -23.676012001931667 0
      vertex -41.56525685638189 -23.676012001931667 4.99
    endloop
  endfacet
  facet normal 0.659345789917878 0.7518398295631653 0
    outer loop
      vertex -41.56525685638189 -23.676012001931667 0
      vertex -41.62426406890154 -23.62426406890154 0
      vertex -41.62426406890154 -23.62426406890154 4.99
    endloop
  endfacet
  facet normal 0.7518398295631653 0.659345789917878 0
    outer loop
      vertex -41.67601200193167 -23.565256856381893 0
      vertex -41.67601200193167 -23.565256856381893 4.99
      vertex -41.62426406890154 -23.62426406890154 0
    endloop
  endfacet
  facet normal 0.32143939560944695 0.9469301531529312 0
    outer loop
      vertex -41.35529142618179 -23.7795554921031 0
      vertex -41.429610058665276 -23.754327721893787 0
      vertex -41.429610058665276 -23.754327721893787 4.99
    endloop
  endfacet
  facet normal 0.19509040254572238 0.9807852643848948 0
    outer loop
      vertex -41.35529142618179 -23.7795554921031 0
      vertex -41.35529142618179 -23.7795554921031 4.99
      vertex -41.27831571549177 -23.794866919517517 0
    endloop
  endfacet
  facet normal 0.06540305959636125 0.9978589278026404 0
    outer loop
      vertex -41.27831571549177 -23.794866919517517 0
      vertex -41.27831571549177 -23.794866919517517 4.99
      vertex -41.20000000298023 -23.799999997019768 0
    endloop
  endfacet
  facet normal 0.44228869955231087 0.8968727369300095 0
    outer loop
      vertex -41.5 -23.7196152433753 0
      vertex -41.5 -23.7196152433753 4.99
      vertex -41.429610058665276 -23.754327721893787 0
    endloop
  endfacet
  facet normal 0.8314695885740241 0.555570268531842 0
    outer loop
      vertex -41.67601200193167 -23.565256856381893 0
      vertex -41.7196152433753 -23.5 0
      vertex -41.7196152433753 -23.5 4.99
    endloop
  endfacet
  facet normal 0.8968727369300095 0.44228869955231087 0
    outer loop
      vertex -41.7196152433753 -23.5 0
      vertex -41.75432772189379 -23.429610058665276 0
      vertex -41.75432772189379 -23.429610058665276 4.99
    endloop
  endfacet
  facet normal 0.9469301531529312 0.32143939560944695 0
    outer loop
      vertex -41.7795554921031 -23.355291426181793 0
      vertex -41.7795554921031 -23.355291426181793 4.99
      vertex -41.75432772189379 -23.429610058665276 0
    endloop
  endfacet
  facet normal 0.9807852643848948 0.19509040254572238 0
    outer loop
      vertex -41.7795554921031 -23.355291426181793 0
      vertex -41.79486691951752 -23.27831571549177 0
      vertex -41.79486691951752 -23.27831571549177 4.99
    endloop
  endfacet
  facet normal 0.9978589278026404 0.06540305959636125 0
    outer loop
      vertex -41.79486691951752 -23.27831571549177 0
      vertex -41.79999999701977 -23.200000002980232 0
      vertex -41.79999999701977 -23.200000002980232 4.99
    endloop
  endfacet
  facet normal 0.659345789917878 0.7518398295631653 0
    outer loop
      vertex -41.56525685638189 -23.676012001931667 0
      vertex -41.62426406890154 -23.62426406890154 4.99
      vertex -41.56525685638189 -23.676012001931667 4.99
    endloop
  endfacet
  facet normal 0.555570268531842 0.8314695885740241 0
    outer loop
      vertex -41.5 -23.7196152433753 0
      vertex -41.56525685638189 -23.676012001931667 4.99
      vertex -41.5 -23.7196152433753 4.99
    endloop
  endfacet
  facet normal 0.7518398295631653 0.659345789917878 0
    outer loop
      vertex -41.62426406890154 -23.62426406890154 0
      vertex -41.67601200193167 -23.565256856381893 4.99
      vertex -41.62426406890154 -23.62426406890154 4.99
    endloop
  endfacet
  facet normal 0.32143939560944695 0.9469301531529312 0
    outer loop
      vertex -41.35529142618179 -23.7795554921031 0
      vertex -41.429610058665276 -23.754327721893787 4.99
      vertex -41.35529142618179 -23.7795554921031 4.99
    endloop
  endfacet
  facet normal 0.19509040254572238 0.9807852643848948 0
    outer loop
      vertex -41.27831571549177 -23.794866919517517 0
      vertex -41.35529142618179 -23.7795554921031 4.99
      vertex -41.27831571549177 -23.794866919517517 4.99
    endloop
  endfacet
  facet normal 0.06540305959636125 0.9978589278026404 0
    outer loop
      vertex -41.20000000298023 -23.799999997019768 0
      vertex -41.27831571549177 -23.794866919517517 4.99
      vertex -41.20000000298023 -23.799999997019768 4.99
    endloop
  endfacet
  facet normal 0.44228869955231087 0.8968727369300095 0
    outer loop
      vertex -41.429610058665276 -23.754327721893787 0
      vertex -41.5 -23.7196152433753 4.99
      vertex -41.429610058665276 -23.754327721893787 4.99
    endloop
  endfacet
  facet normal 0.8314695885740241 0.555570268531842 0
    outer loop
      vertex -41.67601200193167 -23.565256856381893 0
      vertex -41.7196152433753 -23.5 4.99
      vertex -41.67601200193167 -23.565256856381893 4.99
    endloop
  endfacet
  facet normal 0.8968727369300095 0.44228869955231087 0
    outer loop
      vertex -41.7196152433753 -23.5 0
      vertex -41.75432772189379 -23.429610058665276 4.99
      vertex -41.7196152433753 -23.5 4.99
    endloop
  endfacet
  facet normal 0.9469301531529312 0.32143939560944695 0
    outer loop
      vertex -41.75432772189379 -23.429610058665276 0
      vertex -41.7795554921031 -23.355291426181793 4.99
      vertex -41.75432772189379 -23.429610058665276 4.99
    endloop
  endfacet
  facet normal 0.9807852643848948 0.19509040254572238 0
    outer loop
      vertex -41.7795554921031 -23.355291426181793 0
      vertex -41.79486691951752 -23.27831571549177 4.99
      vertex -41.7795554921031 -23.355291426181793 4.99
    endloop
  endfacet
  facet normal 0.9978589278026404 0.06540305959636125 0
    outer loop
      vertex -41.79486691951752 -23.27831571549177 0
      vertex -41.79999999701977 -23.200000002980232 4.99
      vertex -41.79486691951752 -23.27831571549177 4.99
    endloop
  endfacet
  facet normal 1 0 0
    outer loop
      vertex -41.79999999701977 -23.200000002980232 0
      vertex -41.79999999701977 23.200000002980232 4.99
      vertex -41.79999999701977 -23.200000002980232 4.99
    endloop
  endfacet
  facet normal 0 1 0
    outer loop
      vertex -41.20000000298023 -23.799999997019768 0
      vertex -41.20000000298023 -23.799999997019768 4.99
      vertex 41.20000000298023 -23.799999997019768 0
    endloop
  endfacet
  facet normal 1 0 0
    outer loop
      vertex -41.79999999701977 -23.200000002980232 0
      vertex -41.79999999701977 23.200000002980232 0
      vertex -41.79999999701977 23.200000002980232 4.99
    endloop
  endfacet
  facet normal 0.9978589278026404 -0.06540305959636125 0
    outer loop
      vertex -41.79999999701977 23.200000002980232 0
      vertex -41.79486691951752 23.27831571549177 0
      vertex -41.79486691951752 23.27831571549177 4.99
    endloop
  endfacet
  facet normal 0.9807852643848948 -0.19509040254572238 0
    outer loop
      vertex -41.79486691951752 23.27831571549177 0
      vertex -41.7795554921031 23.355291426181793 0
      vertex -41.7795554921031 23.355291426181793 4.99
    endloop
  endfacet
  facet normal 0.9469301531529312 -0.32143939560944695 0
    outer loop
      vertex -41.7795554921031 23.355291426181793 0
      vertex -41.75432772189379 23.429610058665276 0
      vertex -41.75432772189379 23.429610058665276 4.99
    endloop
  endfacet
  facet normal 0.8968727369300095 -0.44228869955231087 0
    outer loop
      vertex -41.75432772189379 23.429610058665276 0
      vertex -41.7196152433753 23.5 0
      vertex -41.7196152433753 23.5 4.99
    endloop
  endfacet
  facet normal 0.8314695885740241 -0.555570268531842 0
    outer loop
      vertex -41.7196152433753 23.5 0
      vertex -41.67601200193167 23.565256856381893 0
      vertex -41.67601200193167 23.565256856381893 4.99
    endloop
  endfacet
  facet normal 0.7518398295631653 -0.659345789917878 0
    outer loop
      vertex -41.67601200193167 23.565256856381893 0
      vertex -41.62426406890154 23.62426406890154 0
      vertex -41.62426406890154 23.62426406890154 4.99
    endloop
  endfacet
  facet normal 0.659345789917878 -0.7518398295631653 0
    outer loop
      vertex -41.62426406890154 23.62426406890154 0
      vertex -41.56525685638189 23.676012001931667 0
      vertex -41.56525685638189 23.676012001931667 4.99
    endloop
  endfacet
  facet normal 0.555570268531842 -0.8314695885740241 0
    outer loop
      vertex -41.56525685638189 23.676012001931667 0
      vertex -41.5 23.7196152433753 0
      vertex -41.5 23.7196152433753 4.99
    endloop
  endfacet
  facet normal 0.44228869955231087 -0.8968727369300095 0
    outer loop
      vertex -41.5 23.7196152433753 0
      vertex -41.429610058665276 23.754327721893787 0
      vertex -41.429610058665276 23.754327721893787 4.99
    endloop
  endfacet
  facet normal 0.32143939560944695 -0.9469301531529312 0
    outer loop
      vertex -41.429610058665276 23.754327721893787 0
      vertex -41.35529142618179 23.7795554921031 0
      vertex -41.35529142618179 23.7795554921031 4.99
    endloop
  endfacet
  facet normal 0.19509040254572238 -0.9807852643848948 0
    outer loop
      vertex -41.35529142618179 23.7795554921031 0
      vertex -41.27831571549177 23.794866919517517 0
      vertex -41.27831571549177 23.794866919517517 4.99
    endloop
  endfacet
  facet normal 0.06540305959636125 -0.9978589278026404 0
    outer loop
      vertex -41.27831571549177 23.794866919517517 0
      vertex -41.20000000298023 23.799999997019768 0
      vertex -41.20000000298023 23.799999997019768 4.99
    endloop
  endfacet
  facet normal 0.9978589278026404 -0.06540305959636125 0
    outer loop
      vertex -41.79999999701977 23.200000002980232 0
      vertex -41.79486691951752 23.27831571549177 4.99
      vertex -41.79999999701977 23.200000002980232 4.99
    endloop
  endfacet
  facet normal 0.9807852643848948 -0.19509040254572238 0
    outer loop
      vertex -41.79486691951752 23.27831571549177 0
      vertex -41.7795554921031 23.355291426181793 4.99
      vertex -41.79486691951752 23.27831571549177 4.99
    endloop
  endfacet
  facet normal 0.9469301531529312 -0.32143939560944695 0
    outer loop
      vertex -41.7795554921031 23.355291426181793 0
      vertex -41.75432772189379 23.429610058665276 4.99
      vertex -41.7795554921031 23.355291426181793 4.99
    endloop
  endfacet
  facet normal 0.8968727369300095 -0.44228869955231087 0
    outer loop
      vertex -41.75432772189379 23.429610058665276 0
      vertex -41.7196152433753 23.5 4.99
      vertex -41.75432772189379 23.429610058665276 4.99
    endloop
  endfacet
  facet normal 0.8314695885740241 -0.555570268531842 0
    outer loop
      vertex -41.7196152433753 23.5 0
      vertex -41.67601200193167 23.565256856381893 4.99
      vertex -41.7196152433753 23.5 4.99
    endloop
  endfacet
  facet normal 0.7518398295631653 -0.659345789917878 0
    outer loop
      vertex -41.67601200193167 23.565256856381893 0
      vertex -41.62426406890154 23.62426406890154 4.99
      vertex -41.67601200193167 23.565256856381893 4.99
    endloop
  endfacet
  facet normal 0.659345789917878 -0.7518398295631653 0
    outer loop
      vertex -41.62426406890154 23.62426406890154 0
      vertex -41.56525685638189 23.676012001931667 4.99
      vertex -41.62426406890154 23.62426406890154 4.99
    endloop
  endfacet
  facet normal 0.555570268531842 -0.8314695885740241 0
    outer loop
      vertex -41.56525685638189 23.676012001931667 0
      vertex -41.5 23.7196152433753 4.99
      vertex -41.56525685638189 23.676012001931667 4.99
    endloop
  endfacet
  facet normal 0.44228869955231087 -0.8968727369300095 0
    outer loop
      vertex -41.5 23.7196152433753 0
      vertex -41.429610058665276 23.754327721893787 4.99
      vertex -41.5 23.7196152433753 4.99
    endloop
  endfacet
  facet normal 0.32143939560944695 -0.9469301531529312 0
    outer loop
      vertex -41.429610058665276 23.754327721893787 0
      vertex -41.35529142618179 23.7795554921031 4.99
      vertex -41.429610058665276 23.754327721893787 4.99
    endloop
  endfacet
  facet normal 0.19509040254572238 -0.9807852643848948 0
    outer loop
      vertex -41.35529142618179 23.7795554921031 0
      vertex -41.27831571549177 23.794866919517517 4.99
      vertex -41.35529142618179 23.7795554921031 4.99
    endloop
  endfacet
  facet normal 0.06540305959636125 -0.9978589278026404 0
    outer loop
      vertex -41.27831571549177 23.794866919517517 0
      vertex -41.20000000298023 23.799999997019768 4.99
      vertex -41.27831571549177 23.794866919517517 4.99
    endloop
  endfacet
  facet normal 0 -1 0
    outer loop
      vertex -41.20000000298023 23.799999997019768 0
      vertex 41.20000000298023 23.799999997019768 4.99
      vertex -41.20000000298023 23.799999997019768 4.99
    endloop
  endfacet
  facet normal 0 1 0
    outer loop
      vertex -41.20000000298023 -23.799999997019768 4.99
      vertex 41.20000000298023 -23.799999997019768 4.99
      vertex 41.20000000298023 -23.799999997019768 0
    endloop
  endfacet
  facet normal -0.06540305959636125 0.9978589278026404 0
    outer loop
      vertex 41.20000000298023 -23.799999997019768 0
      vertex 41.20000000298023 -23.799999997019768 4.99
      vertex 41.27831571549177 -23.794866919517517 0
    endloop
  endfacet
  facet normal -0.19509040254572238 0.9807852643848948 0
    outer loop
      vertex 41.27831571549177 -23.794866919517517 0
      vertex 41.27831571549177 -23.794866919517517 4.99
      vertex 41.35529142618179 -23.7795554921031 0
    endloop
  endfacet
  facet normal -0.32143939560944695 0.9469301531529312 0
    outer loop
      vertex 41.35529142618179 -23.7795554921031 0
      vertex 41.35529142618179 -23.7795554921031 4.99
      vertex 41.429610058665276 -23.754327721893787 0
    endloop
  endfacet
  facet normal -0.44228869955231087 0.8968727369300095 0
    outer loop
      vertex 41.429610058665276 -23.754327721893787 0
      vertex 41.429610058665276 -23.754327721893787 4.99
      vertex 41.5 -23.7196152433753 0
    endloop
  endfacet
  facet normal -0.555570268531842 0.8314695885740241 0
    outer loop
      vertex 41.5 -23.7196152433753 0
      vertex 41.5 -23.7196152433753 4.99
      vertex 41.56525685638189 -23.676012001931667 0
    endloop
  endfacet
  facet normal -0.659345789917878 0.7518398295631653 0
    outer loop
      vertex 41.56525685638189 -23.676012001931667 0
      vertex 41.56525685638189 -23.676012001931667 4.99
      vertex 41.62426406890154 -23.62426406890154 0
    endloop
  endfacet
  facet normal -0.7518398295631653 0.659345789917878 0
    outer loop
      vertex 41.62426406890154 -23.62426406890154 0
      vertex 41.62426406890154 -23.62426406890154 4.99
      vertex 41.67601200193167 -23.565256856381893 0
    endloop
  endfacet
  facet normal -0.8314695885740241 0.555570268531842 0
    outer loop
      vertex 41.67601200193167 -23.565256856381893 0
      vertex 41.67601200193167 -23.565256856381893 4.99
      vertex 41.7196152433753 -23.5 0
    endloop
  endfacet
  facet normal -0.8968727369300095 0.44228869955231087 0
    outer loop
      vertex 41.7196152433753 -23.5 0
      vertex 41.7196152433753 -23.5 4.99
      vertex 41.75432772189379 -23.429610058665276 0
    endloop
  endfacet
  facet normal -0.9469301531529312 0.32143939560944695 0
    outer loop
      vertex 41.75432772189379 -23.429610058665276 0
      vertex 41.75432772189379 -23.429610058665276 4.99
      vertex 41.7795554921031 -23.355291426181793 0
    endloop
  endfacet
  facet normal -0.9807852643848948 0.19509040254572238 0
    outer loop
      vertex 41.7795554921031 -23.355291426181793 0
      vertex 41.7795554921031 -23.355291426181793 4.99
      vertex 41.79486691951752 -23.27831571549177 0
    endloop
  endfacet
  facet normal -0.9978589278026404 0.06540305959636125 0
    outer loop
      vertex 41.79486691951752 -23.27831571549177 0
      vertex 41.79486691951752 -23.27831571549177 4.99
      vertex 41.79999999701977 -23.200000002980232 0
    endloop
  endfacet
  facet normal -0.06540305959636125 0.9978589278026404 0
    outer loop
      vertex 41.27831571549177 -23.794866919517517 0
      vertex 41.20000000298023 -23.799999997019768 4.99
      vertex 41.27831571549177 -23.794866919517517 4.99
    endloop
  endfacet
  facet normal -0.19509040254572238 0.9807852643848948 0
    outer loop
      vertex 41.35529142618179 -23.7795554921031 0
      vertex 41.27831571549177 -23.794866919517517 4.99
      vertex 41.35529142618179 -23.7795554921031 4.99
    endloop
  endfacet
  facet normal -0.32143939560944695 0.9469301531529312 0
    outer loop
      vertex 41.429610058665276 -23.754327721893787 0
      vertex 41.35529142618179 -23.7795554921031 4.99
      vertex 41.429610058665276 -23.754327721893787 4.99
    endloop
  endfacet
  facet normal -0.44228869955231087 0.8968727369300095 0
    outer loop
      vertex 41.5 -23.7196152433753 0
      vertex 41.429610058665276 -23.754327721893787 4.99
      vertex 41.5 -23.7196152433753 4.99
    endloop
  endfacet
  facet normal -0.555570268531842 0.8314695885740241 0
    outer loop
      vertex 41.56525685638189 -23.676012001931667 0
      vertex 41.5 -23.7196152433753 4.99
      vertex 41.56525685638189 -23.676012001931667 4.99
    endloop
  endfacet
  facet normal -0.659345789917878 0.7518398295631653 0
    outer loop
      vertex 41.62426406890154 -23.62426406890154 0
      vertex 41.56525685638189 -23.676012001931667 4.99
      vertex 41.62426406890154 -23.62426406890154 4.99
    endloop
  endfacet
  facet normal -0.7518398295631653 0.659345789917878 0
    outer loop
      vertex 41.67601200193167 -23.565256856381893 0
      vertex 41.62426406890154 -23.62426406890154 4.99
      vertex 41.67601200193167 -23.565256856381893 4.99
    endloop
  endfacet
  facet normal -0.8314695885740241 0.555570268531842 0
    outer loop
      vertex 41.7196152433753 -23.5 0
      vertex 41.67601200193167 -23.565256856381893 4.99
      vertex 41.7196152433753 -23.5 4.99
    endloop
  endfacet
  facet normal -0.8968727369300095 0.44228869955231087 0
    outer loop
      vertex 41.75432772189379 -23.429610058665276 0
      vertex 41.7196152433753 -23.5 4.99
      vertex 41.75432772189379 -23.429610058665276 4.99
    endloop
  endfacet
  facet normal -0.9469301531529312 0.32143939560944695 0
    outer loop
      vertex 41.7795554921031 -23.355291426181793 0
      vertex 41.75432772189379 -23.429610058665276 4.99
      vertex 41.7795554921031 -23.355291426181793 4.99
    endloop
  endfacet
  facet normal -0.9807852643848948 0.19509040254572238 0
    outer loop
      vertex 41.79486691951752 -23.27831571549177 0
      vertex 41.7795554921031 -23.355291426181793 4.99
      vertex 41.79486691951752 -23.27831571549177 4.99
    endloop
  endfacet
  facet normal -0.9978589278026404 0.06540305959636125 0
    outer loop
      vertex 41.79999999701977 -23.200000002980232 0
      vertex 41.79486691951752 -23.27831571549177 4.99
      vertex 41.79999999701977 -23.200000002980232 4.99
    endloop
  endfacet
  facet normal -1 0 0
    outer loop
      vertex 41.79999999701977 -23.200000002980232 0
      vertex 41.79999999701977 -23.200000002980232 4.99
      vertex 41.79999999701977 23.200000002980232 0
    endloop
  endfacet
  facet normal 0 -1 0
    outer loop
      vertex -41.20000000298023 23.799999997019768 0
      vertex 41.20000000298023 23.799999997019768 0
      vertex 41.20000000298023 23.799999997019768 4.99
    endloop
  endfacet
  facet normal -1 0 0
    outer loop
      vertex 41.79999999701977 -23.200000002980232 4.99
      vertex 41.79999999701977 23.200000002980232 4.99
      vertex 41.79999999701977 23.200000002980232 0
    endloop
  endfacet
  facet normal -0.9978589278026404 -0.06540305959636125 0
    outer loop
      vertex 41.79999999701977 23.200000002980232 0
      vertex 41.79999999701977 23.200000002980232 4.99
      vertex 41.79486691951752 23.27831571549177 0
    endloop
  endfacet
  facet normal -0.9807852643848948 -0.19509040254572238 0
    outer loop
      vertex 41.79486691951752 23.27831571549177 0
      vertex 41.79486691951752 23.27831571549177 4.99
      vertex 41.7795554921031 23.355291426181793 0
    endloop
  endfacet
  facet normal -0.9469301531529312 -0.32143939560944695 0
    outer loop
      vertex 41.75432772189379 23.429610058665276 0
      vertex 41.7795554921031 23.355291426181793 0
      vertex 41.7795554921031 23.355291426181793 4.99
    endloop
  endfacet
  facet normal -0.8968727369300095 -0.44228869955231087 0
    outer loop
      vertex 41.75432772189379 23.429610058665276 0
      vertex 41.75432772189379 23.429610058665276 4.99
      vertex 41.7196152433753 23.5 0
    endloop
  endfacet
  facet normal -0.8314695885740241 -0.555570268531842 0
    outer loop
      vertex 41.7196152433753 23.5 0
      vertex 41.7196152433753 23.5 4.99
      vertex 41.67601200193167 23.565256856381893 0
    endloop
  endfacet
  facet normal -0.44228869955231087 -0.8968727369300095 0
    outer loop
      vertex 41.429610058665276 23.754327721893787 0
      vertex 41.5 23.7196152433753 0
      vertex 41.5 23.7196152433753 4.99
    endloop
  endfacet
  facet normal -0.06540305959636125 -0.9978589278026404 0
    outer loop
      vertex 41.20000000298023 23.799999997019768 0
      vertex 41.27831571549177 23.794866919517517 0
      vertex 41.27831571549177 23.794866919517517 4.99
    endloop
  endfacet
  facet normal -0.19509040254572238 -0.9807852643848948 0
    outer loop
      vertex 41.27831571549177 23.794866919517517 0
      vertex 41.35529142618179 23.7795554921031 0
      vertex 41.35529142618179 23.7795554921031 4.99
    endloop
  endfacet
  facet normal -0.32143939560944695 -0.9469301531529312 0
    outer loop
      vertex 41.429610058665276 23.754327721893787 0
      vertex 41.429610058665276 23.754327721893787 4.99
      vertex 41.35529142618179 23.7795554921031 0
    endloop
  endfacet
  facet normal -0.7518398295631653 -0.659345789917878 0
    outer loop
      vertex 41.62426406890154 23.62426406890154 0
      vertex 41.67601200193167 23.565256856381893 0
      vertex 41.67601200193167 23.565256856381893 4.99
    endloop
  endfacet
  facet normal -0.659345789917878 -0.7518398295631653 0
    outer loop
      vertex 41.62426406890154 23.62426406890154 0
      vertex 41.62426406890154 23.62426406890154 4.99
      vertex 41.56525685638189 23.676012001931667 0
    endloop
  endfacet
  facet normal -0.555570268531842 -0.8314695885740241 0
    outer loop
      vertex 41.56525685638189 23.676012001931667 0
      vertex 41.56525685638189 23.676012001931667 4.99
      vertex 41.5 23.7196152433753 0
    endloop
  endfacet
  facet normal -0.9978589278026404 -0.06540305959636125 0
    outer loop
      vertex 41.79486691951752 23.27831571549177 0
      vertex 41.79999999701977 23.200000002980232 4.99
      vertex 41.79486691951752 23.27831571549177 4.99
    endloop
  endfacet
  facet normal -0.9807852643848948 -0.19509040254572238 0
    outer loop
      vertex 41.7795554921031 23.355291426181793 0
      vertex 41.79486691951752 23.27831571549177 4.99
      vertex 41.7795554921031 23.355291426181793 4.99
    endloop
  endfacet
  facet normal -0.9469301531529312 -0.32143939560944695 0
    outer loop
      vertex 41.75432772189379 23.429610058665276 0
      vertex 41.7795554921031 23.355291426181793 4.99
      vertex 41.75432772189379 23.429610058665276 4.99
    endloop
  endfacet
  facet normal -0.8968727369300095 -0.44228869955231087 0
    outer loop
      vertex 41.7196152433753 23.5 0
      vertex 41.75432772189379 23.429610058665276 4.99
      vertex 41.7196152433753 23.5 4.99
    endloop
  endfacet
  facet normal -0.8314695885740241 -0.555570268531842 0
    outer loop
      vertex 41.67601200193167 23.565256856381893 0
      vertex 41.7196152433753 23.5 4.99
      vertex 41.67601200193167 23.565256856381893 4.99
    endloop
  endfacet
  facet normal -0.44228869955231087 -0.8968727369300095 0
    outer loop
      vertex 41.429610058665276 23.754327721893787 0
      vertex 41.5 23.7196152433753 4.99
      vertex 41.429610058665276 23.754327721893787 4.99
    endloop
  endfacet
  facet normal -0.06540305959636125 -0.9978589278026404 0
    outer loop
      vertex 41.20000000298023 23.799999997019768 0
      vertex 41.27831571549177 23.794866919517517 4.99
      vertex 41.20000000298023 23.799999997019768 4.99
    endloop
  endfacet
  facet normal -0.19509040254572238 -0.9807852643848948 0
    outer loop
      vertex 41.27831571549177 23.794866919517517 0
      vertex 41.35529142618179 23.7795554921031 4.99
      vertex 41.27831571549177 23.794866919517517 4.99
    endloop
  endfacet
  facet normal -0.32143939560944695 -0.9469301531529312 0
    outer loop
      vertex 41.35529142618179 23.7795554921031 0
      vertex 41.429610058665276 23.754327721893787 4.99
      vertex 41.35529142618179 23.7795554921031 4.99
    endloop
  endfacet
  facet normal -0.7518398295631653 -0.659345789917878 0
    outer loop
      vertex 41.62426406890154 23.62426406890154 0
      vertex 41.67601200193167 23.565256856381893 4.99
      vertex 41.62426406890154 23.62426406890154 4.99
    endloop
  endfacet
  facet normal -0.555570268531842 -0.8314695885740241 0
    outer loop
      vertex 41.5 23.7196152433753 0
      vertex 41.56525685638189 23.676012001931667 4.99
      vertex 41.5 23.7196152433753 4.99
    endloop
  endfacet
  facet normal -0.659345789917878 -0.7518398295631653 0
    outer loop
      vertex 41.56525685638189 23.676012001931667 0
      vertex 41.62426406890154 23.62426406890154 4.99
      vertex 41.56525685638189 23.676012001931667 4.99
    endloop
  endfacet
  facet normal 0 0 1
    outer loop
      vertex -41.661052383482456 -25.382889725267887 4.99
      vertex -41.399999998509884 -25.399999998509884 4.99
      vertex -41.429610058665276 -23.754327721893787 4.99
    endloop
  endfacet
  facet normal 0 0 1
    outer loop
      vertex -41.91763809323311 -25.33185165375471 4.99
      vertex -41.661052383482456 -25.382889725267887 4.99
      vertex -41.67601200193167 -23.565256856381893 4.99
    endloop
  endfacet
  facet normal 0 0 1
    outer loop
      vertex -41.661052383482456 -25.382889725267887 4.99
      vertex -41.56525685638189 -23.676012001931667 4.99
      vertex -41.62426406890154 -23.62426406890154 4.99
    endloop
  endfacet
  facet normal 0 0 1
    outer loop
      vertex -41.661052383482456 -25.382889725267887 4.99
      vertex -41.62426406890154 -23.62426406890154 4.99
      vertex -41.67601200193167 -23.565256856381893 4.99
    endloop
  endfacet
  facet normal 0 0 1
    outer loop
      vertex -41.661052383482456 -25.382889725267887 4.99
      vertex -41.5 -23.7196152433753 4.99
      vertex -41.56525685638189 -23.676012001931667 4.99
    endloop
  endfacet
  facet normal 0 0 1
    outer loop
      vertex -41.661052383482456 -25.382889725267887 4.99
      vertex -41.429610058665276 -23.754327721893787 4.99
      vertex -41.5 -23.7196152433753 4.99
    endloop
  endfacet
  facet normal 0 0 1
    outer loop
      vertex -41.91763809323311 -25.33185165375471 4.99
      vertex -41.67601200193167 -23.565256856381893 4.99
      vertex -41.7196152433753 -23.5 4.99
    endloop
  endfacet
  facet normal 0 0 1
    outer loop
      vertex -41.91763809323311 -25.33185165375471 4.99
      vertex -41.7196152433753 -23.5 4.99
      vertex -41.75432772189379 -23.429610058665276 4.99
    endloop
  endfacet
  facet normal 0 0 1
    outer loop
      vertex -41.91763809323311 -25.33185165375471 4.99
      vertex -41.75432772189379 -23.429610058665276 4.99
      vertex -41.7795554921031 -23.355291426181793 4.99
    endloop
  endfacet
  facet normal 0 0 1
    outer loop
      vertex -41.91763809323311 -25.33185165375471 4.99
      vertex -41.7795554921031 -23.355291426181793 4.99
      vertex -41.79486691951752 -23.27831571549177 4.99
    endloop
  endfacet
  facet normal 0 0 1
    outer loop
      vertex -41.399999998509884 -25.399999998509884 4.99
      vertex -41.35529142618179 -23.7795554921031 4.99
      vertex -41.429610058665276 -23.754327721893787 4.99
    endloop
  endfacet
  facet normal 0 0 1
    outer loop
      vertex -41.399999998509884 -25.399999998509884 4.99
      vertex -41.27831571549177 -23.794866919517517 4.99
      vertex -41.35529142618179 -23.7795554921031 4.99
    endloop
  endfacet
  facet normal 0 0 1
    outer loop
      vertex -41.399999998509884 -25.399999998509884 4.99
      vertex -41.20000000298023 -23.799999997019768 4.99
      vertex -41.27831571549177 -23.794866919517517 4.99
    endloop
  endfacet
  facet normal 0 0 1
    outer loop
      vertex -41.91763809323311 -25.33185165375471 4.99
      vertex -41.79486691951752 -23.27831571549177 4.99
      vertex -41.79999999701977 -23.200000002980232 4.99
    endloop
  endfacet
  facet normal 0.6593458308664175 0.7518397936522606 0
    outer loop
      vertex -42.61752285808325 -24.98670668154955 4.99
      vertex -42.81421355903149 -24.814213559031487 4.99
      vertex -42.81421355903149 -24.814213559031487 38
    endloop
  endfacet
  facet normal 0.946930129055815 0.3214394665972703 0
    outer loop
      vertex -43.24775906652212 -24.165366865694523 4.99
      vertex -43.33185165375471 -23.91763809323311 4.99
      vertex -43.33185165375471 -23.91763809323311 38
    endloop
  endfacet
  facet normal 0.7518397936522606 0.6593458308664175 0
    outer loop
      vertex -42.98670668154955 -24.617522858083248 4.99
      vertex -42.98670668154955 -24.617522858083248 38
      vertex -42.81421355903149 -24.814213559031487 4.99
    endloop
  endfacet
  facet normal 0.8314696207458844 0.5555702203832522 0
    outer loop
      vertex -42.98670668154955 -24.617522858083248 4.99
      vertex -43.132050804793835 -24.399999998509884 4.99
      vertex -43.132050804793835 -24.399999998509884 38
    endloop
  endfacet
  facet normal 0.8968727332159226 0.44228870708373313 0
    outer loop
      vertex -43.132050804793835 -24.399999998509884 4.99
      vertex -43.24775906652212 -24.165366865694523 4.99
      vertex -43.24775906652212 -24.165366865694523 38
    endloop
  endfacet
  facet normal 0.3214394665972703 0.946930129055815 0
    outer loop
      vertex -41.91763809323311 -25.33185165375471 4.99
      vertex -42.16536686569452 -25.24775906652212 4.99
      vertex -42.16536686569452 -25.24775906652212 38
    endloop
  endfacet
  facet normal 0.44228870708373313 0.8968727332159226 0
    outer loop
      vertex -42.399999998509884 -25.132050804793835 4.99
      vertex -42.399999998509884 -25.132050804793835 38
      vertex -42.16536686569452 -25.24775906652212 4.99
    endloop
  endfacet
  facet normal 0.5555702203832522 0.8314696207458844 0
    outer loop
      vertex -42.61752285808325 -24.98670668154955 4.99
      vertex -42.61752285808325 -24.98670668154955 38
      vertex -42.399999998509884 -25.132050804793835 4.99
    endloop
  endfacet
  facet normal 0.19509032404170848 0.9807852800003176 0
    outer loop
      vertex -41.91763809323311 -25.33185165375471 4.99
      vertex -41.91763809323311 -25.33185165375471 38
      vertex -41.661052383482456 -25.382889725267887 4.99
    endloop
  endfacet
  facet normal 0.06540311383340917 0.9978589242477587 0
    outer loop
      vertex -41.661052383482456 -25.382889725267887 4.99
      vertex -41.661052383482456 -25.382889725267887 38
      vertex -41.399999998509884 -25.399999998509884 4.99
    endloop
  endfacet
  facet normal 0.9807852800003176 0.19509032404170848 0
    outer loop
      vertex -43.33185165375471 -23.91763809323311 4.99
      vertex -43.38288972526789 -23.661052383482456 4.99
      vertex -43.38288972526789 -23.661052383482456 38
    endloop
  endfacet
  facet normal 0.9978589242477587 0.06540311383340917 0
    outer loop
      vertex -43.38288972526789 -23.661052383482456 4.99
      vertex -43.399999998509884 -23.399999998509884 4.99
      vertex -43.399999998509884 -23.399999998509884 38
    endloop
  endfacet
  facet normal 0 0 1
    outer loop
      vertex -43.24775906652212 -24.165366865694523 4.99
      vertex -43.33185165375471 23.91763809323311 4.99
      vertex -43.33185165375471 -23.91763809323311 4.99
    endloop
  endfacet
  facet normal 0 0 1
    outer loop
      vertex -43.33185165375471 -23.91763809323311 4.99
      vertex -43.38288972526789 23.661052383482456 4.99
      vertex -43.38288972526789 -23.661052383482456 4.99
    endloop
  endfacet
  facet normal 0 0 1
    outer loop
      vertex -43.38288972526789 -23.661052383482456 4.99
      vertex -43.399999998509884 23.399999998509884 4.99
      vertex -43.399999998509884 -23.399999998509884 4.99
    endloop
  endfacet
  facet normal 0 0 1
    outer loop
      vertex -42.98670668154955 -24.617522858083248 4.99
      vertex -42.81421355903149 -24.814213559031487 4.99
      vertex -42.98670668154955 24.617522858083248 4.99
    endloop
  endfacet
  facet normal 0 0 1
    outer loop
      vertex -42.98670668154955 -24.617522858083248 4.99
      vertex -43.132050804793835 24.399999998509884 4.99
      vertex -43.132050804793835 -24.399999998509884 4.99
    endloop
  endfacet
  facet normal 0 0 1
    outer loop
      vertex -42.61752285808325 -24.98670668154955 4.99
      vertex -42.81421355903149 24.814213559031487 4.99
      vertex -42.81421355903149 -24.814213559031487 4.99
    endloop
  endfacet
  facet normal 0 0 1
    outer loop
      vertex -43.132050804793835 -24.399999998509884 4.99
      vertex -43.24775906652212 24.165366865694523 4.99
      vertex -43.24775906652212 -24.165366865694523 4.99
    endloop
  endfacet
  facet normal 0 0 1
    outer loop
      vertex -42.61752285808325 -24.98670668154955 4.99
      vertex -42.399999998509884 -25.132050804793835 4.99
      vertex -42.61752285808325 24.98670668154955 4.99
    endloop
  endfacet
  facet normal 0 0 1
    outer loop
      vertex -42.399999998509884 -25.132050804793835 4.99
      vertex -42.16536686569452 -25.24775906652212 4.99
      vertex -42.399999998509884 25.132050804793835 4.99
    endloop
  endfacet
  facet normal 0 0 1
    outer loop
      vertex -41.91763809323311 -25.33185165375471 4.99
      vertex -42.16536686569452 25.24775906652212 4.99
      vertex -42.16536686569452 -25.24775906652212 4.99
    endloop
  endfacet
  facet normal 0 0 1
    outer loop
      vertex -41.91763809323311 -25.33185165375471 4.99
      vertex -41.79999999701977 -23.200000002980232 4.99
      vertex -41.79999999701977 23.200000002980232 4.99
    endloop
  endfacet
  facet normal 0 0 1
    outer loop
      vertex -41.399999998509884 -25.399999998509884 4.99
      vertex 41.399999998509884 -25.399999998509884 4.99
      vertex -41.20000000298023 -23.799999997019768 4.99
    endloop
  endfacet
  facet normal 0 1 0
    outer loop
      vertex -41.399999998509884 -25.399999998509884 4.99
      vertex -41.399999998509884 -25.399999998509884 38
      vertex 41.399999998509884 -25.399999998509884 4.99
    endloop
  endfacet
  facet normal 1 0 0
    outer loop
      vertex -43.399999998509884 -23.399999998509884 4.99
      vertex -43.399999998509884 -15.620000000000001 29.200000000000003
      vertex -43.399999998509884 -23.399999998509884 38
    endloop
  endfacet
  facet normal 0.6593458308664175 0.7518397936522606 0
    outer loop
      vertex -42.61752285808325 -24.98670668154955 4.99
      vertex -42.81421355903149 -24.814213559031487 38
      vertex -42.61752285808325 -24.98670668154955 38
    endloop
  endfacet
  facet normal 0.946930129055815 0.3214394665972703 0
    outer loop
      vertex -43.24775906652212 -24.165366865694523 4.99
      vertex -43.33185165375471 -23.91763809323311 38
      vertex -43.24775906652212 -24.165366865694523 38
    endloop
  endfacet
  facet normal 0.8314696207458844 0.5555702203832522 0
    outer loop
      vertex -42.98670668154955 -24.617522858083248 4.99
      vertex -43.132050804793835 -24.399999998509884 38
      vertex -42.98670668154955 -24.617522858083248 38
    endloop
  endfacet
  facet normal 0.7518397936522606 0.6593458308664175 0
    outer loop
      vertex -42.81421355903149 -24.814213559031487 4.99
      vertex -42.98670668154955 -24.617522858083248 38
      vertex -42.81421355903149 -24.814213559031487 38
    endloop
  endfacet
  facet normal 0.8968727332159226 0.44228870708373313 0
    outer loop
      vertex -43.132050804793835 -24.399999998509884 4.99
      vertex -43.24775906652212 -24.165366865694523 38
      vertex -43.132050804793835 -24.399999998509884 38
    endloop
  endfacet
  facet normal 0.3214394665972703 0.946930129055815 0
    outer loop
      vertex -41.91763809323311 -25.33185165375471 4.99
      vertex -42.16536686569452 -25.24775906652212 38
      vertex -41.91763809323311 -25.33185165375471 38
    endloop
  endfacet
  facet normal 0.5555702203832522 0.8314696207458844 0
    outer loop
      vertex -42.399999998509884 -25.132050804793835 4.99
      vertex -42.61752285808325 -24.98670668154955 38
      vertex -42.399999998509884 -25.132050804793835 38
    endloop
  endfacet
  facet normal 0.44228870708373313 0.8968727332159226 0
    outer loop
      vertex -42.16536686569452 -25.24775906652212 4.99
      vertex -42.399999998509884 -25.132050804793835 38
      vertex -42.16536686569452 -25.24775906652212 38
    endloop
  endfacet
  facet normal 0.19509032404170848 0.9807852800003176 0
    outer loop
      vertex -41.661052383482456 -25.382889725267887 4.99
      vertex -41.91763809323311 -25.33185165375471 38
      vertex -41.661052383482456 -25.382889725267887 38
    endloop
  endfacet
  facet normal 0.06540311383340917 0.9978589242477587 0
    outer loop
      vertex -41.399999998509884 -25.399999998509884 4.99
      vertex -41.661052383482456 -25.382889725267887 38
      vertex -41.399999998509884 -25.399999998509884 38
    endloop
  endfacet
  facet normal 0.9807852800003176 0.19509032404170848 0
    outer loop
      vertex -43.33185165375471 -23.91763809323311 4.99
      vertex -43.38288972526789 -23.661052383482456 38
      vertex -43.33185165375471 -23.91763809323311 38
    endloop
  endfacet
  facet normal 0.9978589242477587 0.06540311383340917 0
    outer loop
      vertex -43.38288972526789 -23.661052383482456 4.99
      vertex -43.399999998509884 -23.399999998509884 38
      vertex -43.38288972526789 -23.661052383482456 38
    endloop
  endfacet
  facet normal 1 0 0
    outer loop
      vertex -43.399999998509884 -23.399999998509884 4.99
      vertex -43.399999998509884 -12.970000000000002 29.200000000034738
      vertex -43.399999998509884 -15.620000000000001 29.200000000000003
    endloop
  endfacet
  facet normal 1 0 0
    outer loop
      vertex -43.399999998509884 -23.399999998509884 4.99
      vertex -43.399999998509884 -6.475000001490116 33.58
      vertex -43.399999998509884 -12.970000000000002 29.200000000034738
    endloop
  endfacet
  facet normal 1 0 0
    outer loop
      vertex -43.399999998509884 -14.120000000000001 32.075
      vertex -43.399999998509884 -14.120000000000001 30.325000000002316
      vertex -43.399999998509884 -12.970000000000002 32.075
    endloop
  endfacet
  facet normal 1 0 0
    outer loop
      vertex -43.399999998509884 -23.399999998509884 38
      vertex -43.399999998509884 -15.620000000000001 29.200000000000003
      vertex -43.399999998509884 -15.620000000000001 38
    endloop
  endfacet
  facet normal 0 0 -1
    outer loop
      vertex -42.98670668154955 -24.617522858083248 38
      vertex 4.859999999999999 -15.620000000000001 38
      vertex -42.81421355903149 -24.814213559031487 38
    endloop
  endfacet
  facet normal 0 0 -1
    outer loop
      vertex -42.98670668154955 -24.617522858083248 38
      vertex -43.132050804793835 -24.399999998509884 38
      vertex 4.859999999999999 -15.620000000000001 38
    endloop
  endfacet
  facet normal 0 0 -1
    outer loop
      vertex -43.132050804793835 -24.399999998509884 38
      vertex -43.24775906652212 -24.165366865694523 38
      vertex 4.859999999999999 -15.620000000000001 38
    endloop
  endfacet
  facet normal 0 0 -1
    outer loop
      vertex -43.24775906652212 -24.165366865694523 38
      vertex -43.33185165375471 -23.91763809323311 38
      vertex 4.859999999999999 -15.620000000000001 38
    endloop
  endfacet
  facet normal 0 0 -1
    outer loop
      vertex -43.33185165375471 -23.91763809323311 38
      vertex -43.38288972526789 -23.661052383482456 38
      vertex 4.859999999999999 -15.620000000000001 38
    endloop
  endfacet
  facet normal 0 0 -1
    outer loop
      vertex -43.38288972526789 -23.661052383482456 38
      vertex -43.399999998509884 -23.399999998509884 38
      vertex 4.859999999999999 -15.620000000000001 38
    endloop
  endfacet
  facet normal 0 0 -1
    outer loop
      vertex -42.61752285808325 -24.98670668154955 38
      vertex 4.859999999999999 -15.620000000000001 38
      vertex -42.399999998509884 -25.132050804793835 38
    endloop
  endfacet
  facet normal 0 0 -1
    outer loop
      vertex -41.91763809323311 -25.33185165375471 38
      vertex -42.16536686569452 -25.24775906652212 38
      vertex 4.859999999999999 -15.620000000000001 38
    endloop
  endfacet
  facet normal 0 0 -1
    outer loop
      vertex -42.399999998509884 -25.132050804793835 38
      vertex 4.859999999999999 -15.620000000000001 38
      vertex -42.16536686569452 -25.24775906652212 38
    endloop
  endfacet
  facet normal 0 0 -1
    outer loop
      vertex -42.61752285808325 -24.98670668154955 38
      vertex -42.81421355903149 -24.814213559031487 38
      vertex 4.859999999999999 -15.620000000000001 38
    endloop
  endfacet
  facet normal 0 0 -1
    outer loop
      vertex -41.91763809323311 -25.33185165375471 38
      vertex 4.859999999999999 -15.620000000000001 38
      vertex -41.661052383482456 -25.382889725267887 38
    endloop
  endfacet
  facet normal 0 0 -1
    outer loop
      vertex -41.661052383482456 -25.382889725267887 38
      vertex 4.859999999999999 -15.620000000000001 38
      vertex -41.399999998509884 -25.399999998509884 38
    endloop
  endfacet
  facet normal 0 0 -1
    outer loop
      vertex -43.399999998509884 -23.399999998509884 38
      vertex -43.399999998509884 -15.620000000000001 38
      vertex 4.859999999999999 -15.620000000000001 38
    endloop
  endfacet
  facet normal 1 0 0
    outer loop
      vertex -43.399999998509884 -23.399999998509884 4.99
      vertex -43.399999998509884 -5.435229070484638 31.069770926535128
      vertex -43.399999998509884 -5.741404354572296 31.41889693021774
    endloop
  endfacet
  facet normal 1 0 0
    outer loop
      vertex -43.399999998509884 -23.399999998509884 4.99
      vertex -43.399999998509884 -5.086103074252605 30.76359564244747
      vertex -43.399999998509884 -5.435229070484638 31.069770926535128
    endloop
  endfacet
  facet normal 1 0 0
    outer loop
      vertex -43.399999998509884 -23.399999998509884 4.99
      vertex -43.399999998509884 -3.8438076078891754 30.15096331566572
      vertex -43.399999998509884 -4.283526182174683 30.300227658748625
    endloop
  endfacet
  facet normal 1 0 0
    outer loop
      vertex -43.399999998509884 -23.399999998509884 4.99
      vertex -43.399999998509884 -4.700000002980232 30.505609819591044
      vertex -43.399999998509884 -5.086103074252605 30.76359564244747
    endloop
  endfacet
  facet normal 1 0 0
    outer loop
      vertex -43.399999998509884 -23.399999998509884 4.99
      vertex -43.399999998509884 -4.283526182174683 30.300227658748625
      vertex -43.399999998509884 -4.700000002980232 30.505609819591044
    endloop
  endfacet
  facet normal 1 0 0
    outer loop
      vertex -43.399999998509884 -23.399999998509884 4.99
      vertex -43.399999998509884 -6.354036681354046 32.66119238913059
      vertex -43.399999998509884 -6.44462925940752 33.11663201630115
    endloop
  endfacet
  facet normal 1 0 0
    outer loop
      vertex -43.399999998509884 -23.399999998509884 4.99
      vertex -43.399999998509884 -6.44462925940752 33.11663201630115
      vertex -43.399999998509884 -6.475000001490116 33.58
    endloop
  endfacet
  facet normal 1 0 0
    outer loop
      vertex -43.399999998509884 -23.399999998509884 4.99
      vertex -43.399999998509884 -5.741404354572296 31.41889693021774
      vertex -43.399999998509884 -5.999390184879303 31.805000001490114
    endloop
  endfacet
  facet normal 1 0 0
    outer loop
      vertex -43.399999998509884 -23.399999998509884 4.99
      vertex -43.399999998509884 -5.999390184879303 31.805000001490114
      vertex -43.399999998509884 -6.204772338271141 32.22147381484508
    endloop
  endfacet
  facet normal 1 0 0
    outer loop
      vertex -43.399999998509884 -23.399999998509884 4.99
      vertex -43.399999998509884 -6.204772338271141 32.22147381484508
      vertex -43.399999998509884 -6.354036681354046 32.66119238913059
    endloop
  endfacet
  facet normal 1 0 0
    outer loop
      vertex -43.399999998509884 -23.399999998509884 4.99
      vertex -43.399999998509884 -3.3883679807186127 30.060370745062826
      vertex -43.399999998509884 -3.8438076078891754 30.15096331566572
    endloop
  endfacet
  facet normal 1 0 0
    outer loop
      vertex -43.399999998509884 -23.399999998509884 4.99
      vertex -43.399999998509884 -2.9249999970197678 30.03000000298023
      vertex -43.399999998509884 -3.3883679807186127 30.060370745062826
    endloop
  endfacet
  facet normal 1 0 0
    outer loop
      vertex -43.399999998509884 -23.399999998509884 4.99
      vertex -43.399999998509884 2.9249999970197678 30.03000000298023
      vertex -43.399999998509884 -2.9249999970197678 30.03000000298023
    endloop
  endfacet
  facet normal 1 0 0
    outer loop
      vertex -43.399999998509884 -23.399999998509884 4.99
      vertex -43.399999998509884 3.3883679807186127 30.060370745062826
      vertex -43.399999998509884 2.9249999970197678 30.03000000298023
    endloop
  endfacet
  facet normal 1 0 0
    outer loop
      vertex -43.399999998509884 -23.399999998509884 4.99
      vertex -43.399999998509884 3.8438076078891754 30.15096331566572
      vertex -43.399999998509884 3.3883679807186127 30.060370745062826
    endloop
  endfacet
  facet normal 1 0 0
    outer loop
      vertex -43.399999998509884 -23.399999998509884 4.99
      vertex -43.399999998509884 4.283526182174683 30.300227658748625
      vertex -43.399999998509884 3.8438076078891754 30.15096331566572
    endloop
  endfacet
  facet normal 1 0 0
    outer loop
      vertex -43.399999998509884 -23.399999998509884 4.99
      vertex -43.399999998509884 14.120000000000001 32.075
      vertex -43.399999998509884 4.283526182174683 30.300227658748625
    endloop
  endfacet
  facet normal 1 0 0
    outer loop
      vertex -43.399999998509884 -12.970000000000002 30.325
      vertex -43.399999998509884 -12.970000000000002 32.075
      vertex -43.399999998509884 -14.120000000000001 30.325000000002316
    endloop
  endfacet
  facet normal 1 0 0
    outer loop
      vertex -43.399999998509884 -6.475000001490116 33.58
      vertex -43.399999998509884 -12.970000000000002 30.325
      vertex -43.399999998509884 -12.970000000000002 29.200000000034738
    endloop
  endfacet
  facet normal 1 0 0
    outer loop
      vertex -43.399999998509884 -6.475000001490116 33.58
      vertex -43.399999998509884 -12.970000000000002 32.075
      vertex -43.399999998509884 -12.970000000000002 30.325
    endloop
  endfacet
  facet normal 1 0 0
    outer loop
      vertex -43.399999998509884 -6.475000001490116 33.58
      vertex -43.399999998509884 -6.44462925940752 34.04336798369884
      vertex -43.399999998509884 -12.970000000000002 32.075
    endloop
  endfacet
  facet normal 1 0 0
    outer loop
      vertex -43.399999998509884 -6.44462925940752 34.04336798369884
      vertex -43.399999998509884 -6.354036681354046 34.498807610869406
      vertex -43.399999998509884 -12.970000000000002 32.075
    endloop
  endfacet
  facet normal 1 0 0
    outer loop
      vertex -43.399999998509884 -6.354036681354046 34.498807610869406
      vertex -43.399999998509884 -6.204772338271141 34.93852618515491
      vertex -43.399999998509884 -12.970000000000002 32.075
    endloop
  endfacet
  facet normal 1 0 0
    outer loop
      vertex -43.399999998509884 -6.204772338271141 34.93852618515491
      vertex -43.399999998509884 -5.999390184879303 35.35499999850988
      vertex -43.399999998509884 -12.970000000000002 32.075
    endloop
  endfacet
  facet normal 1 0 0
    outer loop
      vertex -43.399999998509884 -5.999390184879303 35.35499999850988
      vertex -43.399999998509884 -5.741404354572296 35.741103069782255
      vertex -43.399999998509884 -12.970000000000002 32.075
    endloop
  endfacet
  facet normal 1 0 0
    outer loop
      vertex -43.399999998509884 -5.741404354572296 35.741103069782255
      vertex -43.399999998509884 -5.435229070484638 36.09022907346487
      vertex -43.399999998509884 -12.970000000000002 32.075
    endloop
  endfacet
  facet normal 1 0 0
    outer loop
      vertex -43.399999998509884 -5.435229070484638 36.09022907346487
      vertex -43.399999998509884 -5.086103074252605 36.39640435755253
      vertex -43.399999998509884 -12.970000000000002 32.075
    endloop
  endfacet
  facet normal 1 0 0
    outer loop
      vertex -43.399999998509884 -4.700000002980232 36.65439018040895
      vertex -43.399999998509884 -12.970000000000002 38
      vertex -43.399999998509884 -12.970000000000002 32.075
    endloop
  endfacet
  facet normal 1 0 0
    outer loop
      vertex -43.399999998509884 -5.086103074252605 36.39640435755253
      vertex -43.399999998509884 -4.700000002980232 36.65439018040895
      vertex -43.399999998509884 -12.970000000000002 32.075
    endloop
  endfacet
  facet normal 1 0 0
    outer loop
      vertex -43.399999998509884 -4.700000002980232 36.65439018040895
      vertex -43.399999998509884 -4.283526182174683 36.85977234125137
      vertex -43.399999998509884 -12.970000000000002 38
    endloop
  endfacet
  facet normal 1 0 0
    outer loop
      vertex -43.399999998509884 -4.283526182174683 36.85977234125137
      vertex -43.399999998509884 -3.8438076078891754 37.009036684334276
      vertex -43.399999998509884 -12.970000000000002 38
    endloop
  endfacet
  facet normal 1 0 0
    outer loop
      vertex -43.399999998509884 -3.8438076078891754 37.009036684334276
      vertex -43.399999998509884 -3.3883679807186127 37.09962925493717
      vertex -43.399999998509884 -12.970000000000002 38
    endloop
  endfacet
  facet normal 1 0 0
    outer loop
      vertex -43.399999998509884 -3.3883679807186127 37.09962925493717
      vertex -43.399999998509884 -2.9249999970197678 37.129999997019766
      vertex -43.399999998509884 -12.970000000000002 38
    endloop
  endfacet
  facet normal 1 0 0
    outer loop
      vertex -43.399999998509884 -2.9249999970197678 37.129999997019766
      vertex -43.399999998509884 2.9249999970197678 37.129999997019766
      vertex -43.399999998509884 -12.970000000000002 38
    endloop
  endfacet
  facet normal 0 0 -1
    outer loop
      vertex -41.399999998509884 -25.399999998509884 38
      vertex 4.859999999999999 -15.620000000000001 38
      vertex 7.859999999999999 -15.620000000000001 38
    endloop
  endfacet
  facet normal 0 0 -1
    outer loop
      vertex -43.399999998509884 -12.970000000000002 38
      vertex 4.859999999999999 12.970000000000002 38
      vertex 4.859999999999999 -12.970000000000002 38
    endloop
  endfacet
  facet normal 0 0 1
    outer loop
      vertex -43.38288972526789 -23.661052383482456 4.99
      vertex -43.38288972526789 23.661052383482456 4.99
      vertex -43.399999998509884 23.399999998509884 4.99
    endloop
  endfacet
  facet normal 0 0 1
    outer loop
      vertex -43.33185165375471 -23.91763809323311 4.99
      vertex -43.33185165375471 23.91763809323311 4.99
      vertex -43.38288972526789 23.661052383482456 4.99
    endloop
  endfacet
  facet normal 0 0 1
    outer loop
      vertex -43.24775906652212 -24.165366865694523 4.99
      vertex -43.24775906652212 24.165366865694523 4.99
      vertex -43.33185165375471 23.91763809323311 4.99
    endloop
  endfacet
  facet normal 0 0 1
    outer loop
      vertex -43.132050804793835 -24.399999998509884 4.99
      vertex -43.132050804793835 24.399999998509884 4.99
      vertex -43.24775906652212 24.165366865694523 4.99
    endloop
  endfacet
  facet normal 0 0 1
    outer loop
      vertex -42.98670668154955 -24.617522858083248 4.99
      vertex -42.98670668154955 24.617522858083248 4.99
      vertex -43.132050804793835 24.399999998509884 4.99
    endloop
  endfacet
  facet normal 0 0 1
    outer loop
      vertex -42.81421355903149 -24.814213559031487 4.99
      vertex -42.81421355903149 24.814213559031487 4.99
      vertex -42.98670668154955 24.617522858083248 4.99
    endloop
  endfacet
  facet normal 0 0 1
    outer loop
      vertex -42.61752285808325 -24.98670668154955 4.99
      vertex -42.61752285808325 24.98670668154955 4.99
      vertex -42.81421355903149 24.814213559031487 4.99
    endloop
  endfacet
  facet normal 0 0 1
    outer loop
      vertex -41.91763809323311 -25.33185165375471 4.99
      vertex -41.79999999701977 23.200000002980232 4.99
      vertex -41.91763809323311 25.33185165375471 4.99
    endloop
  endfacet
  facet normal 0 0 1
    outer loop
      vertex -42.399999998509884 -25.132050804793835 4.99
      vertex -42.399999998509884 25.132050804793835 4.99
      vertex -42.61752285808325 24.98670668154955 4.99
    endloop
  endfacet
  facet normal 0 0 1
    outer loop
      vertex -42.16536686569452 -25.24775906652212 4.99
      vertex -42.16536686569452 25.24775906652212 4.99
      vertex -42.399999998509884 25.132050804793835 4.99
    endloop
  endfacet
  facet normal 0 0 1
    outer loop
      vertex -41.91763809323311 -25.33185165375471 4.99
      vertex -41.91763809323311 25.33185165375471 4.99
      vertex -42.16536686569452 25.24775906652212 4.99
    endloop
  endfacet
  facet normal 1 0 0
    outer loop
      vertex -43.399999998509884 -23.399999998509884 4.99
      vertex -43.399999998509884 23.399999998509884 4.99
      vertex -43.399999998509884 12.970000000000002 29.200000000000003
    endloop
  endfacet
  facet normal 0 0 1
    outer loop
      vertex -41.79999999701977 23.200000002980232 4.99
      vertex -41.79486691951752 23.27831571549177 4.99
      vertex -41.91763809323311 25.33185165375471 4.99
    endloop
  endfacet
  facet normal 0 0 1
    outer loop
      vertex -41.79486691951752 23.27831571549177 4.99
      vertex -41.7795554921031 23.355291426181793 4.99
      vertex -41.91763809323311 25.33185165375471 4.99
    endloop
  endfacet
  facet normal 0 0 1
    outer loop
      vertex -41.7795554921031 23.355291426181793 4.99
      vertex -41.75432772189379 23.429610058665276 4.99
      vertex -41.91763809323311 25.33185165375471 4.99
    endloop
  endfacet
  facet normal 0 0 1
    outer loop
      vertex -41.75432772189379 23.429610058665276 4.99
      vertex -41.7196152433753 23.5 4.99
      vertex -41.91763809323311 25.33185165375471 4.99
    endloop
  endfacet
  facet normal 0 0 1
    outer loop
      vertex -41.7196152433753 23.5 4.99
      vertex -41.67601200193167 23.565256856381893 4.99
      vertex -41.91763809323311 25.33185165375471 4.99
    endloop
  endfacet
  facet normal 0 0 1
    outer loop
      vertex -41.67601200193167 23.565256856381893 4.99
      vertex -41.62426406890154 23.62426406890154 4.99
      vertex -41.91763809323311 25.33185165375471 4.99
    endloop
  endfacet
  facet normal 0 0 1
    outer loop
      vertex -41.62426406890154 23.62426406890154 4.99
      vertex -41.56525685638189 23.676012001931667 4.99
      vertex -41.661052383482456 25.382889725267887 4.99
    endloop
  endfacet
  facet normal 0 0 1
    outer loop
      vertex -41.56525685638189 23.676012001931667 4.99
      vertex -41.5 23.7196152433753 4.99
      vertex -41.661052383482456 25.382889725267887 4.99
    endloop
  endfacet
  facet normal 0 0 1
    outer loop
      vertex -41.5 23.7196152433753 4.99
      vertex -41.429610058665276 23.754327721893787 4.99
      vertex -41.661052383482456 25.382889725267887 4.99
    endloop
  endfacet
  facet normal 0 0 1
    outer loop
      vertex -41.429610058665276 23.754327721893787 4.99
      vertex -41.35529142618179 23.7795554921031 4.99
      vertex -41.661052383482456 25.382889725267887 4.99
    endloop
  endfacet
  facet normal 0 0 1
    outer loop
      vertex -41.35529142618179 23.7795554921031 4.99
      vertex -41.27831571549177 23.794866919517517 4.99
      vertex -41.399999998509884 25.399999998509884 4.99
    endloop
  endfacet
  facet normal 0 0 1
    outer loop
      vertex -41.27831571549177 23.794866919517517 4.99
      vertex -41.20000000298023 23.799999997019768 4.99
      vertex -41.399999998509884 25.399999998509884 4.99
    endloop
  endfacet
  facet normal 0 0 1
    outer loop
      vertex -41.62426406890154 23.62426406890154 4.99
      vertex -41.661052383482456 25.382889725267887 4.99
      vertex -41.91763809323311 25.33185165375471 4.99
    endloop
  endfacet
  facet normal 0 0 1
    outer loop
      vertex -41.35529142618179 23.7795554921031 4.99
      vertex -41.399999998509884 25.399999998509884 4.99
      vertex -41.661052383482456 25.382889725267887 4.99
    endloop
  endfacet
  facet normal 0.9978589242477587 -0.06540311383340917 0
    outer loop
      vertex -43.399999998509884 23.399999998509884 4.99
      vertex -43.38288972526789 23.661052383482456 4.99
      vertex -43.38288972526789 23.661052383482456 38
    endloop
  endfacet
  facet normal 0.9807852800003176 -0.19509032404170848 0
    outer loop
      vertex -43.38288972526789 23.661052383482456 4.99
      vertex -43.33185165375471 23.91763809323311 4.99
      vertex -43.33185165375471 23.91763809323311 38
    endloop
  endfacet
  facet normal 0.946930129055815 -0.3214394665972703 0
    outer loop
      vertex -43.33185165375471 23.91763809323311 4.99
      vertex -43.24775906652212 24.165366865694523 4.99
      vertex -43.24775906652212 24.165366865694523 38
    endloop
  endfacet
  facet normal 0.8968727332159226 -0.44228870708373313 0
    outer loop
      vertex -43.24775906652212 24.165366865694523 4.99
      vertex -43.132050804793835 24.399999998509884 4.99
      vertex -43.132050804793835 24.399999998509884 38
    endloop
  endfacet
  facet normal 0.8314696207458844 -0.5555702203832522 0
    outer loop
      vertex -43.132050804793835 24.399999998509884 4.99
      vertex -42.98670668154955 24.617522858083248 4.99
      vertex -42.98670668154955 24.617522858083248 38
    endloop
  endfacet
  facet normal 0.7518397936522606 -0.6593458308664175 0
    outer loop
      vertex -42.98670668154955 24.617522858083248 4.99
      vertex -42.81421355903149 24.814213559031487 4.99
      vertex -42.81421355903149 24.814213559031487 38
    endloop
  endfacet
  facet normal 0.6593458308664175 -0.7518397936522606 0
    outer loop
      vertex -42.81421355903149 24.814213559031487 4.99
      vertex -42.61752285808325 24.98670668154955 4.99
      vertex -42.61752285808325 24.98670668154955 38
    endloop
  endfacet
  facet normal 0.5555702203832522 -0.8314696207458844 0
    outer loop
      vertex -42.61752285808325 24.98670668154955 4.99
      vertex -42.399999998509884 25.132050804793835 4.99
      vertex -42.399999998509884 25.132050804793835 38
    endloop
  endfacet
  facet normal 0.44228870708373313 -0.8968727332159226 0
    outer loop
      vertex -42.399999998509884 25.132050804793835 4.99
      vertex -42.16536686569452 25.24775906652212 4.99
      vertex -42.16536686569452 25.24775906652212 38
    endloop
  endfacet
  facet normal 0.3214394665972703 -0.946930129055815 0
    outer loop
      vertex -42.16536686569452 25.24775906652212 4.99
      vertex -41.91763809323311 25.33185165375471 4.99
      vertex -41.91763809323311 25.33185165375471 38
    endloop
  endfacet
  facet normal 0.19509032404170848 -0.9807852800003176 0
    outer loop
      vertex -41.91763809323311 25.33185165375471 4.99
      vertex -41.661052383482456 25.382889725267887 4.99
      vertex -41.661052383482456 25.382889725267887 38
    endloop
  endfacet
  facet normal 0.06540311383340917 -0.9978589242477587 0
    outer loop
      vertex -41.661052383482456 25.382889725267887 4.99
      vertex -41.399999998509884 25.399999998509884 4.99
      vertex -41.399999998509884 25.399999998509884 38
    endloop
  endfacet
  facet normal 0 0 1
    outer loop
      vertex -41.20000000298023 23.799999997019768 4.99
      vertex 41.20000000298023 23.799999997019768 4.99
      vertex -41.399999998509884 25.399999998509884 4.99
    endloop
  endfacet
  facet normal 1 0 0
    outer loop
      vertex -43.399999998509884 -23.399999998509884 4.99
      vertex -43.399999998509884 12.970000000000002 29.200000000000003
      vertex -43.399999998509884 12.970000000000002 30.324999999965264
    endloop
  endfacet
  facet normal 1 0 0
    outer loop
      vertex -43.399999998509884 -23.399999998509884 4.99
      vertex -43.399999998509884 12.970000000000002 30.324999999965264
      vertex -43.399999998509884 14.120000000000001 32.075
    endloop
  endfacet
  facet normal 1 0 0
    outer loop
      vertex -43.399999998509884 2.9249999970197678 37.129999997019766
      vertex -43.399999998509884 12.970000000000002 38
      vertex -43.399999998509884 -12.970000000000002 38
    endloop
  endfacet
  facet normal 1 0 0
    outer loop
      vertex -43.399999998509884 2.9249999970197678 37.129999997019766
      vertex -43.399999998509884 3.3883679807186127 37.09962925493717
      vertex -43.399999998509884 12.970000000000002 38
    endloop
  endfacet
  facet normal 1 0 0
    outer loop
      vertex -43.399999998509884 3.3883679807186127 37.09962925493717
      vertex -43.399999998509884 3.8438076078891754 37.009036684334276
      vertex -43.399999998509884 12.970000000000002 38
    endloop
  endfacet
  facet normal 1 0 0
    outer loop
      vertex -43.399999998509884 4.283526182174683 30.300227658748625
      vertex -43.399999998509884 12.970000000000002 32.075
      vertex -43.399999998509884 4.700000002980232 30.505609819591044
    endloop
  endfacet
  facet normal 1 0 0
    outer loop
      vertex -43.399999998509884 4.700000002980232 30.505609819591044
      vertex -43.399999998509884 12.970000000000002 32.075
      vertex -43.399999998509884 5.086103074252605 30.76359564244747
    endloop
  endfacet
  facet normal 1 0 0
    outer loop
      vertex -43.399999998509884 5.086103074252605 30.76359564244747
      vertex -43.399999998509884 12.970000000000002 32.075
      vertex -43.399999998509884 5.435229070484638 31.069770926535128
    endloop
  endfacet
  facet normal 1 0 0
    outer loop
      vertex -43.399999998509884 5.435229070484638 31.069770926535128
      vertex -43.399999998509884 12.970000000000002 32.075
      vertex -43.399999998509884 5.741404354572296 31.41889693021774
    endloop
  endfacet
  facet normal 1 0 0
    outer loop
      vertex -43.399999998509884 5.741404354572296 31.41889693021774
      vertex -43.399999998509884 12.970000000000002 32.075
      vertex -43.399999998509884 5.999390184879303 31.805000001490114
    endloop
  endfacet
  facet normal 1 0 0
    outer loop
      vertex -43.399999998509884 5.999390184879303 31.805000001490114
      vertex -43.399999998509884 12.970000000000002 32.075
      vertex -43.399999998509884 6.204772338271141 32.22147381484508
    endloop
  endfacet
  facet normal 1 0 0
    outer loop
      vertex -43.399999998509884 6.204772338271141 32.22147381484508
      vertex -43.399999998509884 12.970000000000002 32.075
      vertex -43.399999998509884 6.354036681354046 32.66119238913059
    endloop
  endfacet
  facet normal 1 0 0
    outer loop
      vertex -43.399999998509884 6.354036681354046 32.66119238913059
      vertex -43.399999998509884 12.970000000000002 38
      vertex -43.399999998509884 6.44462925940752 33.11663201630115
    endloop
  endfacet
  facet normal 1 0 0
    outer loop
      vertex -43.399999998509884 6.44462925940752 33.11663201630115
      vertex -43.399999998509884 12.970000000000002 38
      vertex -43.399999998509884 6.475000001490116 33.58
    endloop
  endfacet
  facet normal 1 0 0
    outer loop
      vertex -43.399999998509884 4.283526182174683 30.300227658748625
      vertex -43.399999998509884 14.120000000000001 32.075
      vertex -43.399999998509884 12.970000000000002 32.075
    endloop
  endfacet
  facet normal 1 0 0
    outer loop
      vertex -43.399999998509884 6.354036681354046 32.66119238913059
      vertex -43.399999998509884 12.970000000000002 32.075
      vertex -43.399999998509884 12.970000000000002 38
    endloop
  endfacet
  facet normal 1 0 0
    outer loop
      vertex -43.399999998509884 6.354036681354046 34.498807610869406
      vertex -43.399999998509884 12.970000000000002 38
      vertex -43.399999998509884 6.204772338271141 34.93852618515491
    endloop
  endfacet
  facet normal 1 0 0
    outer loop
      vertex -43.399999998509884 6.204772338271141 34.93852618515491
      vertex -43.399999998509884 12.970000000000002 38
      vertex -43.399999998509884 5.999390184879303 35.35499999850988
    endloop
  endfacet
  facet normal 1 0 0
    outer loop
      vertex -43.399999998509884 3.8438076078891754 37.009036684334276
      vertex -43.399999998509884 4.283526182174683 36.85977234125137
      vertex -43.399999998509884 12.970000000000002 38
    endloop
  endfacet
  facet normal 1 0 0
    outer loop
      vertex -43.399999998509884 4.283526182174683 36.85977234125137
      vertex -43.399999998509884 4.700000002980232 36.65439018040895
      vertex -43.399999998509884 12.970000000000002 38
    endloop
  endfacet
  facet normal 1 0 0
    outer loop
      vertex -43.399999998509884 4.700000002980232 36.65439018040895
      vertex -43.399999998509884 5.086103074252605 36.39640435755253
      vertex -43.399999998509884 12.970000000000002 38
    endloop
  endfacet
  facet normal 1 0 0
    outer loop
      vertex -43.399999998509884 5.086103074252605 36.39640435755253
      vertex -43.399999998509884 5.435229070484638 36.09022907346487
      vertex -43.399999998509884 12.970000000000002 38
    endloop
  endfacet
  facet normal 1 0 0
    outer loop
      vertex -43.399999998509884 5.435229070484638 36.09022907346487
      vertex -43.399999998509884 5.741404354572296 35.741103069782255
      vertex -43.399999998509884 12.970000000000002 38
    endloop
  endfacet
  facet normal 1 0 0
    outer loop
      vertex -43.399999998509884 5.741404354572296 35.741103069782255
      vertex -43.399999998509884 5.999390184879303 35.35499999850988
      vertex -43.399999998509884 12.970000000000002 38
    endloop
  endfacet
  facet normal 1 0 0
    outer loop
      vertex -43.399999998509884 6.475000001490116 33.58
      vertex -43.399999998509884 12.970000000000002 38
      vertex -43.399999998509884 6.44462925940752 34.04336798369884
    endloop
  endfacet
  facet normal 1 0 0
    outer loop
      vertex -43.399999998509884 6.44462925940752 34.04336798369884
      vertex -43.399999998509884 12.970000000000002 38
      vertex -43.399999998509884 6.354036681354046 34.498807610869406
    endloop
  endfacet
  facet normal 0 0 -1
    outer loop
      vertex -43.399999998509884 -12.970000000000002 38
      vertex -43.399999998509884 12.970000000000002 38
      vertex 4.859999999999999 12.970000000000002 38
    endloop
  endfacet
  facet normal 1 0 0
    outer loop
      vertex -43.399999998509884 23.399999998509884 4.99
      vertex -43.399999998509884 15.620000000000001 29.200000000000003
      vertex -43.399999998509884 12.970000000000002 29.200000000000003
    endloop
  endfacet
  facet normal 1 0 0
    outer loop
      vertex -43.399999998509884 23.399999998509884 4.99
      vertex -43.399999998509884 23.399999998509884 38
      vertex -43.399999998509884 15.620000000000001 29.200000000000003
    endloop
  endfacet
  facet normal 0.9978589242477587 -0.06540311383340917 0
    outer loop
      vertex -43.399999998509884 23.399999998509884 4.99
      vertex -43.38288972526789 23.661052383482456 38
      vertex -43.399999998509884 23.399999998509884 38
    endloop
  endfacet
  facet normal 0.9807852800003176 -0.19509032404170848 0
    outer loop
      vertex -43.38288972526789 23.661052383482456 4.99
      vertex -43.33185165375471 23.91763809323311 38
      vertex -43.38288972526789 23.661052383482456 38
    endloop
  endfacet
  facet normal 0.946930129055815 -0.3214394665972703 0
    outer loop
      vertex -43.33185165375471 23.91763809323311 4.99
      vertex -43.24775906652212 24.165366865694523 38
      vertex -43.33185165375471 23.91763809323311 38
    endloop
  endfacet
  facet normal 0.8968727332159226 -0.44228870708373313 0
    outer loop
      vertex -43.24775906652212 24.165366865694523 4.99
      vertex -43.132050804793835 24.399999998509884 38
      vertex -43.24775906652212 24.165366865694523 38
    endloop
  endfacet
  facet normal 0.8314696207458844 -0.5555702203832522 0
    outer loop
      vertex -43.132050804793835 24.399999998509884 4.99
      vertex -42.98670668154955 24.617522858083248 38
      vertex -43.132050804793835 24.399999998509884 38
    endloop
  endfacet
  facet normal 0.7518397936522606 -0.6593458308664175 0
    outer loop
      vertex -42.98670668154955 24.617522858083248 4.99
      vertex -42.81421355903149 24.814213559031487 38
      vertex -42.98670668154955 24.617522858083248 38
    endloop
  endfacet
  facet normal 0.6593458308664175 -0.7518397936522606 0
    outer loop
      vertex -42.81421355903149 24.814213559031487 4.99
      vertex -42.61752285808325 24.98670668154955 38
      vertex -42.81421355903149 24.814213559031487 38
    endloop
  endfacet
  facet normal 0.5555702203832522 -0.8314696207458844 0
    outer loop
      vertex -42.61752285808325 24.98670668154955 4.99
      vertex -42.399999998509884 25.132050804793835 38
      vertex -42.61752285808325 24.98670668154955 38
    endloop
  endfacet
  facet normal 0.44228870708373313 -0.8968727332159226 0
    outer loop
      vertex -42.399999998509884 25.132050804793835 4.99
      vertex -42.16536686569452 25.24775906652212 38
      vertex -42.399999998509884 25.132050804793835 38
    endloop
  endfacet
  facet normal 0.3214394665972703 -0.946930129055815 0
    outer loop
      vertex -42.16536686569452 25.24775906652212 4.99
      vertex -41.91763809323311 25.33185165375471 38
      vertex -42.16536686569452 25.24775906652212 38
    endloop
  endfacet
  facet normal 0.19509032404170848 -0.9807852800003176 0
    outer loop
      vertex -41.91763809323311 25.33185165375471 4.99
      vertex -41.661052383482456 25.382889725267887 38
      vertex -41.91763809323311 25.33185165375471 38
    endloop
  endfacet
  facet normal 0.06540311383340917 -0.9978589242477587 0
    outer loop
      vertex -41.661052383482456 25.382889725267887 4.99
      vertex -41.399999998509884 25.399999998509884 38
      vertex -41.661052383482456 25.382889725267887 38
    endloop
  endfacet
  facet normal 1 0 0
    outer loop
      vertex -43.399999998509884 14.120000000000001 32.075
      vertex -43.399999998509884 12.970000000000002 30.324999999965264
      vertex -43.399999998509884 14.120000000000001 30.325
    endloop
  endfacet
  facet normal 1 0 0
    outer loop
      vertex -43.399999998509884 23.399999998509884 38
      vertex -43.399999998509884 15.620000000000001 38
      vertex -43.399999998509884 15.620000000000001 29.200000000000003
    endloop
  endfacet
  facet normal 0 0 -1
    outer loop
      vertex -31.85 16.171 38
      vertex -31.53188000167652 15.620000000000001 38
      vertex -43.399999998509884 15.620000000000001 38
    endloop
  endfacet
  facet normal 0 0 -1
    outer loop
      vertex -31.85 16.171 38
      vertex -43.399999998509884 15.620000000000001 38
      vertex -33.8 19.54833395016046 38
    endloop
  endfacet
  facet normal 0 0 -1
    outer loop
      vertex -41.399999998509884 25.399999998509884 38
      vertex -33.8 19.54833395016046 38
      vertex -43.399999998509884 15.620000000000001 38
    endloop
  endfacet
  facet normal 0 0 -1
    outer loop
      vertex -43.399999998509884 23.399999998509884 38
      vertex -43.38288972526789 23.661052383482456 38
      vertex -43.399999998509884 15.620000000000001 38
    endloop
  endfacet
  facet normal 0 0 -1
    outer loop
      vertex -43.38288972526789 23.661052383482456 38
      vertex -43.33185165375471 23.91763809323311 38
      vertex -43.399999998509884 15.620000000000001 38
    endloop
  endfacet
  facet normal 0 0 -1
    outer loop
      vertex -43.33185165375471 23.91763809323311 38
      vertex -43.24775906652212 24.165366865694523 38
      vertex -43.399999998509884 15.620000000000001 38
    endloop
  endfacet
  facet normal 0 0 -1
    outer loop
      vertex -43.24775906652212 24.165366865694523 38
      vertex -43.132050804793835 24.399999998509884 38
      vertex -43.399999998509884 15.620000000000001 38
    endloop
  endfacet
  facet normal 0 0 -1
    outer loop
      vertex -43.132050804793835 24.399999998509884 38
      vertex -42.98670668154955 24.617522858083248 38
      vertex -43.399999998509884 15.620000000000001 38
    endloop
  endfacet
  facet normal 0 0 -1
    outer loop
      vertex -42.98670668154955 24.617522858083248 38
      vertex -42.81421355903149 24.814213559031487 38
      vertex -43.399999998509884 15.620000000000001 38
    endloop
  endfacet
  facet normal 0 0 -1
    outer loop
      vertex -42.81421355903149 24.814213559031487 38
      vertex -42.61752285808325 24.98670668154955 38
      vertex -43.399999998509884 15.620000000000001 38
    endloop
  endfacet
  facet normal 0 0 -1
    outer loop
      vertex -42.61752285808325 24.98670668154955 38
      vertex -42.399999998509884 25.132050804793835 38
      vertex -43.399999998509884 15.620000000000001 38
    endloop
  endfacet
  facet normal 0 0 -1
    outer loop
      vertex -42.399999998509884 25.132050804793835 38
      vertex -42.16536686569452 25.24775906652212 38
      vertex -43.399999998509884 15.620000000000001 38
    endloop
  endfacet
  facet normal 0 0 -1
    outer loop
      vertex -42.16536686569452 25.24775906652212 38
      vertex -41.91763809323311 25.33185165375471 38
      vertex -43.399999998509884 15.620000000000001 38
    endloop
  endfacet
  facet normal 0 0 -1
    outer loop
      vertex -41.91763809323311 25.33185165375471 38
      vertex -41.661052383482456 25.382889725267887 38
      vertex -43.399999998509884 15.620000000000001 38
    endloop
  endfacet
  facet normal 0 0 -1
    outer loop
      vertex -41.661052383482456 25.382889725267887 38
      vertex -41.399999998509884 25.399999998509884 38
      vertex -43.399999998509884 15.620000000000001 38
    endloop
  endfacet
  facet normal 0 0 -1
    outer loop
      vertex -41.399999998509884 25.399999998509884 38
      vertex -35.1 21.799999999999997 38
      vertex -33.8 19.54833395016046 38
    endloop
  endfacet
  facet normal 0 0 -1
    outer loop
      vertex -41.399999998509884 25.399999998509884 38
      vertex -33.8 24.051666049839536 38
      vertex -35.1 21.799999999999997 38
    endloop
  endfacet
  facet normal 0 0 -1
    outer loop
      vertex -41.399999998509884 25.399999998509884 38
      vertex -31.2 24.051666049839536 38
      vertex -33.8 24.051666049839536 38
    endloop
  endfacet
  facet normal 0 0 -1
    outer loop
      vertex -31.85 16.171 38
      vertex -33.8 19.54833395016046 38
      vertex -31.2 19.54833395016046 38
    endloop
  endfacet
  facet normal 0 0 -1
    outer loop
      vertex -31.85 16.171 38
      vertex -31.2 19.54833395016046 38
      vertex -30.55 18.42266604983954 38
    endloop
  endfacet
  facet normal 0 0 -1
    outer loop
      vertex -30.55 18.42266604983954 38
      vertex -31.2 19.54833395016046 38
      vertex -29.9 21.799999999999997 38
    endloop
  endfacet
  facet normal 0 0 -1
    outer loop
      vertex -30.55 18.42266604983954 38
      vertex -29.9 21.799999999999997 38
      vertex -27.95 18.42266604983954 38
    endloop
  endfacet
  facet normal 0 0 -1
    outer loop
      vertex -27.95 18.42266604983954 38
      vertex -29.9 21.799999999999997 38
      vertex -27.3 19.54833395016046 38
    endloop
  endfacet
  facet normal 0 0 -1
    outer loop
      vertex -26.65 16.171 38
      vertex -25.03188000167652 15.620000000000001 38
      vertex -26.96811999832348 15.620000000000001 38
    endloop
  endfacet
  facet normal 0 0 -1
    outer loop
      vertex -26.65 16.171 38
      vertex -27.95 18.42266604983954 38
      vertex -25.03188000167652 15.620000000000001 38
    endloop
  endfacet
  facet normal 0 0 -1
    outer loop
      vertex -25.35 16.171 38
      vertex -25.03188000167652 15.620000000000001 38
      vertex -27.95 18.42266604983954 38
    endloop
  endfacet
  facet normal 0 0 -1
    outer loop
      vertex -25.35 16.171 38
      vertex -27.95 18.42266604983954 38
      vertex -24.05 18.42266604983954 38
    endloop
  endfacet
  facet normal 0 0 -1
    outer loop
      vertex -27.95 18.42266604983954 38
      vertex -24.7 19.54833395016046 38
      vertex -24.05 18.42266604983954 38
    endloop
  endfacet
  facet normal 0 0 -1
    outer loop
      vertex -27.95 18.42266604983954 38
      vertex -27.3 19.54833395016046 38
      vertex -24.7 19.54833395016046 38
    endloop
  endfacet
  facet normal 0 0 -1
    outer loop
      vertex -24.05 18.42266604983954 38
      vertex -24.7 19.54833395016046 38
      vertex -20.8 19.54833395016046 38
    endloop
  endfacet
  facet normal 0 0 -1
    outer loop
      vertex -24.7 19.54833395016046 38
      vertex -23.4 21.799999999999997 38
      vertex -20.8 19.54833395016046 38
    endloop
  endfacet
  facet normal 0 0 -1
    outer loop
      vertex -27.3 19.54833395016046 38
      vertex -29.9 21.799999999999997 38
      vertex -28.6 21.799999999999997 38
    endloop
  endfacet
  facet normal 0 0 -1
    outer loop
      vertex -29.9 21.799999999999997 38
      vertex -31.2 24.051666049839536 38
      vertex -28.6 21.799999999999997 38
    endloop
  endfacet
  facet normal 0 0 -1
    outer loop
      vertex -28.6 21.799999999999997 38
      vertex -31.2 24.051666049839536 38
      vertex -27.3 24.051666049839536 38
    endloop
  endfacet
  facet normal 0 0 -1
    outer loop
      vertex -41.399999998509884 25.399999998509884 38
      vertex -27.3 24.051666049839536 38
      vertex -31.2 24.051666049839536 38
    endloop
  endfacet
  facet normal 0 0 -1
    outer loop
      vertex -41.399999998509884 25.399999998509884 38
      vertex -24.7 24.051666049839536 38
      vertex -27.3 24.051666049839536 38
    endloop
  endfacet
  facet normal 0 0 -1
    outer loop
      vertex -41.399999998509884 25.399999998509884 38
      vertex -20.8 24.051666049839536 38
      vertex -24.7 24.051666049839536 38
    endloop
  endfacet
  facet normal 0 0 -1
    outer loop
      vertex -23.4 21.799999999999997 38
      vertex -24.7 24.051666049839536 38
      vertex -22.1 21.799999999999997 38
    endloop
  endfacet
  facet normal 0 -1 0
    outer loop
      vertex -41.399999998509884 25.399999998509884 4.99
      vertex 41.399999998509884 25.399999998509884 38
      vertex -41.399999998509884 25.399999998509884 38
    endloop
  endfacet
  facet normal 0 0 -1
    outer loop
      vertex -20.15 16.171 38
      vertex -21.45 18.42266604983954 38
      vertex -18.85 16.171 38
    endloop
  endfacet
  facet normal 0 0 -1
    outer loop
      vertex -18.85 16.171 38
      vertex -18.53188000167652 15.620000000000001 38
      vertex -20.46811999832348 15.620000000000001 38
    endloop
  endfacet
  facet normal 0 0 -1
    outer loop
      vertex -20.15 16.171 38
      vertex -18.85 16.171 38
      vertex -20.46811999832348 15.620000000000001 38
    endloop
  endfacet
  facet normal 0 0 -1
    outer loop
      vertex -24.05 18.42266604983954 38
      vertex -20.8 19.54833395016046 38
      vertex -21.45 18.42266604983954 38
    endloop
  endfacet
  facet normal 0 0 -1
    outer loop
      vertex -21.45 18.42266604983954 38
      vertex -20.8 19.54833395016046 38
      vertex -18.2 19.54833395016046 38
    endloop
  endfacet
  facet normal 0 0 -1
    outer loop
      vertex -18.85 16.171 38
      vertex -21.45 18.42266604983954 38
      vertex -17.55 18.42266604983954 38
    endloop
  endfacet
  facet normal 0 0 -1
    outer loop
      vertex -21.45 18.42266604983954 38
      vertex -18.2 19.54833395016046 38
      vertex -17.55 18.42266604983954 38
    endloop
  endfacet
  facet normal 0 0 -1
    outer loop
      vertex -12.35 16.171 38
      vertex -12.031880001676518 15.620000000000001 38
      vertex -13.968119998323482 15.620000000000001 38
    endloop
  endfacet
  facet normal 0 0 -1
    outer loop
      vertex -13.65 16.171 38
      vertex -12.35 16.171 38
      vertex -13.968119998323482 15.620000000000001 38
    endloop
  endfacet
  facet normal 0 0 -1
    outer loop
      vertex -13.65 16.171 38
      vertex -14.95 18.42266604983954 38
      vertex -12.35 16.171 38
    endloop
  endfacet
  facet normal 0 0 -1
    outer loop
      vertex -17.55 18.42266604983954 38
      vertex -14.3 19.54833395016046 38
      vertex -14.95 18.42266604983954 38
    endloop
  endfacet
  facet normal 0 0 -1
    outer loop
      vertex -17.55 18.42266604983954 38
      vertex -18.2 19.54833395016046 38
      vertex -14.3 19.54833395016046 38
    endloop
  endfacet
  facet normal 0 0 -1
    outer loop
      vertex -18.2 19.54833395016046 38
      vertex -16.9 21.799999999999997 38
      vertex -14.3 19.54833395016046 38
    endloop
  endfacet
  facet normal 0 0 -1
    outer loop
      vertex -12.35 16.171 38
      vertex -14.95 18.42266604983954 38
      vertex -11.05 18.42266604983954 38
    endloop
  endfacet
  facet normal 0 0 -1
    outer loop
      vertex -14.95 18.42266604983954 38
      vertex -11.7 19.54833395016046 38
      vertex -11.05 18.42266604983954 38
    endloop
  endfacet
  facet normal 0 0 -1
    outer loop
      vertex -14.95 18.42266604983954 38
      vertex -14.3 19.54833395016046 38
      vertex -11.7 19.54833395016046 38
    endloop
  endfacet
  facet normal 0 0 -1
    outer loop
      vertex -23.4 21.799999999999997 38
      vertex -22.1 21.799999999999997 38
      vertex -20.8 19.54833395016046 38
    endloop
  endfacet
  facet normal 0 0 -1
    outer loop
      vertex -24.7 24.051666049839536 38
      vertex -20.8 24.051666049839536 38
      vertex -22.1 21.799999999999997 38
    endloop
  endfacet
  facet normal 0 0 -1
    outer loop
      vertex -14.3 19.54833395016046 38
      vertex -16.9 21.799999999999997 38
      vertex -15.6 21.799999999999997 38
    endloop
  endfacet
  facet normal 0 0 -1
    outer loop
      vertex -18.2 24.051666049839536 38
      vertex -15.6 21.799999999999997 38
      vertex -16.9 21.799999999999997 38
    endloop
  endfacet
  facet normal 0 0 -1
    outer loop
      vertex -18.2 24.051666049839536 38
      vertex -14.3 24.051666049839536 38
      vertex -15.6 21.799999999999997 38
    endloop
  endfacet
  facet normal 0 0 -1
    outer loop
      vertex -7.15 16.171 38
      vertex -8.45 18.42266604983954 38
      vertex -5.85 16.171 38
    endloop
  endfacet
  facet normal 0 0 -1
    outer loop
      vertex -7.15 16.171 38
      vertex -5.85 16.171 38
      vertex -7.468119998323483 15.620000000000001 38
    endloop
  endfacet
  facet normal 0 0 -1
    outer loop
      vertex -5.85 16.171 38
      vertex -5.531880001676517 15.620000000000001 38
      vertex -7.468119998323483 15.620000000000001 38
    endloop
  endfacet
  facet normal 0 0 -1
    outer loop
      vertex -11.05 18.42266604983954 38
      vertex -7.8 19.54833395016046 38
      vertex -8.45 18.42266604983954 38
    endloop
  endfacet
  facet normal 0 0 -1
    outer loop
      vertex -11.7 19.54833395016046 38
      vertex -7.8 19.54833395016046 38
      vertex -11.05 18.42266604983954 38
    endloop
  endfacet
  facet normal 0 0 -1
    outer loop
      vertex -11.7 19.54833395016046 38
      vertex -10.4 21.799999999999997 38
      vertex -7.8 19.54833395016046 38
    endloop
  endfacet
  facet normal 0 0 -1
    outer loop
      vertex -5.85 16.171 38
      vertex -8.45 18.42266604983954 38
      vertex -4.55 18.42266604983954 38
    endloop
  endfacet
  facet normal 0 0 -1
    outer loop
      vertex -8.45 18.42266604983954 38
      vertex -5.2 19.54833395016046 38
      vertex -4.55 18.42266604983954 38
    endloop
  endfacet
  facet normal 0 0 -1
    outer loop
      vertex -8.45 18.42266604983954 38
      vertex -7.8 19.54833395016046 38
      vertex -5.2 19.54833395016046 38
    endloop
  endfacet
  facet normal 0 0 -1
    outer loop
      vertex -0.6499999999999999 16.171 38
      vertex 0.6499999999999999 16.171 38
      vertex -0.9681199983234827 15.620000000000001 38
    endloop
  endfacet
  facet normal 0 0 -1
    outer loop
      vertex -0.6499999999999999 16.171 38
      vertex -1.95 18.42266604983954 38
      vertex 0.6499999999999999 16.171 38
    endloop
  endfacet
  facet normal 0 0 -1
    outer loop
      vertex -4.55 18.42266604983954 38
      vertex -5.2 19.54833395016046 38
      vertex -1.3 19.54833395016046 38
    endloop
  endfacet
  facet normal 0 0 -1
    outer loop
      vertex -5.2 19.54833395016046 38
      vertex -3.9 21.799999999999997 38
      vertex -1.3 19.54833395016046 38
    endloop
  endfacet
  facet normal 0 0 -1
    outer loop
      vertex -4.55 18.42266604983954 38
      vertex -1.3 19.54833395016046 38
      vertex -1.95 18.42266604983954 38
    endloop
  endfacet
  facet normal 0 0 -1
    outer loop
      vertex -1.95 18.42266604983954 38
      vertex -1.3 19.54833395016046 38
      vertex 1.3 19.54833395016046 38
    endloop
  endfacet
  facet normal 0 0 -1
    outer loop
      vertex -7.8 19.54833395016046 38
      vertex -10.4 21.799999999999997 38
      vertex -9.1 21.799999999999997 38
    endloop
  endfacet
  facet normal 0 0 -1
    outer loop
      vertex -11.7 24.051666049839536 38
      vertex -9.1 21.799999999999997 38
      vertex -10.4 21.799999999999997 38
    endloop
  endfacet
  facet normal 0 0 -1
    outer loop
      vertex -11.7 24.051666049839536 38
      vertex -7.8 24.051666049839536 38
      vertex -9.1 21.799999999999997 38
    endloop
  endfacet
  facet normal 0 0 -1
    outer loop
      vertex -41.399999998509884 25.399999998509884 38
      vertex 41.399999998509884 25.399999998509884 38
      vertex -20.8 24.051666049839536 38
    endloop
  endfacet
  facet normal 0 0 -1
    outer loop
      vertex -3.9 21.799999999999997 38
      vertex -5.2 24.051666049839536 38
      vertex -2.6 21.799999999999997 38
    endloop
  endfacet
  facet normal 0 0 -1
    outer loop
      vertex -2.6 21.799999999999997 38
      vertex -5.2 24.051666049839536 38
      vertex -1.3 24.051666049839536 38
    endloop
  endfacet
  facet normal 0 0 -1
    outer loop
      vertex -1.3 19.54833395016046 38
      vertex -3.9 21.799999999999997 38
      vertex -2.6 21.799999999999997 38
    endloop
  endfacet
  facet normal 0 0 1
    outer loop
      vertex -41.20000000298023 -23.799999997019768 4.99
      vertex 41.399999998509884 -25.399999998509884 4.99
      vertex 41.20000000298023 -23.799999997019768 4.99
    endloop
  endfacet
  facet normal 0 0 1
    outer loop
      vertex 41.399999998509884 -25.399999998509884 4.99
      vertex 41.661052383482456 -25.382889725267887 4.99
      vertex 41.35529142618179 -23.7795554921031 4.99
    endloop
  endfacet
  facet normal 0 0 1
    outer loop
      vertex 41.661052383482456 -25.382889725267887 4.99
      vertex 41.91763809323311 -25.33185165375471 4.99
      vertex 41.62426406890154 -23.62426406890154 4.99
    endloop
  endfacet
  facet normal 0 0 1
    outer loop
      vertex 41.399999998509884 -25.399999998509884 4.99
      vertex 41.27831571549177 -23.794866919517517 4.99
      vertex 41.20000000298023 -23.799999997019768 4.99
    endloop
  endfacet
  facet normal 0 0 1
    outer loop
      vertex 41.399999998509884 -25.399999998509884 4.99
      vertex 41.35529142618179 -23.7795554921031 4.99
      vertex 41.27831571549177 -23.794866919517517 4.99
    endloop
  endfacet
  facet normal 0 0 1
    outer loop
      vertex 41.661052383482456 -25.382889725267887 4.99
      vertex 41.429610058665276 -23.754327721893787 4.99
      vertex 41.35529142618179 -23.7795554921031 4.99
    endloop
  endfacet
  facet normal 0 0 1
    outer loop
      vertex 41.661052383482456 -25.382889725267887 4.99
      vertex 41.5 -23.7196152433753 4.99
      vertex 41.429610058665276 -23.754327721893787 4.99
    endloop
  endfacet
  facet normal 0 0 1
    outer loop
      vertex 41.661052383482456 -25.382889725267887 4.99
      vertex 41.56525685638189 -23.676012001931667 4.99
      vertex 41.5 -23.7196152433753 4.99
    endloop
  endfacet
  facet normal 0 0 1
    outer loop
      vertex 41.661052383482456 -25.382889725267887 4.99
      vertex 41.62426406890154 -23.62426406890154 4.99
      vertex 41.56525685638189 -23.676012001931667 4.99
    endloop
  endfacet
  facet normal 0 0 1
    outer loop
      vertex 41.91763809323311 -25.33185165375471 4.99
      vertex 41.67601200193167 -23.565256856381893 4.99
      vertex 41.62426406890154 -23.62426406890154 4.99
    endloop
  endfacet
  facet normal 0 0 1
    outer loop
      vertex 41.91763809323311 -25.33185165375471 4.99
      vertex 41.7196152433753 -23.5 4.99
      vertex 41.67601200193167 -23.565256856381893 4.99
    endloop
  endfacet
  facet normal 0 0 1
    outer loop
      vertex 41.91763809323311 -25.33185165375471 4.99
      vertex 41.75432772189379 -23.429610058665276 4.99
      vertex 41.7196152433753 -23.5 4.99
    endloop
  endfacet
  facet normal 0 0 1
    outer loop
      vertex 41.91763809323311 -25.33185165375471 4.99
      vertex 41.7795554921031 -23.355291426181793 4.99
      vertex 41.75432772189379 -23.429610058665276 4.99
    endloop
  endfacet
  facet normal 0 0 1
    outer loop
      vertex 41.91763809323311 -25.33185165375471 4.99
      vertex 41.79486691951752 -23.27831571549177 4.99
      vertex 41.7795554921031 -23.355291426181793 4.99
    endloop
  endfacet
  facet normal 0 0 1
    outer loop
      vertex 41.91763809323311 -25.33185165375471 4.99
      vertex 41.79999999701977 -23.200000002980232 4.99
      vertex 41.79486691951752 -23.27831571549177 4.99
    endloop
  endfacet
  facet normal -0.06540311383340917 0.9978589242477587 0
    outer loop
      vertex 41.399999998509884 -25.399999998509884 4.99
      vertex 41.399999998509884 -25.399999998509884 38
      vertex 41.661052383482456 -25.382889725267887 4.99
    endloop
  endfacet
  facet normal -0.19509032404170848 0.9807852800003176 0
    outer loop
      vertex 41.661052383482456 -25.382889725267887 4.99
      vertex 41.661052383482456 -25.382889725267887 38
      vertex 41.91763809323311 -25.33185165375471 4.99
    endloop
  endfacet
  facet normal -0.3214394665972703 0.946930129055815 0
    outer loop
      vertex 41.91763809323311 -25.33185165375471 4.99
      vertex 41.91763809323311 -25.33185165375471 38
      vertex 42.16536686569452 -25.24775906652212 4.99
    endloop
  endfacet
  facet normal -0.44228870708373313 0.8968727332159226 0
    outer loop
      vertex 42.16536686569452 -25.24775906652212 4.99
      vertex 42.16536686569452 -25.24775906652212 38
      vertex 42.399999998509884 -25.132050804793835 4.99
    endloop
  endfacet
  facet normal -0.5555702203832522 0.8314696207458844 0
    outer loop
      vertex 42.399999998509884 -25.132050804793835 4.99
      vertex 42.399999998509884 -25.132050804793835 38
      vertex 42.61752285808325 -24.98670668154955 4.99
    endloop
  endfacet
  facet normal -0.6593458308664175 0.7518397936522606 0
    outer loop
      vertex 42.61752285808325 -24.98670668154955 4.99
      vertex 42.61752285808325 -24.98670668154955 38
      vertex 42.81421355903149 -24.814213559031487 4.99
    endloop
  endfacet
  facet normal -0.7518397936522606 0.6593458308664175 0
    outer loop
      vertex 42.81421355903149 -24.814213559031487 4.99
      vertex 42.81421355903149 -24.814213559031487 38
      vertex 42.98670668154955 -24.617522858083248 4.99
    endloop
  endfacet
  facet normal -0.8314696207458844 0.5555702203832522 0
    outer loop
      vertex 42.98670668154955 -24.617522858083248 4.99
      vertex 42.98670668154955 -24.617522858083248 38
      vertex 43.132050804793835 -24.399999998509884 4.99
    endloop
  endfacet
  facet normal -0.8968727332159226 0.44228870708373313 0
    outer loop
      vertex 43.132050804793835 -24.399999998509884 4.99
      vertex 43.132050804793835 -24.399999998509884 38
      vertex 43.24775906652212 -24.165366865694523 4.99
    endloop
  endfacet
  facet normal -0.946930129055815 0.3214394665972703 0
    outer loop
      vertex 43.24775906652212 -24.165366865694523 4.99
      vertex 43.24775906652212 -24.165366865694523 38
      vertex 43.33185165375471 -23.91763809323311 4.99
    endloop
  endfacet
  facet normal -0.9807852800003176 0.19509032404170848 0
    outer loop
      vertex 43.33185165375471 -23.91763809323311 4.99
      vertex 43.33185165375471 -23.91763809323311 38
      vertex 43.38288972526789 -23.661052383482456 4.99
    endloop
  endfacet
  facet normal -0.9978589242477587 0.06540311383340917 0
    outer loop
      vertex 43.38288972526789 -23.661052383482456 4.99
      vertex 43.38288972526789 -23.661052383482456 38
      vertex 43.399999998509884 -23.399999998509884 4.99
    endloop
  endfacet
  facet normal 0 0 1
    outer loop
      vertex 41.91763809323311 -25.33185165375471 4.99
      vertex 42.16536686569452 -25.24775906652212 4.99
      vertex 41.91763809323311 25.33185165375471 4.99
    endloop
  endfacet
  facet normal 0 0 1
    outer loop
      vertex 42.16536686569452 -25.24775906652212 4.99
      vertex 42.399999998509884 -25.132050804793835 4.99
      vertex 42.16536686569452 25.24775906652212 4.99
    endloop
  endfacet
  facet normal 0 0 1
    outer loop
      vertex 42.399999998509884 -25.132050804793835 4.99
      vertex 42.61752285808325 -24.98670668154955 4.99
      vertex 42.399999998509884 25.132050804793835 4.99
    endloop
  endfacet
  facet normal 0 0 1
    outer loop
      vertex 41.91763809323311 -25.33185165375471 4.99
      vertex 41.91763809323311 25.33185165375471 4.99
      vertex 41.79999999701977 -23.200000002980232 4.99
    endloop
  endfacet
  facet normal 0 0 1
    outer loop
      vertex 42.61752285808325 -24.98670668154955 4.99
      vertex 42.81421355903149 -24.814213559031487 4.99
      vertex 42.61752285808325 24.98670668154955 4.99
    endloop
  endfacet
  facet normal 0 0 1
    outer loop
      vertex 42.81421355903149 -24.814213559031487 4.99
      vertex 42.98670668154955 -24.617522858083248 4.99
      vertex 42.81421355903149 24.814213559031487 4.99
    endloop
  endfacet
  facet normal 0 0 1
    outer loop
      vertex 42.98670668154955 -24.617522858083248 4.99
      vertex 43.132050804793835 -24.399999998509884 4.99
      vertex 42.98670668154955 24.617522858083248 4.99
    endloop
  endfacet
  facet normal 0 0 1
    outer loop
      vertex 43.132050804793835 -24.399999998509884 4.99
      vertex 43.24775906652212 -24.165366865694523 4.99
      vertex 43.132050804793835 24.399999998509884 4.99
    endloop
  endfacet
  facet normal 0 0 1
    outer loop
      vertex 43.24775906652212 -24.165366865694523 4.99
      vertex 43.33185165375471 -23.91763809323311 4.99
      vertex 43.24775906652212 24.165366865694523 4.99
    endloop
  endfacet
  facet normal 0 0 1
    outer loop
      vertex 43.33185165375471 -23.91763809323311 4.99
      vertex 43.38288972526789 -23.661052383482456 4.99
      vertex 43.33185165375471 23.91763809323311 4.99
    endloop
  endfacet
  facet normal 0 0 1
    outer loop
      vertex 43.38288972526789 -23.661052383482456 4.99
      vertex 43.399999998509884 -23.399999998509884 4.99
      vertex 43.38288972526789 23.661052383482456 4.99
    endloop
  endfacet
  facet normal -1 0 0
    outer loop
      vertex 43.399999998509884 -23.399999998509884 4.99
      vertex 43.399999998509884 -23.399999998509884 38
      vertex 43.399999998509884 23.399999998509884 4.99
    endloop
  endfacet
  facet normal 0 1 0
    outer loop
      vertex -41.399999998509884 -25.399999998509884 38
      vertex 41.399999998509884 -25.399999998509884 38
      vertex 41.399999998509884 -25.399999998509884 4.99
    endloop
  endfacet
  facet normal 0 0 -1
    outer loop
      vertex -41.399999998509884 -25.399999998509884 38
      vertex 7.859999999999999 -15.620000000000001 38
      vertex 41.399999998509884 -25.399999998509884 38
    endloop
  endfacet
  facet normal 0 0 -1
    outer loop
      vertex 41.399999998509884 -25.399999998509884 38
      vertex 7.859999999999999 -15.620000000000001 38
      vertex 8.45 13.919333950160459 38
    endloop
  endfacet
  facet normal -0.06540311383340917 0.9978589242477587 0
    outer loop
      vertex 41.661052383482456 -25.382889725267887 4.99
      vertex 41.399999998509884 -25.399999998509884 38
      vertex 41.661052383482456 -25.382889725267887 38
    endloop
  endfacet
  facet normal -0.19509032404170848 0.9807852800003176 0
    outer loop
      vertex 41.91763809323311 -25.33185165375471 4.99
      vertex 41.661052383482456 -25.382889725267887 38
      vertex 41.91763809323311 -25.33185165375471 38
    endloop
  endfacet
  facet normal -0.3214394665972703 0.946930129055815 0
    outer loop
      vertex 42.16536686569452 -25.24775906652212 4.99
      vertex 41.91763809323311 -25.33185165375471 38
      vertex 42.16536686569452 -25.24775906652212 38
    endloop
  endfacet
  facet normal -0.44228870708373313 0.8968727332159226 0
    outer loop
      vertex 42.399999998509884 -25.132050804793835 4.99
      vertex 42.16536686569452 -25.24775906652212 38
      vertex 42.399999998509884 -25.132050804793835 38
    endloop
  endfacet
  facet normal -0.5555702203832522 0.8314696207458844 0
    outer loop
      vertex 42.61752285808325 -24.98670668154955 4.99
      vertex 42.399999998509884 -25.132050804793835 38
      vertex 42.61752285808325 -24.98670668154955 38
    endloop
  endfacet
  facet normal -0.6593458308664175 0.7518397936522606 0
    outer loop
      vertex 42.81421355903149 -24.814213559031487 4.99
      vertex 42.61752285808325 -24.98670668154955 38
      vertex 42.81421355903149 -24.814213559031487 38
    endloop
  endfacet
  facet normal -0.7518397936522606 0.6593458308664175 0
    outer loop
      vertex 42.98670668154955 -24.617522858083248 4.99
      vertex 42.81421355903149 -24.814213559031487 38
      vertex 42.98670668154955 -24.617522858083248 38
    endloop
  endfacet
  facet normal -0.8314696207458844 0.5555702203832522 0
    outer loop
      vertex 43.132050804793835 -24.399999998509884 4.99
      vertex 42.98670668154955 -24.617522858083248 38
      vertex 43.132050804793835 -24.399999998509884 38
    endloop
  endfacet
  facet normal -0.8968727332159226 0.44228870708373313 0
    outer loop
      vertex 43.24775906652212 -24.165366865694523 4.99
      vertex 43.132050804793835 -24.399999998509884 38
      vertex 43.24775906652212 -24.165366865694523 38
    endloop
  endfacet
  facet normal -0.946930129055815 0.3214394665972703 0
    outer loop
      vertex 43.33185165375471 -23.91763809323311 4.99
      vertex 43.24775906652212 -24.165366865694523 38
      vertex 43.33185165375471 -23.91763809323311 38
    endloop
  endfacet
  facet normal -0.9807852800003176 0.19509032404170848 0
    outer loop
      vertex 43.38288972526789 -23.661052383482456 4.99
      vertex 43.33185165375471 -23.91763809323311 38
      vertex 43.38288972526789 -23.661052383482456 38
    endloop
  endfacet
  facet normal -0.9978589242477587 0.06540311383340917 0
    outer loop
      vertex 43.399999998509884 -23.399999998509884 4.99
      vertex 43.38288972526789 -23.661052383482456 38
      vertex 43.399999998509884 -23.399999998509884 38
    endloop
  endfacet
  facet normal 0 0 -1
    outer loop
      vertex 41.399999998509884 -25.399999998509884 38
      vertex 41.399999998509884 25.399999998509884 38
      vertex 41.661052383482456 -25.382889725267887 38
    endloop
  endfacet
  facet normal 0 0 -1
    outer loop
      vertex 41.661052383482456 -25.382889725267887 38
      vertex 41.661052383482456 25.382889725267887 38
      vertex 41.91763809323311 -25.33185165375471 38
    endloop
  endfacet
  facet normal 0 0 -1
    outer loop
      vertex 41.91763809323311 -25.33185165375471 38
      vertex 41.91763809323311 25.33185165375471 38
      vertex 42.16536686569452 -25.24775906652212 38
    endloop
  endfacet
  facet normal 0 0 -1
    outer loop
      vertex 42.16536686569452 -25.24775906652212 38
      vertex 42.16536686569452 25.24775906652212 38
      vertex 42.399999998509884 -25.132050804793835 38
    endloop
  endfacet
  facet normal 0 0 -1
    outer loop
      vertex 42.399999998509884 -25.132050804793835 38
      vertex 42.399999998509884 25.132050804793835 38
      vertex 42.61752285808325 -24.98670668154955 38
    endloop
  endfacet
  facet normal 0 0 -1
    outer loop
      vertex 42.61752285808325 -24.98670668154955 38
      vertex 42.61752285808325 24.98670668154955 38
      vertex 42.81421355903149 -24.814213559031487 38
    endloop
  endfacet
  facet normal 0 0 -1
    outer loop
      vertex 42.81421355903149 -24.814213559031487 38
      vertex 42.81421355903149 24.814213559031487 38
      vertex 42.98670668154955 -24.617522858083248 38
    endloop
  endfacet
  facet normal 0 0 -1
    outer loop
      vertex 42.98670668154955 -24.617522858083248 38
      vertex 42.98670668154955 24.617522858083248 38
      vertex 43.132050804793835 -24.399999998509884 38
    endloop
  endfacet
  facet normal 0 0 -1
    outer loop
      vertex 43.132050804793835 -24.399999998509884 38
      vertex 43.132050804793835 24.399999998509884 38
      vertex 43.24775906652212 -24.165366865694523 38
    endloop
  endfacet
  facet normal 0 0 -1
    outer loop
      vertex 43.24775906652212 -24.165366865694523 38
      vertex 43.24775906652212 24.165366865694523 38
      vertex 43.33185165375471 -23.91763809323311 38
    endloop
  endfacet
  facet normal 0 0 -1
    outer loop
      vertex 43.33185165375471 -23.91763809323311 38
      vertex 43.33185165375471 23.91763809323311 38
      vertex 43.38288972526789 -23.661052383482456 38
    endloop
  endfacet
  facet normal 0 0 -1
    outer loop
      vertex 43.38288972526789 -23.661052383482456 38
      vertex 43.38288972526789 23.661052383482456 38
      vertex 43.399999998509884 -23.399999998509884 38
    endloop
  endfacet
  facet normal 0 0 1
    outer loop
      vertex -41.399999998509884 25.399999998509884 4.99
      vertex 41.20000000298023 23.799999997019768 4.99
      vertex 41.399999998509884 25.399999998509884 4.99
    endloop
  endfacet
  facet normal 0 -1 0
    outer loop
      vertex -41.399999998509884 25.399999998509884 4.99
      vertex 41.399999998509884 25.399999998509884 4.99
      vertex 41.399999998509884 25.399999998509884 38
    endloop
  endfacet
  facet normal 0 0 1
    outer loop
      vertex 41.79999999701977 -23.200000002980232 4.99
      vertex 41.91763809323311 25.33185165375471 4.99
      vertex 41.79999999701977 23.200000002980232 4.99
    endloop
  endfacet
  facet normal 0 0 1
    outer loop
      vertex 42.16536686569452 -25.24775906652212 4.99
      vertex 42.16536686569452 25.24775906652212 4.99
      vertex 41.91763809323311 25.33185165375471 4.99
    endloop
  endfacet
  facet normal 0 0 1
    outer loop
      vertex 42.399999998509884 -25.132050804793835 4.99
      vertex 42.399999998509884 25.132050804793835 4.99
      vertex 42.16536686569452 25.24775906652212 4.99
    endloop
  endfacet
  facet normal 0 0 1
    outer loop
      vertex 42.61752285808325 -24.98670668154955 4.99
      vertex 42.61752285808325 24.98670668154955 4.99
      vertex 42.399999998509884 25.132050804793835 4.99
    endloop
  endfacet
  facet normal 0 0 1
    outer loop
      vertex 43.24775906652212 -24.165366865694523 4.99
      vertex 43.24775906652212 24.165366865694523 4.99
      vertex 43.132050804793835 24.399999998509884 4.99
    endloop
  endfacet
  facet normal 0 0 1
    outer loop
      vertex 42.81421355903149 -24.814213559031487 4.99
      vertex 42.81421355903149 24.814213559031487 4.99
      vertex 42.61752285808325 24.98670668154955 4.99
    endloop
  endfacet
  facet normal 0 0 1
    outer loop
      vertex 43.132050804793835 -24.399999998509884 4.99
      vertex 43.132050804793835 24.399999998509884 4.99
      vertex 42.98670668154955 24.617522858083248 4.99
    endloop
  endfacet
  facet normal 0 0 1
    outer loop
      vertex 42.98670668154955 -24.617522858083248 4.99
      vertex 42.98670668154955 24.617522858083248 4.99
      vertex 42.81421355903149 24.814213559031487 4.99
    endloop
  endfacet
  facet normal 0 0 1
    outer loop
      vertex 43.399999998509884 -23.399999998509884 4.99
      vertex 43.399999998509884 23.399999998509884 4.99
      vertex 43.38288972526789 23.661052383482456 4.99
    endloop
  endfacet
  facet normal 0 0 1
    outer loop
      vertex 43.38288972526789 -23.661052383482456 4.99
      vertex 43.38288972526789 23.661052383482456 4.99
      vertex 43.33185165375471 23.91763809323311 4.99
    endloop
  endfacet
  facet normal 0 0 1
    outer loop
      vertex 43.33185165375471 -23.91763809323311 4.99
      vertex 43.33185165375471 23.91763809323311 4.99
      vertex 43.24775906652212 24.165366865694523 4.99
    endloop
  endfacet
  facet normal 0 0 1
    outer loop
      vertex 41.79999999701977 23.200000002980232 4.99
      vertex 41.91763809323311 25.33185165375471 4.99
      vertex 41.79486691951752 23.27831571549177 4.99
    endloop
  endfacet
  facet normal 0 0 1
    outer loop
      vertex 41.20000000298023 23.799999997019768 4.99
      vertex 41.27831571549177 23.794866919517517 4.99
      vertex 41.399999998509884 25.399999998509884 4.99
    endloop
  endfacet
  facet normal 0 0 1
    outer loop
      vertex 41.27831571549177 23.794866919517517 4.99
      vertex 41.35529142618179 23.7795554921031 4.99
      vertex 41.399999998509884 25.399999998509884 4.99
    endloop
  endfacet
  facet normal 0 0 1
    outer loop
      vertex 41.429610058665276 23.754327721893787 4.99
      vertex 41.399999998509884 25.399999998509884 4.99
      vertex 41.35529142618179 23.7795554921031 4.99
    endloop
  endfacet
  facet normal 0 0 1
    outer loop
      vertex 41.79486691951752 23.27831571549177 4.99
      vertex 41.91763809323311 25.33185165375471 4.99
      vertex 41.7795554921031 23.355291426181793 4.99
    endloop
  endfacet
  facet normal 0 0 1
    outer loop
      vertex 41.75432772189379 23.429610058665276 4.99
      vertex 41.7795554921031 23.355291426181793 4.99
      vertex 41.91763809323311 25.33185165375471 4.99
    endloop
  endfacet
  facet normal 0 0 1
    outer loop
      vertex 41.75432772189379 23.429610058665276 4.99
      vertex 41.91763809323311 25.33185165375471 4.99
      vertex 41.7196152433753 23.5 4.99
    endloop
  endfacet
  facet normal 0 0 1
    outer loop
      vertex 41.7196152433753 23.5 4.99
      vertex 41.91763809323311 25.33185165375471 4.99
      vertex 41.67601200193167 23.565256856381893 4.99
    endloop
  endfacet
  facet normal 0 0 1
    outer loop
      vertex 41.429610058665276 23.754327721893787 4.99
      vertex 41.5 23.7196152433753 4.99
      vertex 41.661052383482456 25.382889725267887 4.99
    endloop
  endfacet
  facet normal 0 0 1
    outer loop
      vertex 41.56525685638189 23.676012001931667 4.99
      vertex 41.661052383482456 25.382889725267887 4.99
      vertex 41.5 23.7196152433753 4.99
    endloop
  endfacet
  facet normal 0 0 1
    outer loop
      vertex 41.62426406890154 23.62426406890154 4.99
      vertex 41.67601200193167 23.565256856381893 4.99
      vertex 41.661052383482456 25.382889725267887 4.99
    endloop
  endfacet
  facet normal 0 0 1
    outer loop
      vertex 41.62426406890154 23.62426406890154 4.99
      vertex 41.661052383482456 25.382889725267887 4.99
      vertex 41.56525685638189 23.676012001931667 4.99
    endloop
  endfacet
  facet normal 0 0 1
    outer loop
      vertex 41.67601200193167 23.565256856381893 4.99
      vertex 41.91763809323311 25.33185165375471 4.99
      vertex 41.661052383482456 25.382889725267887 4.99
    endloop
  endfacet
  facet normal 0 0 1
    outer loop
      vertex 41.429610058665276 23.754327721893787 4.99
      vertex 41.661052383482456 25.382889725267887 4.99
      vertex 41.399999998509884 25.399999998509884 4.99
    endloop
  endfacet
  facet normal -0.9978589242477587 -0.06540311383340917 0
    outer loop
      vertex 43.399999998509884 23.399999998509884 4.99
      vertex 43.399999998509884 23.399999998509884 38
      vertex 43.38288972526789 23.661052383482456 4.99
    endloop
  endfacet
  facet normal -0.9807852800003176 -0.19509032404170848 0
    outer loop
      vertex 43.38288972526789 23.661052383482456 4.99
      vertex 43.38288972526789 23.661052383482456 38
      vertex 43.33185165375471 23.91763809323311 4.99
    endloop
  endfacet
  facet normal -0.06540311383340917 -0.9978589242477587 0
    outer loop
      vertex 41.399999998509884 25.399999998509884 4.99
      vertex 41.661052383482456 25.382889725267887 4.99
      vertex 41.661052383482456 25.382889725267887 38
    endloop
  endfacet
  facet normal -0.19509032404170848 -0.9807852800003176 0
    outer loop
      vertex 41.661052383482456 25.382889725267887 4.99
      vertex 41.91763809323311 25.33185165375471 4.99
      vertex 41.91763809323311 25.33185165375471 38
    endloop
  endfacet
  facet normal -0.5555702203832522 -0.8314696207458844 0
    outer loop
      vertex 42.399999998509884 25.132050804793835 4.99
      vertex 42.61752285808325 24.98670668154955 4.99
      vertex 42.61752285808325 24.98670668154955 38
    endloop
  endfacet
  facet normal -0.44228870708373313 -0.8968727332159226 0
    outer loop
      vertex 42.16536686569452 25.24775906652212 4.99
      vertex 42.399999998509884 25.132050804793835 4.99
      vertex 42.399999998509884 25.132050804793835 38
    endloop
  endfacet
  facet normal -0.3214394665972703 -0.946930129055815 0
    outer loop
      vertex 42.16536686569452 25.24775906652212 4.99
      vertex 42.16536686569452 25.24775906652212 38
      vertex 41.91763809323311 25.33185165375471 4.99
    endloop
  endfacet
  facet normal -0.8968727332159226 -0.44228870708373313 0
    outer loop
      vertex 43.24775906652212 24.165366865694523 4.99
      vertex 43.24775906652212 24.165366865694523 38
      vertex 43.132050804793835 24.399999998509884 4.99
    endloop
  endfacet
  facet normal -0.8314696207458844 -0.5555702203832522 0
    outer loop
      vertex 43.132050804793835 24.399999998509884 4.99
      vertex 43.132050804793835 24.399999998509884 38
      vertex 42.98670668154955 24.617522858083248 4.99
    endloop
  endfacet
  facet normal -0.7518397936522606 -0.6593458308664175 0
    outer loop
      vertex 42.81421355903149 24.814213559031487 4.99
      vertex 42.98670668154955 24.617522858083248 4.99
      vertex 42.98670668154955 24.617522858083248 38
    endloop
  endfacet
  facet normal -0.946930129055815 -0.3214394665972703 0
    outer loop
      vertex 43.33185165375471 23.91763809323311 4.99
      vertex 43.33185165375471 23.91763809323311 38
      vertex 43.24775906652212 24.165366865694523 4.99
    endloop
  endfacet
  facet normal -0.6593458308664175 -0.7518397936522606 0
    outer loop
      vertex 42.81421355903149 24.814213559031487 4.99
      vertex 42.81421355903149 24.814213559031487 38
      vertex 42.61752285808325 24.98670668154955 4.99
    endloop
  endfacet
  facet normal 0 0 -1
    outer loop
      vertex 8.45 13.919333950160459 38
      vertex 7.859999999999999 -15.620000000000001 38
      vertex 7.859999999999999 14.941243926626097 38
    endloop
  endfacet
  facet normal 0 0 -1
    outer loop
      vertex 41.399999998509884 -25.399999998509884 38
      vertex 8.45 13.919333950160459 38
      vertex 11.05 13.919333950160459 38
    endloop
  endfacet
  facet normal 0 0 -1
    outer loop
      vertex 41.399999998509884 -25.399999998509884 38
      vertex 11.05 13.919333950160459 38
      vertex 14.95 13.919333950160459 38
    endloop
  endfacet
  facet normal 0 0 -1
    outer loop
      vertex 0.6499999999999999 16.171 38
      vertex 0.9681199983234827 15.620000000000001 38
      vertex -0.9681199983234827 15.620000000000001 38
    endloop
  endfacet
  facet normal 0 0 -1
    outer loop
      vertex -1.95 18.42266604983954 38
      vertex 1.95 18.42266604983954 38
      vertex 0.6499999999999999 16.171 38
    endloop
  endfacet
  facet normal 0 0 -1
    outer loop
      vertex -1.95 18.42266604983954 38
      vertex 1.3 19.54833395016046 38
      vertex 1.95 18.42266604983954 38
    endloop
  endfacet
  facet normal 0 0 -1
    outer loop
      vertex 1.95 18.42266604983954 38
      vertex 1.3 19.54833395016046 38
      vertex 5.2 19.54833395016046 38
    endloop
  endfacet
  facet normal 0 0 -1
    outer loop
      vertex 1.95 18.42266604983954 38
      vertex 5.2 19.54833395016046 38
      vertex 4.55 18.42266604983954 38
    endloop
  endfacet
  facet normal 0 0 -1
    outer loop
      vertex 1.3 19.54833395016046 38
      vertex 2.6 21.799999999999997 38
      vertex 5.2 19.54833395016046 38
    endloop
  endfacet
  facet normal 0 0 -1
    outer loop
      vertex 5.85 16.171 38
      vertex 7.15 16.171 38
      vertex 5.531880001676517 15.620000000000001 38
    endloop
  endfacet
  facet normal 0 0 -1
    outer loop
      vertex 7.15 16.171 38
      vertex 7.468119998323483 15.620000000000001 38
      vertex 5.531880001676517 15.620000000000001 38
    endloop
  endfacet
  facet normal 0 0 -1
    outer loop
      vertex 4.55 18.42266604983954 38
      vertex 7.15 16.171 38
      vertex 5.85 16.171 38
    endloop
  endfacet
  facet normal 0 0 -1
    outer loop
      vertex 4.55 18.42266604983954 38
      vertex 8.45 18.42266604983954 38
      vertex 7.15 16.171 38
    endloop
  endfacet
  facet normal 0 0 -1
    outer loop
      vertex 4.55 18.42266604983954 38
      vertex 7.8 19.54833395016046 38
      vertex 8.45 18.42266604983954 38
    endloop
  endfacet
  facet normal 0 0 -1
    outer loop
      vertex 4.55 18.42266604983954 38
      vertex 5.2 19.54833395016046 38
      vertex 7.8 19.54833395016046 38
    endloop
  endfacet
  facet normal 0 0 -1
    outer loop
      vertex 8.45 18.42266604983954 38
      vertex 11.7 19.54833395016046 38
      vertex 11.05 18.42266604983954 38
    endloop
  endfacet
  facet normal 0 0 -1
    outer loop
      vertex 8.45 18.42266604983954 38
      vertex 7.8 19.54833395016046 38
      vertex 11.7 19.54833395016046 38
    endloop
  endfacet
  facet normal 0 0 -1
    outer loop
      vertex 7.8 19.54833395016046 38
      vertex 9.1 21.799999999999997 38
      vertex 11.7 19.54833395016046 38
    endloop
  endfacet
  facet normal 0 0 -1
    outer loop
      vertex 2.6 21.799999999999997 38
      vertex 1.3 24.051666049839536 38
      vertex 3.9 21.799999999999997 38
    endloop
  endfacet
  facet normal 0 0 -1
    outer loop
      vertex 5.2 19.54833395016046 38
      vertex 2.6 21.799999999999997 38
      vertex 3.9 21.799999999999997 38
    endloop
  endfacet
  facet normal 0 0 -1
    outer loop
      vertex 3.9 21.799999999999997 38
      vertex 1.3 24.051666049839536 38
      vertex 5.2 24.051666049839536 38
    endloop
  endfacet
  facet normal 0 0 -1
    outer loop
      vertex -20.8 24.051666049839536 38
      vertex 41.399999998509884 25.399999998509884 38
      vertex -18.2 24.051666049839536 38
    endloop
  endfacet
  facet normal 0 0 -1
    outer loop
      vertex -18.2 24.051666049839536 38
      vertex 41.399999998509884 25.399999998509884 38
      vertex -14.3 24.051666049839536 38
    endloop
  endfacet
  facet normal 0 0 -1
    outer loop
      vertex -14.3 24.051666049839536 38
      vertex 41.399999998509884 25.399999998509884 38
      vertex -11.7 24.051666049839536 38
    endloop
  endfacet
  facet normal 0 0 -1
    outer loop
      vertex 9.1 21.799999999999997 38
      vertex 10.4 21.799999999999997 38
      vertex 11.7 19.54833395016046 38
    endloop
  endfacet
  facet normal 0 0 -1
    outer loop
      vertex 9.1 21.799999999999997 38
      vertex 7.8 24.051666049839536 38
      vertex 10.4 21.799999999999997 38
    endloop
  endfacet
  facet normal 0 0 -1
    outer loop
      vertex 10.4 21.799999999999997 38
      vertex 7.8 24.051666049839536 38
      vertex 11.7 24.051666049839536 38
    endloop
  endfacet
  facet normal 0 0 -1
    outer loop
      vertex -11.7 24.051666049839536 38
      vertex 41.399999998509884 25.399999998509884 38
      vertex -7.8 24.051666049839536 38
    endloop
  endfacet
  facet normal 0 0 -1
    outer loop
      vertex -7.8 24.051666049839536 38
      vertex 41.399999998509884 25.399999998509884 38
      vertex -5.2 24.051666049839536 38
    endloop
  endfacet
  facet normal 0 0 -1
    outer loop
      vertex 11.05 13.919333950160459 38
      vertex 12.35 16.171 38
      vertex 14.95 13.919333950160459 38
    endloop
  endfacet
  facet normal 0 0 -1
    outer loop
      vertex 11.05 18.42266604983954 38
      vertex 13.65 16.171 38
      vertex 12.35 16.171 38
    endloop
  endfacet
  facet normal 0 0 -1
    outer loop
      vertex 12.35 16.171 38
      vertex 13.65 16.171 38
      vertex 14.95 13.919333950160459 38
    endloop
  endfacet
  facet normal 0 0 -1
    outer loop
      vertex 11.05 18.42266604983954 38
      vertex 14.95 18.42266604983954 38
      vertex 13.65 16.171 38
    endloop
  endfacet
  facet normal 0 0 -1
    outer loop
      vertex 11.05 18.42266604983954 38
      vertex 14.3 19.54833395016046 38
      vertex 14.95 18.42266604983954 38
    endloop
  endfacet
  facet normal 0 0 -1
    outer loop
      vertex 11.05 18.42266604983954 38
      vertex 11.7 19.54833395016046 38
      vertex 14.3 19.54833395016046 38
    endloop
  endfacet
  facet normal 0 0 -1
    outer loop
      vertex 14.95 18.42266604983954 38
      vertex 18.2 19.54833395016046 38
      vertex 17.55 18.42266604983954 38
    endloop
  endfacet
  facet normal 0 0 -1
    outer loop
      vertex 14.95 18.42266604983954 38
      vertex 14.3 19.54833395016046 38
      vertex 18.2 19.54833395016046 38
    endloop
  endfacet
  facet normal 0 0 -1
    outer loop
      vertex 14.3 19.54833395016046 38
      vertex 15.6 21.799999999999997 38
      vertex 18.2 19.54833395016046 38
    endloop
  endfacet
  facet normal 0 0 -1
    outer loop
      vertex 17.55 13.919333950160459 38
      vertex 18.85 16.171 38
      vertex 21.45 13.919333950160459 38
    endloop
  endfacet
  facet normal 0 0 -1
    outer loop
      vertex 18.85 16.171 38
      vertex 17.55 18.42266604983954 38
      vertex 20.15 16.171 38
    endloop
  endfacet
  facet normal 0 0 -1
    outer loop
      vertex 18.85 16.171 38
      vertex 20.15 16.171 38
      vertex 21.45 13.919333950160459 38
    endloop
  endfacet
  facet normal 0 0 -1
    outer loop
      vertex 20.15 16.171 38
      vertex 17.55 18.42266604983954 38
      vertex 21.45 18.42266604983954 38
    endloop
  endfacet
  facet normal 0 0 -1
    outer loop
      vertex 17.55 18.42266604983954 38
      vertex 18.2 19.54833395016046 38
      vertex 20.8 19.54833395016046 38
    endloop
  endfacet
  facet normal 0 0 -1
    outer loop
      vertex 17.55 18.42266604983954 38
      vertex 20.8 19.54833395016046 38
      vertex 21.45 18.42266604983954 38
    endloop
  endfacet
  facet normal 0 0 -1
    outer loop
      vertex 21.45 18.42266604983954 38
      vertex 20.8 19.54833395016046 38
      vertex 24.7 19.54833395016046 38
    endloop
  endfacet
  facet normal 0 0 -1
    outer loop
      vertex 20.8 19.54833395016046 38
      vertex 22.1 21.799999999999997 38
      vertex 24.7 19.54833395016046 38
    endloop
  endfacet
  facet normal 0 0 -1
    outer loop
      vertex 18.2 19.54833395016046 38
      vertex 15.6 21.799999999999997 38
      vertex 16.9 21.799999999999997 38
    endloop
  endfacet
  facet normal 0 0 -1
    outer loop
      vertex 15.6 21.799999999999997 38
      vertex 14.3 24.051666049839536 38
      vertex 16.9 21.799999999999997 38
    endloop
  endfacet
  facet normal 0 0 -1
    outer loop
      vertex 16.9 21.799999999999997 38
      vertex 14.3 24.051666049839536 38
      vertex 18.2 24.051666049839536 38
    endloop
  endfacet
  facet normal 0 0 -1
    outer loop
      vertex -5.2 24.051666049839536 38
      vertex 41.399999998509884 25.399999998509884 38
      vertex -1.3 24.051666049839536 38
    endloop
  endfacet
  facet normal 0 0 -1
    outer loop
      vertex -1.3 24.051666049839536 38
      vertex 41.399999998509884 25.399999998509884 38
      vertex 1.3 24.051666049839536 38
    endloop
  endfacet
  facet normal 0 0 -1
    outer loop
      vertex 1.3 24.051666049839536 38
      vertex 41.399999998509884 25.399999998509884 38
      vertex 5.2 24.051666049839536 38
    endloop
  endfacet
  facet normal 0 0 -1
    outer loop
      vertex 22.1 21.799999999999997 38
      vertex 20.8 24.051666049839536 38
      vertex 23.4 21.799999999999997 38
    endloop
  endfacet
  facet normal 0 0 -1
    outer loop
      vertex 5.2 24.051666049839536 38
      vertex 41.399999998509884 25.399999998509884 38
      vertex 7.8 24.051666049839536 38
    endloop
  endfacet
  facet normal 0 0 -1
    outer loop
      vertex 7.8 24.051666049839536 38
      vertex 41.399999998509884 25.399999998509884 38
      vertex 11.7 24.051666049839536 38
    endloop
  endfacet
  facet normal 0 0 -1
    outer loop
      vertex 11.7 24.051666049839536 38
      vertex 41.399999998509884 25.399999998509884 38
      vertex 14.3 24.051666049839536 38
    endloop
  endfacet
  facet normal -1 0 0
    outer loop
      vertex 43.399999998509884 -23.399999998509884 38
      vertex 43.399999998509884 23.399999998509884 38
      vertex 43.399999998509884 23.399999998509884 4.99
    endloop
  endfacet
  facet normal 0 0 -1
    outer loop
      vertex 41.399999998509884 -25.399999998509884 38
      vertex 14.95 13.919333950160459 38
      vertex 17.55 13.919333950160459 38
    endloop
  endfacet
  facet normal 0 0 -1
    outer loop
      vertex 41.399999998509884 -25.399999998509884 38
      vertex 17.55 13.919333950160459 38
      vertex 21.45 13.919333950160459 38
    endloop
  endfacet
  facet normal 0 0 -1
    outer loop
      vertex 41.399999998509884 -25.399999998509884 38
      vertex 21.45 13.919333950160459 38
      vertex 24.05 13.919333950160459 38
    endloop
  endfacet
  facet normal 0 0 -1
    outer loop
      vertex 41.399999998509884 -25.399999998509884 38
      vertex 24.05 13.919333950160459 38
      vertex 27.95 13.919333950160459 38
    endloop
  endfacet
  facet normal 0 0 -1
    outer loop
      vertex 41.399999998509884 -25.399999998509884 38
      vertex 27.95 13.919333950160459 38
      vertex 30.55 13.919333950160459 38
    endloop
  endfacet
  facet normal 0 0 -1
    outer loop
      vertex 41.399999998509884 -25.399999998509884 38
      vertex 30.55 13.919333950160459 38
      vertex 31.85 16.171 38
    endloop
  endfacet
  facet normal 0 0 -1
    outer loop
      vertex 41.399999998509884 -25.399999998509884 38
      vertex 31.85 16.171 38
      vertex 41.399999998509884 25.399999998509884 38
    endloop
  endfacet
  facet normal 0 0 -1
    outer loop
      vertex 41.661052383482456 -25.382889725267887 38
      vertex 41.399999998509884 25.399999998509884 38
      vertex 41.661052383482456 25.382889725267887 38
    endloop
  endfacet
  facet normal 0 0 -1
    outer loop
      vertex 41.91763809323311 -25.33185165375471 38
      vertex 41.661052383482456 25.382889725267887 38
      vertex 41.91763809323311 25.33185165375471 38
    endloop
  endfacet
  facet normal 0 0 -1
    outer loop
      vertex 42.16536686569452 -25.24775906652212 38
      vertex 41.91763809323311 25.33185165375471 38
      vertex 42.16536686569452 25.24775906652212 38
    endloop
  endfacet
  facet normal 0 0 -1
    outer loop
      vertex 42.399999998509884 -25.132050804793835 38
      vertex 42.16536686569452 25.24775906652212 38
      vertex 42.399999998509884 25.132050804793835 38
    endloop
  endfacet
  facet normal 0 0 -1
    outer loop
      vertex 42.61752285808325 -24.98670668154955 38
      vertex 42.399999998509884 25.132050804793835 38
      vertex 42.61752285808325 24.98670668154955 38
    endloop
  endfacet
  facet normal 0 0 -1
    outer loop
      vertex 43.24775906652212 -24.165366865694523 38
      vertex 43.132050804793835 24.399999998509884 38
      vertex 43.24775906652212 24.165366865694523 38
    endloop
  endfacet
  facet normal 0 0 -1
    outer loop
      vertex 42.81421355903149 -24.814213559031487 38
      vertex 42.61752285808325 24.98670668154955 38
      vertex 42.81421355903149 24.814213559031487 38
    endloop
  endfacet
  facet normal 0 0 -1
    outer loop
      vertex 43.132050804793835 -24.399999998509884 38
      vertex 42.98670668154955 24.617522858083248 38
      vertex 43.132050804793835 24.399999998509884 38
    endloop
  endfacet
  facet normal 0 0 -1
    outer loop
      vertex 42.98670668154955 -24.617522858083248 38
      vertex 42.81421355903149 24.814213559031487 38
      vertex 42.98670668154955 24.617522858083248 38
    endloop
  endfacet
  facet normal 0 0 -1
    outer loop
      vertex 43.399999998509884 -23.399999998509884 38
      vertex 43.38288972526789 23.661052383482456 38
      vertex 43.399999998509884 23.399999998509884 38
    endloop
  endfacet
  facet normal 0 0 -1
    outer loop
      vertex 43.38288972526789 -23.661052383482456 38
      vertex 43.33185165375471 23.91763809323311 38
      vertex 43.38288972526789 23.661052383482456 38
    endloop
  endfacet
  facet normal 0 0 -1
    outer loop
      vertex 43.33185165375471 -23.91763809323311 38
      vertex 43.24775906652212 24.165366865694523 38
      vertex 43.33185165375471 23.91763809323311 38
    endloop
  endfacet
  facet normal -0.9978589242477587 -0.06540311383340917 0
    outer loop
      vertex 43.38288972526789 23.661052383482456 4.99
      vertex 43.399999998509884 23.399999998509884 38
      vertex 43.38288972526789 23.661052383482456 38
    endloop
  endfacet
  facet normal -0.9807852800003176 -0.19509032404170848 0
    outer loop
      vertex 43.33185165375471 23.91763809323311 4.99
      vertex 43.38288972526789 23.661052383482456 38
      vertex 43.33185165375471 23.91763809323311 38
    endloop
  endfacet
  facet normal -0.06540311383340917 -0.9978589242477587 0
    outer loop
      vertex 41.399999998509884 25.399999998509884 4.99
      vertex 41.661052383482456 25.382889725267887 38
      vertex 41.399999998509884 25.399999998509884 38
    endloop
  endfacet
  facet normal -0.19509032404170848 -0.9807852800003176 0
    outer loop
      vertex 41.661052383482456 25.382889725267887 4.99
      vertex 41.91763809323311 25.33185165375471 38
      vertex 41.661052383482456 25.382889725267887 38
    endloop
  endfacet
  facet normal -0.44228870708373313 -0.8968727332159226 0
    outer loop
      vertex 42.16536686569452 25.24775906652212 4.99
      vertex 42.399999998509884 25.132050804793835 38
      vertex 42.16536686569452 25.24775906652212 38
    endloop
  endfacet
  facet normal -0.5555702203832522 -0.8314696207458844 0
    outer loop
      vertex 42.399999998509884 25.132050804793835 4.99
      vertex 42.61752285808325 24.98670668154955 38
      vertex 42.399999998509884 25.132050804793835 38
    endloop
  endfacet
  facet normal -0.3214394665972703 -0.946930129055815 0
    outer loop
      vertex 41.91763809323311 25.33185165375471 4.99
      vertex 42.16536686569452 25.24775906652212 38
      vertex 41.91763809323311 25.33185165375471 38
    endloop
  endfacet
  facet normal -0.8968727332159226 -0.44228870708373313 0
    outer loop
      vertex 43.132050804793835 24.399999998509884 4.99
      vertex 43.24775906652212 24.165366865694523 38
      vertex 43.132050804793835 24.399999998509884 38
    endloop
  endfacet
  facet normal -0.7518397936522606 -0.6593458308664175 0
    outer loop
      vertex 42.81421355903149 24.814213559031487 4.99
      vertex 42.98670668154955 24.617522858083248 38
      vertex 42.81421355903149 24.814213559031487 38
    endloop
  endfacet
  facet normal -0.8314696207458844 -0.5555702203832522 0
    outer loop
      vertex 42.98670668154955 24.617522858083248 4.99
      vertex 43.132050804793835 24.399999998509884 38
      vertex 42.98670668154955 24.617522858083248 38
    endloop
  endfacet
  facet normal -0.946930129055815 -0.3214394665972703 0
    outer loop
      vertex 43.24775906652212 24.165366865694523 4.99
      vertex 43.33185165375471 23.91763809323311 38
      vertex 43.24775906652212 24.165366865694523 38
    endloop
  endfacet
  facet normal -0.6593458308664175 -0.7518397936522606 0
    outer loop
      vertex 42.61752285808325 24.98670668154955 4.99
      vertex 42.81421355903149 24.814213559031487 38
      vertex 42.61752285808325 24.98670668154955 38
    endloop
  endfacet
  facet normal 0 0 -1
    outer loop
      vertex 25.35 16.171 38
      vertex 24.05 18.42266604983954 38
      vertex 26.65 16.171 38
    endloop
  endfacet
  facet normal 0 0 -1
    outer loop
      vertex 24.05 13.919333950160459 38
      vertex 25.35 16.171 38
      vertex 27.95 13.919333950160459 38
    endloop
  endfacet
  facet normal 0 0 -1
    outer loop
      vertex 25.35 16.171 38
      vertex 26.65 16.171 38
      vertex 27.95 13.919333950160459 38
    endloop
  endfacet
  facet normal 0 0 -1
    outer loop
      vertex 21.45 18.42266604983954 38
      vertex 24.7 19.54833395016046 38
      vertex 24.05 18.42266604983954 38
    endloop
  endfacet
  facet normal 0 0 -1
    outer loop
      vertex 24.05 18.42266604983954 38
      vertex 24.7 19.54833395016046 38
      vertex 27.3 19.54833395016046 38
    endloop
  endfacet
  facet normal 0 0 -1
    outer loop
      vertex 26.65 16.171 38
      vertex 24.05 18.42266604983954 38
      vertex 27.95 18.42266604983954 38
    endloop
  endfacet
  facet normal 0 0 -1
    outer loop
      vertex 24.05 18.42266604983954 38
      vertex 27.3 19.54833395016046 38
      vertex 27.95 18.42266604983954 38
    endloop
  endfacet
  facet normal 0 0 -1
    outer loop
      vertex 27.95 18.42266604983954 38
      vertex 31.2 19.54833395016046 38
      vertex 30.55 18.42266604983954 38
    endloop
  endfacet
  facet normal 0 0 -1
    outer loop
      vertex 27.95 18.42266604983954 38
      vertex 27.3 19.54833395016046 38
      vertex 31.2 19.54833395016046 38
    endloop
  endfacet
  facet normal 0 0 -1
    outer loop
      vertex 27.3 19.54833395016046 38
      vertex 28.6 21.799999999999997 38
      vertex 31.2 19.54833395016046 38
    endloop
  endfacet
  facet normal 0 0 -1
    outer loop
      vertex 31.85 16.171 38
      vertex 30.55 18.42266604983954 38
      vertex 33.8 19.54833395016046 38
    endloop
  endfacet
  facet normal 0 0 -1
    outer loop
      vertex 30.55 18.42266604983954 38
      vertex 31.2 19.54833395016046 38
      vertex 33.8 19.54833395016046 38
    endloop
  endfacet
  facet normal 0 0 -1
    outer loop
      vertex 22.1 21.799999999999997 38
      vertex 23.4 21.799999999999997 38
      vertex 24.7 19.54833395016046 38
    endloop
  endfacet
  facet normal 0 0 -1
    outer loop
      vertex 20.8 24.051666049839536 38
      vertex 24.7 24.051666049839536 38
      vertex 23.4 21.799999999999997 38
    endloop
  endfacet
  facet normal 0 0 -1
    outer loop
      vertex 14.3 24.051666049839536 38
      vertex 41.399999998509884 25.399999998509884 38
      vertex 18.2 24.051666049839536 38
    endloop
  endfacet
  facet normal 0 0 -1
    outer loop
      vertex 18.2 24.051666049839536 38
      vertex 41.399999998509884 25.399999998509884 38
      vertex 20.8 24.051666049839536 38
    endloop
  endfacet
  facet normal 0 0 -1
    outer loop
      vertex 31.2 19.54833395016046 38
      vertex 28.6 21.799999999999997 38
      vertex 29.9 21.799999999999997 38
    endloop
  endfacet
  facet normal 0 0 -1
    outer loop
      vertex 27.3 24.051666049839536 38
      vertex 29.9 21.799999999999997 38
      vertex 28.6 21.799999999999997 38
    endloop
  endfacet
  facet normal 0 0 -1
    outer loop
      vertex 27.3 24.051666049839536 38
      vertex 31.2 24.051666049839536 38
      vertex 29.9 21.799999999999997 38
    endloop
  endfacet
  facet normal 0 0 -1
    outer loop
      vertex 20.8 24.051666049839536 38
      vertex 41.399999998509884 25.399999998509884 38
      vertex 24.7 24.051666049839536 38
    endloop
  endfacet
  facet normal 0 0 -1
    outer loop
      vertex 24.7 24.051666049839536 38
      vertex 41.399999998509884 25.399999998509884 38
      vertex 27.3 24.051666049839536 38
    endloop
  endfacet
  facet normal 0 0 -1
    outer loop
      vertex 27.3 24.051666049839536 38
      vertex 41.399999998509884 25.399999998509884 38
      vertex 31.2 24.051666049839536 38
    endloop
  endfacet
  facet normal 0 0 -1
    outer loop
      vertex 31.85 16.171 38
      vertex 33.8 19.54833395016046 38
      vertex 41.399999998509884 25.399999998509884 38
    endloop
  endfacet
  facet normal 0 0 -1
    outer loop
      vertex 33.8 19.54833395016046 38
      vertex 35.1 21.799999999999997 38
      vertex 41.399999998509884 25.399999998509884 38
    endloop
  endfacet
  facet normal 0 0 -1
    outer loop
      vertex 33.8 24.051666049839536 38
      vertex 41.399999998509884 25.399999998509884 38
      vertex 35.1 21.799999999999997 38
    endloop
  endfacet
  facet normal 0 0 -1
    outer loop
      vertex 31.2 24.051666049839536 38
      vertex 41.399999998509884 25.399999998509884 38
      vertex 33.8 24.051666049839536 38
    endloop
  endfacet
  facet normal 0.8660254037844377 0.5000000000000014 -1.8446276852962365e-17
    outer loop
      vertex -35.1 21.799999999999997 40
      vertex -33.8 19.54833395016046 40
      vertex -33.8 19.54833395016046 38
    endloop
  endfacet
  facet normal 0.8660254037844377 0.5000000000000014 0
    outer loop
      vertex -35.1 21.799999999999997 38
      vertex -35.1 21.799999999999997 40
      vertex -33.8 19.54833395016046 38
    endloop
  endfacet
  facet normal 0.8660254037844377 -0.5000000000000014 1.8446276852962365e-17
    outer loop
      vertex -35.1 21.799999999999997 38
      vertex -33.8 24.051666049839536 38
      vertex -33.8 24.051666049839536 40
    endloop
  endfacet
  facet normal 0.8660254037844377 -0.5000000000000014 0
    outer loop
      vertex -35.1 21.799999999999997 38
      vertex -33.8 24.051666049839536 40
      vertex -35.1 21.799999999999997 40
    endloop
  endfacet
  facet normal 0 1 0
    outer loop
      vertex -33.8 19.54833395016046 38
      vertex -33.8 19.54833395016046 40
      vertex -31.2 19.54833395016046 38
    endloop
  endfacet
  facet normal 0 1 0
    outer loop
      vertex -33.8 19.54833395016046 40
      vertex -31.2 19.54833395016046 40
      vertex -31.2 19.54833395016046 38
    endloop
  endfacet
  facet normal -0.8660254037844383 0.5000000000000004 0
    outer loop
      vertex -31.2 19.54833395016046 38
      vertex -31.2 19.54833395016046 40
      vertex -29.9 21.799999999999997 38
    endloop
  endfacet
  facet normal -0.8660254037844383 0.5000000000000004 1.7308007996329076e-17
    outer loop
      vertex -31.2 19.54833395016046 40
      vertex -29.9 21.799999999999997 40
      vertex -29.9 21.799999999999997 38
    endloop
  endfacet
  facet normal -0.8660254037844383 -0.5000000000000004 0
    outer loop
      vertex -29.9 21.799999999999997 38
      vertex -29.9 21.799999999999997 40
      vertex -31.2 24.051666049839536 38
    endloop
  endfacet
  facet normal -0.8660254037844383 -0.5000000000000004 -1.7308007996329076e-17
    outer loop
      vertex -29.9 21.799999999999997 40
      vertex -31.2 24.051666049839536 40
      vertex -31.2 24.051666049839536 38
    endloop
  endfacet
  facet normal 0 -1 0
    outer loop
      vertex -33.8 24.051666049839536 38
      vertex -31.2 24.051666049839536 38
      vertex -31.2 24.051666049839536 40
    endloop
  endfacet
  facet normal 0 -1 0
    outer loop
      vertex -33.8 24.051666049839536 38
      vertex -31.2 24.051666049839536 40
      vertex -33.8 24.051666049839536 40
    endloop
  endfacet
  facet normal 0 1 0
    outer loop
      vertex -27.3 19.54833395016046 38
      vertex -27.3 19.54833395016046 40
      vertex -24.7 19.54833395016046 38
    endloop
  endfacet
  facet normal 0.8660254037844383 0.5000000000000004 0
    outer loop
      vertex -27.3 19.54833395016046 38
      vertex -28.6 21.799999999999997 40
      vertex -27.3 19.54833395016046 40
    endloop
  endfacet
  facet normal 0 1 0
    outer loop
      vertex -27.3 19.54833395016046 40
      vertex -24.7 19.54833395016046 40
      vertex -24.7 19.54833395016046 38
    endloop
  endfacet
  facet normal -0.8660254037844383 0.5000000000000004 0
    outer loop
      vertex -24.7 19.54833395016046 38
      vertex -24.7 19.54833395016046 40
      vertex -23.4 21.799999999999997 38
    endloop
  endfacet
  facet normal 0.8660254037844383 0.5000000000000004 -1.7308007996329076e-17
    outer loop
      vertex -27.3 19.54833395016046 38
      vertex -28.6 21.799999999999997 38
      vertex -28.6 21.799999999999997 40
    endloop
  endfacet
  facet normal 0.8660254037844383 -0.5000000000000004 1.7308007996329076e-17
    outer loop
      vertex -28.6 21.799999999999997 38
      vertex -27.3 24.051666049839536 38
      vertex -27.3 24.051666049839536 40
    endloop
  endfacet
  facet normal 0.8660254037844383 -0.5000000000000004 0
    outer loop
      vertex -28.6 21.799999999999997 38
      vertex -27.3 24.051666049839536 40
      vertex -28.6 21.799999999999997 40
    endloop
  endfacet
  facet normal -0.8660254037844383 0.5000000000000004 1.7308007996329076e-17
    outer loop
      vertex -24.7 19.54833395016046 40
      vertex -23.4 21.799999999999997 40
      vertex -23.4 21.799999999999997 38
    endloop
  endfacet
  facet normal -0.8660254037844383 -0.5000000000000004 0
    outer loop
      vertex -23.4 21.799999999999997 38
      vertex -23.4 21.799999999999997 40
      vertex -24.7 24.051666049839536 38
    endloop
  endfacet
  facet normal -0.8660254037844383 -0.5000000000000004 -1.7308007996329076e-17
    outer loop
      vertex -23.4 21.799999999999997 40
      vertex -24.7 24.051666049839536 40
      vertex -24.7 24.051666049839536 38
    endloop
  endfacet
  facet normal 0 -1 0
    outer loop
      vertex -27.3 24.051666049839536 38
      vertex -24.7 24.051666049839536 38
      vertex -24.7 24.051666049839536 40
    endloop
  endfacet
  facet normal 0 -1 0
    outer loop
      vertex -27.3 24.051666049839536 38
      vertex -24.7 24.051666049839536 40
      vertex -27.3 24.051666049839536 40
    endloop
  endfacet
  facet normal 0 1 0
    outer loop
      vertex -20.8 19.54833395016046 38
      vertex -20.8 19.54833395016046 40
      vertex -18.2 19.54833395016046 38
    endloop
  endfacet
  facet normal 0.8660254037844383 0.5000000000000004 0
    outer loop
      vertex -20.8 19.54833395016046 38
      vertex -22.1 21.799999999999997 40
      vertex -20.8 19.54833395016046 40
    endloop
  endfacet
  facet normal -0.8660254037844383 0.5000000000000004 0
    outer loop
      vertex -18.2 19.54833395016046 38
      vertex -18.2 19.54833395016046 40
      vertex -16.9 21.799999999999997 38
    endloop
  endfacet
  facet normal 0 1 0
    outer loop
      vertex -20.8 19.54833395016046 40
      vertex -18.2 19.54833395016046 40
      vertex -18.2 19.54833395016046 38
    endloop
  endfacet
  facet normal 0.8660254037844383 0.5000000000000004 -1.7308007996329076e-17
    outer loop
      vertex -20.8 19.54833395016046 38
      vertex -22.1 21.799999999999997 38
      vertex -22.1 21.799999999999997 40
    endloop
  endfacet
  facet normal 0.8660254037844383 -0.5000000000000004 1.7308007996329076e-17
    outer loop
      vertex -22.1 21.799999999999997 38
      vertex -20.8 24.051666049839536 38
      vertex -20.8 24.051666049839536 40
    endloop
  endfacet
  facet normal 0.8660254037844383 -0.5000000000000004 0
    outer loop
      vertex -22.1 21.799999999999997 38
      vertex -20.8 24.051666049839536 40
      vertex -22.1 21.799999999999997 40
    endloop
  endfacet
  facet normal -0.8660254037844383 0.5000000000000004 1.7308007996329076e-17
    outer loop
      vertex -18.2 19.54833395016046 40
      vertex -16.9 21.799999999999997 40
      vertex -16.9 21.799999999999997 38
    endloop
  endfacet
  facet normal -0.8660254037844383 -0.5000000000000004 -1.7308007996329076e-17
    outer loop
      vertex -18.2 24.051666049839536 38
      vertex -16.9 21.799999999999997 38
      vertex -16.9 21.799999999999997 40
    endloop
  endfacet
  facet normal -0.8660254037844383 -0.5000000000000004 0
    outer loop
      vertex -18.2 24.051666049839536 38
      vertex -16.9 21.799999999999997 40
      vertex -18.2 24.051666049839536 40
    endloop
  endfacet
  facet normal 0 -1 0
    outer loop
      vertex -20.8 24.051666049839536 38
      vertex -18.2 24.051666049839536 40
      vertex -20.8 24.051666049839536 40
    endloop
  endfacet
  facet normal 0 -1 0
    outer loop
      vertex -20.8 24.051666049839536 38
      vertex -18.2 24.051666049839536 38
      vertex -18.2 24.051666049839536 40
    endloop
  endfacet
  facet normal 0.8660254037844386 0.4999999999999999 0
    outer loop
      vertex -14.3 19.54833395016046 38
      vertex -15.6 21.799999999999997 40
      vertex -14.3 19.54833395016046 40
    endloop
  endfacet
  facet normal 0 1 0
    outer loop
      vertex -14.3 19.54833395016046 38
      vertex -14.3 19.54833395016046 40
      vertex -11.7 19.54833395016046 38
    endloop
  endfacet
  facet normal 0 1 0
    outer loop
      vertex -14.3 19.54833395016046 40
      vertex -11.7 19.54833395016046 40
      vertex -11.7 19.54833395016046 38
    endloop
  endfacet
  facet normal 0.8660254037844386 0.4999999999999999 -1.6738873568012428e-17
    outer loop
      vertex -14.3 19.54833395016046 38
      vertex -15.6 21.799999999999997 38
      vertex -15.6 21.799999999999997 40
    endloop
  endfacet
  facet normal 0.8660254037844386 -0.4999999999999999 1.6738873568012428e-17
    outer loop
      vertex -15.6 21.799999999999997 38
      vertex -14.3 24.051666049839536 38
      vertex -14.3 24.051666049839536 40
    endloop
  endfacet
  facet normal 0.8660254037844386 -0.4999999999999999 0
    outer loop
      vertex -15.6 21.799999999999997 38
      vertex -14.3 24.051666049839536 40
      vertex -15.6 21.799999999999997 40
    endloop
  endfacet
  facet normal 0 -1 0
    outer loop
      vertex -14.3 24.051666049839536 38
      vertex -11.7 24.051666049839536 38
      vertex -11.7 24.051666049839536 40
    endloop
  endfacet
  facet normal 0 -1 0
    outer loop
      vertex -14.3 24.051666049839536 38
      vertex -11.7 24.051666049839536 40
      vertex -14.3 24.051666049839536 40
    endloop
  endfacet
  facet normal -0.8660254037844386 0.4999999999999999 0
    outer loop
      vertex -11.7 19.54833395016046 38
      vertex -11.7 19.54833395016046 40
      vertex -10.4 21.799999999999997 38
    endloop
  endfacet
  facet normal -0.8660254037844386 0.4999999999999999 1.6738873568012428e-17
    outer loop
      vertex -11.7 19.54833395016046 40
      vertex -10.4 21.799999999999997 40
      vertex -10.4 21.799999999999997 38
    endloop
  endfacet
  facet normal -0.8660254037844386 -0.4999999999999999 -1.6738873568012428e-17
    outer loop
      vertex -11.7 24.051666049839536 38
      vertex -10.4 21.799999999999997 38
      vertex -10.4 21.799999999999997 40
    endloop
  endfacet
  facet normal -0.8660254037844386 -0.4999999999999999 0
    outer loop
      vertex -11.7 24.051666049839536 38
      vertex -10.4 21.799999999999997 40
      vertex -11.7 24.051666049839536 40
    endloop
  endfacet
  facet normal 0 1 0
    outer loop
      vertex -7.8 19.54833395016046 38
      vertex -7.8 19.54833395016046 40
      vertex -5.2 19.54833395016046 38
    endloop
  endfacet
  facet normal 0.8660254037844385 0.5000000000000002 0
    outer loop
      vertex -7.8 19.54833395016046 38
      vertex -9.1 21.799999999999997 40
      vertex -7.8 19.54833395016046 40
    endloop
  endfacet
  facet normal 0 1 0
    outer loop
      vertex -7.8 19.54833395016046 40
      vertex -5.2 19.54833395016046 40
      vertex -5.2 19.54833395016046 38
    endloop
  endfacet
  facet normal -0.8660254037844385 0.5000000000000003 0
    outer loop
      vertex -5.2 19.54833395016046 38
      vertex -5.2 19.54833395016046 40
      vertex -3.9 21.799999999999997 38
    endloop
  endfacet
  facet normal 0.8660254037844385 0.5000000000000002 2.567744478033529e-17
    outer loop
      vertex -7.8 19.54833395016046 38
      vertex -9.1 21.799999999999997 38
      vertex -9.1 21.799999999999997 40
    endloop
  endfacet
  facet normal 0.8660254037844385 -0.5000000000000002 0
    outer loop
      vertex -9.1 21.799999999999997 38
      vertex -7.8 24.051666049839536 40
      vertex -9.1 21.799999999999997 40
    endloop
  endfacet
  facet normal 0.8660254037844385 -0.5000000000000002 -2.567744478033529e-17
    outer loop
      vertex -9.1 21.799999999999997 38
      vertex -7.8 24.051666049839536 38
      vertex -7.8 24.051666049839536 40
    endloop
  endfacet
  facet normal 0 -1 0
    outer loop
      vertex -7.8 24.051666049839536 38
      vertex -5.2 24.051666049839536 38
      vertex -5.2 24.051666049839536 40
    endloop
  endfacet
  facet normal 0 -1 0
    outer loop
      vertex -7.8 24.051666049839536 38
      vertex -5.2 24.051666049839536 40
      vertex -7.8 24.051666049839536 40
    endloop
  endfacet
  facet normal -0.8660254037844385 0.5000000000000003 -4.184718392003106e-18
    outer loop
      vertex -5.2 19.54833395016046 40
      vertex -3.9 21.799999999999997 40
      vertex -3.9 21.799999999999997 38
    endloop
  endfacet
  facet normal -0.8660254037844385 -0.5000000000000003 0
    outer loop
      vertex -3.9 21.799999999999997 38
      vertex -3.9 21.799999999999997 40
      vertex -5.2 24.051666049839536 38
    endloop
  endfacet
  facet normal -0.8660254037844385 -0.5000000000000003 4.184718392003106e-18
    outer loop
      vertex -3.9 21.799999999999997 40
      vertex -5.2 24.051666049839536 40
      vertex -5.2 24.051666049839536 38
    endloop
  endfacet
  facet normal 0 1 0
    outer loop
      vertex -1.3 19.54833395016046 38
      vertex -1.3 19.54833395016046 40
      vertex 1.3 19.54833395016046 38
    endloop
  endfacet
  facet normal 0.8660254037844385 0.5000000000000002 0
    outer loop
      vertex -1.3 19.54833395016046 38
      vertex -2.6 21.799999999999997 40
      vertex -1.3 19.54833395016046 40
    endloop
  endfacet
  facet normal 0.8660254037844385 0.5000000000000002 1.4931081586169198e-17
    outer loop
      vertex -1.3 19.54833395016046 38
      vertex -2.6 21.799999999999997 38
      vertex -2.6 21.799999999999997 40
    endloop
  endfacet
  facet normal 0.8660254037844385 -0.5000000000000002 -1.4931081586169198e-17
    outer loop
      vertex -2.6 21.799999999999997 38
      vertex -1.3 24.051666049839536 38
      vertex -1.3 24.051666049839536 40
    endloop
  endfacet
  facet normal 0.8660254037844385 -0.5000000000000002 0
    outer loop
      vertex -2.6 21.799999999999997 38
      vertex -1.3 24.051666049839536 40
      vertex -2.6 21.799999999999997 40
    endloop
  endfacet
  facet normal 0 -1 0
    outer loop
      vertex -1.3 24.051666049839536 38
      vertex 1.3 24.051666049839536 40
      vertex -1.3 24.051666049839536 40
    endloop
  endfacet
  facet normal -0.8660254037844385 0.5000000000000002 0
    outer loop
      vertex 1.3 19.54833395016046 38
      vertex 1.3 19.54833395016046 40
      vertex 2.6 21.799999999999997 38
    endloop
  endfacet
  facet normal 0 1 0
    outer loop
      vertex -1.3 19.54833395016046 40
      vertex 1.3 19.54833395016046 40
      vertex 1.3 19.54833395016046 38
    endloop
  endfacet
  facet normal -0.8660254037844385 0.5000000000000002 -1.4931081586169198e-17
    outer loop
      vertex 1.3 19.54833395016046 40
      vertex 2.6 21.799999999999997 40
      vertex 2.6 21.799999999999997 38
    endloop
  endfacet
  facet normal -0.8660254037844385 -0.5000000000000002 0
    outer loop
      vertex 2.6 21.799999999999997 38
      vertex 2.6 21.799999999999997 40
      vertex 1.3 24.051666049839536 38
    endloop
  endfacet
  facet normal -0.8660254037844385 -0.5000000000000002 1.4931081586169198e-17
    outer loop
      vertex 2.6 21.799999999999997 40
      vertex 1.3 24.051666049839536 40
      vertex 1.3 24.051666049839536 38
    endloop
  endfacet
  facet normal 0 -1 0
    outer loop
      vertex -1.3 24.051666049839536 38
      vertex 1.3 24.051666049839536 38
      vertex 1.3 24.051666049839536 40
    endloop
  endfacet
  facet normal 0.8660254037844385 0.5000000000000003 0
    outer loop
      vertex 5.2 19.54833395016046 38
      vertex 3.9 21.799999999999997 40
      vertex 5.2 19.54833395016046 40
    endloop
  endfacet
  facet normal 0 1 0
    outer loop
      vertex 5.2 19.54833395016046 38
      vertex 5.2 19.54833395016046 40
      vertex 7.8 19.54833395016046 38
    endloop
  endfacet
  facet normal -0.8660254037844385 0.5000000000000002 0
    outer loop
      vertex 7.8 19.54833395016046 38
      vertex 7.8 19.54833395016046 40
      vertex 9.1 21.799999999999997 38
    endloop
  endfacet
  facet normal 0 1 0
    outer loop
      vertex 5.2 19.54833395016046 40
      vertex 7.8 19.54833395016046 40
      vertex 7.8 19.54833395016046 38
    endloop
  endfacet
  facet normal 0.8660254037844385 0.5000000000000003 4.184718392003106e-18
    outer loop
      vertex 5.2 19.54833395016046 38
      vertex 3.9 21.799999999999997 38
      vertex 3.9 21.799999999999997 40
    endloop
  endfacet
  facet normal 0.8660254037844385 -0.5000000000000003 -4.184718392003106e-18
    outer loop
      vertex 3.9 21.799999999999997 38
      vertex 5.2 24.051666049839536 38
      vertex 5.2 24.051666049839536 40
    endloop
  endfacet
  facet normal 0.8660254037844385 -0.5000000000000003 0
    outer loop
      vertex 3.9 21.799999999999997 38
      vertex 5.2 24.051666049839536 40
      vertex 3.9 21.799999999999997 40
    endloop
  endfacet
  facet normal -0.8660254037844385 -0.5000000000000002 2.567744478033529e-17
    outer loop
      vertex 9.1 21.799999999999997 40
      vertex 7.8 24.051666049839536 40
      vertex 7.8 24.051666049839536 38
    endloop
  endfacet
  facet normal -0.8660254037844385 0.5000000000000002 -2.567744478033529e-17
    outer loop
      vertex 7.8 19.54833395016046 40
      vertex 9.1 21.799999999999997 40
      vertex 9.1 21.799999999999997 38
    endloop
  endfacet
  facet normal -0.8660254037844385 -0.5000000000000002 0
    outer loop
      vertex 9.1 21.799999999999997 38
      vertex 9.1 21.799999999999997 40
      vertex 7.8 24.051666049839536 38
    endloop
  endfacet
  facet normal 0 -1 0
    outer loop
      vertex 5.2 24.051666049839536 38
      vertex 7.8 24.051666049839536 38
      vertex 7.8 24.051666049839536 40
    endloop
  endfacet
  facet normal 0 -1 0
    outer loop
      vertex 5.2 24.051666049839536 38
      vertex 7.8 24.051666049839536 40
      vertex 5.2 24.051666049839536 40
    endloop
  endfacet
  facet normal 0.8660254037844386 0.4999999999999999 -1.6738873568012428e-17
    outer loop
      vertex 10.4 21.799999999999997 40
      vertex 11.7 19.54833395016046 40
      vertex 11.7 19.54833395016046 38
    endloop
  endfacet
  facet normal 0.8660254037844386 0.4999999999999999 0
    outer loop
      vertex 10.4 21.799999999999997 38
      vertex 10.4 21.799999999999997 40
      vertex 11.7 19.54833395016046 38
    endloop
  endfacet
  facet normal 0.8660254037844386 -0.4999999999999999 1.6738873568012428e-17
    outer loop
      vertex 10.4 21.799999999999997 38
      vertex 11.7 24.051666049839536 38
      vertex 11.7 24.051666049839536 40
    endloop
  endfacet
  facet normal 0.8660254037844386 -0.4999999999999999 0
    outer loop
      vertex 10.4 21.799999999999997 38
      vertex 11.7 24.051666049839536 40
      vertex 10.4 21.799999999999997 40
    endloop
  endfacet
  facet normal 0 1 0
    outer loop
      vertex 11.7 19.54833395016046 38
      vertex 11.7 19.54833395016046 40
      vertex 14.3 19.54833395016046 38
    endloop
  endfacet
  facet normal 0 1 0
    outer loop
      vertex 11.7 19.54833395016046 40
      vertex 14.3 19.54833395016046 40
      vertex 14.3 19.54833395016046 38
    endloop
  endfacet
  facet normal -0.8660254037844386 0.4999999999999999 0
    outer loop
      vertex 14.3 19.54833395016046 38
      vertex 14.3 19.54833395016046 40
      vertex 15.6 21.799999999999997 38
    endloop
  endfacet
  facet normal -0.8660254037844386 0.4999999999999999 1.6738873568012428e-17
    outer loop
      vertex 14.3 19.54833395016046 40
      vertex 15.6 21.799999999999997 40
      vertex 15.6 21.799999999999997 38
    endloop
  endfacet
  facet normal -0.8660254037844386 -0.4999999999999999 0
    outer loop
      vertex 15.6 21.799999999999997 38
      vertex 15.6 21.799999999999997 40
      vertex 14.3 24.051666049839536 38
    endloop
  endfacet
  facet normal -0.8660254037844386 -0.4999999999999999 -1.6738873568012428e-17
    outer loop
      vertex 15.6 21.799999999999997 40
      vertex 14.3 24.051666049839536 40
      vertex 14.3 24.051666049839536 38
    endloop
  endfacet
  facet normal 0 -1 0
    outer loop
      vertex 11.7 24.051666049839536 38
      vertex 14.3 24.051666049839536 38
      vertex 14.3 24.051666049839536 40
    endloop
  endfacet
  facet normal 0 -1 0
    outer loop
      vertex 11.7 24.051666049839536 38
      vertex 14.3 24.051666049839536 40
      vertex 11.7 24.051666049839536 40
    endloop
  endfacet
  facet normal 0 1 0
    outer loop
      vertex 18.2 19.54833395016046 38
      vertex 18.2 19.54833395016046 40
      vertex 20.8 19.54833395016046 38
    endloop
  endfacet
  facet normal 0.8660254037844383 0.5000000000000004 0
    outer loop
      vertex 18.2 19.54833395016046 38
      vertex 16.9 21.799999999999997 40
      vertex 18.2 19.54833395016046 40
    endloop
  endfacet
  facet normal -0.8660254037844383 0.5000000000000004 0
    outer loop
      vertex 20.8 19.54833395016046 38
      vertex 20.8 19.54833395016046 40
      vertex 22.1 21.799999999999997 38
    endloop
  endfacet
  facet normal 0 1 0
    outer loop
      vertex 18.2 19.54833395016046 40
      vertex 20.8 19.54833395016046 40
      vertex 20.8 19.54833395016046 38
    endloop
  endfacet
  facet normal 0.8660254037844383 0.5000000000000004 -1.7308007996329076e-17
    outer loop
      vertex 18.2 19.54833395016046 38
      vertex 16.9 21.799999999999997 38
      vertex 16.9 21.799999999999997 40
    endloop
  endfacet
  facet normal 0.8660254037844383 -0.5000000000000004 1.7308007996329076e-17
    outer loop
      vertex 16.9 21.799999999999997 38
      vertex 18.2 24.051666049839536 38
      vertex 18.2 24.051666049839536 40
    endloop
  endfacet
  facet normal 0.8660254037844383 -0.5000000000000004 0
    outer loop
      vertex 16.9 21.799999999999997 38
      vertex 18.2 24.051666049839536 40
      vertex 16.9 21.799999999999997 40
    endloop
  endfacet
  facet normal -0.8660254037844383 0.5000000000000004 1.7308007996329076e-17
    outer loop
      vertex 20.8 19.54833395016046 40
      vertex 22.1 21.799999999999997 40
      vertex 22.1 21.799999999999997 38
    endloop
  endfacet
  facet normal -0.8660254037844383 -0.5000000000000004 0
    outer loop
      vertex 22.1 21.799999999999997 38
      vertex 22.1 21.799999999999997 40
      vertex 20.8 24.051666049839536 38
    endloop
  endfacet
  facet normal -0.8660254037844383 -0.5000000000000004 -1.7308007996329076e-17
    outer loop
      vertex 22.1 21.799999999999997 40
      vertex 20.8 24.051666049839536 40
      vertex 20.8 24.051666049839536 38
    endloop
  endfacet
  facet normal 0 -1 0
    outer loop
      vertex 18.2 24.051666049839536 38
      vertex 20.8 24.051666049839536 40
      vertex 18.2 24.051666049839536 40
    endloop
  endfacet
  facet normal 0 -1 0
    outer loop
      vertex 18.2 24.051666049839536 38
      vertex 20.8 24.051666049839536 38
      vertex 20.8 24.051666049839536 40
    endloop
  endfacet
  facet normal 0.8660254037844383 0.5000000000000004 0
    outer loop
      vertex 24.7 19.54833395016046 38
      vertex 23.4 21.799999999999997 40
      vertex 24.7 19.54833395016046 40
    endloop
  endfacet
  facet normal 0 1 0
    outer loop
      vertex 24.7 19.54833395016046 38
      vertex 24.7 19.54833395016046 40
      vertex 27.3 19.54833395016046 38
    endloop
  endfacet
  facet normal -0.8660254037844383 0.5000000000000004 0
    outer loop
      vertex 27.3 19.54833395016046 38
      vertex 27.3 19.54833395016046 40
      vertex 28.6 21.799999999999997 38
    endloop
  endfacet
  facet normal 0 1 0
    outer loop
      vertex 24.7 19.54833395016046 40
      vertex 27.3 19.54833395016046 40
      vertex 27.3 19.54833395016046 38
    endloop
  endfacet
  facet normal 0.8660254037844383 0.5000000000000004 -1.7308007996329076e-17
    outer loop
      vertex 24.7 19.54833395016046 38
      vertex 23.4 21.799999999999997 38
      vertex 23.4 21.799999999999997 40
    endloop
  endfacet
  facet normal 0.8660254037844383 -0.5000000000000004 1.7308007996329076e-17
    outer loop
      vertex 23.4 21.799999999999997 38
      vertex 24.7 24.051666049839536 38
      vertex 24.7 24.051666049839536 40
    endloop
  endfacet
  facet normal 0.8660254037844383 -0.5000000000000004 0
    outer loop
      vertex 23.4 21.799999999999997 38
      vertex 24.7 24.051666049839536 40
      vertex 23.4 21.799999999999997 40
    endloop
  endfacet
  facet normal -0.8660254037844383 0.5000000000000004 1.7308007996329076e-17
    outer loop
      vertex 27.3 19.54833395016046 40
      vertex 28.6 21.799999999999997 40
      vertex 28.6 21.799999999999997 38
    endloop
  endfacet
  facet normal -0.8660254037844383 -0.5000000000000004 -1.7308007996329076e-17
    outer loop
      vertex 27.3 24.051666049839536 38
      vertex 28.6 21.799999999999997 38
      vertex 28.6 21.799999999999997 40
    endloop
  endfacet
  facet normal -0.8660254037844383 -0.5000000000000004 0
    outer loop
      vertex 27.3 24.051666049839536 38
      vertex 28.6 21.799999999999997 40
      vertex 27.3 24.051666049839536 40
    endloop
  endfacet
  facet normal 0 -1 0
    outer loop
      vertex 24.7 24.051666049839536 38
      vertex 27.3 24.051666049839536 38
      vertex 27.3 24.051666049839536 40
    endloop
  endfacet
  facet normal 0 -1 0
    outer loop
      vertex 24.7 24.051666049839536 38
      vertex 27.3 24.051666049839536 40
      vertex 24.7 24.051666049839536 40
    endloop
  endfacet
  facet normal 0.8660254037844383 0.5000000000000004 0
    outer loop
      vertex 31.2 19.54833395016046 38
      vertex 29.9 21.799999999999997 40
      vertex 31.2 19.54833395016046 40
    endloop
  endfacet
  facet normal 0 1 0
    outer loop
      vertex 31.2 19.54833395016046 38
      vertex 31.2 19.54833395016046 40
      vertex 33.8 19.54833395016046 38
    endloop
  endfacet
  facet normal 0 1 0
    outer loop
      vertex 31.2 19.54833395016046 40
      vertex 33.8 19.54833395016046 40
      vertex 33.8 19.54833395016046 38
    endloop
  endfacet
  facet normal 0.8660254037844383 0.5000000000000004 -1.7308007996329076e-17
    outer loop
      vertex 31.2 19.54833395016046 38
      vertex 29.9 21.799999999999997 38
      vertex 29.9 21.799999999999997 40
    endloop
  endfacet
  facet normal 0.8660254037844383 -0.5000000000000004 1.7308007996329076e-17
    outer loop
      vertex 29.9 21.799999999999997 38
      vertex 31.2 24.051666049839536 38
      vertex 31.2 24.051666049839536 40
    endloop
  endfacet
  facet normal 0.8660254037844383 -0.5000000000000004 0
    outer loop
      vertex 29.9 21.799999999999997 38
      vertex 31.2 24.051666049839536 40
      vertex 29.9 21.799999999999997 40
    endloop
  endfacet
  facet normal 0 -1 0
    outer loop
      vertex 31.2 24.051666049839536 38
      vertex 33.8 24.051666049839536 38
      vertex 33.8 24.051666049839536 40
    endloop
  endfacet
  facet normal 0 -1 0
    outer loop
      vertex 31.2 24.051666049839536 38
      vertex 33.8 24.051666049839536 40
      vertex 31.2 24.051666049839536 40
    endloop
  endfacet
  facet normal -0.8660254037844377 0.5000000000000014 0
    outer loop
      vertex 33.8 19.54833395016046 38
      vertex 33.8 19.54833395016046 40
      vertex 35.1 21.799999999999997 38
    endloop
  endfacet
  facet normal -0.8660254037844377 0.5000000000000014 1.8446276852962365e-17
    outer loop
      vertex 33.8 19.54833395016046 40
      vertex 35.1 21.799999999999997 40
      vertex 35.1 21.799999999999997 38
    endloop
  endfacet
  facet normal -0.8660254037844377 -0.5000000000000014 -1.8446276852962365e-17
    outer loop
      vertex 33.8 24.051666049839536 38
      vertex 35.1 21.799999999999997 38
      vertex 35.1 21.799999999999997 40
    endloop
  endfacet
  facet normal -0.8660254037844377 -0.5000000000000014 0
    outer loop
      vertex 33.8 24.051666049839536 38
      vertex 35.1 21.799999999999997 40
      vertex 33.8 24.051666049839536 40
    endloop
  endfacet
  facet normal 0.8660254037844383 0.5000000000000006 -6.254643818522113e-16
    outer loop
      vertex -31.85 16.171 40
      vertex -30.55 13.919333950160459 38
      vertex -31.53188000167652 15.620000000000001 38
    endloop
  endfacet
  facet normal 0.8660254037844393 0.4999999999999989 0
    outer loop
      vertex -31.85 16.171 38
      vertex -31.85 16.171 40
      vertex -31.53188000167652 15.620000000000001 38
    endloop
  endfacet
  facet normal 0.8660254037844383 -0.5000000000000004 0
    outer loop
      vertex -31.85 16.171 38
      vertex -30.55 18.42266604983954 40
      vertex -31.85 16.171 40
    endloop
  endfacet
  facet normal 0 1 0
    outer loop
      vertex -30.55 13.919333950160459 40
      vertex -27.95 13.919333950160459 38
      vertex -30.55 13.919333950160459 38
    endloop
  endfacet
  facet normal 0.8660254037844385 0.5000000000000002 -3.438836222133171e-17
    outer loop
      vertex -31.85 16.171 40
      vertex -30.55 13.919333950160459 40
      vertex -30.55 13.919333950160459 38
    endloop
  endfacet
  facet normal 0 1 0
    outer loop
      vertex -30.55 13.919333950160459 40
      vertex -27.95 13.919333950160459 40
      vertex -27.95 13.919333950160459 38
    endloop
  endfacet
  facet normal 0.8660254037844383 -0.5000000000000004 1.7308007996329076e-17
    outer loop
      vertex -31.85 16.171 38
      vertex -30.55 18.42266604983954 38
      vertex -30.55 18.42266604983954 40
    endloop
  endfacet
  facet normal 0 -1 0
    outer loop
      vertex -30.55 18.42266604983954 38
      vertex -27.95 18.42266604983954 38
      vertex -27.95 18.42266604983954 40
    endloop
  endfacet
  facet normal 0 -1 0
    outer loop
      vertex -30.55 18.42266604983954 38
      vertex -27.95 18.42266604983954 40
      vertex -30.55 18.42266604983954 40
    endloop
  endfacet
  facet normal -0.8660254037844383 0.5000000000000006 0
    outer loop
      vertex -27.95 13.919333950160459 40
      vertex -26.96811999832348 15.620000000000001 38
      vertex -27.95 13.919333950160459 38
    endloop
  endfacet
  facet normal -0.8660254037844393 0.4999999999999989 -2.0517189353091577e-15
    outer loop
      vertex -27.95 13.919333950160459 40
      vertex -26.65 16.171 38
      vertex -26.96811999832348 15.620000000000001 38
    endloop
  endfacet
  facet normal -0.8660254037844383 -0.5000000000000004 0
    outer loop
      vertex -26.65 16.171 38
      vertex -26.65 16.171 40
      vertex -27.95 18.42266604983954 38
    endloop
  endfacet
  facet normal -0.8660254037844385 0.5000000000000002 3.438836222133171e-17
    outer loop
      vertex -27.95 13.919333950160459 40
      vertex -26.65 16.171 40
      vertex -26.65 16.171 38
    endloop
  endfacet
  facet normal -0.8660254037844383 -0.5000000000000004 -1.7308007996329076e-17
    outer loop
      vertex -26.65 16.171 40
      vertex -27.95 18.42266604983954 40
      vertex -27.95 18.42266604983954 38
    endloop
  endfacet
  facet normal 0.8660254037844383 0.5000000000000006 -6.254643818522113e-16
    outer loop
      vertex -25.35 16.171 40
      vertex -24.05 13.919333950160459 38
      vertex -25.03188000167652 15.620000000000001 38
    endloop
  endfacet
  facet normal 0 1 0
    outer loop
      vertex -24.05 13.919333950160459 40
      vertex -21.45 13.919333950160459 38
      vertex -24.05 13.919333950160459 38
    endloop
  endfacet
  facet normal 0.8660254037844385 0.5000000000000002 0
    outer loop
      vertex -24.05 13.919333950160459 40
      vertex -24.05 13.919333950160459 38
      vertex -25.35 16.171 40
    endloop
  endfacet
  facet normal 0.8660254037844393 0.4999999999999989 0
    outer loop
      vertex -25.35 16.171 38
      vertex -25.35 16.171 40
      vertex -25.03188000167652 15.620000000000001 38
    endloop
  endfacet
  facet normal 0.8660254037844383 -0.5000000000000004 0
    outer loop
      vertex -25.35 16.171 38
      vertex -24.05 18.42266604983954 40
      vertex -25.35 16.171 40
    endloop
  endfacet
  facet normal 0.8660254037844383 -0.5000000000000004 1.7308007996329076e-17
    outer loop
      vertex -25.35 16.171 38
      vertex -24.05 18.42266604983954 38
      vertex -24.05 18.42266604983954 40
    endloop
  endfacet
  facet normal 0 -1 0
    outer loop
      vertex -24.05 18.42266604983954 38
      vertex -21.45 18.42266604983954 40
      vertex -24.05 18.42266604983954 40
    endloop
  endfacet
  facet normal -0.8660254037844383 0.5000000000000006 0
    outer loop
      vertex -21.45 13.919333950160459 40
      vertex -20.46811999832348 15.620000000000001 38
      vertex -21.45 13.919333950160459 38
    endloop
  endfacet
  facet normal -0.8660254037844393 0.4999999999999989 -2.0517189353091577e-15
    outer loop
      vertex -21.45 13.919333950160459 40
      vertex -20.15 16.171 38
      vertex -20.46811999832348 15.620000000000001 38
    endloop
  endfacet
  facet normal 0 1 0
    outer loop
      vertex -24.05 13.919333950160459 40
      vertex -21.45 13.919333950160459 40
      vertex -21.45 13.919333950160459 38
    endloop
  endfacet
  facet normal -0.8660254037844383 -0.5000000000000004 0
    outer loop
      vertex -20.15 16.171 38
      vertex -20.15 16.171 40
      vertex -21.45 18.42266604983954 38
    endloop
  endfacet
  facet normal -0.8660254037844385 0.5000000000000002 3.438836222133171e-17
    outer loop
      vertex -21.45 13.919333950160459 40
      vertex -20.15 16.171 40
      vertex -20.15 16.171 38
    endloop
  endfacet
  facet normal 0 -1 0
    outer loop
      vertex -24.05 18.42266604983954 38
      vertex -21.45 18.42266604983954 38
      vertex -21.45 18.42266604983954 40
    endloop
  endfacet
  facet normal -0.8660254037844383 -0.5000000000000004 -1.7308007996329076e-17
    outer loop
      vertex -20.15 16.171 40
      vertex -21.45 18.42266604983954 40
      vertex -21.45 18.42266604983954 38
    endloop
  endfacet
  facet normal 0.8660254037844383 0.5000000000000006 -6.254643818522113e-16
    outer loop
      vertex -18.85 16.171 40
      vertex -17.55 13.919333950160459 38
      vertex -18.53188000167652 15.620000000000001 38
    endloop
  endfacet
  facet normal 0.8660254037844385 0.5000000000000002 0
    outer loop
      vertex -17.55 13.919333950160459 40
      vertex -17.55 13.919333950160459 38
      vertex -18.85 16.171 40
    endloop
  endfacet
  facet normal 0.8660254037844393 0.4999999999999989 0
    outer loop
      vertex -18.85 16.171 38
      vertex -18.85 16.171 40
      vertex -18.53188000167652 15.620000000000001 38
    endloop
  endfacet
  facet normal 0.8660254037844383 -0.5000000000000004 0
    outer loop
      vertex -18.85 16.171 38
      vertex -17.55 18.42266604983954 40
      vertex -18.85 16.171 40
    endloop
  endfacet
  facet normal 0.8660254037844383 -0.5000000000000004 1.7308007996329076e-17
    outer loop
      vertex -18.85 16.171 38
      vertex -17.55 18.42266604983954 38
      vertex -17.55 18.42266604983954 40
    endloop
  endfacet
  facet normal 0 1 0
    outer loop
      vertex -17.55 13.919333950160459 40
      vertex -14.95 13.919333950160459 38
      vertex -17.55 13.919333950160459 38
    endloop
  endfacet
  facet normal -0.8660254037844387 0.4999999999999999 0
    outer loop
      vertex -14.95 13.919333950160459 40
      vertex -13.968119998323482 15.620000000000001 38
      vertex -14.95 13.919333950160459 38
    endloop
  endfacet
  facet normal -0.8660254037844393 0.4999999999999989 -1.2848596332966332e-15
    outer loop
      vertex -14.95 13.919333950160459 40
      vertex -13.65 16.171 38
      vertex -13.968119998323482 15.620000000000001 38
    endloop
  endfacet
  facet normal 0 1 0
    outer loop
      vertex -17.55 13.919333950160459 40
      vertex -14.95 13.919333950160459 40
      vertex -14.95 13.919333950160459 38
    endloop
  endfacet
  facet normal -0.8660254037844386 -0.4999999999999999 0
    outer loop
      vertex -13.65 16.171 38
      vertex -13.65 16.171 40
      vertex -14.95 18.42266604983954 38
    endloop
  endfacet
  facet normal -0.8660254037844388 0.49999999999999967 3.381922779301447e-17
    outer loop
      vertex -14.95 13.919333950160459 40
      vertex -13.65 16.171 40
      vertex -13.65 16.171 38
    endloop
  endfacet
  facet normal 0 -1 0
    outer loop
      vertex -17.55 18.42266604983954 38
      vertex -14.95 18.42266604983954 38
      vertex -14.95 18.42266604983954 40
    endloop
  endfacet
  facet normal 0 -1 0
    outer loop
      vertex -17.55 18.42266604983954 38
      vertex -14.95 18.42266604983954 40
      vertex -17.55 18.42266604983954 40
    endloop
  endfacet
  facet normal -0.8660254037844386 -0.4999999999999999 -1.6738873568012428e-17
    outer loop
      vertex -13.65 16.171 40
      vertex -14.95 18.42266604983954 40
      vertex -14.95 18.42266604983954 38
    endloop
  endfacet
  facet normal 0.8660254037844387 0.4999999999999999 -3.762555638606231e-16
    outer loop
      vertex -12.35 16.171 40
      vertex -11.05 13.919333950160459 38
      vertex -12.031880001676518 15.620000000000001 38
    endloop
  endfacet
  facet normal 0.8660254037844388 0.49999999999999967 -3.381922779301447e-17
    outer loop
      vertex -12.35 16.171 40
      vertex -11.05 13.919333950160459 40
      vertex -11.05 13.919333950160459 38
    endloop
  endfacet
  facet normal 0.8660254037844393 0.4999999999999989 0
    outer loop
      vertex -12.35 16.171 38
      vertex -12.35 16.171 40
      vertex -12.031880001676518 15.620000000000001 38
    endloop
  endfacet
  facet normal 0.8660254037844386 -0.4999999999999999 0
    outer loop
      vertex -12.35 16.171 38
      vertex -11.05 18.42266604983954 40
      vertex -12.35 16.171 40
    endloop
  endfacet
  facet normal 0.8660254037844386 -0.4999999999999999 1.6738873568012428e-17
    outer loop
      vertex -12.35 16.171 38
      vertex -11.05 18.42266604983954 38
      vertex -11.05 18.42266604983954 40
    endloop
  endfacet
  facet normal 0 1 0
    outer loop
      vertex -11.05 13.919333950160459 40
      vertex -8.45 13.919333950160459 38
      vertex -11.05 13.919333950160459 38
    endloop
  endfacet
  facet normal 0 1 0
    outer loop
      vertex -11.05 13.919333950160459 40
      vertex -8.45 13.919333950160459 40
      vertex -8.45 13.919333950160459 38
    endloop
  endfacet
  facet normal -0.8660254037844388 0.49999999999999956 0
    outer loop
      vertex -8.45 13.919333950160459 40
      vertex -7.468119998323483 15.620000000000001 38
      vertex -8.45 13.919333950160459 38
    endloop
  endfacet
  facet normal -0.8660254037844386 0.4999999999999999 4.601155812075143e-16
    outer loop
      vertex -8.45 13.919333950160459 40
      vertex -7.15 16.171 38
      vertex -7.468119998323483 15.620000000000001 38
    endloop
  endfacet
  facet normal -0.8660254037844386 -0.4999999999999999 0
    outer loop
      vertex -7.15 16.171 38
      vertex -7.15 16.171 40
      vertex -8.45 18.42266604983954 38
    endloop
  endfacet
  facet normal -0.8660254037844388 0.49999999999999967 3.381922779301447e-17
    outer loop
      vertex -8.45 13.919333950160459 40
      vertex -7.15 16.171 40
      vertex -7.15 16.171 38
    endloop
  endfacet
  facet normal 0 -1 0
    outer loop
      vertex -11.05 18.42266604983954 38
      vertex -8.45 18.42266604983954 38
      vertex -8.45 18.42266604983954 40
    endloop
  endfacet
  facet normal 0 -1 0
    outer loop
      vertex -11.05 18.42266604983954 38
      vertex -8.45 18.42266604983954 40
      vertex -11.05 18.42266604983954 40
    endloop
  endfacet
  facet normal -0.8660254037844386 -0.4999999999999999 -1.6738873568012428e-17
    outer loop
      vertex -7.15 16.171 40
      vertex -8.45 18.42266604983954 40
      vertex -8.45 18.42266604983954 38
    endloop
  endfacet
  facet normal 0.8660254037844386 0.4999999999999999 0
    outer loop
      vertex -5.85 16.171 38
      vertex -5.85 16.171 40
      vertex -5.531880001676517 15.620000000000001 38
    endloop
  endfacet
  facet normal 0.8660254037844387 0.4999999999999999 7.960209068333811e-18
    outer loop
      vertex -5.85 16.171 40
      vertex -4.55 13.919333950160459 38
      vertex -5.531880001676517 15.620000000000001 38
    endloop
  endfacet
  facet normal 0 1 0
    outer loop
      vertex -4.55 13.919333950160459 40
      vertex -1.95 13.919333950160459 38
      vertex -4.55 13.919333950160459 38
    endloop
  endfacet
  facet normal 0.8660254037844387 0.4999999999999999 8.59709055533293e-18
    outer loop
      vertex -5.85 16.171 40
      vertex -4.55 13.919333950160459 40
      vertex -4.55 13.919333950160459 38
    endloop
  endfacet
  facet normal 0.8660254037844385 -0.5000000000000002 0
    outer loop
      vertex -5.85 16.171 38
      vertex -4.55 18.42266604983954 40
      vertex -5.85 16.171 40
    endloop
  endfacet
  facet normal -0.8660254037844387 0.5 0
    outer loop
      vertex -1.95 13.919333950160459 40
      vertex -0.9681199983234827 15.620000000000001 38
      vertex -1.95 13.919333950160459 38
    endloop
  endfacet
  facet normal -0.8660254037844386 0.4999999999999999 -1.500446236381241e-16
    outer loop
      vertex -1.95 13.919333950160459 40
      vertex -0.6499999999999999 16.171 38
      vertex -0.9681199983234827 15.620000000000001 38
    endloop
  endfacet
  facet normal 0 1 0
    outer loop
      vertex -4.55 13.919333950160459 40
      vertex -1.95 13.919333950160459 40
      vertex -1.95 13.919333950160459 38
    endloop
  endfacet
  facet normal -0.8660254037844385 -0.5000000000000002 0
    outer loop
      vertex -0.6499999999999999 16.171 38
      vertex -0.6499999999999999 16.171 40
      vertex -1.95 18.42266604983954 38
    endloop
  endfacet
  facet normal -0.8660254037844387 0.5 2.1492726388332324e-18
    outer loop
      vertex -1.95 13.919333950160459 40
      vertex -0.6499999999999999 16.171 40
      vertex -0.6499999999999999 16.171 38
    endloop
  endfacet
  facet normal 0.8660254037844385 -0.5000000000000002 -2.567744478033529e-17
    outer loop
      vertex -5.85 16.171 38
      vertex -4.55 18.42266604983954 38
      vertex -4.55 18.42266604983954 40
    endloop
  endfacet
  facet normal 0 -1 0
    outer loop
      vertex -4.55 18.42266604983954 38
      vertex -1.95 18.42266604983954 40
      vertex -4.55 18.42266604983954 40
    endloop
  endfacet
  facet normal 0 -1 0
    outer loop
      vertex -4.55 18.42266604983954 38
      vertex -1.95 18.42266604983954 38
      vertex -1.95 18.42266604983954 40
    endloop
  endfacet
  facet normal -0.8660254037844385 -0.5000000000000002 1.4931081586169198e-17
    outer loop
      vertex -0.6499999999999999 16.171 40
      vertex -1.95 18.42266604983954 40
      vertex -1.95 18.42266604983954 38
    endloop
  endfacet
  facet normal 0.8660254037844387 0.5 -2.319089318061475e-17
    outer loop
      vertex 0.6499999999999999 16.171 40
      vertex 1.95 13.919333950160459 38
      vertex 0.9681199983234827 15.620000000000001 38
    endloop
  endfacet
  facet normal 0 1 0
    outer loop
      vertex 1.95 13.919333950160459 40
      vertex 4.55 13.919333950160459 38
      vertex 1.95 13.919333950160459 38
    endloop
  endfacet
  facet normal 0.8660254037844387 0.5 0
    outer loop
      vertex 1.95 13.919333950160459 40
      vertex 1.95 13.919333950160459 38
      vertex 0.6499999999999999 16.171 40
    endloop
  endfacet
  facet normal 0.8660254037844386 0.4999999999999999 0
    outer loop
      vertex 0.6499999999999999 16.171 38
      vertex 0.6499999999999999 16.171 40
      vertex 0.9681199983234827 15.620000000000001 38
    endloop
  endfacet
  facet normal 0.8660254037844385 -0.5000000000000002 0
    outer loop
      vertex 0.6499999999999999 16.171 38
      vertex 1.95 18.42266604983954 40
      vertex 0.6499999999999999 16.171 40
    endloop
  endfacet
  facet normal -0.866025403784439 0.49999999999999967 0
    outer loop
      vertex 4.55 13.919333950160459 40
      vertex 4.859999999999999 14.45626970050681 38
      vertex 4.55 13.919333950160459 38
    endloop
  endfacet
  facet normal -0.8660254037844386 0.5000000000000001 1.6901159090498598e-16
    outer loop
      vertex 4.55 13.919333950160459 40
      vertex 5.531880001676517 15.620000000000001 38
      vertex 4.859999999999999 14.45626970050681 38
    endloop
  endfacet
  facet normal -0.8660254037844386 0.4999999999999999 -9.781159124916227e-17
    outer loop
      vertex 4.55 13.919333950160459 40
      vertex 5.85 16.171 38
      vertex 5.531880001676517 15.620000000000001 38
    endloop
  endfacet
  facet normal 0 1 0
    outer loop
      vertex 1.95 13.919333950160459 40
      vertex 4.55 13.919333950160459 40
      vertex 4.55 13.919333950160459 38
    endloop
  endfacet
  facet normal -0.8660254037844385 -0.5000000000000002 2.567744478033529e-17
    outer loop
      vertex 4.55 18.42266604983954 38
      vertex 5.85 16.171 38
      vertex 5.85 16.171 40
    endloop
  endfacet
  facet normal -0.8660254037844387 0.4999999999999999 -8.59709055533293e-18
    outer loop
      vertex 4.55 13.919333950160459 40
      vertex 5.85 16.171 40
      vertex 5.85 16.171 38
    endloop
  endfacet
  facet normal 0.8660254037844385 -0.5000000000000002 -1.4931081586169198e-17
    outer loop
      vertex 0.6499999999999999 16.171 38
      vertex 1.95 18.42266604983954 38
      vertex 1.95 18.42266604983954 40
    endloop
  endfacet
  facet normal 0 -1 0
    outer loop
      vertex 1.95 18.42266604983954 38
      vertex 4.55 18.42266604983954 40
      vertex 1.95 18.42266604983954 40
    endloop
  endfacet
  facet normal 0 -1 0
    outer loop
      vertex 1.95 18.42266604983954 38
      vertex 4.55 18.42266604983954 38
      vertex 4.55 18.42266604983954 40
    endloop
  endfacet
  facet normal -0.8660254037844385 -0.5000000000000002 0
    outer loop
      vertex 4.55 18.42266604983954 38
      vertex 5.85 16.171 40
      vertex 4.55 18.42266604983954 40
    endloop
  endfacet
  facet normal 0.8660254037844388 0.4999999999999997 -1.165671822817198e-16
    outer loop
      vertex 8.45 13.919333950160459 38
      vertex 7.859999999999999 14.941243926626097 38
      vertex 7.15 16.171 40
    endloop
  endfacet
  facet normal 0.8660254037844388 0.49999999999999967 0
    outer loop
      vertex 8.45 13.919333950160459 38
      vertex 7.15 16.171 40
      vertex 8.45 13.919333950160459 40
    endloop
  endfacet
  facet normal 0.8660254037844389 0.4999999999999993 2.0995306613486497e-16
    outer loop
      vertex 7.15 16.171 40
      vertex 7.859999999999999 14.941243926626097 38
      vertex 7.468119998323483 15.620000000000001 38
    endloop
  endfacet
  facet normal 0.8660254037844386 0.4999999999999999 0
    outer loop
      vertex 7.15 16.171 38
      vertex 7.15 16.171 40
      vertex 7.468119998323483 15.620000000000001 38
    endloop
  endfacet
  facet normal 0.8660254037844386 -0.4999999999999999 0
    outer loop
      vertex 7.15 16.171 38
      vertex 8.45 18.42266604983954 40
      vertex 7.15 16.171 40
    endloop
  endfacet
  facet normal 0 1 0
    outer loop
      vertex 8.45 13.919333950160459 38
      vertex 8.45 13.919333950160459 40
      vertex 11.05 13.919333950160459 38
    endloop
  endfacet
  facet normal 0 1 0
    outer loop
      vertex 8.45 13.919333950160459 40
      vertex 11.05 13.919333950160459 40
      vertex 11.05 13.919333950160459 38
    endloop
  endfacet
  facet normal 0.8660254037844386 -0.4999999999999999 1.6738873568012428e-17
    outer loop
      vertex 7.15 16.171 38
      vertex 8.45 18.42266604983954 38
      vertex 8.45 18.42266604983954 40
    endloop
  endfacet
  facet normal 0 -1 0
    outer loop
      vertex 8.45 18.42266604983954 38
      vertex 11.05 18.42266604983954 38
      vertex 11.05 18.42266604983954 40
    endloop
  endfacet
  facet normal 0 -1 0
    outer loop
      vertex 8.45 18.42266604983954 38
      vertex 11.05 18.42266604983954 40
      vertex 8.45 18.42266604983954 40
    endloop
  endfacet
  facet normal -0.8660254037844388 0.49999999999999967 0
    outer loop
      vertex 11.05 13.919333950160459 38
      vertex 11.05 13.919333950160459 40
      vertex 12.35 16.171 38
    endloop
  endfacet
  facet normal -0.8660254037844386 -0.4999999999999999 -1.6738873568012428e-17
    outer loop
      vertex 11.05 18.42266604983954 38
      vertex 12.35 16.171 38
      vertex 12.35 16.171 40
    endloop
  endfacet
  facet normal -0.8660254037844388 0.49999999999999967 3.381922779301447e-17
    outer loop
      vertex 11.05 13.919333950160459 40
      vertex 12.35 16.171 40
      vertex 12.35 16.171 38
    endloop
  endfacet
  facet normal -0.8660254037844386 -0.4999999999999999 0
    outer loop
      vertex 11.05 18.42266604983954 38
      vertex 12.35 16.171 40
      vertex 11.05 18.42266604983954 40
    endloop
  endfacet
  facet normal 0.8660254037844388 0.49999999999999967 0
    outer loop
      vertex 13.65 16.171 38
      vertex 13.65 16.171 40
      vertex 14.95 13.919333950160459 38
    endloop
  endfacet
  facet normal 0.8660254037844386 -0.4999999999999999 0
    outer loop
      vertex 13.65 16.171 38
      vertex 14.95 18.42266604983954 40
      vertex 13.65 16.171 40
    endloop
  endfacet
  facet normal 0 1 0
    outer loop
      vertex 14.95 13.919333950160459 38
      vertex 14.95 13.919333950160459 40
      vertex 17.55 13.919333950160459 38
    endloop
  endfacet
  facet normal 0.8660254037844388 0.49999999999999967 -3.381922779301447e-17
    outer loop
      vertex 13.65 16.171 40
      vertex 14.95 13.919333950160459 40
      vertex 14.95 13.919333950160459 38
    endloop
  endfacet
  facet normal 0 1 0
    outer loop
      vertex 14.95 13.919333950160459 40
      vertex 17.55 13.919333950160459 40
      vertex 17.55 13.919333950160459 38
    endloop
  endfacet
  facet normal 0.8660254037844386 -0.4999999999999999 1.6738873568012428e-17
    outer loop
      vertex 13.65 16.171 38
      vertex 14.95 18.42266604983954 38
      vertex 14.95 18.42266604983954 40
    endloop
  endfacet
  facet normal 0 -1 0
    outer loop
      vertex 14.95 18.42266604983954 38
      vertex 17.55 18.42266604983954 38
      vertex 17.55 18.42266604983954 40
    endloop
  endfacet
  facet normal 0 -1 0
    outer loop
      vertex 14.95 18.42266604983954 38
      vertex 17.55 18.42266604983954 40
      vertex 14.95 18.42266604983954 40
    endloop
  endfacet
  facet normal -0.8660254037844385 0.5000000000000002 0
    outer loop
      vertex 17.55 13.919333950160459 38
      vertex 17.55 13.919333950160459 40
      vertex 18.85 16.171 38
    endloop
  endfacet
  facet normal -0.8660254037844383 -0.5000000000000004 0
    outer loop
      vertex 18.85 16.171 38
      vertex 18.85 16.171 40
      vertex 17.55 18.42266604983954 38
    endloop
  endfacet
  facet normal -0.8660254037844385 0.5000000000000002 3.438836222133171e-17
    outer loop
      vertex 17.55 13.919333950160459 40
      vertex 18.85 16.171 40
      vertex 18.85 16.171 38
    endloop
  endfacet
  facet normal -0.8660254037844383 -0.5000000000000004 -1.7308007996329076e-17
    outer loop
      vertex 18.85 16.171 40
      vertex 17.55 18.42266604983954 40
      vertex 17.55 18.42266604983954 38
    endloop
  endfacet
  facet normal 0 1 0
    outer loop
      vertex 21.45 13.919333950160459 38
      vertex 21.45 13.919333950160459 40
      vertex 24.05 13.919333950160459 38
    endloop
  endfacet
  facet normal 0.8660254037844385 0.5000000000000002 0
    outer loop
      vertex 21.45 13.919333950160459 38
      vertex 20.15 16.171 40
      vertex 21.45 13.919333950160459 40
    endloop
  endfacet
  facet normal 0.8660254037844385 0.5000000000000002 -3.438836222133171e-17
    outer loop
      vertex 21.45 13.919333950160459 38
      vertex 20.15 16.171 38
      vertex 20.15 16.171 40
    endloop
  endfacet
  facet normal 0.8660254037844383 -0.5000000000000004 0
    outer loop
      vertex 20.15 16.171 38
      vertex 21.45 18.42266604983954 40
      vertex 20.15 16.171 40
    endloop
  endfacet
  facet normal 0.8660254037844383 -0.5000000000000004 1.7308007996329076e-17
    outer loop
      vertex 20.15 16.171 38
      vertex 21.45 18.42266604983954 38
      vertex 21.45 18.42266604983954 40
    endloop
  endfacet
  facet normal 0 -1 0
    outer loop
      vertex 21.45 18.42266604983954 38
      vertex 24.05 18.42266604983954 40
      vertex 21.45 18.42266604983954 40
    endloop
  endfacet
  facet normal -0.8660254037844385 0.5000000000000002 0
    outer loop
      vertex 24.05 13.919333950160459 38
      vertex 24.05 13.919333950160459 40
      vertex 25.35 16.171 38
    endloop
  endfacet
  facet normal 0 1 0
    outer loop
      vertex 21.45 13.919333950160459 40
      vertex 24.05 13.919333950160459 40
      vertex 24.05 13.919333950160459 38
    endloop
  endfacet
  facet normal -0.8660254037844383 -0.5000000000000004 0
    outer loop
      vertex 25.35 16.171 38
      vertex 25.35 16.171 40
      vertex 24.05 18.42266604983954 38
    endloop
  endfacet
  facet normal -0.8660254037844385 0.5000000000000002 3.438836222133171e-17
    outer loop
      vertex 24.05 13.919333950160459 40
      vertex 25.35 16.171 40
      vertex 25.35 16.171 38
    endloop
  endfacet
  facet normal 0 -1 0
    outer loop
      vertex 21.45 18.42266604983954 38
      vertex 24.05 18.42266604983954 38
      vertex 24.05 18.42266604983954 40
    endloop
  endfacet
  facet normal -0.8660254037844383 -0.5000000000000004 -1.7308007996329076e-17
    outer loop
      vertex 25.35 16.171 40
      vertex 24.05 18.42266604983954 40
      vertex 24.05 18.42266604983954 38
    endloop
  endfacet
  facet normal 0.8660254037844385 0.5000000000000002 0
    outer loop
      vertex 27.95 13.919333950160459 38
      vertex 26.65 16.171 40
      vertex 27.95 13.919333950160459 40
    endloop
  endfacet
  facet normal 0.8660254037844385 0.5000000000000002 -3.438836222133171e-17
    outer loop
      vertex 27.95 13.919333950160459 38
      vertex 26.65 16.171 38
      vertex 26.65 16.171 40
    endloop
  endfacet
  facet normal 0.8660254037844383 -0.5000000000000004 0
    outer loop
      vertex 26.65 16.171 38
      vertex 27.95 18.42266604983954 40
      vertex 26.65 16.171 40
    endloop
  endfacet
  facet normal 0.8660254037844383 -0.5000000000000004 1.7308007996329076e-17
    outer loop
      vertex 26.65 16.171 38
      vertex 27.95 18.42266604983954 38
      vertex 27.95 18.42266604983954 40
    endloop
  endfacet
  facet normal 0 1 0
    outer loop
      vertex 27.95 13.919333950160459 38
      vertex 27.95 13.919333950160459 40
      vertex 30.55 13.919333950160459 38
    endloop
  endfacet
  facet normal -0.8660254037844385 0.5000000000000002 0
    outer loop
      vertex 30.55 13.919333950160459 38
      vertex 30.55 13.919333950160459 40
      vertex 31.85 16.171 38
    endloop
  endfacet
  facet normal 0 1 0
    outer loop
      vertex 27.95 13.919333950160459 40
      vertex 30.55 13.919333950160459 40
      vertex 30.55 13.919333950160459 38
    endloop
  endfacet
  facet normal -0.8660254037844383 -0.5000000000000004 0
    outer loop
      vertex 31.85 16.171 38
      vertex 31.85 16.171 40
      vertex 30.55 18.42266604983954 38
    endloop
  endfacet
  facet normal -0.8660254037844385 0.5000000000000002 3.438836222133171e-17
    outer loop
      vertex 30.55 13.919333950160459 40
      vertex 31.85 16.171 40
      vertex 31.85 16.171 38
    endloop
  endfacet
  facet normal 0 -1 0
    outer loop
      vertex 27.95 18.42266604983954 38
      vertex 30.55 18.42266604983954 38
      vertex 30.55 18.42266604983954 40
    endloop
  endfacet
  facet normal 0 -1 0
    outer loop
      vertex 27.95 18.42266604983954 38
      vertex 30.55 18.42266604983954 40
      vertex 27.95 18.42266604983954 40
    endloop
  endfacet
  facet normal -0.8660254037844383 -0.5000000000000004 -1.7308007996329076e-17
    outer loop
      vertex 31.85 16.171 40
      vertex 30.55 18.42266604983954 40
      vertex 30.55 18.42266604983954 38
    endloop
  endfacet
  facet normal 0 0.6593458184759371 0.7518398045184205
    outer loop
      vertex -45.399999998509884 -5.435229070484638 31.069770926535128
      vertex -43.399999998509884 -5.435229070484638 31.069770926535128
      vertex -45.399999998509884 -5.086103074252605 30.76359564244747
    endloop
  endfacet
  facet normal 0 0.6593458184759371 0.7518398045184205
    outer loop
      vertex -43.399999998509884 -5.435229070484638 31.069770926535128
      vertex -43.399999998509884 -5.086103074252605 30.76359564244747
      vertex -45.399999998509884 -5.086103074252605 30.76359564244747
    endloop
  endfacet
  facet normal 0 0.75183981149367 0.6593458105221893
    outer loop
      vertex -45.399999998509884 -5.435229070484638 31.069770926535128
      vertex -43.399999998509884 -5.741404354572296 31.41889693021774
      vertex -43.399999998509884 -5.435229070484638 31.069770926535128
    endloop
  endfacet
  facet normal 0 0.8968727438613288 0.44228868549698547
    outer loop
      vertex -45.399999998509884 -5.999390184879303 31.805000001490114
      vertex -45.399999998509884 -6.204772338271141 32.22147381484508
      vertex -43.399999998509884 -6.204772338271141 32.22147381484508
    endloop
  endfacet
  facet normal 0 0.8968727438613288 0.44228868549698547
    outer loop
      vertex -45.399999998509884 -5.999390184879303 31.805000001490114
      vertex -43.399999998509884 -6.204772338271141 32.22147381484508
      vertex -43.399999998509884 -5.999390184879303 31.805000001490114
    endloop
  endfacet
  facet normal 0 0.9469301292720075 0.3214394659603873
    outer loop
      vertex -45.399999998509884 -6.204772338271141 32.22147381484508
      vertex -43.399999998509884 -6.354036681354046 32.66119238913059
      vertex -43.399999998509884 -6.204772338271141 32.22147381484508
    endloop
  endfacet
  facet normal 0 0.75183981149367 0.6593458105221893
    outer loop
      vertex -45.399999998509884 -5.435229070484638 31.069770926535128
      vertex -45.399999998509884 -5.741404354572296 31.41889693021774
      vertex -43.399999998509884 -5.741404354572296 31.41889693021774
    endloop
  endfacet
  facet normal 0 0.8314696062863203 0.555570242023519
    outer loop
      vertex -45.399999998509884 -5.999390184879303 31.805000001490114
      vertex -43.399999998509884 -5.999390184879303 31.805000001490114
      vertex -45.399999998509884 -5.741404354572296 31.41889693021774
    endloop
  endfacet
  facet normal 0 0.8314696062863203 0.555570242023519
    outer loop
      vertex -45.399999998509884 -5.741404354572296 31.41889693021774
      vertex -43.399999998509884 -5.999390184879303 31.805000001490114
      vertex -43.399999998509884 -5.741404354572296 31.41889693021774
    endloop
  endfacet
  facet normal 0 0.44228869203849924 0.8968727406354111
    outer loop
      vertex -45.399999998509884 -4.283526182174683 30.300227658748625
      vertex -45.399999998509884 -4.700000002980232 30.505609819591044
      vertex -43.399999998509884 -4.700000002980232 30.505609819591044
    endloop
  endfacet
  facet normal 0 0.5555702309311068 0.8314696136980333
    outer loop
      vertex -45.399999998509884 -4.700000002980232 30.505609819591044
      vertex -43.399999998509884 -5.086103074252605 30.76359564244747
      vertex -43.399999998509884 -4.700000002980232 30.505609819591044
    endloop
  endfacet
  facet normal 0 0.44228869203849924 0.8968727406354111
    outer loop
      vertex -45.399999998509884 -4.283526182174683 30.300227658748625
      vertex -43.399999998509884 -4.700000002980232 30.505609819591044
      vertex -43.399999998509884 -4.283526182174683 30.300227658748625
    endloop
  endfacet
  facet normal 0 0.5555702309311068 0.8314696136980333
    outer loop
      vertex -45.399999998509884 -4.700000002980232 30.505609819591044
      vertex -45.399999998509884 -5.086103074252605 30.76359564244747
      vertex -43.399999998509884 -5.086103074252605 30.76359564244747
    endloop
  endfacet
  facet normal 0 0.3214394659603873 0.9469301292720075
    outer loop
      vertex -45.399999998509884 -4.283526182174683 30.300227658748625
      vertex -43.399999998509884 -4.283526182174683 30.300227658748625
      vertex -45.399999998509884 -3.8438076078891754 30.15096331566572
    endloop
  endfacet
  facet normal 0 0.19509031406951205 0.9807852819839107
    outer loop
      vertex -45.399999998509884 -3.8438076078891754 30.15096331566572
      vertex -43.399999998509884 -3.8438076078891754 30.15096331566572
      vertex -45.399999998509884 -3.3883679807186127 30.060370745062826
    endloop
  endfacet
  facet normal 0 0.3214394659603873 0.9469301292720075
    outer loop
      vertex -45.399999998509884 -3.8438076078891754 30.15096331566572
      vertex -43.399999998509884 -4.283526182174683 30.300227658748625
      vertex -43.399999998509884 -3.8438076078891754 30.15096331566572
    endloop
  endfacet
  facet normal 0 0.19509031406951205 0.9807852819839107
    outer loop
      vertex -43.399999998509884 -3.8438076078891754 30.15096331566572
      vertex -43.399999998509884 -3.3883679807186127 30.060370745062826
      vertex -45.399999998509884 -3.3883679807186127 30.060370745062826
    endloop
  endfacet
  facet normal 0 0.9469301292720075 0.3214394659603873
    outer loop
      vertex -45.399999998509884 -6.204772338271141 32.22147381484508
      vertex -45.399999998509884 -6.354036681354046 32.66119238913059
      vertex -43.399999998509884 -6.354036681354046 32.66119238913059
    endloop
  endfacet
  facet normal 0 0.9807852789138786 0.1950903295036053
    outer loop
      vertex -45.399999998509884 -6.44462925940752 33.11663201630115
      vertex -43.399999998509884 -6.44462925940752 33.11663201630115
      vertex -45.399999998509884 -6.354036681354046 32.66119238913059
    endloop
  endfacet
  facet normal 0 0.9807852789138786 0.1950903295036053
    outer loop
      vertex -45.399999998509884 -6.354036681354046 32.66119238913059
      vertex -43.399999998509884 -6.44462925940752 33.11663201630115
      vertex -43.399999998509884 -6.354036681354046 32.66119238913059
    endloop
  endfacet
  facet normal 0 0.9978589232564161 0.06540312895837422
    outer loop
      vertex -45.399999998509884 -6.44462925940752 33.11663201630115
      vertex -45.399999998509884 -6.475000001490116 33.58
      vertex -43.399999998509884 -6.475000001490116 33.58
    endloop
  endfacet
  facet normal 0 0.9978589232564161 0.06540312895837422
    outer loop
      vertex -45.399999998509884 -6.44462925940752 33.11663201630115
      vertex -43.399999998509884 -6.475000001490116 33.58
      vertex -43.399999998509884 -6.44462925940752 33.11663201630115
    endloop
  endfacet
  facet normal 0 0.9978589232564161 -0.06540312895837422
    outer loop
      vertex -45.399999998509884 -6.475000001490116 33.58
      vertex -43.399999998509884 -6.44462925940752 34.04336798369884
      vertex -43.399999998509884 -6.475000001490116 33.58
    endloop
  endfacet
  facet normal 0 0.9978589232564161 -0.06540312895837422
    outer loop
      vertex -45.399999998509884 -6.475000001490116 33.58
      vertex -45.399999998509884 -6.44462925940752 34.04336798369884
      vertex -43.399999998509884 -6.44462925940752 34.04336798369884
    endloop
  endfacet
  facet normal 0 0.9807852789138786 -0.1950903295036053
    outer loop
      vertex -45.399999998509884 -6.44462925940752 34.04336798369884
      vertex -45.399999998509884 -6.354036681354046 34.498807610869406
      vertex -43.399999998509884 -6.354036681354046 34.498807610869406
    endloop
  endfacet
  facet normal 0 0.9807852789138786 -0.1950903295036053
    outer loop
      vertex -45.399999998509884 -6.44462925940752 34.04336798369884
      vertex -43.399999998509884 -6.354036681354046 34.498807610869406
      vertex -43.399999998509884 -6.44462925940752 34.04336798369884
    endloop
  endfacet
  facet normal 0 0.9469301292720075 -0.3214394659603873
    outer loop
      vertex -45.399999998509884 -6.354036681354046 34.498807610869406
      vertex -45.399999998509884 -6.204772338271141 34.93852618515491
      vertex -43.399999998509884 -6.204772338271141 34.93852618515491
    endloop
  endfacet
  facet normal 0 0.9469301292720075 -0.3214394659603873
    outer loop
      vertex -45.399999998509884 -6.354036681354046 34.498807610869406
      vertex -43.399999998509884 -6.204772338271141 34.93852618515491
      vertex -43.399999998509884 -6.354036681354046 34.498807610869406
    endloop
  endfacet
  facet normal 0 0.06540312895837422 0.9978589232564161
    outer loop
      vertex -45.399999998509884 -3.3883679807186127 30.060370745062826
      vertex -43.399999998509884 -3.3883679807186127 30.060370745062826
      vertex -45.399999998509884 -2.9249999970197678 30.03000000298023
    endloop
  endfacet
  facet normal 0 0.06540312895837422 0.9978589232564161
    outer loop
      vertex -45.399999998509884 -2.9249999970197678 30.03000000298023
      vertex -43.399999998509884 -3.3883679807186127 30.060370745062826
      vertex -43.399999998509884 -2.9249999970197678 30.03000000298023
    endloop
  endfacet
  facet normal 0 0 1
    outer loop
      vertex -45.399999998509884 -2.9249999970197678 30.03000000298023
      vertex -43.399999998509884 -2.9249999970197678 30.03000000298023
      vertex -45.399999998509884 2.9249999970197678 30.03000000298023
    endloop
  endfacet
  facet normal 0 0.8968727438613288 -0.44228868549698547
    outer loop
      vertex -45.399999998509884 -6.204772338271141 34.93852618515491
      vertex -45.399999998509884 -5.999390184879303 35.35499999850988
      vertex -43.399999998509884 -5.999390184879303 35.35499999850988
    endloop
  endfacet
  facet normal 0 0.8968727438613288 -0.44228868549698547
    outer loop
      vertex -45.399999998509884 -6.204772338271141 34.93852618515491
      vertex -43.399999998509884 -5.999390184879303 35.35499999850988
      vertex -43.399999998509884 -6.204772338271141 34.93852618515491
    endloop
  endfacet
  facet normal 0 0.8314696062863203 -0.555570242023519
    outer loop
      vertex -45.399999998509884 -5.999390184879303 35.35499999850988
      vertex -45.399999998509884 -5.741404354572296 35.741103069782255
      vertex -43.399999998509884 -5.741404354572296 35.741103069782255
    endloop
  endfacet
  facet normal 0 0.8314696062863203 -0.555570242023519
    outer loop
      vertex -45.399999998509884 -5.999390184879303 35.35499999850988
      vertex -43.399999998509884 -5.741404354572296 35.741103069782255
      vertex -43.399999998509884 -5.999390184879303 35.35499999850988
    endloop
  endfacet
  facet normal 0 0.75183981149367 -0.6593458105221893
    outer loop
      vertex -45.399999998509884 -5.741404354572296 35.741103069782255
      vertex -45.399999998509884 -5.435229070484638 36.09022907346487
      vertex -43.399999998509884 -5.435229070484638 36.09022907346487
    endloop
  endfacet
  facet normal 0 0.75183981149367 -0.6593458105221893
    outer loop
      vertex -45.399999998509884 -5.741404354572296 35.741103069782255
      vertex -43.399999998509884 -5.435229070484638 36.09022907346487
      vertex -43.399999998509884 -5.741404354572296 35.741103069782255
    endloop
  endfacet
  facet normal 0 0.6593458184759371 -0.7518398045184205
    outer loop
      vertex -45.399999998509884 -5.435229070484638 36.09022907346487
      vertex -43.399999998509884 -5.086103074252605 36.39640435755253
      vertex -43.399999998509884 -5.435229070484638 36.09022907346487
    endloop
  endfacet
  facet normal 0 0.6593458184759371 -0.7518398045184205
    outer loop
      vertex -45.399999998509884 -5.435229070484638 36.09022907346487
      vertex -45.399999998509884 -5.086103074252605 36.39640435755253
      vertex -43.399999998509884 -5.086103074252605 36.39640435755253
    endloop
  endfacet
  facet normal 0 0.5555702309311068 -0.8314696136980333
    outer loop
      vertex -45.399999998509884 -5.086103074252605 36.39640435755253
      vertex -45.399999998509884 -4.700000002980232 36.65439018040895
      vertex -43.399999998509884 -4.700000002980232 36.65439018040895
    endloop
  endfacet
  facet normal 0 0.44228869203849924 -0.8968727406354111
    outer loop
      vertex -45.399999998509884 -4.700000002980232 36.65439018040895
      vertex -45.399999998509884 -4.283526182174683 36.85977234125137
      vertex -43.399999998509884 -4.283526182174683 36.85977234125137
    endloop
  endfacet
  facet normal 0 0.5555702309311068 -0.8314696136980333
    outer loop
      vertex -45.399999998509884 -5.086103074252605 36.39640435755253
      vertex -43.399999998509884 -4.700000002980232 36.65439018040895
      vertex -43.399999998509884 -5.086103074252605 36.39640435755253
    endloop
  endfacet
  facet normal 0 0.44228869203849924 -0.8968727406354111
    outer loop
      vertex -45.399999998509884 -4.700000002980232 36.65439018040895
      vertex -43.399999998509884 -4.283526182174683 36.85977234125137
      vertex -43.399999998509884 -4.700000002980232 36.65439018040895
    endloop
  endfacet
  facet normal 0 0.3214394659603873 -0.9469301292720075
    outer loop
      vertex -45.399999998509884 -4.283526182174683 36.85977234125137
      vertex -45.399999998509884 -3.8438076078891754 37.009036684334276
      vertex -43.399999998509884 -3.8438076078891754 37.009036684334276
    endloop
  endfacet
  facet normal 0 0.19509031406951205 -0.9807852819839107
    outer loop
      vertex -45.399999998509884 -3.8438076078891754 37.009036684334276
      vertex -45.399999998509884 -3.3883679807186127 37.09962925493717
      vertex -43.399999998509884 -3.3883679807186127 37.09962925493717
    endloop
  endfacet
  facet normal 0 0.3214394659603873 -0.9469301292720075
    outer loop
      vertex -45.399999998509884 -4.283526182174683 36.85977234125137
      vertex -43.399999998509884 -3.8438076078891754 37.009036684334276
      vertex -43.399999998509884 -4.283526182174683 36.85977234125137
    endloop
  endfacet
  facet normal 0 0.19509031406951205 -0.9807852819839107
    outer loop
      vertex -45.399999998509884 -3.8438076078891754 37.009036684334276
      vertex -43.399999998509884 -3.3883679807186127 37.09962925493717
      vertex -43.399999998509884 -3.8438076078891754 37.009036684334276
    endloop
  endfacet
  facet normal 0 0.06540312895837422 -0.9978589232564161
    outer loop
      vertex -45.399999998509884 -3.3883679807186127 37.09962925493717
      vertex -45.399999998509884 -2.9249999970197678 37.129999997019766
      vertex -43.399999998509884 -2.9249999970197678 37.129999997019766
    endloop
  endfacet
  facet normal 0 0.06540312895837422 -0.9978589232564161
    outer loop
      vertex -45.399999998509884 -3.3883679807186127 37.09962925493717
      vertex -43.399999998509884 -2.9249999970197678 37.129999997019766
      vertex -43.399999998509884 -3.3883679807186127 37.09962925493717
    endloop
  endfacet
  facet normal 0 0 -1
    outer loop
      vertex -45.399999998509884 -2.9249999970197678 37.129999997019766
      vertex -43.399999998509884 2.9249999970197678 37.129999997019766
      vertex -43.399999998509884 -2.9249999970197678 37.129999997019766
    endloop
  endfacet
  facet normal 0 0 1
    outer loop
      vertex -43.399999998509884 -2.9249999970197678 30.03000000298023
      vertex -43.399999998509884 2.9249999970197678 30.03000000298023
      vertex -45.399999998509884 2.9249999970197678 30.03000000298023
    endloop
  endfacet
  facet normal 0 -0.06540312895837422 0.9978589232564161
    outer loop
      vertex -45.399999998509884 2.9249999970197678 30.03000000298023
      vertex -43.399999998509884 2.9249999970197678 30.03000000298023
      vertex -45.399999998509884 3.3883679807186127 30.060370745062826
    endloop
  endfacet
  facet normal 0 -0.06540312895837422 0.9978589232564161
    outer loop
      vertex -45.399999998509884 3.3883679807186127 30.060370745062826
      vertex -43.399999998509884 2.9249999970197678 30.03000000298023
      vertex -43.399999998509884 3.3883679807186127 30.060370745062826
    endloop
  endfacet
  facet normal 0 -0.19509031406951205 0.9807852819839107
    outer loop
      vertex -45.399999998509884 3.3883679807186127 30.060370745062826
      vertex -43.399999998509884 3.3883679807186127 30.060370745062826
      vertex -45.399999998509884 3.8438076078891754 30.15096331566572
    endloop
  endfacet
  facet normal 0 -0.3214394659603873 0.9469301292720075
    outer loop
      vertex -45.399999998509884 3.8438076078891754 30.15096331566572
      vertex -43.399999998509884 3.8438076078891754 30.15096331566572
      vertex -45.399999998509884 4.283526182174683 30.300227658748625
    endloop
  endfacet
  facet normal 0 -0.19509031406951205 0.9807852819839107
    outer loop
      vertex -43.399999998509884 3.3883679807186127 30.060370745062826
      vertex -43.399999998509884 3.8438076078891754 30.15096331566572
      vertex -45.399999998509884 3.8438076078891754 30.15096331566572
    endloop
  endfacet
  facet normal 0 -0.3214394659603873 0.9469301292720075
    outer loop
      vertex -45.399999998509884 4.283526182174683 30.300227658748625
      vertex -43.399999998509884 3.8438076078891754 30.15096331566572
      vertex -43.399999998509884 4.283526182174683 30.300227658748625
    endloop
  endfacet
  facet normal 0 -0.44228869203849924 0.8968727406354111
    outer loop
      vertex -45.399999998509884 4.283526182174683 30.300227658748625
      vertex -43.399999998509884 4.283526182174683 30.300227658748625
      vertex -45.399999998509884 4.700000002980232 30.505609819591044
    endloop
  endfacet
  facet normal 0 -0.5555702309311068 0.8314696136980333
    outer loop
      vertex -45.399999998509884 4.700000002980232 30.505609819591044
      vertex -43.399999998509884 4.700000002980232 30.505609819591044
      vertex -45.399999998509884 5.086103074252605 30.76359564244747
    endloop
  endfacet
  facet normal 0 -0.44228869203849924 0.8968727406354111
    outer loop
      vertex -45.399999998509884 4.700000002980232 30.505609819591044
      vertex -43.399999998509884 4.283526182174683 30.300227658748625
      vertex -43.399999998509884 4.700000002980232 30.505609819591044
    endloop
  endfacet
  facet normal 0 -0.5555702309311068 0.8314696136980333
    outer loop
      vertex -45.399999998509884 5.086103074252605 30.76359564244747
      vertex -43.399999998509884 4.700000002980232 30.505609819591044
      vertex -43.399999998509884 5.086103074252605 30.76359564244747
    endloop
  endfacet
  facet normal 0 -0.6593458184759371 0.7518398045184205
    outer loop
      vertex -45.399999998509884 5.086103074252605 30.76359564244747
      vertex -43.399999998509884 5.086103074252605 30.76359564244747
      vertex -45.399999998509884 5.435229070484638 31.069770926535128
    endloop
  endfacet
  facet normal 0 -0.75183981149367 0.6593458105221893
    outer loop
      vertex -45.399999998509884 5.435229070484638 31.069770926535128
      vertex -43.399999998509884 5.435229070484638 31.069770926535128
      vertex -45.399999998509884 5.741404354572296 31.41889693021774
    endloop
  endfacet
  facet normal 0 -0.6593458184759371 0.7518398045184205
    outer loop
      vertex -43.399999998509884 5.086103074252605 30.76359564244747
      vertex -43.399999998509884 5.435229070484638 31.069770926535128
      vertex -45.399999998509884 5.435229070484638 31.069770926535128
    endloop
  endfacet
  facet normal 0 -0.8314696062863203 0.555570242023519
    outer loop
      vertex -45.399999998509884 5.741404354572296 31.41889693021774
      vertex -43.399999998509884 5.741404354572296 31.41889693021774
      vertex -45.399999998509884 5.999390184879303 31.805000001490114
    endloop
  endfacet
  facet normal 0 -0.75183981149367 0.6593458105221893
    outer loop
      vertex -43.399999998509884 5.435229070484638 31.069770926535128
      vertex -43.399999998509884 5.741404354572296 31.41889693021774
      vertex -45.399999998509884 5.741404354572296 31.41889693021774
    endloop
  endfacet
  facet normal 0 -0.8314696062863203 0.555570242023519
    outer loop
      vertex -45.399999998509884 5.999390184879303 31.805000001490114
      vertex -43.399999998509884 5.741404354572296 31.41889693021774
      vertex -43.399999998509884 5.999390184879303 31.805000001490114
    endloop
  endfacet
  facet normal 0 -0.8968727438613288 0.44228868549698547
    outer loop
      vertex -45.399999998509884 5.999390184879303 31.805000001490114
      vertex -43.399999998509884 5.999390184879303 31.805000001490114
      vertex -45.399999998509884 6.204772338271141 32.22147381484508
    endloop
  endfacet
  facet normal 0 -0.9469301292720075 0.3214394659603873
    outer loop
      vertex -45.399999998509884 6.204772338271141 32.22147381484508
      vertex -43.399999998509884 6.204772338271141 32.22147381484508
      vertex -45.399999998509884 6.354036681354046 32.66119238913059
    endloop
  endfacet
  facet normal 0 -0.8968727438613288 0.44228868549698547
    outer loop
      vertex -45.399999998509884 6.204772338271141 32.22147381484508
      vertex -43.399999998509884 5.999390184879303 31.805000001490114
      vertex -43.399999998509884 6.204772338271141 32.22147381484508
    endloop
  endfacet
  facet normal 0 -0.9807852789138786 0.1950903295036053
    outer loop
      vertex -45.399999998509884 6.354036681354046 32.66119238913059
      vertex -43.399999998509884 6.354036681354046 32.66119238913059
      vertex -45.399999998509884 6.44462925940752 33.11663201630115
    endloop
  endfacet
  facet normal 0 -0.9469301292720075 0.3214394659603873
    outer loop
      vertex -43.399999998509884 6.204772338271141 32.22147381484508
      vertex -43.399999998509884 6.354036681354046 32.66119238913059
      vertex -45.399999998509884 6.354036681354046 32.66119238913059
    endloop
  endfacet
  facet normal 0 -0.9807852789138786 0.1950903295036053
    outer loop
      vertex -45.399999998509884 6.44462925940752 33.11663201630115
      vertex -43.399999998509884 6.354036681354046 32.66119238913059
      vertex -43.399999998509884 6.44462925940752 33.11663201630115
    endloop
  endfacet
  facet normal 0 -0.9978589232564161 0.06540312895837422
    outer loop
      vertex -45.399999998509884 6.44462925940752 33.11663201630115
      vertex -43.399999998509884 6.44462925940752 33.11663201630115
      vertex -45.399999998509884 6.475000001490116 33.58
    endloop
  endfacet
  facet normal 0 -0.9978589232564161 -0.06540312895837422
    outer loop
      vertex -45.399999998509884 6.475000001490116 33.58
      vertex -43.399999998509884 6.475000001490116 33.58
      vertex -45.399999998509884 6.44462925940752 34.04336798369884
    endloop
  endfacet
  facet normal 0 -0.9978589232564161 0.06540312895837422
    outer loop
      vertex -45.399999998509884 6.475000001490116 33.58
      vertex -43.399999998509884 6.44462925940752 33.11663201630115
      vertex -43.399999998509884 6.475000001490116 33.58
    endloop
  endfacet
  facet normal 0 -0.9807852789138786 -0.1950903295036053
    outer loop
      vertex -45.399999998509884 6.44462925940752 34.04336798369884
      vertex -43.399999998509884 6.44462925940752 34.04336798369884
      vertex -45.399999998509884 6.354036681354046 34.498807610869406
    endloop
  endfacet
  facet normal 0 -0.9807852789138786 -0.1950903295036053
    outer loop
      vertex -45.399999998509884 6.354036681354046 34.498807610869406
      vertex -43.399999998509884 6.44462925940752 34.04336798369884
      vertex -43.399999998509884 6.354036681354046 34.498807610869406
    endloop
  endfacet
  facet normal 0 -0.9978589232564161 -0.06540312895837422
    outer loop
      vertex -43.399999998509884 6.475000001490116 33.58
      vertex -43.399999998509884 6.44462925940752 34.04336798369884
      vertex -45.399999998509884 6.44462925940752 34.04336798369884
    endloop
  endfacet
  facet normal 0 -0.9469301292720075 -0.3214394659603873
    outer loop
      vertex -45.399999998509884 6.354036681354046 34.498807610869406
      vertex -43.399999998509884 6.354036681354046 34.498807610869406
      vertex -45.399999998509884 6.204772338271141 34.93852618515491
    endloop
  endfacet
  facet normal 0 -0.9469301292720075 -0.3214394659603873
    outer loop
      vertex -45.399999998509884 6.204772338271141 34.93852618515491
      vertex -43.399999998509884 6.354036681354046 34.498807610869406
      vertex -43.399999998509884 6.204772338271141 34.93852618515491
    endloop
  endfacet
  facet normal 0 0 -1
    outer loop
      vertex -45.399999998509884 -2.9249999970197678 37.129999997019766
      vertex -45.399999998509884 2.9249999970197678 37.129999997019766
      vertex -43.399999998509884 2.9249999970197678 37.129999997019766
    endloop
  endfacet
  facet normal 0 -0.06540312895837422 -0.9978589232564161
    outer loop
      vertex -45.399999998509884 2.9249999970197678 37.129999997019766
      vertex -45.399999998509884 3.3883679807186127 37.09962925493717
      vertex -43.399999998509884 3.3883679807186127 37.09962925493717
    endloop
  endfacet
  facet normal 0 -0.06540312895837422 -0.9978589232564161
    outer loop
      vertex -45.399999998509884 2.9249999970197678 37.129999997019766
      vertex -43.399999998509884 3.3883679807186127 37.09962925493717
      vertex -43.399999998509884 2.9249999970197678 37.129999997019766
    endloop
  endfacet
  facet normal 0 -0.19509031406951205 -0.9807852819839107
    outer loop
      vertex -45.399999998509884 3.3883679807186127 37.09962925493717
      vertex -45.399999998509884 3.8438076078891754 37.009036684334276
      vertex -43.399999998509884 3.8438076078891754 37.009036684334276
    endloop
  endfacet
  facet normal 0 -0.3214394659603873 -0.9469301292720075
    outer loop
      vertex -45.399999998509884 3.8438076078891754 37.009036684334276
      vertex -45.399999998509884 4.283526182174683 36.85977234125137
      vertex -43.399999998509884 4.283526182174683 36.85977234125137
    endloop
  endfacet
  facet normal 0 -0.19509031406951205 -0.9807852819839107
    outer loop
      vertex -45.399999998509884 3.3883679807186127 37.09962925493717
      vertex -43.399999998509884 3.8438076078891754 37.009036684334276
      vertex -43.399999998509884 3.3883679807186127 37.09962925493717
    endloop
  endfacet
  facet normal 0 -0.3214394659603873 -0.9469301292720075
    outer loop
      vertex -45.399999998509884 3.8438076078891754 37.009036684334276
      vertex -43.399999998509884 4.283526182174683 36.85977234125137
      vertex -43.399999998509884 3.8438076078891754 37.009036684334276
    endloop
  endfacet
  facet normal 0 -0.44228869203849924 -0.8968727406354111
    outer loop
      vertex -45.399999998509884 4.283526182174683 36.85977234125137
      vertex -45.399999998509884 4.700000002980232 36.65439018040895
      vertex -43.399999998509884 4.700000002980232 36.65439018040895
    endloop
  endfacet
  facet normal 0 -0.5555702309311068 -0.8314696136980333
    outer loop
      vertex -45.399999998509884 4.700000002980232 36.65439018040895
      vertex -45.399999998509884 5.086103074252605 36.39640435755253
      vertex -43.399999998509884 5.086103074252605 36.39640435755253
    endloop
  endfacet
  facet normal 0 -0.44228869203849924 -0.8968727406354111
    outer loop
      vertex -45.399999998509884 4.283526182174683 36.85977234125137
      vertex -43.399999998509884 4.700000002980232 36.65439018040895
      vertex -43.399999998509884 4.283526182174683 36.85977234125137
    endloop
  endfacet
  facet normal 0 -0.5555702309311068 -0.8314696136980333
    outer loop
      vertex -45.399999998509884 4.700000002980232 36.65439018040895
      vertex -43.399999998509884 5.086103074252605 36.39640435755253
      vertex -43.399999998509884 4.700000002980232 36.65439018040895
    endloop
  endfacet
  facet normal 0 -0.8314696062863203 -0.555570242023519
    outer loop
      vertex -45.399999998509884 5.741404354572296 35.741103069782255
      vertex -45.399999998509884 5.999390184879303 35.35499999850988
      vertex -43.399999998509884 5.999390184879303 35.35499999850988
    endloop
  endfacet
  facet normal 0 -0.8314696062863203 -0.555570242023519
    outer loop
      vertex -45.399999998509884 5.741404354572296 35.741103069782255
      vertex -43.399999998509884 5.999390184879303 35.35499999850988
      vertex -43.399999998509884 5.741404354572296 35.741103069782255
    endloop
  endfacet
  facet normal 0 -0.6593458184759371 -0.7518398045184205
    outer loop
      vertex -45.399999998509884 5.086103074252605 36.39640435755253
      vertex -45.399999998509884 5.435229070484638 36.09022907346487
      vertex -43.399999998509884 5.435229070484638 36.09022907346487
    endloop
  endfacet
  facet normal 0 -0.75183981149367 -0.6593458105221893
    outer loop
      vertex -45.399999998509884 5.435229070484638 36.09022907346487
      vertex -45.399999998509884 5.741404354572296 35.741103069782255
      vertex -43.399999998509884 5.741404354572296 35.741103069782255
    endloop
  endfacet
  facet normal 0 -0.75183981149367 -0.6593458105221893
    outer loop
      vertex -45.399999998509884 5.435229070484638 36.09022907346487
      vertex -43.399999998509884 5.741404354572296 35.741103069782255
      vertex -43.399999998509884 5.435229070484638 36.09022907346487
    endloop
  endfacet
  facet normal 0 -0.8968727438613288 -0.44228868549698547
    outer loop
      vertex -45.399999998509884 6.204772338271141 34.93852618515491
      vertex -43.399999998509884 6.204772338271141 34.93852618515491
      vertex -45.399999998509884 5.999390184879303 35.35499999850988
    endloop
  endfacet
  facet normal 0 -0.8968727438613288 -0.44228868549698547
    outer loop
      vertex -43.399999998509884 6.204772338271141 34.93852618515491
      vertex -43.399999998509884 5.999390184879303 35.35499999850988
      vertex -45.399999998509884 5.999390184879303 35.35499999850988
    endloop
  endfacet
  facet normal 0 -0.6593458184759371 -0.7518398045184205
    outer loop
      vertex -45.399999998509884 5.086103074252605 36.39640435755253
      vertex -43.399999998509884 5.435229070484638 36.09022907346487
      vertex -43.399999998509884 5.086103074252605 36.39640435755253
    endloop
  endfacet
  facet normal 0 1.3107502504766987e-11 -1
    outer loop
      vertex 4.859999999999999 -15.620000000000001 29.200000000000003
      vertex -43.399999998509884 -15.620000000000001 29.200000000000003
      vertex -43.399999998509884 -12.970000000000002 29.200000000034738
    endloop
  endfacet
  facet normal 0 -1 0
    outer loop
      vertex -43.399999998509884 -15.620000000000001 38
      vertex -43.399999998509884 -15.620000000000001 29.200000000000003
      vertex 4.859999999999999 -15.620000000000001 38
    endloop
  endfacet
  facet normal 0 1 0
    outer loop
      vertex 4.859999999999999 -12.970000000000002 30.325
      vertex -43.399999998509884 -12.970000000000002 29.200000000034738
      vertex -43.399999998509884 -12.970000000000002 30.325
    endloop
  endfacet
  facet normal 0 1 0
    outer loop
      vertex 4.859999999999999 -12.970000000000002 32.075
      vertex -43.399999998509884 -12.970000000000002 32.075
      vertex -43.399999998509884 -12.970000000000002 38
    endloop
  endfacet
  facet normal 0 -1 0
    outer loop
      vertex 4.859999999999999 -15.620000000000001 29.200000000000003
      vertex 4.859999999999999 -15.620000000000001 30.400000000000002
      vertex -43.399999998509884 -15.620000000000001 29.200000000000003
    endloop
  endfacet
  facet normal -7.197447500767716e-13 0 -1
    outer loop
      vertex 4.859999999999999 -15.620000000000001 29.200000000000003
      vertex -43.399999998509884 -12.970000000000002 29.200000000034738
      vertex 4.859999999999999 -12.970000000000002 29.200000000000003
    endloop
  endfacet
  facet normal 0 -1 0
    outer loop
      vertex 4.859999999999999 -15.620000000000001 30.400000000000002
      vertex 4.859999999999999 -15.620000000000001 38
      vertex -43.399999998509884 -15.620000000000001 29.200000000000003
    endloop
  endfacet
  facet normal 0 1 0
    outer loop
      vertex 4.859999999999999 -12.970000000000002 29.200000000000003
      vertex -43.399999998509884 -12.970000000000002 29.200000000034738
      vertex 4.859999999999999 -12.970000000000002 30.325
    endloop
  endfacet
  facet normal 0 1 0
    outer loop
      vertex 4.859999999999999 -12.970000000000002 32.075
      vertex -43.399999998509884 -12.970000000000002 38
      vertex 4.859999999999999 -12.970000000000002 38
    endloop
  endfacet
  facet normal 1 0 0
    outer loop
      vertex 4.859999999999999 -15.620000000000001 29.200000000000003
      vertex 4.859999999999999 -14.120000000000001 30.325
      vertex 4.859999999999999 -15.620000000000001 30.400000000000002
    endloop
  endfacet
  facet normal 1 0 0
    outer loop
      vertex 4.859999999999999 -15.620000000000001 29.200000000000003
      vertex 4.859999999999999 -12.970000000000002 29.200000000000003
      vertex 4.859999999999999 -14.120000000000001 30.325
    endloop
  endfacet
  facet normal 1 0 0
    outer loop
      vertex 4.859999999999999 -15.620000000000001 30.400000000000002
      vertex 4.859999999999999 -14.120000000000001 30.325
      vertex 4.859999999999999 -14.120000000000001 30.400000000000002
    endloop
  endfacet
  facet normal 1 0 0
    outer loop
      vertex 4.859999999999999 -12.970000000000002 29.200000000000003
      vertex 4.859999999999999 -12.970000000000002 30.325
      vertex 4.859999999999999 -14.120000000000001 30.325
    endloop
  endfacet
  facet normal 0 1 0
    outer loop
      vertex 4.859999999999999 -14.120000000000001 30.400000000000002
      vertex -43.399999998509884 -14.120000000000001 30.325000000002316
      vertex -43.399999998509884 -14.120000000000001 32.075
    endloop
  endfacet
  facet normal 0 0 -1
    outer loop
      vertex 4.859999999999999 -14.120000000000001 32.075
      vertex -43.399999998509884 -14.120000000000001 32.075
      vertex -43.399999998509884 -12.970000000000002 32.075
    endloop
  endfacet
  facet normal 0 2.014234190067765e-12 1
    outer loop
      vertex 4.859999999999999 -12.970000000000002 30.325
      vertex -43.399999998509884 -12.970000000000002 30.325
      vertex -43.399999998509884 -14.120000000000001 30.325000000002316
    endloop
  endfacet
  facet normal 0 1 0
    outer loop
      vertex 4.859999999999999 -14.120000000000001 30.325
      vertex -43.399999998509884 -14.120000000000001 30.325000000002316
      vertex 4.859999999999999 -14.120000000000001 30.400000000000002
    endloop
  endfacet
  facet normal 4.799770656132302e-14 0 1
    outer loop
      vertex 4.859999999999999 -14.120000000000001 30.325
      vertex 4.859999999999999 -12.970000000000002 30.325
      vertex -43.399999998509884 -14.120000000000001 30.325000000002316
    endloop
  endfacet
  facet normal 0 1 0
    outer loop
      vertex 4.859999999999999 -14.120000000000001 30.400000000000002
      vertex -43.399999998509884 -14.120000000000001 32.075
      vertex 4.859999999999999 -14.120000000000001 32.075
    endloop
  endfacet
  facet normal 0 0 -1
    outer loop
      vertex 4.859999999999999 -14.120000000000001 32.075
      vertex -43.399999998509884 -12.970000000000002 32.075
      vertex 4.859999999999999 -12.970000000000002 32.075
    endloop
  endfacet
  facet normal 0 -1 0
    outer loop
      vertex 4.859999999999999 12.970000000000002 29.200000000000003
      vertex -43.399999998509884 12.970000000000002 30.324999999965264
      vertex -43.399999998509884 12.970000000000002 29.200000000000003
    endloop
  endfacet
  facet normal 0 -1 0
    outer loop
      vertex 4.859999999999999 12.970000000000002 38
      vertex -43.399999998509884 12.970000000000002 38
      vertex -43.399999998509884 12.970000000000002 32.075
    endloop
  endfacet
  facet normal 0 0 -1
    outer loop
      vertex 4.859999999999999 12.970000000000002 29.200000000000003
      vertex -43.399999998509884 12.970000000000002 29.200000000000003
      vertex -43.399999998509884 15.620000000000001 29.200000000000003
    endloop
  endfacet
  facet normal 0 1 0
    outer loop
      vertex 4.859999999999999 15.620000000000001 29.200000000000003
      vertex -43.399999998509884 15.620000000000001 29.200000000000003
      vertex -43.399999998509884 15.620000000000001 38
    endloop
  endfacet
  facet normal 0 0 1
    outer loop
      vertex -30.55 13.919333950160459 38
      vertex -27.95 13.919333950160459 38
      vertex -31.53188000167652 15.620000000000001 38
    endloop
  endfacet
  facet normal 0 0 1
    outer loop
      vertex -27.95 13.919333950160459 38
      vertex -26.96811999832348 15.620000000000001 38
      vertex -31.53188000167652 15.620000000000001 38
    endloop
  endfacet
  facet normal 0 1 0
    outer loop
      vertex 4.859999999999999 15.620000000000001 30.400000000000002
      vertex -43.399999998509884 15.620000000000001 38
      vertex -31.53188000167652 15.620000000000001 38
    endloop
  endfacet
  facet normal 0 0 1
    outer loop
      vertex -24.05 13.919333950160459 38
      vertex -21.45 13.919333950160459 38
      vertex -25.03188000167652 15.620000000000001 38
    endloop
  endfacet
  facet normal 0 -1 0
    outer loop
      vertex 4.859999999999999 12.970000000000002 29.200000000000003
      vertex 4.859999999999999 12.970000000000002 30.325
      vertex -43.399999998509884 12.970000000000002 30.324999999965264
    endloop
  endfacet
  facet normal 0 -1 0
    outer loop
      vertex 4.859999999999999 12.970000000000002 32.075
      vertex 4.859999999999999 12.970000000000002 38
      vertex -43.399999998509884 12.970000000000002 32.075
    endloop
  endfacet
  facet normal 0 0 -1
    outer loop
      vertex 4.859999999999999 12.970000000000002 29.200000000000003
      vertex -43.399999998509884 15.620000000000001 29.200000000000003
      vertex 4.859999999999999 15.620000000000001 29.200000000000003
    endloop
  endfacet
  facet normal 0 1 0
    outer loop
      vertex 4.859999999999999 15.620000000000001 30.400000000000002
      vertex -31.53188000167652 15.620000000000001 38
      vertex -26.96811999832348 15.620000000000001 38
    endloop
  endfacet
  facet normal 0 0 1
    outer loop
      vertex -21.45 13.919333950160459 38
      vertex -20.46811999832348 15.620000000000001 38
      vertex -25.03188000167652 15.620000000000001 38
    endloop
  endfacet
  facet normal 0 1 0
    outer loop
      vertex 4.859999999999999 15.620000000000001 30.400000000000002
      vertex -26.96811999832348 15.620000000000001 38
      vertex -25.03188000167652 15.620000000000001 38
    endloop
  endfacet
  facet normal 0 1 0
    outer loop
      vertex 4.859999999999999 15.620000000000001 30.400000000000002
      vertex -25.03188000167652 15.620000000000001 38
      vertex -20.46811999832348 15.620000000000001 38
    endloop
  endfacet
  facet normal 0 1 0
    outer loop
      vertex 4.859999999999999 15.620000000000001 30.400000000000002
      vertex -20.46811999832348 15.620000000000001 38
      vertex -18.53188000167652 15.620000000000001 38
    endloop
  endfacet
  facet normal 0 0 1
    outer loop
      vertex -17.55 13.919333950160459 38
      vertex -14.95 13.919333950160459 38
      vertex -18.53188000167652 15.620000000000001 38
    endloop
  endfacet
  facet normal 0 0 1
    outer loop
      vertex -14.95 13.919333950160459 38
      vertex -13.968119998323482 15.620000000000001 38
      vertex -18.53188000167652 15.620000000000001 38
    endloop
  endfacet
  facet normal 0 1 0
    outer loop
      vertex 4.859999999999999 15.620000000000001 29.200000000000003
      vertex -43.399999998509884 15.620000000000001 38
      vertex 4.859999999999999 15.620000000000001 30.400000000000002
    endloop
  endfacet
  facet normal 0 1 0
    outer loop
      vertex 4.859999999999999 15.620000000000001 30.400000000000002
      vertex -18.53188000167652 15.620000000000001 38
      vertex -13.968119998323482 15.620000000000001 38
    endloop
  endfacet
  facet normal 0 1 0
    outer loop
      vertex 4.859999999999999 15.620000000000001 30.400000000000002
      vertex -13.968119998323482 15.620000000000001 38
      vertex -12.031880001676518 15.620000000000001 38
    endloop
  endfacet
  facet normal 0 0 1
    outer loop
      vertex -11.05 13.919333950160459 38
      vertex -8.45 13.919333950160459 38
      vertex -12.031880001676518 15.620000000000001 38
    endloop
  endfacet
  facet normal 0 0 1
    outer loop
      vertex -12.031880001676518 15.620000000000001 38
      vertex -8.45 13.919333950160459 38
      vertex -7.468119998323483 15.620000000000001 38
    endloop
  endfacet
  facet normal 0 1 0
    outer loop
      vertex 4.859999999999999 15.620000000000001 30.400000000000002
      vertex -12.031880001676518 15.620000000000001 38
      vertex -7.468119998323483 15.620000000000001 38
    endloop
  endfacet
  facet normal 0 1 0
    outer loop
      vertex 4.859999999999999 15.620000000000001 30.400000000000002
      vertex -7.468119998323483 15.620000000000001 38
      vertex -5.531880001676517 15.620000000000001 38
    endloop
  endfacet
  facet normal 0 1 0
    outer loop
      vertex 4.859999999999999 15.620000000000001 30.400000000000002
      vertex -5.531880001676517 15.620000000000001 38
      vertex -0.9681199983234827 15.620000000000001 38
    endloop
  endfacet
  facet normal 0 0 1
    outer loop
      vertex -4.55 13.919333950160459 38
      vertex -1.95 13.919333950160459 38
      vertex -5.531880001676517 15.620000000000001 38
    endloop
  endfacet
  facet normal 0 0 1
    outer loop
      vertex -5.531880001676517 15.620000000000001 38
      vertex -1.95 13.919333950160459 38
      vertex -0.9681199983234827 15.620000000000001 38
    endloop
  endfacet
  facet normal 1 0 0
    outer loop
      vertex 4.859999999999999 12.970000000000002 29.200000000000003
      vertex 4.859999999999999 15.620000000000001 29.200000000000003
      vertex 4.859999999999999 12.970000000000002 30.325
    endloop
  endfacet
  facet normal 1 0 0
    outer loop
      vertex 4.859999999999999 15.620000000000001 29.200000000000003
      vertex 4.859999999999999 14.120000000000001 30.325
      vertex 4.859999999999999 12.970000000000002 30.325
    endloop
  endfacet
  facet normal 1 0 0
    outer loop
      vertex 4.859999999999999 15.620000000000001 29.200000000000003
      vertex 4.859999999999999 14.120000000000001 30.400000000000002
      vertex 4.859999999999999 14.120000000000001 30.325
    endloop
  endfacet
  facet normal 1 0 0
    outer loop
      vertex 4.859999999999999 15.620000000000001 29.200000000000003
      vertex 4.859999999999999 15.620000000000001 30.400000000000002
      vertex 4.859999999999999 14.120000000000001 30.400000000000002
    endloop
  endfacet
  facet normal 0 1 0
    outer loop
      vertex 4.859999999999999 15.620000000000001 30.400000000000002
      vertex -0.9681199983234827 15.620000000000001 38
      vertex 0.9681199983234827 15.620000000000001 38
    endloop
  endfacet
  facet normal 0 1 0
    outer loop
      vertex 4.859999999999999 15.620000000000001 30.400000000000002
      vertex 0.9681199983234827 15.620000000000001 38
      vertex 4.859999999999999 15.620000000000001 38
    endloop
  endfacet
  facet normal 0 0 1
    outer loop
      vertex 4.859999999999999 15.620000000000001 38
      vertex 0.9681199983234827 15.620000000000001 38
      vertex 1.95 13.919333950160459 38
    endloop
  endfacet
  facet normal 0 0 1
    outer loop
      vertex 1.95 13.919333950160459 38
      vertex 4.55 13.919333950160459 38
      vertex 4.859999999999999 14.45626970050681 38
    endloop
  endfacet
  facet normal 0 0 1
    outer loop
      vertex 4.859999999999999 15.620000000000001 38
      vertex 1.95 13.919333950160459 38
      vertex 4.859999999999999 14.45626970050681 38
    endloop
  endfacet
  facet normal 0 0 -1
    outer loop
      vertex 4.859999999999999 12.970000000000002 32.075
      vertex -43.399999998509884 12.970000000000002 32.075
      vertex -43.399999998509884 14.120000000000001 32.075
    endloop
  endfacet
  facet normal 0 -3.0204244902289165e-11 1
    outer loop
      vertex 4.859999999999999 14.120000000000001 30.325
      vertex -43.399999998509884 14.120000000000001 30.325
      vertex -43.399999998509884 12.970000000000002 30.324999999965264
    endloop
  endfacet
  facet normal 0 -1 0
    outer loop
      vertex 4.859999999999999 14.120000000000001 32.075
      vertex -43.399999998509884 14.120000000000001 32.075
      vertex -43.399999998509884 14.120000000000001 30.325
    endloop
  endfacet
  facet normal -7.197447500767717e-13 0 1
    outer loop
      vertex 4.859999999999999 12.970000000000002 30.325
      vertex 4.859999999999999 14.120000000000001 30.325
      vertex -43.399999998509884 12.970000000000002 30.324999999965264
    endloop
  endfacet
  facet normal 0 -1 0
    outer loop
      vertex 4.859999999999999 14.120000000000001 30.325
      vertex 4.859999999999999 14.120000000000001 30.400000000000002
      vertex -43.399999998509884 14.120000000000001 30.325
    endloop
  endfacet
  facet normal 0 -1 0
    outer loop
      vertex 4.859999999999999 14.120000000000001 30.400000000000002
      vertex 4.859999999999999 14.120000000000001 32.075
      vertex -43.399999998509884 14.120000000000001 30.325
    endloop
  endfacet
  facet normal 0 0 -1
    outer loop
      vertex 4.859999999999999 12.970000000000002 32.075
      vertex -43.399999998509884 14.120000000000001 32.075
      vertex 4.859999999999999 14.120000000000001 32.075
    endloop
  endfacet
  facet normal -1 0 0
    outer loop
      vertex 4.859999999999999 -14.120000000000001 30.400000000000002
      vertex 4.859999999999999 -14.120000000000001 32.075
      vertex 4.859999999999999 -12.970000000000002 32.075
    endloop
  endfacet
  facet normal 0 -1 0
    outer loop
      vertex 4.859999999999999 -15.620000000000001 30.400000000000002
      vertex 7.859999999999999 -15.620000000000001 30.400000000000002
      vertex 7.859999999999999 -15.620000000000001 38
    endloop
  endfacet
  facet normal 0 -1 0
    outer loop
      vertex 4.859999999999999 -15.620000000000001 30.400000000000002
      vertex 7.859999999999999 -15.620000000000001 38
      vertex 4.859999999999999 -15.620000000000001 38
    endloop
  endfacet
  facet normal -1 0 0
    outer loop
      vertex 4.859999999999999 -14.120000000000001 30.400000000000002
      vertex 4.859999999999999 -12.970000000000002 32.075
      vertex 4.859999999999999 12.970000000000002 38
    endloop
  endfacet
  facet normal 0 0 -1
    outer loop
      vertex 4.859999999999999 -15.620000000000001 30.400000000000002
      vertex 7.859999999999999 15.620000000000001 30.400000000000002
      vertex 7.859999999999999 -15.620000000000001 30.400000000000002
    endloop
  endfacet
  facet normal 0 0 -1
    outer loop
      vertex 4.859999999999999 -15.620000000000001 30.400000000000002
      vertex 4.859999999999999 -14.120000000000001 30.400000000000002
      vertex 7.859999999999999 15.620000000000001 30.400000000000002
    endloop
  endfacet
  facet normal 1 0 0
    outer loop
      vertex 7.859999999999999 -15.620000000000001 30.400000000000002
      vertex 7.859999999999999 15.620000000000001 30.400000000000002
      vertex 7.859999999999999 -15.620000000000001 38
    endloop
  endfacet
  facet normal -1 0 0
    outer loop
      vertex 4.859999999999999 -12.970000000000002 32.075
      vertex 4.859999999999999 -12.970000000000002 38
      vertex 4.859999999999999 12.970000000000002 38
    endloop
  endfacet
  facet normal -1 0 0
    outer loop
      vertex 4.859999999999999 -14.120000000000001 30.400000000000002
      vertex 4.859999999999999 12.970000000000002 32.075
      vertex 4.859999999999999 14.120000000000001 30.400000000000002
    endloop
  endfacet
  facet normal -1 0 0
    outer loop
      vertex 4.859999999999999 -14.120000000000001 30.400000000000002
      vertex 4.859999999999999 12.970000000000002 38
      vertex 4.859999999999999 12.970000000000002 32.075
    endloop
  endfacet
  facet normal 0 0 -1
    outer loop
      vertex 4.859999999999999 -14.120000000000001 30.400000000000002
      vertex 4.859999999999999 14.120000000000001 30.400000000000002
      vertex 7.859999999999999 15.620000000000001 30.400000000000002
    endloop
  endfacet
  facet normal 1 0 0
    outer loop
      vertex 7.859999999999999 15.620000000000001 30.400000000000002
      vertex 7.859999999999999 14.941243926626097 38
      vertex 7.859999999999999 -15.620000000000001 38
    endloop
  endfacet
  facet normal -1 0 0
    outer loop
      vertex 4.859999999999999 14.120000000000001 30.400000000000002
      vertex 4.859999999999999 12.970000000000002 32.075
      vertex 4.859999999999999 14.120000000000001 32.075
    endloop
  endfacet
  facet normal 0 0 -1
    outer loop
      vertex 4.859999999999999 14.120000000000001 30.400000000000002
      vertex 4.859999999999999 15.620000000000001 30.400000000000002
      vertex 7.859999999999999 15.620000000000001 30.400000000000002
    endloop
  endfacet
  facet normal 0 1 0
    outer loop
      vertex 4.859999999999999 15.620000000000001 30.400000000000002
      vertex 4.859999999999999 15.620000000000001 38
      vertex 7.859999999999999 15.620000000000001 30.400000000000002
    endloop
  endfacet
  facet normal 0 0 1
    outer loop
      vertex 4.859999999999999 15.620000000000001 38
      vertex 4.859999999999999 14.45626970050681 38
      vertex 5.531880001676517 15.620000000000001 38
    endloop
  endfacet
  facet normal 1 0 0
    outer loop
      vertex 7.859999999999999 15.620000000000001 30.400000000000002
      vertex 7.859999999999999 15.620000000000001 38
      vertex 7.859999999999999 14.941243926626097 38
    endloop
  endfacet
  facet normal 0 1 0
    outer loop
      vertex 7.859999999999999 15.620000000000001 30.400000000000002
      vertex 4.859999999999999 15.620000000000001 38
      vertex 5.531880001676517 15.620000000000001 38
    endloop
  endfacet
  facet normal 0 1 0
    outer loop
      vertex 7.859999999999999 15.620000000000001 30.400000000000002
      vertex 5.531880001676517 15.620000000000001 38
      vertex 7.468119998323483 15.620000000000001 38
    endloop
  endfacet
  facet normal 0 1 0
    outer loop
      vertex 7.859999999999999 15.620000000000001 30.400000000000002
      vertex 7.468119998323483 15.620000000000001 38
      vertex 7.859999999999999 15.620000000000001 38
    endloop
  endfacet
  facet normal 0 0 1
    outer loop
      vertex 7.859999999999999 15.620000000000001 38
      vertex 7.468119998323483 15.620000000000001 38
      vertex 7.859999999999999 14.941243926626097 38
    endloop
  endfacet
endsolid OpenSCAD_Model
