solid OpenSCAD_Model
  facet normal 0.6593458151000662 0.7518398074789798 0
    outer loop
      vertex -41.20208152801713 -13.20208152801713 2.4
      vertex -41.20208152801713 -13.20208152801713 3.4
      vertex -41.034894429314825 -13.3487006784951 2.4
    endloop
  endfacet
  facet normal 0.7518398074789803 0.6593458151000656 6.012766773674801e-19
    outer loop
      vertex -41.20208152801713 -13.20208152801713 2.4
      vertex -41.3487006784951 -13.034894429314825 2.4
      vertex -41.3487006784951 -13.034894429314825 3.4
    endloop
  endfacet
  facet normal 0.8314696123025463 0.5555702330196005 7.03371393431993e-18
    outer loop
      vertex -41.3487006784951 -13.034894429314825 2.4
      vertex -41.472243186433545 -12.85 2.4
      vertex -41.472243186433545 -12.85 3.4
    endloop
  endfacet
  facet normal 0.8968727415326893 0.4422886902189996 -5.794303535045181e-18
    outer loop
      vertex -41.472243186433545 -12.85 2.4
      vertex -41.570595205269186 -12.650561835020653 2.4
      vertex -41.570595205269186 -12.650561835020653 3.4
    endloop
  endfacet
  facet normal 0.946930129495105 0.32143946530316325 -2.600863998135236e-18
    outer loop
      vertex -41.570595205269186 -12.650561835020653 2.4
      vertex -41.642073904691415 -12.439992376674285 2.4
      vertex -41.642073904691415 -12.439992376674285 3.4
    endloop
  endfacet
  facet normal 0.9807852804032289 0.19509032201613608 3.2210141436159254e-19
    outer loop
      vertex -41.642073904691415 -12.439992376674285 2.4
      vertex -41.68545626433548 -12.221894526774088 2.4
      vertex -41.68545626433548 -12.221894526774088 3.4
    endloop
  endfacet
  facet normal 0.9978589232386029 0.06540312923015325 9.668233853877528e-20
    outer loop
      vertex -41.68545626433548 -12.221894526774088 2.4
      vertex -41.7 -12 2.4
      vertex -41.7 -12 3.4
    endloop
  endfacet
  facet normal 0.5555702330196043 0.8314696123025439 0
    outer loop
      vertex -41.034894429314825 -13.3487006784951 2.4
      vertex -41.034894429314825 -13.3487006784951 3.4
      vertex -40.85 -13.472243186433545 2.4
    endloop
  endfacet
  facet normal 0.4422886902190028 0.8968727415326876 0
    outer loop
      vertex -40.85 -13.472243186433545 2.4
      vertex -40.85 -13.472243186433545 3.4
      vertex -40.65056183502065 -13.570595205269187 2.4
    endloop
  endfacet
  facet normal 0.32143946530316087 0.9469301294951059 0
    outer loop
      vertex -40.65056183502065 -13.570595205269187 2.4
      vertex -40.65056183502065 -13.570595205269187 3.4
      vertex -40.43999237667428 -13.642073904691417 2.4
    endloop
  endfacet
  facet normal 0.1950903220161284 0.9807852804032304 0
    outer loop
      vertex -40.43999237667428 -13.642073904691417 2.4
      vertex -40.43999237667428 -13.642073904691417 3.4
      vertex -40.221894526774086 -13.685456264335478 2.4
    endloop
  endfacet
  facet normal 0.06540312923013786 0.9978589232386039 7.424228807720053e-19
    outer loop
      vertex -40 -13.7 2.4
      vertex -40.221894526774086 -13.685456264335478 2.4
      vertex -40.221894526774086 -13.685456264335478 3.4
    endloop
  endfacet
  facet normal -0.06540312923013786 0.9978589232386039 0
    outer loop
      vertex -40 -13.7 2.4
      vertex -40 -13.7 3.4
      vertex -39.778105473225914 -13.685456264335478 2.4
    endloop
  endfacet
  facet normal 0.9978589232386029 -0.06540312923015325 -9.668233853877528e-20
    outer loop
      vertex -41.7 -12 2.4
      vertex -41.68545626433548 -11.778105473225912 2.4
      vertex -41.68545626433548 -11.778105473225912 3.4
    endloop
  endfacet
  facet normal 0.9807852804032289 -0.19509032201613608 -3.2210141436159254e-19
    outer loop
      vertex -41.68545626433548 -11.778105473225912 2.4
      vertex -41.642073904691415 -11.560007623325715 2.4
      vertex -41.642073904691415 -11.560007623325715 3.4
    endloop
  endfacet
  facet normal 0.946930129495105 -0.32143946530316325 2.600863998135236e-18
    outer loop
      vertex -41.642073904691415 -11.560007623325715 2.4
      vertex -41.570595205269186 -11.349438164979347 2.4
      vertex -41.570595205269186 -11.349438164979347 3.4
    endloop
  endfacet
  facet normal 0.8968727415326893 -0.4422886902189996 5.794303535045181e-18
    outer loop
      vertex -41.570595205269186 -11.349438164979347 2.4
      vertex -41.472243186433545 -11.15 2.4
      vertex -41.472243186433545 -11.15 3.4
    endloop
  endfacet
  facet normal 0.8314696123025463 -0.5555702330196005 -7.03371393431993e-18
    outer loop
      vertex -41.472243186433545 -11.15 2.4
      vertex -41.3487006784951 -10.965105570685175 2.4
      vertex -41.3487006784951 -10.965105570685175 3.4
    endloop
  endfacet
  facet normal 0.7518398074789803 -0.6593458151000656 -6.012766773674801e-19
    outer loop
      vertex -41.3487006784951 -10.965105570685175 2.4
      vertex -41.20208152801713 -10.79791847198287 2.4
      vertex -41.20208152801713 -10.79791847198287 3.4
    endloop
  endfacet
  facet normal 0.6593458151000662 -0.7518398074789798 -5.7686957656224536e-18
    outer loop
      vertex -41.20208152801713 -10.79791847198287 2.4
      vertex -41.034894429314825 -10.6512993215049 2.4
      vertex -41.034894429314825 -10.6512993215049 3.4
    endloop
  endfacet
  facet normal 0.5555702330196043 -0.8314696123025439 4.609127041014792e-18
    outer loop
      vertex -41.034894429314825 -10.6512993215049 2.4
      vertex -40.85 -10.527756813566455 2.4
      vertex -40.85 -10.527756813566455 3.4
    endloop
  endfacet
  facet normal 0.4422886902190028 -0.8968727415326876 -2.497051510789592e-18
    outer loop
      vertex -40.85 -10.527756813566455 2.4
      vertex -40.65056183502065 -10.429404794730813 2.4
      vertex -40.65056183502065 -10.429404794730813 3.4
    endloop
  endfacet
  facet normal 0.32143946530316087 -0.9469301294951059 -3.6853104539128764e-18
    outer loop
      vertex -40.65056183502065 -10.429404794730813 2.4
      vertex -40.43999237667428 -10.357926095308583 2.4
      vertex -40.43999237667428 -10.357926095308583 3.4
    endloop
  endfacet
  facet normal 0.1950903220161284 -0.9807852804032304 -2.913595450965774e-18
    outer loop
      vertex -40.43999237667428 -10.357926095308583 2.4
      vertex -40.221894526774086 -10.314543735664522 2.4
      vertex -40.221894526774086 -10.314543735664522 3.4
    endloop
  endfacet
  facet normal 0.06540312923013786 -0.9978589232386039 -7.424228807720053e-19
    outer loop
      vertex -40.221894526774086 -10.314543735664522 2.4
      vertex -40 -10.3 2.4
      vertex -40 -10.3 3.4
    endloop
  endfacet
  facet normal -0.06540312923013786 -0.9978589232386039 7.424228807720053e-19
    outer loop
      vertex -40 -10.3 2.4
      vertex -39.778105473225914 -10.314543735664522 2.4
      vertex -39.778105473225914 -10.314543735664522 3.4
    endloop
  endfacet
  facet normal 0.7518398074789803 0.6593458151000656 0
    outer loop
      vertex -41.20208152801713 -13.20208152801713 2.4
      vertex -41.3487006784951 -13.034894429314825 3.4
      vertex -41.20208152801713 -13.20208152801713 3.4
    endloop
  endfacet
  facet normal 0.8314696123025463 0.5555702330196005 0
    outer loop
      vertex -41.3487006784951 -13.034894429314825 2.4
      vertex -41.472243186433545 -12.85 3.4
      vertex -41.3487006784951 -13.034894429314825 3.4
    endloop
  endfacet
  facet normal 0.8968727415326893 0.4422886902189996 0
    outer loop
      vertex -41.472243186433545 -12.85 2.4
      vertex -41.570595205269186 -12.650561835020653 3.4
      vertex -41.472243186433545 -12.85 3.4
    endloop
  endfacet
  facet normal 0.946930129495105 0.32143946530316325 0
    outer loop
      vertex -41.570595205269186 -12.650561835020653 2.4
      vertex -41.642073904691415 -12.439992376674285 3.4
      vertex -41.570595205269186 -12.650561835020653 3.4
    endloop
  endfacet
  facet normal 0.9807852804032289 0.19509032201613608 0
    outer loop
      vertex -41.642073904691415 -12.439992376674285 2.4
      vertex -41.68545626433548 -12.221894526774088 3.4
      vertex -41.642073904691415 -12.439992376674285 3.4
    endloop
  endfacet
  facet normal 0.9978589232386029 0.06540312923015325 0
    outer loop
      vertex -41.68545626433548 -12.221894526774088 2.4
      vertex -41.7 -12 3.4
      vertex -41.68545626433548 -12.221894526774088 3.4
    endloop
  endfacet
  facet normal 0.6593458151000662 0.7518398074789798 0
    outer loop
      vertex -41.034894429314825 -13.3487006784951 2.4
      vertex -41.20208152801713 -13.20208152801713 3.4
      vertex -41.034894429314825 -13.3487006784951 3.4
    endloop
  endfacet
  facet normal 0.5555702330196043 0.8314696123025439 0
    outer loop
      vertex -40.85 -13.472243186433545 2.4
      vertex -41.034894429314825 -13.3487006784951 3.4
      vertex -40.85 -13.472243186433545 3.4
    endloop
  endfacet
  facet normal 0.4422886902190028 0.8968727415326876 0
    outer loop
      vertex -40.65056183502065 -13.570595205269187 2.4
      vertex -40.85 -13.472243186433545 3.4
      vertex -40.65056183502065 -13.570595205269187 3.4
    endloop
  endfacet
  facet normal 0.32143946530316087 0.9469301294951059 0
    outer loop
      vertex -40.43999237667428 -13.642073904691417 2.4
      vertex -40.65056183502065 -13.570595205269187 3.4
      vertex -40.43999237667428 -13.642073904691417 3.4
    endloop
  endfacet
  facet normal 0.1950903220161284 0.9807852804032304 0
    outer loop
      vertex -40.221894526774086 -13.685456264335478 2.4
      vertex -40.43999237667428 -13.642073904691417 3.4
      vertex -40.221894526774086 -13.685456264335478 3.4
    endloop
  endfacet
  facet normal 0.06540312923013786 0.9978589232386039 0
    outer loop
      vertex -40 -13.7 2.4
      vertex -40.221894526774086 -13.685456264335478 3.4
      vertex -40 -13.7 3.4
    endloop
  endfacet
  facet normal -0.06540312923013786 0.9978589232386039 0
    outer loop
      vertex -39.778105473225914 -13.685456264335478 2.4
      vertex -40 -13.7 3.4
      vertex -39.778105473225914 -13.685456264335478 3.4
    endloop
  endfacet
  facet normal 0.9978589232386029 -0.06540312923015325 0
    outer loop
      vertex -41.7 -12 2.4
      vertex -41.68545626433548 -11.778105473225912 3.4
      vertex -41.7 -12 3.4
    endloop
  endfacet
  facet normal 0.9807852804032289 -0.19509032201613608 0
    outer loop
      vertex -41.68545626433548 -11.778105473225912 2.4
      vertex -41.642073904691415 -11.560007623325715 3.4
      vertex -41.68545626433548 -11.778105473225912 3.4
    endloop
  endfacet
  facet normal 0.946930129495105 -0.32143946530316325 0
    outer loop
      vertex -41.642073904691415 -11.560007623325715 2.4
      vertex -41.570595205269186 -11.349438164979347 3.4
      vertex -41.642073904691415 -11.560007623325715 3.4
    endloop
  endfacet
  facet normal 0.8968727415326893 -0.4422886902189996 0
    outer loop
      vertex -41.570595205269186 -11.349438164979347 2.4
      vertex -41.472243186433545 -11.15 3.4
      vertex -41.570595205269186 -11.349438164979347 3.4
    endloop
  endfacet
  facet normal 0.8314696123025463 -0.5555702330196005 0
    outer loop
      vertex -41.472243186433545 -11.15 2.4
      vertex -41.3487006784951 -10.965105570685175 3.4
      vertex -41.472243186433545 -11.15 3.4
    endloop
  endfacet
  facet normal 0.7518398074789803 -0.6593458151000656 0
    outer loop
      vertex -41.3487006784951 -10.965105570685175 2.4
      vertex -41.20208152801713 -10.79791847198287 3.4
      vertex -41.3487006784951 -10.965105570685175 3.4
    endloop
  endfacet
  facet normal 0.6593458151000662 -0.7518398074789798 0
    outer loop
      vertex -41.20208152801713 -10.79791847198287 2.4
      vertex -41.034894429314825 -10.6512993215049 3.4
      vertex -41.20208152801713 -10.79791847198287 3.4
    endloop
  endfacet
  facet normal 0.5555702330196043 -0.8314696123025439 0
    outer loop
      vertex -41.034894429314825 -10.6512993215049 2.4
      vertex -40.85 -10.527756813566455 3.4
      vertex -41.034894429314825 -10.6512993215049 3.4
    endloop
  endfacet
  facet normal 0.4422886902190028 -0.8968727415326876 0
    outer loop
      vertex -40.85 -10.527756813566455 2.4
      vertex -40.65056183502065 -10.429404794730813 3.4
      vertex -40.85 -10.527756813566455 3.4
    endloop
  endfacet
  facet normal 0.32143946530316087 -0.9469301294951059 0
    outer loop
      vertex -40.65056183502065 -10.429404794730813 2.4
      vertex -40.43999237667428 -10.357926095308583 3.4
      vertex -40.65056183502065 -10.429404794730813 3.4
    endloop
  endfacet
  facet normal 0.1950903220161284 -0.9807852804032304 0
    outer loop
      vertex -40.43999237667428 -10.357926095308583 2.4
      vertex -40.221894526774086 -10.314543735664522 3.4
      vertex -40.43999237667428 -10.357926095308583 3.4
    endloop
  endfacet
  facet normal 0.06540312923013786 -0.9978589232386039 0
    outer loop
      vertex -40.221894526774086 -10.314543735664522 2.4
      vertex -40 -10.3 3.4
      vertex -40.221894526774086 -10.314543735664522 3.4
    endloop
  endfacet
  facet normal -0.06540312923013786 -0.9978589232386039 0
    outer loop
      vertex -40 -10.3 2.4
      vertex -39.778105473225914 -10.314543735664522 3.4
      vertex -40 -10.3 3.4
    endloop
  endfacet
  facet normal -0.1950903220161284 0.9807852804032304 0
    outer loop
      vertex -39.778105473225914 -13.685456264335478 2.4
      vertex -39.778105473225914 -13.685456264335478 3.4
      vertex -39.56000762332572 -13.642073904691417 2.4
    endloop
  endfacet
  facet normal -0.32143946530316087 0.9469301294951059 0
    outer loop
      vertex -39.56000762332572 -13.642073904691417 2.4
      vertex -39.56000762332572 -13.642073904691417 3.4
      vertex -39.34943816497935 -13.570595205269187 2.4
    endloop
  endfacet
  facet normal -0.4422886902190028 0.8968727415326876 0
    outer loop
      vertex -39.34943816497935 -13.570595205269187 2.4
      vertex -39.34943816497935 -13.570595205269187 3.4
      vertex -39.15 -13.472243186433545 2.4
    endloop
  endfacet
  facet normal -0.5555702330196043 0.8314696123025439 0
    outer loop
      vertex -39.15 -13.472243186433545 2.4
      vertex -39.15 -13.472243186433545 3.4
      vertex -38.965105570685175 -13.3487006784951 2.4
    endloop
  endfacet
  facet normal -0.6593458151000662 0.7518398074789798 0
    outer loop
      vertex -38.965105570685175 -13.3487006784951 2.4
      vertex -38.965105570685175 -13.3487006784951 3.4
      vertex -38.79791847198287 -13.20208152801713 2.4
    endloop
  endfacet
  facet normal -0.7518398074789803 0.6593458151000656 0
    outer loop
      vertex -38.79791847198287 -13.20208152801713 2.4
      vertex -38.79791847198287 -13.20208152801713 3.4
      vertex -38.6512993215049 -13.034894429314825 2.4
    endloop
  endfacet
  facet normal -0.8314696123025463 0.5555702330196005 0
    outer loop
      vertex -38.6512993215049 -13.034894429314825 2.4
      vertex -38.6512993215049 -13.034894429314825 3.4
      vertex -38.527756813566455 -12.85 2.4
    endloop
  endfacet
  facet normal -0.8968727415326893 0.4422886902189996 0
    outer loop
      vertex -38.527756813566455 -12.85 2.4
      vertex -38.527756813566455 -12.85 3.4
      vertex -38.429404794730814 -12.650561835020653 2.4
    endloop
  endfacet
  facet normal -0.946930129495105 0.32143946530316325 0
    outer loop
      vertex -38.429404794730814 -12.650561835020653 2.4
      vertex -38.429404794730814 -12.650561835020653 3.4
      vertex -38.357926095308585 -12.439992376674285 2.4
    endloop
  endfacet
  facet normal -0.9807852804032289 0.19509032201613608 0
    outer loop
      vertex -38.357926095308585 -12.439992376674285 2.4
      vertex -38.357926095308585 -12.439992376674285 3.4
      vertex -38.31454373566452 -12.221894526774088 2.4
    endloop
  endfacet
  facet normal -0.9978589232386029 0.06540312923015325 0
    outer loop
      vertex -38.31454373566452 -12.221894526774088 2.4
      vertex -38.31454373566452 -12.221894526774088 3.4
      vertex -38.3 -12 2.4
    endloop
  endfacet
  facet normal -0.9807852804032289 -0.19509032201613608 0
    outer loop
      vertex -38.31454373566452 -11.778105473225912 2.4
      vertex -38.31454373566452 -11.778105473225912 3.4
      vertex -38.357926095308585 -11.560007623325715 2.4
    endloop
  endfacet
  facet normal -0.946930129495105 -0.32143946530316325 0
    outer loop
      vertex -38.357926095308585 -11.560007623325715 2.4
      vertex -38.357926095308585 -11.560007623325715 3.4
      vertex -38.429404794730814 -11.349438164979347 2.4
    endloop
  endfacet
  facet normal -0.8968727415326893 -0.4422886902189996 0
    outer loop
      vertex -38.429404794730814 -11.349438164979347 2.4
      vertex -38.429404794730814 -11.349438164979347 3.4
      vertex -38.527756813566455 -11.15 2.4
    endloop
  endfacet
  facet normal -0.1950903220161284 -0.9807852804032304 2.913595450965774e-18
    outer loop
      vertex -39.778105473225914 -10.314543735664522 2.4
      vertex -39.56000762332572 -10.357926095308583 2.4
      vertex -39.56000762332572 -10.357926095308583 3.4
    endloop
  endfacet
  facet normal -0.32143946530316087 -0.9469301294951059 3.6853104539128764e-18
    outer loop
      vertex -39.56000762332572 -10.357926095308583 2.4
      vertex -39.34943816497935 -10.429404794730813 2.4
      vertex -39.34943816497935 -10.429404794730813 3.4
    endloop
  endfacet
  facet normal -0.4422886902190028 -0.8968727415326876 0
    outer loop
      vertex -39.15 -10.527756813566455 2.4
      vertex -39.15 -10.527756813566455 3.4
      vertex -39.34943816497935 -10.429404794730813 2.4
    endloop
  endfacet
  facet normal -0.5555702330196043 -0.8314696123025439 -4.609127041014792e-18
    outer loop
      vertex -39.15 -10.527756813566455 2.4
      vertex -38.965105570685175 -10.6512993215049 2.4
      vertex -38.965105570685175 -10.6512993215049 3.4
    endloop
  endfacet
  facet normal -0.6593458151000662 -0.7518398074789798 0
    outer loop
      vertex -38.79791847198287 -10.79791847198287 2.4
      vertex -38.79791847198287 -10.79791847198287 3.4
      vertex -38.965105570685175 -10.6512993215049 2.4
    endloop
  endfacet
  facet normal -0.7518398074789803 -0.6593458151000656 6.012766773674801e-19
    outer loop
      vertex -38.79791847198287 -10.79791847198287 2.4
      vertex -38.6512993215049 -10.965105570685175 2.4
      vertex -38.6512993215049 -10.965105570685175 3.4
    endloop
  endfacet
  facet normal -0.8314696123025463 -0.5555702330196005 0
    outer loop
      vertex -38.527756813566455 -11.15 2.4
      vertex -38.527756813566455 -11.15 3.4
      vertex -38.6512993215049 -10.965105570685175 2.4
    endloop
  endfacet
  facet normal -0.9978589232386029 -0.06540312923015325 0
    outer loop
      vertex -38.3 -12 2.4
      vertex -38.3 -12 3.4
      vertex -38.31454373566452 -11.778105473225912 2.4
    endloop
  endfacet
  facet normal -0.1950903220161284 0.9807852804032304 0
    outer loop
      vertex -39.56000762332572 -13.642073904691417 2.4
      vertex -39.778105473225914 -13.685456264335478 3.4
      vertex -39.56000762332572 -13.642073904691417 3.4
    endloop
  endfacet
  facet normal -0.32143946530316087 0.9469301294951059 0
    outer loop
      vertex -39.34943816497935 -13.570595205269187 2.4
      vertex -39.56000762332572 -13.642073904691417 3.4
      vertex -39.34943816497935 -13.570595205269187 3.4
    endloop
  endfacet
  facet normal -0.4422886902190028 0.8968727415326876 0
    outer loop
      vertex -39.15 -13.472243186433545 2.4
      vertex -39.34943816497935 -13.570595205269187 3.4
      vertex -39.15 -13.472243186433545 3.4
    endloop
  endfacet
  facet normal -0.5555702330196043 0.8314696123025439 0
    outer loop
      vertex -38.965105570685175 -13.3487006784951 2.4
      vertex -39.15 -13.472243186433545 3.4
      vertex -38.965105570685175 -13.3487006784951 3.4
    endloop
  endfacet
  facet normal -0.6593458151000662 0.7518398074789798 0
    outer loop
      vertex -38.79791847198287 -13.20208152801713 2.4
      vertex -38.965105570685175 -13.3487006784951 3.4
      vertex -38.79791847198287 -13.20208152801713 3.4
    endloop
  endfacet
  facet normal -0.7518398074789803 0.6593458151000656 0
    outer loop
      vertex -38.6512993215049 -13.034894429314825 2.4
      vertex -38.79791847198287 -13.20208152801713 3.4
      vertex -38.6512993215049 -13.034894429314825 3.4
    endloop
  endfacet
  facet normal -0.8314696123025463 0.5555702330196005 0
    outer loop
      vertex -38.527756813566455 -12.85 2.4
      vertex -38.6512993215049 -13.034894429314825 3.4
      vertex -38.527756813566455 -12.85 3.4
    endloop
  endfacet
  facet normal -0.8968727415326893 0.4422886902189996 0
    outer loop
      vertex -38.429404794730814 -12.650561835020653 2.4
      vertex -38.527756813566455 -12.85 3.4
      vertex -38.429404794730814 -12.650561835020653 3.4
    endloop
  endfacet
  facet normal -0.946930129495105 0.32143946530316325 0
    outer loop
      vertex -38.357926095308585 -12.439992376674285 2.4
      vertex -38.429404794730814 -12.650561835020653 3.4
      vertex -38.357926095308585 -12.439992376674285 3.4
    endloop
  endfacet
  facet normal -0.9807852804032289 0.19509032201613608 0
    outer loop
      vertex -38.31454373566452 -12.221894526774088 2.4
      vertex -38.357926095308585 -12.439992376674285 3.4
      vertex -38.31454373566452 -12.221894526774088 3.4
    endloop
  endfacet
  facet normal -0.9978589232386029 0.06540312923015325 0
    outer loop
      vertex -38.3 -12 2.4
      vertex -38.31454373566452 -12.221894526774088 3.4
      vertex -38.3 -12 3.4
    endloop
  endfacet
  facet normal -0.9978589232386029 -0.06540312923015325 0
    outer loop
      vertex -38.31454373566452 -11.778105473225912 2.4
      vertex -38.3 -12 3.4
      vertex -38.31454373566452 -11.778105473225912 3.4
    endloop
  endfacet
  facet normal -0.9807852804032289 -0.19509032201613608 0
    outer loop
      vertex -38.357926095308585 -11.560007623325715 2.4
      vertex -38.31454373566452 -11.778105473225912 3.4
      vertex -38.357926095308585 -11.560007623325715 3.4
    endloop
  endfacet
  facet normal -0.946930129495105 -0.32143946530316325 0
    outer loop
      vertex -38.429404794730814 -11.349438164979347 2.4
      vertex -38.357926095308585 -11.560007623325715 3.4
      vertex -38.429404794730814 -11.349438164979347 3.4
    endloop
  endfacet
  facet normal -0.8968727415326893 -0.4422886902189996 0
    outer loop
      vertex -38.527756813566455 -11.15 2.4
      vertex -38.429404794730814 -11.349438164979347 3.4
      vertex -38.527756813566455 -11.15 3.4
    endloop
  endfacet
  facet normal -0.1950903220161284 -0.9807852804032304 0
    outer loop
      vertex -39.778105473225914 -10.314543735664522 2.4
      vertex -39.56000762332572 -10.357926095308583 3.4
      vertex -39.778105473225914 -10.314543735664522 3.4
    endloop
  endfacet
  facet normal -0.32143946530316087 -0.9469301294951059 0
    outer loop
      vertex -39.56000762332572 -10.357926095308583 2.4
      vertex -39.34943816497935 -10.429404794730813 3.4
      vertex -39.56000762332572 -10.357926095308583 3.4
    endloop
  endfacet
  facet normal -0.5555702330196043 -0.8314696123025439 0
    outer loop
      vertex -39.15 -10.527756813566455 2.4
      vertex -38.965105570685175 -10.6512993215049 3.4
      vertex -39.15 -10.527756813566455 3.4
    endloop
  endfacet
  facet normal -0.4422886902190028 -0.8968727415326876 0
    outer loop
      vertex -39.34943816497935 -10.429404794730813 2.4
      vertex -39.15 -10.527756813566455 3.4
      vertex -39.34943816497935 -10.429404794730813 3.4
    endloop
  endfacet
  facet normal -0.7518398074789803 -0.6593458151000656 0
    outer loop
      vertex -38.79791847198287 -10.79791847198287 2.4
      vertex -38.6512993215049 -10.965105570685175 3.4
      vertex -38.79791847198287 -10.79791847198287 3.4
    endloop
  endfacet
  facet normal -0.8314696123025463 -0.5555702330196005 0
    outer loop
      vertex -38.6512993215049 -10.965105570685175 2.4
      vertex -38.527756813566455 -11.15 3.4
      vertex -38.6512993215049 -10.965105570685175 3.4
    endloop
  endfacet
  facet normal -0.6593458151000662 -0.7518398074789798 0
    outer loop
      vertex -38.965105570685175 -10.6512993215049 2.4
      vertex -38.79791847198287 -10.79791847198287 3.4
      vertex -38.965105570685175 -10.6512993215049 3.4
    endloop
  endfacet
  facet normal 0.5555702330195982 0.8314696123025478 0
    outer loop
      vertex -41.05 -13.818653347947322 1.2
      vertex -41.27839900091831 -13.666042014611595 1.2
      vertex -41.05 -13.818653347947322 2.4
    endloop
  endfacet
  facet normal 0.44228869021899886 0.8968727415326895 0
    outer loop
      vertex -40.803635207966686 -13.940147018273702 1.2
      vertex -41.05 -13.818653347947322 1.2
      vertex -40.803635207966686 -13.940147018273702 2.4
    endloop
  endfacet
  facet normal 0.32143946530316875 0.9469301294951031 -2.3820041680260432e-18
    outer loop
      vertex -40.803635207966686 -13.940147018273702 1.2
      vertex -40.5435199947153 -14.028444235207044 2.4
      vertex -40.5435199947153 -14.028444235207044 1.2
    endloop
  endfacet
  facet normal 0.19509032201612525 0.9807852804032311 -1.8608990312928024e-18
    outer loop
      vertex -40.5435199947153 -14.028444235207044 1.2
      vertex -40.27410500366211 -14.082034208885002 2.4
      vertex -40.27410500366211 -14.082034208885002 1.2
    endloop
  endfacet
  facet normal 0.06540312923014183 0.9978589232386037 1.245780838121958e-18
    outer loop
      vertex -40.27410500366211 -14.082034208885002 1.2
      vertex -40 -14.1 2.4
      vertex -40 -14.1 1.2
    endloop
  endfacet
  facet normal -0.06540312923014183 0.9978589232386037 -1.245780838121958e-18
    outer loop
      vertex -40 -14.1 1.2
      vertex -39.72589499633789 -14.082034208885002 2.4
      vertex -39.72589499633789 -14.082034208885002 1.2
    endloop
  endfacet
  facet normal -0.19509032201612525 0.9807852804032311 1.8608990312928024e-18
    outer loop
      vertex -39.72589499633789 -14.082034208885002 1.2
      vertex -39.4564800052847 -14.028444235207044 2.4
      vertex -39.4564800052847 -14.028444235207044 1.2
    endloop
  endfacet
  facet normal -0.32143946530316875 0.9469301294951031 2.3820041680260432e-18
    outer loop
      vertex -39.4564800052847 -14.028444235207044 1.2
      vertex -39.196364792033314 -13.940147018273702 2.4
      vertex -39.196364792033314 -13.940147018273702 1.2
    endloop
  endfacet
  facet normal -0.44228869021899886 0.8968727415326895 -4.061972513528564e-18
    outer loop
      vertex -39.196364792033314 -13.940147018273702 1.2
      vertex -38.95 -13.818653347947322 2.4
      vertex -38.95 -13.818653347947322 1.2
    endloop
  endfacet
  facet normal -0.5555702330195982 0.8314696123025478 2.59963627028197e-18
    outer loop
      vertex -38.95 -13.818653347947322 1.2
      vertex -38.72160099908169 -13.666042014611595 2.4
      vertex -38.72160099908169 -13.666042014611595 1.2
    endloop
  endfacet
  facet normal 0.5555702330195982 0.8314696123025478 -2.59963627028197e-18
    outer loop
      vertex -41.05 -13.818653347947322 2.4
      vertex -41.27839900091831 -13.666042014611595 1.2
      vertex -41.27839900091831 -13.666042014611595 2.4
    endloop
  endfacet
  facet normal 0.44228869021899886 0.8968727415326895 0
    outer loop
      vertex -41.05 -13.818653347947322 1.2
      vertex -41.05 -13.818653347947322 2.4
      vertex -40.803635207966686 -13.940147018273702 2.4
    endloop
  endfacet
  facet normal 0.32143946530316875 0.9469301294951031 0
    outer loop
      vertex -40.803635207966686 -13.940147018273702 1.2
      vertex -40.803635207966686 -13.940147018273702 2.4
      vertex -40.5435199947153 -14.028444235207044 2.4
    endloop
  endfacet
  facet normal 0.19509032201612525 0.9807852804032311 0
    outer loop
      vertex -40.5435199947153 -14.028444235207044 1.2
      vertex -40.5435199947153 -14.028444235207044 2.4
      vertex -40.27410500366211 -14.082034208885002 2.4
    endloop
  endfacet
  facet normal 0.06540312923014183 0.9978589232386037 0
    outer loop
      vertex -40.27410500366211 -14.082034208885002 1.2
      vertex -40.27410500366211 -14.082034208885002 2.4
      vertex -40 -14.1 2.4
    endloop
  endfacet
  facet normal -0.06540312923014183 0.9978589232386037 0
    outer loop
      vertex -40 -14.1 1.2
      vertex -40 -14.1 2.4
      vertex -39.72589499633789 -14.082034208885002 2.4
    endloop
  endfacet
  facet normal 0 0 -1
    outer loop
      vertex -40.803635207966686 -13.940147018273702 2.4
      vertex -41.05 -13.818653347947322 2.4
      vertex -40.65056183502065 -13.570595205269187 2.4
    endloop
  endfacet
  facet normal 0 0 -1
    outer loop
      vertex -40.803635207966686 -13.940147018273702 2.4
      vertex -40.65056183502065 -13.570595205269187 2.4
      vertex -40.43999237667428 -13.642073904691417 2.4
    endloop
  endfacet
  facet normal 0 0 -1
    outer loop
      vertex -40.803635207966686 -13.940147018273702 2.4
      vertex -40.43999237667428 -13.642073904691417 2.4
      vertex -40.5435199947153 -14.028444235207044 2.4
    endloop
  endfacet
  facet normal 0 0 -1
    outer loop
      vertex -40.5435199947153 -14.028444235207044 2.4
      vertex -40.221894526774086 -13.685456264335478 2.4
      vertex -40.27410500366211 -14.082034208885002 2.4
    endloop
  endfacet
  facet normal 0 0 -1
    outer loop
      vertex -40.27410500366211 -14.082034208885002 2.4
      vertex -40 -13.7 2.4
      vertex -40 -14.1 2.4
    endloop
  endfacet
  facet normal 0 0 -1
    outer loop
      vertex -40.5435199947153 -14.028444235207044 2.4
      vertex -40.43999237667428 -13.642073904691417 2.4
      vertex -40.221894526774086 -13.685456264335478 2.4
    endloop
  endfacet
  facet normal 0 0 -1
    outer loop
      vertex -40.27410500366211 -14.082034208885002 2.4
      vertex -40.221894526774086 -13.685456264335478 2.4
      vertex -40 -13.7 2.4
    endloop
  endfacet
  facet normal 0 0 -1
    outer loop
      vertex -40 -14.1 2.4
      vertex -40 -13.7 2.4
      vertex -39.72589499633789 -14.082034208885002 2.4
    endloop
  endfacet
  facet normal 0 0 -1
    outer loop
      vertex -39.72589499633789 -14.082034208885002 2.4
      vertex -40 -13.7 2.4
      vertex -39.778105473225914 -13.685456264335478 2.4
    endloop
  endfacet
  facet normal -0.19509032201612525 0.9807852804032311 0
    outer loop
      vertex -39.72589499633789 -14.082034208885002 1.2
      vertex -39.72589499633789 -14.082034208885002 2.4
      vertex -39.4564800052847 -14.028444235207044 2.4
    endloop
  endfacet
  facet normal -0.32143946530316875 0.9469301294951031 0
    outer loop
      vertex -39.4564800052847 -14.028444235207044 1.2
      vertex -39.4564800052847 -14.028444235207044 2.4
      vertex -39.196364792033314 -13.940147018273702 2.4
    endloop
  endfacet
  facet normal -0.44228869021899886 0.8968727415326895 0
    outer loop
      vertex -39.196364792033314 -13.940147018273702 1.2
      vertex -39.196364792033314 -13.940147018273702 2.4
      vertex -38.95 -13.818653347947322 2.4
    endloop
  endfacet
  facet normal -0.5555702330195982 0.8314696123025478 0
    outer loop
      vertex -38.95 -13.818653347947322 1.2
      vertex -38.95 -13.818653347947322 2.4
      vertex -38.72160099908169 -13.666042014611595 2.4
    endloop
  endfacet
  facet normal 0 0 -1
    outer loop
      vertex -39.72589499633789 -14.082034208885002 2.4
      vertex -39.56000762332572 -13.642073904691417 2.4
      vertex -39.4564800052847 -14.028444235207044 2.4
    endloop
  endfacet
  facet normal 0 0 -1
    outer loop
      vertex -39.72589499633789 -14.082034208885002 2.4
      vertex -39.778105473225914 -13.685456264335478 2.4
      vertex -39.56000762332572 -13.642073904691417 2.4
    endloop
  endfacet
  facet normal 0 0 -1
    outer loop
      vertex -39.4564800052847 -14.028444235207044 2.4
      vertex -39.56000762332572 -13.642073904691417 2.4
      vertex -39.34943816497935 -13.570595205269187 2.4
    endloop
  endfacet
  facet normal 0 0 -1
    outer loop
      vertex -39.4564800052847 -14.028444235207044 2.4
      vertex -39.34943816497935 -13.570595205269187 2.4
      vertex -39.196364792033314 -13.940147018273702 2.4
    endloop
  endfacet
  facet normal 0 0 -1
    outer loop
      vertex -39.196364792033314 -13.940147018273702 2.4
      vertex -39.15 -13.472243186433545 2.4
      vertex -38.95 -13.818653347947322 2.4
    endloop
  endfacet
  facet normal 0 0 1
    outer loop
      vertex -41.81865334794732 -13.05 1.2
      vertex -41.81865334794732 -10.95 1.2
      vertex -41.940147018273706 -12.803635207966689 1.2
    endloop
  endfacet
  facet normal 0 0 1
    outer loop
      vertex -42.02844423520705 -12.543519994715293 1.2
      vertex -42.02844423520705 -11.456480005284707 1.2
      vertex -42.082034208885005 -12.274105003662108 1.2
    endloop
  endfacet
  facet normal 0 0 1
    outer loop
      vertex -42.082034208885005 -12.274105003662108 1.2
      vertex -42.082034208885005 -11.725894996337892 1.2
      vertex -42.1 -12 1.2
    endloop
  endfacet
  facet normal 0 0 1
    outer loop
      vertex -41.940147018273706 -12.803635207966689 1.2
      vertex -41.940147018273706 -11.196364792033311 1.2
      vertex -42.02844423520705 -12.543519994715293 1.2
    endloop
  endfacet
  facet normal 0 0 1
    outer loop
      vertex -41.66604201461159 -13.278399000918313 1.2
      vertex -41.48492424049175 -13.48492424049175 1.2
      vertex -41.48492424049175 -10.51507575950825 1.2
    endloop
  endfacet
  facet normal 0 0 1
    outer loop
      vertex -41.27839900091831 -13.666042014611595 1.2
      vertex -41.27839900091831 -10.333957985388405 1.2
      vertex -41.48492424049175 -13.48492424049175 1.2
    endloop
  endfacet
  facet normal 0 0 1
    outer loop
      vertex -41.66604201461159 -13.278399000918313 1.2
      vertex -41.66604201461159 -10.721600999081687 1.2
      vertex -41.81865334794732 -13.05 1.2
    endloop
  endfacet
  facet normal 0 0 1
    outer loop
      vertex -41.05 -13.818653347947322 1.2
      vertex -41.05 -10.181346652052678 1.2
      vertex -41.27839900091831 -13.666042014611595 1.2
    endloop
  endfacet
  facet normal 0 0 1
    outer loop
      vertex -40.803635207966686 -13.940147018273702 1.2
      vertex -40.803635207966686 -10.059852981726298 1.2
      vertex -41.05 -13.818653347947322 1.2
    endloop
  endfacet
  facet normal 0 0 1
    outer loop
      vertex -40.803635207966686 -13.940147018273702 1.2
      vertex -40.5435199947153 -14.028444235207044 1.2
      vertex -40.5435199947153 -9.971555764792956 1.2
    endloop
  endfacet
  facet normal 0 0 1
    outer loop
      vertex -40.5435199947153 -14.028444235207044 1.2
      vertex -40.27410500366211 -14.082034208885002 1.2
      vertex -40.27410500366211 -9.917965791114998 1.2
    endloop
  endfacet
  facet normal 0 0 1
    outer loop
      vertex -40.27410500366211 -14.082034208885002 1.2
      vertex -40 -14.1 1.2
      vertex -40 -9.9 1.2
    endloop
  endfacet
  facet normal 0 0 1
    outer loop
      vertex -40 -14.1 1.2
      vertex -39.72589499633789 -14.082034208885002 1.2
      vertex -39.72589499633789 -9.917965791114998 1.2
    endloop
  endfacet
  facet normal 0 0 1
    outer loop
      vertex -42.082034208885005 -12.274105003662108 1.2
      vertex -42.02844423520705 -11.456480005284707 1.2
      vertex -42.082034208885005 -11.725894996337892 1.2
    endloop
  endfacet
  facet normal 0 0 1
    outer loop
      vertex -42.02844423520705 -12.543519994715293 1.2
      vertex -41.940147018273706 -11.196364792033311 1.2
      vertex -42.02844423520705 -11.456480005284707 1.2
    endloop
  endfacet
  facet normal 0 0 1
    outer loop
      vertex -41.940147018273706 -12.803635207966689 1.2
      vertex -41.81865334794732 -10.95 1.2
      vertex -41.940147018273706 -11.196364792033311 1.2
    endloop
  endfacet
  facet normal 0 0 1
    outer loop
      vertex -41.81865334794732 -13.05 1.2
      vertex -41.66604201461159 -10.721600999081687 1.2
      vertex -41.81865334794732 -10.95 1.2
    endloop
  endfacet
  facet normal 0 0 1
    outer loop
      vertex -41.66604201461159 -13.278399000918313 1.2
      vertex -41.48492424049175 -10.51507575950825 1.2
      vertex -41.66604201461159 -10.721600999081687 1.2
    endloop
  endfacet
  facet normal 0 0 1
    outer loop
      vertex -41.48492424049175 -13.48492424049175 1.2
      vertex -41.27839900091831 -10.333957985388405 1.2
      vertex -41.48492424049175 -10.51507575950825 1.2
    endloop
  endfacet
  facet normal 0 0 1
    outer loop
      vertex -41.27839900091831 -13.666042014611595 1.2
      vertex -41.05 -10.181346652052678 1.2
      vertex -41.27839900091831 -10.333957985388405 1.2
    endloop
  endfacet
  facet normal 0 0 1
    outer loop
      vertex -41.05 -13.818653347947322 1.2
      vertex -40.803635207966686 -10.059852981726298 1.2
      vertex -41.05 -10.181346652052678 1.2
    endloop
  endfacet
  facet normal 0 0 1
    outer loop
      vertex -40.803635207966686 -13.940147018273702 1.2
      vertex -40.5435199947153 -9.971555764792956 1.2
      vertex -40.803635207966686 -10.059852981726298 1.2
    endloop
  endfacet
  facet normal 0 0 1
    outer loop
      vertex -40.5435199947153 -14.028444235207044 1.2
      vertex -40.27410500366211 -9.917965791114998 1.2
      vertex -40.5435199947153 -9.971555764792956 1.2
    endloop
  endfacet
  facet normal 0 0 1
    outer loop
      vertex -40.27410500366211 -14.082034208885002 1.2
      vertex -40 -9.9 1.2
      vertex -40.27410500366211 -9.917965791114998 1.2
    endloop
  endfacet
  facet normal 0 0 1
    outer loop
      vertex -40 -14.1 1.2
      vertex -39.72589499633789 -9.917965791114998 1.2
      vertex -40 -9.9 1.2
    endloop
  endfacet
  facet normal 0 0 1
    outer loop
      vertex -39.72589499633789 -14.082034208885002 1.2
      vertex -39.4564800052847 -14.028444235207044 1.2
      vertex -39.4564800052847 -9.971555764792956 1.2
    endloop
  endfacet
  facet normal 0 0 1
    outer loop
      vertex -39.4564800052847 -14.028444235207044 1.2
      vertex -39.196364792033314 -13.940147018273702 1.2
      vertex -39.196364792033314 -10.059852981726298 1.2
    endloop
  endfacet
  facet normal 0 0 1
    outer loop
      vertex -39.196364792033314 -13.940147018273702 1.2
      vertex -38.95 -13.818653347947322 1.2
      vertex -38.95 -10.181346652052678 1.2
    endloop
  endfacet
  facet normal 0 0 1
    outer loop
      vertex -38.95 -13.818653347947322 1.2
      vertex -38.72160099908169 -13.666042014611595 1.2
      vertex -38.72160099908169 -10.333957985388405 1.2
    endloop
  endfacet
  facet normal 0 0 1
    outer loop
      vertex -38.72160099908169 -13.666042014611595 1.2
      vertex -38.51507575950825 -13.48492424049175 1.2
      vertex -38.51507575950825 -10.51507575950825 1.2
    endloop
  endfacet
  facet normal 0 0 1
    outer loop
      vertex -38.51507575950825 -13.48492424049175 1.2
      vertex -38.33395798538841 -13.278399000918313 1.2
      vertex -38.33395798538841 -10.721600999081687 1.2
    endloop
  endfacet
  facet normal 0 0 1
    outer loop
      vertex -38.33395798538841 -13.278399000918313 1.2
      vertex -38.18134665205268 -13.05 1.2
      vertex -38.18134665205268 -10.95 1.2
    endloop
  endfacet
  facet normal 0 0 1
    outer loop
      vertex -38.18134665205268 -13.05 1.2
      vertex -38.059852981726294 -12.803635207966689 1.2
      vertex -38.059852981726294 -11.196364792033311 1.2
    endloop
  endfacet
  facet normal 0 0 1
    outer loop
      vertex -38.059852981726294 -12.803635207966689 1.2
      vertex -37.97155576479295 -12.543519994715293 1.2
      vertex -37.97155576479295 -11.456480005284707 1.2
    endloop
  endfacet
  facet normal 0 0 1
    outer loop
      vertex -37.97155576479295 -12.543519994715293 1.2
      vertex -37.917965791114995 -12.274105003662108 1.2
      vertex -37.917965791114995 -11.725894996337892 1.2
    endloop
  endfacet
  facet normal 0 0 1
    outer loop
      vertex -37.917965791114995 -12.274105003662108 1.2
      vertex -37.9 -12 1.2
      vertex -37.917965791114995 -11.725894996337892 1.2
    endloop
  endfacet
  facet normal 0 0 1
    outer loop
      vertex -39.72589499633789 -14.082034208885002 1.2
      vertex -39.4564800052847 -9.971555764792956 1.2
      vertex -39.72589499633789 -9.917965791114998 1.2
    endloop
  endfacet
  facet normal 0 0 1
    outer loop
      vertex -39.4564800052847 -14.028444235207044 1.2
      vertex -39.196364792033314 -10.059852981726298 1.2
      vertex -39.4564800052847 -9.971555764792956 1.2
    endloop
  endfacet
  facet normal 0 0 1
    outer loop
      vertex -39.196364792033314 -13.940147018273702 1.2
      vertex -38.95 -10.181346652052678 1.2
      vertex -39.196364792033314 -10.059852981726298 1.2
    endloop
  endfacet
  facet normal 0 0 1
    outer loop
      vertex -38.51507575950825 -13.48492424049175 1.2
      vertex -38.33395798538841 -10.721600999081687 1.2
      vertex -38.51507575950825 -10.51507575950825 1.2
    endloop
  endfacet
  facet normal 0 0 1
    outer loop
      vertex -38.95 -13.818653347947322 1.2
      vertex -38.72160099908169 -10.333957985388405 1.2
      vertex -38.95 -10.181346652052678 1.2
    endloop
  endfacet
  facet normal 0 0 1
    outer loop
      vertex -38.72160099908169 -13.666042014611595 1.2
      vertex -38.51507575950825 -10.51507575950825 1.2
      vertex -38.72160099908169 -10.333957985388405 1.2
    endloop
  endfacet
  facet normal 0 0 1
    outer loop
      vertex -37.97155576479295 -12.543519994715293 1.2
      vertex -37.917965791114995 -11.725894996337892 1.2
      vertex -37.97155576479295 -11.456480005284707 1.2
    endloop
  endfacet
  facet normal 0 0 1
    outer loop
      vertex -38.059852981726294 -12.803635207966689 1.2
      vertex -37.97155576479295 -11.456480005284707 1.2
      vertex -38.059852981726294 -11.196364792033311 1.2
    endloop
  endfacet
  facet normal 0 0 1
    outer loop
      vertex -38.18134665205268 -13.05 1.2
      vertex -38.059852981726294 -11.196364792033311 1.2
      vertex -38.18134665205268 -10.95 1.2
    endloop
  endfacet
  facet normal 0 0 1
    outer loop
      vertex -38.33395798538841 -13.278399000918313 1.2
      vertex -38.18134665205268 -10.95 1.2
      vertex -38.33395798538841 -10.721600999081687 1.2
    endloop
  endfacet
  facet normal 0.8968727415326793 0.4422886902190196 -1.7805149106679357e-18
    outer loop
      vertex -41.81865334794732 -13.05 1.2
      vertex -41.940147018273706 -12.803635207966689 1.2
      vertex -41.940147018273706 -12.803635207966689 2.4
    endloop
  endfacet
  facet normal 0.7518398074789853 0.6593458151000599 0
    outer loop
      vertex -41.66604201461159 -13.278399000918313 1.2
      vertex -41.66604201461159 -13.278399000918313 2.4
      vertex -41.48492424049175 -13.48492424049175 1.2
    endloop
  endfacet
  facet normal 0.6593458151000672 0.7518398074789789 0
    outer loop
      vertex -41.27839900091831 -13.666042014611595 1.2
      vertex -41.48492424049175 -13.48492424049175 1.2
      vertex -41.27839900091831 -13.666042014611595 2.4
    endloop
  endfacet
  facet normal 0.8314696123025439 0.5555702330196043 2.8433020312808396e-19
    outer loop
      vertex -41.66604201461159 -13.278399000918313 1.2
      vertex -41.81865334794732 -13.05 1.2
      vertex -41.81865334794732 -13.05 2.4
    endloop
  endfacet
  facet normal 0.9469301294951059 0.3214394653031609 -6.211377834362269e-19
    outer loop
      vertex -41.940147018273706 -12.803635207966689 1.2
      vertex -42.02844423520705 -12.543519994715293 1.2
      vertex -42.02844423520705 -12.543519994715293 2.4
    endloop
  endfacet
  facet normal 0.9807852804032304 0.19509032201612772 2.097984074980883e-18
    outer loop
      vertex -42.02844423520705 -12.543519994715293 1.2
      vertex -42.082034208885005 -12.274105003662108 1.2
      vertex -42.082034208885005 -12.274105003662108 2.4
    endloop
  endfacet
  facet normal 0.997858923238604 0.06540312923013537 -4.197102590166255e-19
    outer loop
      vertex -42.082034208885005 -12.274105003662108 1.2
      vertex -42.1 -12 1.2
      vertex -42.1 -12 2.4
    endloop
  endfacet
  facet normal 0.997858923238604 -0.06540312923013537 4.197102590166255e-19
    outer loop
      vertex -42.1 -12 1.2
      vertex -42.082034208885005 -11.725894996337892 1.2
      vertex -42.082034208885005 -11.725894996337892 2.4
    endloop
  endfacet
  facet normal 0.9807852804032304 -0.19509032201612772 -2.097984074980883e-18
    outer loop
      vertex -42.082034208885005 -11.725894996337892 1.2
      vertex -42.02844423520705 -11.456480005284707 1.2
      vertex -42.02844423520705 -11.456480005284707 2.4
    endloop
  endfacet
  facet normal 0.9469301294951059 -0.3214394653031609 6.211377834362269e-19
    outer loop
      vertex -42.02844423520705 -11.456480005284707 1.2
      vertex -41.940147018273706 -11.196364792033311 1.2
      vertex -41.940147018273706 -11.196364792033311 2.4
    endloop
  endfacet
  facet normal 0.8968727415326793 -0.4422886902190196 1.7805149106679357e-18
    outer loop
      vertex -41.940147018273706 -11.196364792033311 1.2
      vertex -41.81865334794732 -10.95 1.2
      vertex -41.81865334794732 -10.95 2.4
    endloop
  endfacet
  facet normal 0.8314696123025439 -0.5555702330196043 -2.8433020312808396e-19
    outer loop
      vertex -41.81865334794732 -10.95 1.2
      vertex -41.66604201461159 -10.721600999081687 1.2
      vertex -41.66604201461159 -10.721600999081687 2.4
    endloop
  endfacet
  facet normal 0.7518398074789853 -0.6593458151000599 -4.1703461689178565e-18
    outer loop
      vertex -41.66604201461159 -10.721600999081687 1.2
      vertex -41.48492424049175 -10.51507575950825 1.2
      vertex -41.48492424049175 -10.51507575950825 2.4
    endloop
  endfacet
  facet normal 0.6593458151000672 -0.7518398074789789 0
    outer loop
      vertex -41.48492424049175 -10.51507575950825 1.2
      vertex -41.27839900091831 -10.333957985388405 1.2
      vertex -41.48492424049175 -10.51507575950825 2.4
    endloop
  endfacet
  facet normal 0.5555702330195982 -0.8314696123025478 0
    outer loop
      vertex -41.27839900091831 -10.333957985388405 1.2
      vertex -41.05 -10.181346652052678 1.2
      vertex -41.27839900091831 -10.333957985388405 2.4
    endloop
  endfacet
  facet normal 0.44228869021899886 -0.8968727415326895 0
    outer loop
      vertex -41.05 -10.181346652052678 1.2
      vertex -40.803635207966686 -10.059852981726298 1.2
      vertex -41.05 -10.181346652052678 2.4
    endloop
  endfacet
  facet normal 0.32143946530316875 -0.9469301294951031 0
    outer loop
      vertex -40.803635207966686 -10.059852981726298 1.2
      vertex -40.5435199947153 -9.971555764792956 1.2
      vertex -40.803635207966686 -10.059852981726298 2.4
    endloop
  endfacet
  facet normal 0.19509032201612525 -0.9807852804032311 0
    outer loop
      vertex -40.5435199947153 -9.971555764792956 1.2
      vertex -40.27410500366211 -9.917965791114998 1.2
      vertex -40.5435199947153 -9.971555764792956 2.4
    endloop
  endfacet
  facet normal 0.06540312923014183 -0.9978589232386037 0
    outer loop
      vertex -40.27410500366211 -9.917965791114998 1.2
      vertex -40 -9.9 1.2
      vertex -40.27410500366211 -9.917965791114998 2.4
    endloop
  endfacet
  facet normal -0.06540312923014183 -0.9978589232386037 0
    outer loop
      vertex -40 -9.9 1.2
      vertex -39.72589499633789 -9.917965791114998 1.2
      vertex -40 -9.9 2.4
    endloop
  endfacet
  facet normal -0.6593458151000672 0.7518398074789789 -9.624038198862197e-18
    outer loop
      vertex -38.72160099908169 -13.666042014611595 1.2
      vertex -38.51507575950825 -13.48492424049175 2.4
      vertex -38.51507575950825 -13.48492424049175 1.2
    endloop
  endfacet
  facet normal -0.7518398074789853 0.6593458151000599 0
    outer loop
      vertex -38.51507575950825 -13.48492424049175 1.2
      vertex -38.51507575950825 -13.48492424049175 2.4
      vertex -38.33395798538841 -13.278399000918313 1.2
    endloop
  endfacet
  facet normal -0.8314696123025439 0.5555702330196043 0
    outer loop
      vertex -38.33395798538841 -13.278399000918313 1.2
      vertex -38.33395798538841 -13.278399000918313 2.4
      vertex -38.18134665205268 -13.05 1.2
    endloop
  endfacet
  facet normal -0.8968727415326793 0.4422886902190196 0
    outer loop
      vertex -38.18134665205268 -13.05 1.2
      vertex -38.18134665205268 -13.05 2.4
      vertex -38.059852981726294 -12.803635207966689 1.2
    endloop
  endfacet
  facet normal -0.9469301294951059 0.3214394653031609 0
    outer loop
      vertex -38.059852981726294 -12.803635207966689 1.2
      vertex -38.059852981726294 -12.803635207966689 2.4
      vertex -37.97155576479295 -12.543519994715293 1.2
    endloop
  endfacet
  facet normal -0.9807852804032304 0.19509032201612772 0
    outer loop
      vertex -37.97155576479295 -12.543519994715293 1.2
      vertex -37.97155576479295 -12.543519994715293 2.4
      vertex -37.917965791114995 -12.274105003662108 1.2
    endloop
  endfacet
  facet normal -0.997858923238604 0.06540312923013537 0
    outer loop
      vertex -37.917965791114995 -12.274105003662108 1.2
      vertex -37.917965791114995 -12.274105003662108 2.4
      vertex -37.9 -12 1.2
    endloop
  endfacet
  facet normal -0.7518398074789853 -0.6593458151000599 0
    outer loop
      vertex -38.33395798538841 -10.721600999081687 1.2
      vertex -38.33395798538841 -10.721600999081687 2.4
      vertex -38.51507575950825 -10.51507575950825 1.2
    endloop
  endfacet
  facet normal -0.6593458151000672 -0.7518398074789789 0
    outer loop
      vertex -38.72160099908169 -10.333957985388405 1.2
      vertex -38.51507575950825 -10.51507575950825 1.2
      vertex -38.72160099908169 -10.333957985388405 2.4
    endloop
  endfacet
  facet normal -0.997858923238604 -0.06540312923013537 0
    outer loop
      vertex -37.9 -12 1.2
      vertex -37.9 -12 2.4
      vertex -37.917965791114995 -11.725894996337892 1.2
    endloop
  endfacet
  facet normal -0.9807852804032304 -0.19509032201612772 0
    outer loop
      vertex -37.917965791114995 -11.725894996337892 1.2
      vertex -37.917965791114995 -11.725894996337892 2.4
      vertex -37.97155576479295 -11.456480005284707 1.2
    endloop
  endfacet
  facet normal -0.9469301294951059 -0.3214394653031609 0
    outer loop
      vertex -37.97155576479295 -11.456480005284707 1.2
      vertex -37.97155576479295 -11.456480005284707 2.4
      vertex -38.059852981726294 -11.196364792033311 1.2
    endloop
  endfacet
  facet normal -0.8968727415326793 -0.4422886902190196 0
    outer loop
      vertex -38.059852981726294 -11.196364792033311 1.2
      vertex -38.059852981726294 -11.196364792033311 2.4
      vertex -38.18134665205268 -10.95 1.2
    endloop
  endfacet
  facet normal -0.8314696123025439 -0.5555702330196043 2.8433020312808396e-19
    outer loop
      vertex -38.33395798538841 -10.721600999081687 1.2
      vertex -38.18134665205268 -10.95 1.2
      vertex -38.18134665205268 -10.95 2.4
    endloop
  endfacet
  facet normal -0.19509032201612525 -0.9807852804032311 0
    outer loop
      vertex -39.72589499633789 -9.917965791114998 1.2
      vertex -39.4564800052847 -9.971555764792956 1.2
      vertex -39.72589499633789 -9.917965791114998 2.4
    endloop
  endfacet
  facet normal -0.44228869021899886 -0.8968727415326895 0
    outer loop
      vertex -39.196364792033314 -10.059852981726298 1.2
      vertex -38.95 -10.181346652052678 1.2
      vertex -39.196364792033314 -10.059852981726298 2.4
    endloop
  endfacet
  facet normal -0.32143946530316875 -0.9469301294951031 0
    outer loop
      vertex -39.4564800052847 -9.971555764792956 1.2
      vertex -39.196364792033314 -10.059852981726298 1.2
      vertex -39.4564800052847 -9.971555764792956 2.4
    endloop
  endfacet
  facet normal -0.5555702330195982 -0.8314696123025478 -2.59963627028197e-18
    outer loop
      vertex -38.72160099908169 -10.333957985388405 1.2
      vertex -38.95 -10.181346652052678 2.4
      vertex -38.95 -10.181346652052678 1.2
    endloop
  endfacet
  facet normal 0.8968727415326793 0.4422886902190196 0
    outer loop
      vertex -41.81865334794732 -13.05 1.2
      vertex -41.940147018273706 -12.803635207966689 2.4
      vertex -41.81865334794732 -13.05 2.4
    endloop
  endfacet
  facet normal 0.7518398074789853 0.6593458151000599 0
    outer loop
      vertex -41.48492424049175 -13.48492424049175 1.2
      vertex -41.66604201461159 -13.278399000918313 2.4
      vertex -41.48492424049175 -13.48492424049175 2.4
    endloop
  endfacet
  facet normal 0.6593458151000672 0.7518398074789789 0
    outer loop
      vertex -41.48492424049175 -13.48492424049175 1.2
      vertex -41.48492424049175 -13.48492424049175 2.4
      vertex -41.27839900091831 -13.666042014611595 2.4
    endloop
  endfacet
  facet normal 0.8314696123025439 0.5555702330196043 0
    outer loop
      vertex -41.66604201461159 -13.278399000918313 1.2
      vertex -41.81865334794732 -13.05 2.4
      vertex -41.66604201461159 -13.278399000918313 2.4
    endloop
  endfacet
  facet normal 0.9469301294951059 0.3214394653031609 0
    outer loop
      vertex -41.940147018273706 -12.803635207966689 1.2
      vertex -42.02844423520705 -12.543519994715293 2.4
      vertex -41.940147018273706 -12.803635207966689 2.4
    endloop
  endfacet
  facet normal 0.9807852804032304 0.19509032201612772 0
    outer loop
      vertex -42.02844423520705 -12.543519994715293 1.2
      vertex -42.082034208885005 -12.274105003662108 2.4
      vertex -42.02844423520705 -12.543519994715293 2.4
    endloop
  endfacet
  facet normal 0.997858923238604 0.06540312923013537 0
    outer loop
      vertex -42.082034208885005 -12.274105003662108 1.2
      vertex -42.1 -12 2.4
      vertex -42.082034208885005 -12.274105003662108 2.4
    endloop
  endfacet
  facet normal 0.997858923238604 -0.06540312923013537 0
    outer loop
      vertex -42.1 -12 1.2
      vertex -42.082034208885005 -11.725894996337892 2.4
      vertex -42.1 -12 2.4
    endloop
  endfacet
  facet normal 0.9807852804032304 -0.19509032201612772 0
    outer loop
      vertex -42.082034208885005 -11.725894996337892 1.2
      vertex -42.02844423520705 -11.456480005284707 2.4
      vertex -42.082034208885005 -11.725894996337892 2.4
    endloop
  endfacet
  facet normal 0.9469301294951059 -0.3214394653031609 0
    outer loop
      vertex -42.02844423520705 -11.456480005284707 1.2
      vertex -41.940147018273706 -11.196364792033311 2.4
      vertex -42.02844423520705 -11.456480005284707 2.4
    endloop
  endfacet
  facet normal 0.8968727415326793 -0.4422886902190196 0
    outer loop
      vertex -41.940147018273706 -11.196364792033311 1.2
      vertex -41.81865334794732 -10.95 2.4
      vertex -41.940147018273706 -11.196364792033311 2.4
    endloop
  endfacet
  facet normal 0.8314696123025439 -0.5555702330196043 0
    outer loop
      vertex -41.81865334794732 -10.95 1.2
      vertex -41.66604201461159 -10.721600999081687 2.4
      vertex -41.81865334794732 -10.95 2.4
    endloop
  endfacet
  facet normal 0.7518398074789853 -0.6593458151000599 0
    outer loop
      vertex -41.66604201461159 -10.721600999081687 1.2
      vertex -41.48492424049175 -10.51507575950825 2.4
      vertex -41.66604201461159 -10.721600999081687 2.4
    endloop
  endfacet
  facet normal 0.6593458151000672 -0.7518398074789789 0
    outer loop
      vertex -41.27839900091831 -10.333957985388405 1.2
      vertex -41.27839900091831 -10.333957985388405 2.4
      vertex -41.48492424049175 -10.51507575950825 2.4
    endloop
  endfacet
  facet normal 0 0 -1
    outer loop
      vertex -41.27839900091831 -13.666042014611595 2.4
      vertex -41.48492424049175 -13.48492424049175 2.4
      vertex -41.20208152801713 -13.20208152801713 2.4
    endloop
  endfacet
  facet normal 0 0 -1
    outer loop
      vertex -41.27839900091831 -13.666042014611595 2.4
      vertex -41.20208152801713 -13.20208152801713 2.4
      vertex -41.034894429314825 -13.3487006784951 2.4
    endloop
  endfacet
  facet normal 0 0 -1
    outer loop
      vertex -41.66604201461159 -13.278399000918313 2.4
      vertex -41.472243186433545 -12.85 2.4
      vertex -41.48492424049175 -13.48492424049175 2.4
    endloop
  endfacet
  facet normal 0 0 -1
    outer loop
      vertex -41.66604201461159 -13.278399000918313 2.4
      vertex -41.570595205269186 -12.650561835020653 2.4
      vertex -41.472243186433545 -12.85 2.4
    endloop
  endfacet
  facet normal 0 0 -1
    outer loop
      vertex -41.48492424049175 -13.48492424049175 2.4
      vertex -41.3487006784951 -13.034894429314825 2.4
      vertex -41.20208152801713 -13.20208152801713 2.4
    endloop
  endfacet
  facet normal 0 0 -1
    outer loop
      vertex -41.48492424049175 -13.48492424049175 2.4
      vertex -41.472243186433545 -12.85 2.4
      vertex -41.3487006784951 -13.034894429314825 2.4
    endloop
  endfacet
  facet normal 0 0 -1
    outer loop
      vertex -41.81865334794732 -13.05 2.4
      vertex -41.940147018273706 -12.803635207966689 2.4
      vertex -41.940147018273706 -11.196364792033311 2.4
    endloop
  endfacet
  facet normal 0 0 -1
    outer loop
      vertex -41.940147018273706 -12.803635207966689 2.4
      vertex -42.02844423520705 -12.543519994715293 2.4
      vertex -42.02844423520705 -11.456480005284707 2.4
    endloop
  endfacet
  facet normal 0 0 -1
    outer loop
      vertex -42.02844423520705 -12.543519994715293 2.4
      vertex -42.082034208885005 -12.274105003662108 2.4
      vertex -42.082034208885005 -11.725894996337892 2.4
    endloop
  endfacet
  facet normal 0 0 -1
    outer loop
      vertex -42.082034208885005 -12.274105003662108 2.4
      vertex -42.1 -12 2.4
      vertex -42.082034208885005 -11.725894996337892 2.4
    endloop
  endfacet
  facet normal 0 0 -1
    outer loop
      vertex -41.66604201461159 -13.278399000918313 2.4
      vertex -41.642073904691415 -12.439992376674285 2.4
      vertex -41.570595205269186 -12.650561835020653 2.4
    endloop
  endfacet
  facet normal 0 0 -1
    outer loop
      vertex -41.66604201461159 -13.278399000918313 2.4
      vertex -41.68545626433548 -12.221894526774088 2.4
      vertex -41.642073904691415 -12.439992376674285 2.4
    endloop
  endfacet
  facet normal 0 0 -1
    outer loop
      vertex -41.66604201461159 -13.278399000918313 2.4
      vertex -41.81865334794732 -13.05 2.4
      vertex -41.81865334794732 -10.95 2.4
    endloop
  endfacet
  facet normal 0 0 -1
    outer loop
      vertex -41.66604201461159 -13.278399000918313 2.4
      vertex -41.7 -12 2.4
      vertex -41.68545626433548 -12.221894526774088 2.4
    endloop
  endfacet
  facet normal 0 0 -1
    outer loop
      vertex -41.66604201461159 -13.278399000918313 2.4
      vertex -41.81865334794732 -10.95 2.4
      vertex -41.7 -12 2.4
    endloop
  endfacet
  facet normal 0 0 -1
    outer loop
      vertex -41.05 -13.818653347947322 2.4
      vertex -41.27839900091831 -13.666042014611595 2.4
      vertex -41.034894429314825 -13.3487006784951 2.4
    endloop
  endfacet
  facet normal 0 0 -1
    outer loop
      vertex -41.05 -13.818653347947322 2.4
      vertex -41.034894429314825 -13.3487006784951 2.4
      vertex -40.85 -13.472243186433545 2.4
    endloop
  endfacet
  facet normal 0 0 -1
    outer loop
      vertex -41.05 -13.818653347947322 2.4
      vertex -40.85 -13.472243186433545 2.4
      vertex -40.65056183502065 -13.570595205269187 2.4
    endloop
  endfacet
  facet normal 0 0 -1
    outer loop
      vertex -42.02844423520705 -12.543519994715293 2.4
      vertex -42.082034208885005 -11.725894996337892 2.4
      vertex -42.02844423520705 -11.456480005284707 2.4
    endloop
  endfacet
  facet normal 0 0 -1
    outer loop
      vertex -41.940147018273706 -12.803635207966689 2.4
      vertex -42.02844423520705 -11.456480005284707 2.4
      vertex -41.940147018273706 -11.196364792033311 2.4
    endloop
  endfacet
  facet normal 0 0 -1
    outer loop
      vertex -41.81865334794732 -13.05 2.4
      vertex -41.940147018273706 -11.196364792033311 2.4
      vertex -41.81865334794732 -10.95 2.4
    endloop
  endfacet
  facet normal 0 0 -1
    outer loop
      vertex -41.7 -12 2.4
      vertex -41.81865334794732 -10.95 2.4
      vertex -41.68545626433548 -11.778105473225912 2.4
    endloop
  endfacet
  facet normal 0 0 -1
    outer loop
      vertex -41.68545626433548 -11.778105473225912 2.4
      vertex -41.66604201461159 -10.721600999081687 2.4
      vertex -41.642073904691415 -11.560007623325715 2.4
    endloop
  endfacet
  facet normal 0 0 -1
    outer loop
      vertex -41.68545626433548 -11.778105473225912 2.4
      vertex -41.81865334794732 -10.95 2.4
      vertex -41.66604201461159 -10.721600999081687 2.4
    endloop
  endfacet
  facet normal 0 0 -1
    outer loop
      vertex -41.642073904691415 -11.560007623325715 2.4
      vertex -41.66604201461159 -10.721600999081687 2.4
      vertex -41.570595205269186 -11.349438164979347 2.4
    endloop
  endfacet
  facet normal 0 0 -1
    outer loop
      vertex -41.570595205269186 -11.349438164979347 2.4
      vertex -41.48492424049175 -10.51507575950825 2.4
      vertex -41.472243186433545 -11.15 2.4
    endloop
  endfacet
  facet normal 0 0 -1
    outer loop
      vertex -41.570595205269186 -11.349438164979347 2.4
      vertex -41.66604201461159 -10.721600999081687 2.4
      vertex -41.48492424049175 -10.51507575950825 2.4
    endloop
  endfacet
  facet normal 0 0 -1
    outer loop
      vertex -41.472243186433545 -11.15 2.4
      vertex -41.48492424049175 -10.51507575950825 2.4
      vertex -41.3487006784951 -10.965105570685175 2.4
    endloop
  endfacet
  facet normal 0 0 -1
    outer loop
      vertex -41.3487006784951 -10.965105570685175 2.4
      vertex -41.48492424049175 -10.51507575950825 2.4
      vertex -41.27839900091831 -10.333957985388405 2.4
    endloop
  endfacet
  facet normal 0 0 -1
    outer loop
      vertex -41.3487006784951 -10.965105570685175 2.4
      vertex -41.27839900091831 -10.333957985388405 2.4
      vertex -41.20208152801713 -10.79791847198287 2.4
    endloop
  endfacet
  facet normal 0 0 -1
    outer loop
      vertex -41.20208152801713 -10.79791847198287 2.4
      vertex -41.27839900091831 -10.333957985388405 2.4
      vertex -41.05 -10.181346652052678 2.4
    endloop
  endfacet
  facet normal 0 0 -1
    outer loop
      vertex -41.20208152801713 -10.79791847198287 2.4
      vertex -41.05 -10.181346652052678 2.4
      vertex -41.034894429314825 -10.6512993215049 2.4
    endloop
  endfacet
  facet normal 0 0 -1
    outer loop
      vertex -41.034894429314825 -10.6512993215049 2.4
      vertex -41.05 -10.181346652052678 2.4
      vertex -40.85 -10.527756813566455 2.4
    endloop
  endfacet
  facet normal 0 0 -1
    outer loop
      vertex -40.85 -10.527756813566455 2.4
      vertex -40.803635207966686 -10.059852981726298 2.4
      vertex -40.65056183502065 -10.429404794730813 2.4
    endloop
  endfacet
  facet normal 0.5555702330195982 -0.8314696123025478 0
    outer loop
      vertex -41.05 -10.181346652052678 1.2
      vertex -41.05 -10.181346652052678 2.4
      vertex -41.27839900091831 -10.333957985388405 2.4
    endloop
  endfacet
  facet normal 0.44228869021899886 -0.8968727415326895 0
    outer loop
      vertex -40.803635207966686 -10.059852981726298 1.2
      vertex -40.803635207966686 -10.059852981726298 2.4
      vertex -41.05 -10.181346652052678 2.4
    endloop
  endfacet
  facet normal 0.32143946530316875 -0.9469301294951031 0
    outer loop
      vertex -40.5435199947153 -9.971555764792956 1.2
      vertex -40.5435199947153 -9.971555764792956 2.4
      vertex -40.803635207966686 -10.059852981726298 2.4
    endloop
  endfacet
  facet normal 0.19509032201612525 -0.9807852804032311 0
    outer loop
      vertex -40.27410500366211 -9.917965791114998 1.2
      vertex -40.27410500366211 -9.917965791114998 2.4
      vertex -40.5435199947153 -9.971555764792956 2.4
    endloop
  endfacet
  facet normal 0.06540312923014183 -0.9978589232386037 0
    outer loop
      vertex -40 -9.9 1.2
      vertex -40 -9.9 2.4
      vertex -40.27410500366211 -9.917965791114998 2.4
    endloop
  endfacet
  facet normal -0.06540312923014183 -0.9978589232386037 0
    outer loop
      vertex -39.72589499633789 -9.917965791114998 1.2
      vertex -39.72589499633789 -9.917965791114998 2.4
      vertex -40 -9.9 2.4
    endloop
  endfacet
  facet normal 0 0 -1
    outer loop
      vertex -40.85 -10.527756813566455 2.4
      vertex -41.05 -10.181346652052678 2.4
      vertex -40.803635207966686 -10.059852981726298 2.4
    endloop
  endfacet
  facet normal 0 0 -1
    outer loop
      vertex -40.65056183502065 -10.429404794730813 2.4
      vertex -40.803635207966686 -10.059852981726298 2.4
      vertex -40.5435199947153 -9.971555764792956 2.4
    endloop
  endfacet
  facet normal 0 0 -1
    outer loop
      vertex -40.65056183502065 -10.429404794730813 2.4
      vertex -40.5435199947153 -9.971555764792956 2.4
      vertex -40.43999237667428 -10.357926095308583 2.4
    endloop
  endfacet
  facet normal 0 0 -1
    outer loop
      vertex -40.43999237667428 -10.357926095308583 2.4
      vertex -40.27410500366211 -9.917965791114998 2.4
      vertex -40.221894526774086 -10.314543735664522 2.4
    endloop
  endfacet
  facet normal 0 0 -1
    outer loop
      vertex -40.43999237667428 -10.357926095308583 2.4
      vertex -40.5435199947153 -9.971555764792956 2.4
      vertex -40.27410500366211 -9.917965791114998 2.4
    endloop
  endfacet
  facet normal 0 0 -1
    outer loop
      vertex -40.221894526774086 -10.314543735664522 2.4
      vertex -40.27410500366211 -9.917965791114998 2.4
      vertex -40 -10.3 2.4
    endloop
  endfacet
  facet normal 0 0 -1
    outer loop
      vertex -40 -10.3 2.4
      vertex -40.27410500366211 -9.917965791114998 2.4
      vertex -40 -9.9 2.4
    endloop
  endfacet
  facet normal 0 0 -1
    outer loop
      vertex -40 -10.3 2.4
      vertex -39.72589499633789 -9.917965791114998 2.4
      vertex -39.778105473225914 -10.314543735664522 2.4
    endloop
  endfacet
  facet normal 0 0 -1
    outer loop
      vertex -40 -10.3 2.4
      vertex -40 -9.9 2.4
      vertex -39.72589499633789 -9.917965791114998 2.4
    endloop
  endfacet
  facet normal -0.6593458151000672 0.7518398074789789 0
    outer loop
      vertex -38.72160099908169 -13.666042014611595 1.2
      vertex -38.72160099908169 -13.666042014611595 2.4
      vertex -38.51507575950825 -13.48492424049175 2.4
    endloop
  endfacet
  facet normal -0.7518398074789853 0.6593458151000599 0
    outer loop
      vertex -38.33395798538841 -13.278399000918313 1.2
      vertex -38.51507575950825 -13.48492424049175 2.4
      vertex -38.33395798538841 -13.278399000918313 2.4
    endloop
  endfacet
  facet normal -0.8314696123025439 0.5555702330196043 0
    outer loop
      vertex -38.18134665205268 -13.05 1.2
      vertex -38.33395798538841 -13.278399000918313 2.4
      vertex -38.18134665205268 -13.05 2.4
    endloop
  endfacet
  facet normal -0.8968727415326793 0.4422886902190196 0
    outer loop
      vertex -38.059852981726294 -12.803635207966689 1.2
      vertex -38.18134665205268 -13.05 2.4
      vertex -38.059852981726294 -12.803635207966689 2.4
    endloop
  endfacet
  facet normal -0.9469301294951059 0.3214394653031609 0
    outer loop
      vertex -37.97155576479295 -12.543519994715293 1.2
      vertex -38.059852981726294 -12.803635207966689 2.4
      vertex -37.97155576479295 -12.543519994715293 2.4
    endloop
  endfacet
  facet normal -0.9807852804032304 0.19509032201612772 0
    outer loop
      vertex -37.917965791114995 -12.274105003662108 1.2
      vertex -37.97155576479295 -12.543519994715293 2.4
      vertex -37.917965791114995 -12.274105003662108 2.4
    endloop
  endfacet
  facet normal -0.997858923238604 0.06540312923013537 0
    outer loop
      vertex -37.9 -12 1.2
      vertex -37.917965791114995 -12.274105003662108 2.4
      vertex -37.9 -12 2.4
    endloop
  endfacet
  facet normal -0.5555702330195982 -0.8314696123025478 0
    outer loop
      vertex -38.72160099908169 -10.333957985388405 1.2
      vertex -38.72160099908169 -10.333957985388405 2.4
      vertex -38.95 -10.181346652052678 2.4
    endloop
  endfacet
  facet normal -0.7518398074789853 -0.6593458151000599 0
    outer loop
      vertex -38.51507575950825 -10.51507575950825 1.2
      vertex -38.33395798538841 -10.721600999081687 2.4
      vertex -38.51507575950825 -10.51507575950825 2.4
    endloop
  endfacet
  facet normal -0.6593458151000672 -0.7518398074789789 0
    outer loop
      vertex -38.51507575950825 -10.51507575950825 1.2
      vertex -38.51507575950825 -10.51507575950825 2.4
      vertex -38.72160099908169 -10.333957985388405 2.4
    endloop
  endfacet
  facet normal -0.997858923238604 -0.06540312923013537 0
    outer loop
      vertex -37.917965791114995 -11.725894996337892 1.2
      vertex -37.9 -12 2.4
      vertex -37.917965791114995 -11.725894996337892 2.4
    endloop
  endfacet
  facet normal -0.9807852804032304 -0.19509032201612772 0
    outer loop
      vertex -37.97155576479295 -11.456480005284707 1.2
      vertex -37.917965791114995 -11.725894996337892 2.4
      vertex -37.97155576479295 -11.456480005284707 2.4
    endloop
  endfacet
  facet normal -0.9469301294951059 -0.3214394653031609 0
    outer loop
      vertex -38.059852981726294 -11.196364792033311 1.2
      vertex -37.97155576479295 -11.456480005284707 2.4
      vertex -38.059852981726294 -11.196364792033311 2.4
    endloop
  endfacet
  facet normal -0.8968727415326793 -0.4422886902190196 0
    outer loop
      vertex -38.18134665205268 -10.95 1.2
      vertex -38.059852981726294 -11.196364792033311 2.4
      vertex -38.18134665205268 -10.95 2.4
    endloop
  endfacet
  facet normal -0.8314696123025439 -0.5555702330196043 0
    outer loop
      vertex -38.33395798538841 -10.721600999081687 1.2
      vertex -38.18134665205268 -10.95 2.4
      vertex -38.33395798538841 -10.721600999081687 2.4
    endloop
  endfacet
  facet normal 0 0 -1
    outer loop
      vertex -39.196364792033314 -13.940147018273702 2.4
      vertex -39.34943816497935 -13.570595205269187 2.4
      vertex -39.15 -13.472243186433545 2.4
    endloop
  endfacet
  facet normal 0 0 -1
    outer loop
      vertex -38.95 -13.818653347947322 2.4
      vertex -39.15 -13.472243186433545 2.4
      vertex -38.965105570685175 -13.3487006784951 2.4
    endloop
  endfacet
  facet normal 0 0 -1
    outer loop
      vertex -38.95 -13.818653347947322 2.4
      vertex -38.79791847198287 -13.20208152801713 2.4
      vertex -38.72160099908169 -13.666042014611595 2.4
    endloop
  endfacet
  facet normal 0 0 -1
    outer loop
      vertex -38.95 -13.818653347947322 2.4
      vertex -38.965105570685175 -13.3487006784951 2.4
      vertex -38.79791847198287 -13.20208152801713 2.4
    endloop
  endfacet
  facet normal 0 0 -1
    outer loop
      vertex -38.72160099908169 -13.666042014611595 2.4
      vertex -38.79791847198287 -13.20208152801713 2.4
      vertex -38.6512993215049 -13.034894429314825 2.4
    endloop
  endfacet
  facet normal 0 0 -1
    outer loop
      vertex -38.72160099908169 -13.666042014611595 2.4
      vertex -38.6512993215049 -13.034894429314825 2.4
      vertex -38.51507575950825 -13.48492424049175 2.4
    endloop
  endfacet
  facet normal 0 0 -1
    outer loop
      vertex -38.51507575950825 -13.48492424049175 2.4
      vertex -38.6512993215049 -13.034894429314825 2.4
      vertex -38.527756813566455 -12.85 2.4
    endloop
  endfacet
  facet normal 0 0 -1
    outer loop
      vertex -38.51507575950825 -13.48492424049175 2.4
      vertex -38.429404794730814 -12.650561835020653 2.4
      vertex -38.33395798538841 -13.278399000918313 2.4
    endloop
  endfacet
  facet normal 0 0 -1
    outer loop
      vertex -38.51507575950825 -13.48492424049175 2.4
      vertex -38.527756813566455 -12.85 2.4
      vertex -38.429404794730814 -12.650561835020653 2.4
    endloop
  endfacet
  facet normal 0 0 -1
    outer loop
      vertex -38.33395798538841 -13.278399000918313 2.4
      vertex -38.429404794730814 -12.650561835020653 2.4
      vertex -38.357926095308585 -12.439992376674285 2.4
    endloop
  endfacet
  facet normal 0 0 -1
    outer loop
      vertex -38.33395798538841 -13.278399000918313 2.4
      vertex -38.357926095308585 -12.439992376674285 2.4
      vertex -38.31454373566452 -12.221894526774088 2.4
    endloop
  endfacet
  facet normal 0 0 -1
    outer loop
      vertex -38.33395798538841 -13.278399000918313 2.4
      vertex -38.31454373566452 -12.221894526774088 2.4
      vertex -38.18134665205268 -13.05 2.4
    endloop
  endfacet
  facet normal 0 0 -1
    outer loop
      vertex -38.31454373566452 -12.221894526774088 2.4
      vertex -38.3 -12 2.4
      vertex -38.18134665205268 -13.05 2.4
    endloop
  endfacet
  facet normal 0 0 -1
    outer loop
      vertex -38.18134665205268 -13.05 2.4
      vertex -38.18134665205268 -10.95 2.4
      vertex -38.059852981726294 -12.803635207966689 2.4
    endloop
  endfacet
  facet normal 0 0 -1
    outer loop
      vertex -38.059852981726294 -12.803635207966689 2.4
      vertex -38.059852981726294 -11.196364792033311 2.4
      vertex -37.97155576479295 -12.543519994715293 2.4
    endloop
  endfacet
  facet normal 0 0 -1
    outer loop
      vertex -37.97155576479295 -12.543519994715293 2.4
      vertex -37.97155576479295 -11.456480005284707 2.4
      vertex -37.917965791114995 -12.274105003662108 2.4
    endloop
  endfacet
  facet normal 0 0 -1
    outer loop
      vertex -37.917965791114995 -12.274105003662108 2.4
      vertex -37.917965791114995 -11.725894996337892 2.4
      vertex -37.9 -12 2.4
    endloop
  endfacet
  facet normal 0 0 -1
    outer loop
      vertex -38.3 -12 2.4
      vertex -38.31454373566452 -11.778105473225912 2.4
      vertex -38.33395798538841 -10.721600999081687 2.4
    endloop
  endfacet
  facet normal 0 0 -1
    outer loop
      vertex -38.31454373566452 -11.778105473225912 2.4
      vertex -38.357926095308585 -11.560007623325715 2.4
      vertex -38.33395798538841 -10.721600999081687 2.4
    endloop
  endfacet
  facet normal 0 0 -1
    outer loop
      vertex -38.357926095308585 -11.560007623325715 2.4
      vertex -38.429404794730814 -11.349438164979347 2.4
      vertex -38.33395798538841 -10.721600999081687 2.4
    endloop
  endfacet
  facet normal 0 0 -1
    outer loop
      vertex -39.56000762332572 -10.357926095308583 2.4
      vertex -39.196364792033314 -10.059852981726298 2.4
      vertex -39.34943816497935 -10.429404794730813 2.4
    endloop
  endfacet
  facet normal 0 0 -1
    outer loop
      vertex -39.15 -10.527756813566455 2.4
      vertex -38.95 -10.181346652052678 2.4
      vertex -38.965105570685175 -10.6512993215049 2.4
    endloop
  endfacet
  facet normal 0 0 -1
    outer loop
      vertex -39.15 -10.527756813566455 2.4
      vertex -39.34943816497935 -10.429404794730813 2.4
      vertex -38.95 -10.181346652052678 2.4
    endloop
  endfacet
  facet normal 0 0 -1
    outer loop
      vertex -38.429404794730814 -11.349438164979347 2.4
      vertex -38.527756813566455 -11.15 2.4
      vertex -38.33395798538841 -10.721600999081687 2.4
    endloop
  endfacet
  facet normal 0 0 -1
    outer loop
      vertex -38.527756813566455 -11.15 2.4
      vertex -38.6512993215049 -10.965105570685175 2.4
      vertex -38.51507575950825 -10.51507575950825 2.4
    endloop
  endfacet
  facet normal 0 0 -1
    outer loop
      vertex -38.79791847198287 -10.79791847198287 2.4
      vertex -38.51507575950825 -10.51507575950825 2.4
      vertex -38.6512993215049 -10.965105570685175 2.4
    endloop
  endfacet
  facet normal 0 0 -1
    outer loop
      vertex -38.527756813566455 -11.15 2.4
      vertex -38.51507575950825 -10.51507575950825 2.4
      vertex -38.33395798538841 -10.721600999081687 2.4
    endloop
  endfacet
  facet normal 0 0 -1
    outer loop
      vertex -38.79791847198287 -10.79791847198287 2.4
      vertex -38.965105570685175 -10.6512993215049 2.4
      vertex -38.72160099908169 -10.333957985388405 2.4
    endloop
  endfacet
  facet normal 0 0 -1
    outer loop
      vertex -38.79791847198287 -10.79791847198287 2.4
      vertex -38.72160099908169 -10.333957985388405 2.4
      vertex -38.51507575950825 -10.51507575950825 2.4
    endloop
  endfacet
  facet normal 0 0 -1
    outer loop
      vertex -38.965105570685175 -10.6512993215049 2.4
      vertex -38.95 -10.181346652052678 2.4
      vertex -38.72160099908169 -10.333957985388405 2.4
    endloop
  endfacet
  facet normal 0 0 -1
    outer loop
      vertex -38.18134665205268 -13.05 2.4
      vertex -38.3 -12 2.4
      vertex -38.33395798538841 -10.721600999081687 2.4
    endloop
  endfacet
  facet normal 0 0 -1
    outer loop
      vertex -38.18134665205268 -13.05 2.4
      vertex -38.33395798538841 -10.721600999081687 2.4
      vertex -38.18134665205268 -10.95 2.4
    endloop
  endfacet
  facet normal 0 0 -1
    outer loop
      vertex -37.97155576479295 -12.543519994715293 2.4
      vertex -38.059852981726294 -11.196364792033311 2.4
      vertex -37.97155576479295 -11.456480005284707 2.4
    endloop
  endfacet
  facet normal 0 0 -1
    outer loop
      vertex -38.059852981726294 -12.803635207966689 2.4
      vertex -38.18134665205268 -10.95 2.4
      vertex -38.059852981726294 -11.196364792033311 2.4
    endloop
  endfacet
  facet normal 0 0 -1
    outer loop
      vertex -37.917965791114995 -12.274105003662108 2.4
      vertex -37.97155576479295 -11.456480005284707 2.4
      vertex -37.917965791114995 -11.725894996337892 2.4
    endloop
  endfacet
  facet normal -0.19509032201612525 -0.9807852804032311 0
    outer loop
      vertex -39.4564800052847 -9.971555764792956 1.2
      vertex -39.4564800052847 -9.971555764792956 2.4
      vertex -39.72589499633789 -9.917965791114998 2.4
    endloop
  endfacet
  facet normal -0.44228869021899886 -0.8968727415326895 0
    outer loop
      vertex -38.95 -10.181346652052678 1.2
      vertex -38.95 -10.181346652052678 2.4
      vertex -39.196364792033314 -10.059852981726298 2.4
    endloop
  endfacet
  facet normal -0.32143946530316875 -0.9469301294951031 0
    outer loop
      vertex -39.196364792033314 -10.059852981726298 1.2
      vertex -39.196364792033314 -10.059852981726298 2.4
      vertex -39.4564800052847 -9.971555764792956 2.4
    endloop
  endfacet
  facet normal 0 0 -1
    outer loop
      vertex -39.778105473225914 -10.314543735664522 2.4
      vertex -39.4564800052847 -9.971555764792956 2.4
      vertex -39.56000762332572 -10.357926095308583 2.4
    endloop
  endfacet
  facet normal 0 0 -1
    outer loop
      vertex -39.778105473225914 -10.314543735664522 2.4
      vertex -39.72589499633789 -9.917965791114998 2.4
      vertex -39.4564800052847 -9.971555764792956 2.4
    endloop
  endfacet
  facet normal 0 0 -1
    outer loop
      vertex -39.56000762332572 -10.357926095308583 2.4
      vertex -39.4564800052847 -9.971555764792956 2.4
      vertex -39.196364792033314 -10.059852981726298 2.4
    endloop
  endfacet
  facet normal 0 0 -1
    outer loop
      vertex -39.34943816497935 -10.429404794730813 2.4
      vertex -39.196364792033314 -10.059852981726298 2.4
      vertex -38.95 -10.181346652052678 2.4
    endloop
  endfacet
  facet normal 0.6593458151000662 0.7518398074789798 0
    outer loop
      vertex -41.20208152801713 10.79791847198287 2.4
      vertex -41.20208152801713 10.79791847198287 3.4
      vertex -41.034894429314825 10.6512993215049 2.4
    endloop
  endfacet
  facet normal 0.7518398074789803 0.6593458151000656 6.012766773674801e-19
    outer loop
      vertex -41.20208152801713 10.79791847198287 2.4
      vertex -41.3487006784951 10.965105570685175 2.4
      vertex -41.3487006784951 10.965105570685175 3.4
    endloop
  endfacet
  facet normal 0.8314696123025463 0.5555702330196005 7.03371393431993e-18
    outer loop
      vertex -41.3487006784951 10.965105570685175 2.4
      vertex -41.472243186433545 11.15 2.4
      vertex -41.472243186433545 11.15 3.4
    endloop
  endfacet
  facet normal 0.8968727415326893 0.4422886902189996 0
    outer loop
      vertex -41.570595205269186 11.349438164979347 2.4
      vertex -41.570595205269186 11.349438164979347 3.4
      vertex -41.472243186433545 11.15 2.4
    endloop
  endfacet
  facet normal 0.946930129495105 0.32143946530316325 -2.600863998135236e-18
    outer loop
      vertex -41.570595205269186 11.349438164979347 2.4
      vertex -41.642073904691415 11.560007623325715 2.4
      vertex -41.642073904691415 11.560007623325715 3.4
    endloop
  endfacet
  facet normal 0.9807852804032289 0.19509032201613608 3.2210141436159254e-19
    outer loop
      vertex -41.642073904691415 11.560007623325715 2.4
      vertex -41.68545626433548 11.778105473225912 2.4
      vertex -41.68545626433548 11.778105473225912 3.4
    endloop
  endfacet
  facet normal 0.9978589232386029 0.06540312923015325 9.668233853877528e-20
    outer loop
      vertex -41.68545626433548 11.778105473225912 2.4
      vertex -41.7 12 2.4
      vertex -41.7 12 3.4
    endloop
  endfacet
  facet normal 0.5555702330196043 0.8314696123025439 0
    outer loop
      vertex -41.034894429314825 10.6512993215049 2.4
      vertex -41.034894429314825 10.6512993215049 3.4
      vertex -40.85 10.527756813566455 2.4
    endloop
  endfacet
  facet normal 0.32143946530316087 0.9469301294951059 0
    outer loop
      vertex -40.65056183502065 10.429404794730813 2.4
      vertex -40.65056183502065 10.429404794730813 3.4
      vertex -40.43999237667428 10.357926095308583 2.4
    endloop
  endfacet
  facet normal 0.4422886902190028 0.8968727415326876 0
    outer loop
      vertex -40.85 10.527756813566455 2.4
      vertex -40.85 10.527756813566455 3.4
      vertex -40.65056183502065 10.429404794730813 2.4
    endloop
  endfacet
  facet normal 0.1950903220161284 0.9807852804032304 0
    outer loop
      vertex -40.43999237667428 10.357926095308583 2.4
      vertex -40.43999237667428 10.357926095308583 3.4
      vertex -40.221894526774086 10.314543735664522 2.4
    endloop
  endfacet
  facet normal 0.06540312923013786 0.9978589232386039 0
    outer loop
      vertex -40.221894526774086 10.314543735664522 2.4
      vertex -40.221894526774086 10.314543735664522 3.4
      vertex -40 10.3 2.4
    endloop
  endfacet
  facet normal -0.06540312923013786 0.9978589232386039 0
    outer loop
      vertex -40 10.3 2.4
      vertex -40 10.3 3.4
      vertex -39.778105473225914 10.314543735664522 2.4
    endloop
  endfacet
  facet normal 0.9978589232386029 -0.06540312923015325 -9.668233853877528e-20
    outer loop
      vertex -41.7 12 2.4
      vertex -41.68545626433548 12.221894526774088 2.4
      vertex -41.68545626433548 12.221894526774088 3.4
    endloop
  endfacet
  facet normal 0.9807852804032289 -0.19509032201613608 -3.2210141436159254e-19
    outer loop
      vertex -41.68545626433548 12.221894526774088 2.4
      vertex -41.642073904691415 12.439992376674285 2.4
      vertex -41.642073904691415 12.439992376674285 3.4
    endloop
  endfacet
  facet normal 0.946930129495105 -0.32143946530316325 2.600863998135236e-18
    outer loop
      vertex -41.642073904691415 12.439992376674285 2.4
      vertex -41.570595205269186 12.650561835020653 2.4
      vertex -41.570595205269186 12.650561835020653 3.4
    endloop
  endfacet
  facet normal 0.8968727415326893 -0.4422886902189996 5.794303535045181e-18
    outer loop
      vertex -41.570595205269186 12.650561835020653 2.4
      vertex -41.472243186433545 12.85 2.4
      vertex -41.472243186433545 12.85 3.4
    endloop
  endfacet
  facet normal 0.8314696123025463 -0.5555702330196005 -7.03371393431993e-18
    outer loop
      vertex -41.472243186433545 12.85 2.4
      vertex -41.3487006784951 13.034894429314825 2.4
      vertex -41.3487006784951 13.034894429314825 3.4
    endloop
  endfacet
  facet normal 0.7518398074789803 -0.6593458151000656 -6.012766773674801e-19
    outer loop
      vertex -41.3487006784951 13.034894429314825 2.4
      vertex -41.20208152801713 13.20208152801713 2.4
      vertex -41.20208152801713 13.20208152801713 3.4
    endloop
  endfacet
  facet normal 0.6593458151000662 -0.7518398074789798 -5.7686957656224536e-18
    outer loop
      vertex -41.20208152801713 13.20208152801713 2.4
      vertex -41.034894429314825 13.3487006784951 2.4
      vertex -41.034894429314825 13.3487006784951 3.4
    endloop
  endfacet
  facet normal 0.5555702330196043 -0.8314696123025439 4.609127041014792e-18
    outer loop
      vertex -41.034894429314825 13.3487006784951 2.4
      vertex -40.85 13.472243186433545 2.4
      vertex -40.85 13.472243186433545 3.4
    endloop
  endfacet
  facet normal 0.4422886902190028 -0.8968727415326876 -2.497051510789592e-18
    outer loop
      vertex -40.85 13.472243186433545 2.4
      vertex -40.65056183502065 13.570595205269187 2.4
      vertex -40.65056183502065 13.570595205269187 3.4
    endloop
  endfacet
  facet normal 0.32143946530316087 -0.9469301294951059 -3.6853104539128764e-18
    outer loop
      vertex -40.65056183502065 13.570595205269187 2.4
      vertex -40.43999237667428 13.642073904691417 2.4
      vertex -40.43999237667428 13.642073904691417 3.4
    endloop
  endfacet
  facet normal 0.1950903220161284 -0.9807852804032304 -2.913595450965774e-18
    outer loop
      vertex -40.43999237667428 13.642073904691417 2.4
      vertex -40.221894526774086 13.685456264335478 2.4
      vertex -40.221894526774086 13.685456264335478 3.4
    endloop
  endfacet
  facet normal 0.06540312923013786 -0.9978589232386039 -7.424228807720053e-19
    outer loop
      vertex -40.221894526774086 13.685456264335478 2.4
      vertex -40 13.7 2.4
      vertex -40 13.7 3.4
    endloop
  endfacet
  facet normal -0.06540312923013786 -0.9978589232386039 0
    outer loop
      vertex -39.778105473225914 13.685456264335478 2.4
      vertex -39.778105473225914 13.685456264335478 3.4
      vertex -40 13.7 2.4
    endloop
  endfacet
  facet normal 0.7518398074789803 0.6593458151000656 0
    outer loop
      vertex -41.20208152801713 10.79791847198287 2.4
      vertex -41.3487006784951 10.965105570685175 3.4
      vertex -41.20208152801713 10.79791847198287 3.4
    endloop
  endfacet
  facet normal 0.8314696123025463 0.5555702330196005 0
    outer loop
      vertex -41.3487006784951 10.965105570685175 2.4
      vertex -41.472243186433545 11.15 3.4
      vertex -41.3487006784951 10.965105570685175 3.4
    endloop
  endfacet
  facet normal 0.8968727415326893 0.4422886902189996 0
    outer loop
      vertex -41.472243186433545 11.15 2.4
      vertex -41.570595205269186 11.349438164979347 3.4
      vertex -41.472243186433545 11.15 3.4
    endloop
  endfacet
  facet normal 0.946930129495105 0.32143946530316325 0
    outer loop
      vertex -41.570595205269186 11.349438164979347 2.4
      vertex -41.642073904691415 11.560007623325715 3.4
      vertex -41.570595205269186 11.349438164979347 3.4
    endloop
  endfacet
  facet normal 0.9807852804032289 0.19509032201613608 0
    outer loop
      vertex -41.642073904691415 11.560007623325715 2.4
      vertex -41.68545626433548 11.778105473225912 3.4
      vertex -41.642073904691415 11.560007623325715 3.4
    endloop
  endfacet
  facet normal 0.9978589232386029 0.06540312923015325 0
    outer loop
      vertex -41.68545626433548 11.778105473225912 2.4
      vertex -41.7 12 3.4
      vertex -41.68545626433548 11.778105473225912 3.4
    endloop
  endfacet
  facet normal 0.6593458151000662 0.7518398074789798 0
    outer loop
      vertex -41.034894429314825 10.6512993215049 2.4
      vertex -41.20208152801713 10.79791847198287 3.4
      vertex -41.034894429314825 10.6512993215049 3.4
    endloop
  endfacet
  facet normal 0.5555702330196043 0.8314696123025439 0
    outer loop
      vertex -40.85 10.527756813566455 2.4
      vertex -41.034894429314825 10.6512993215049 3.4
      vertex -40.85 10.527756813566455 3.4
    endloop
  endfacet
  facet normal 0.4422886902190028 0.8968727415326876 0
    outer loop
      vertex -40.65056183502065 10.429404794730813 2.4
      vertex -40.85 10.527756813566455 3.4
      vertex -40.65056183502065 10.429404794730813 3.4
    endloop
  endfacet
  facet normal 0.32143946530316087 0.9469301294951059 0
    outer loop
      vertex -40.43999237667428 10.357926095308583 2.4
      vertex -40.65056183502065 10.429404794730813 3.4
      vertex -40.43999237667428 10.357926095308583 3.4
    endloop
  endfacet
  facet normal 0.1950903220161284 0.9807852804032304 0
    outer loop
      vertex -40.221894526774086 10.314543735664522 2.4
      vertex -40.43999237667428 10.357926095308583 3.4
      vertex -40.221894526774086 10.314543735664522 3.4
    endloop
  endfacet
  facet normal 0.06540312923013786 0.9978589232386039 0
    outer loop
      vertex -40 10.3 2.4
      vertex -40.221894526774086 10.314543735664522 3.4
      vertex -40 10.3 3.4
    endloop
  endfacet
  facet normal -0.06540312923013786 0.9978589232386039 0
    outer loop
      vertex -39.778105473225914 10.314543735664522 2.4
      vertex -40 10.3 3.4
      vertex -39.778105473225914 10.314543735664522 3.4
    endloop
  endfacet
  facet normal 0.9978589232386029 -0.06540312923015325 0
    outer loop
      vertex -41.7 12 2.4
      vertex -41.68545626433548 12.221894526774088 3.4
      vertex -41.7 12 3.4
    endloop
  endfacet
  facet normal 0.9807852804032289 -0.19509032201613608 0
    outer loop
      vertex -41.68545626433548 12.221894526774088 2.4
      vertex -41.642073904691415 12.439992376674285 3.4
      vertex -41.68545626433548 12.221894526774088 3.4
    endloop
  endfacet
  facet normal 0.946930129495105 -0.32143946530316325 0
    outer loop
      vertex -41.642073904691415 12.439992376674285 2.4
      vertex -41.570595205269186 12.650561835020653 3.4
      vertex -41.642073904691415 12.439992376674285 3.4
    endloop
  endfacet
  facet normal 0.8968727415326893 -0.4422886902189996 0
    outer loop
      vertex -41.570595205269186 12.650561835020653 2.4
      vertex -41.472243186433545 12.85 3.4
      vertex -41.570595205269186 12.650561835020653 3.4
    endloop
  endfacet
  facet normal 0.8314696123025463 -0.5555702330196005 0
    outer loop
      vertex -41.472243186433545 12.85 2.4
      vertex -41.3487006784951 13.034894429314825 3.4
      vertex -41.472243186433545 12.85 3.4
    endloop
  endfacet
  facet normal 0.7518398074789803 -0.6593458151000656 0
    outer loop
      vertex -41.3487006784951 13.034894429314825 2.4
      vertex -41.20208152801713 13.20208152801713 3.4
      vertex -41.3487006784951 13.034894429314825 3.4
    endloop
  endfacet
  facet normal 0.6593458151000662 -0.7518398074789798 0
    outer loop
      vertex -41.20208152801713 13.20208152801713 2.4
      vertex -41.034894429314825 13.3487006784951 3.4
      vertex -41.20208152801713 13.20208152801713 3.4
    endloop
  endfacet
  facet normal 0.5555702330196043 -0.8314696123025439 0
    outer loop
      vertex -41.034894429314825 13.3487006784951 2.4
      vertex -40.85 13.472243186433545 3.4
      vertex -41.034894429314825 13.3487006784951 3.4
    endloop
  endfacet
  facet normal 0.4422886902190028 -0.8968727415326876 0
    outer loop
      vertex -40.85 13.472243186433545 2.4
      vertex -40.65056183502065 13.570595205269187 3.4
      vertex -40.85 13.472243186433545 3.4
    endloop
  endfacet
  facet normal 0.32143946530316087 -0.9469301294951059 0
    outer loop
      vertex -40.65056183502065 13.570595205269187 2.4
      vertex -40.43999237667428 13.642073904691417 3.4
      vertex -40.65056183502065 13.570595205269187 3.4
    endloop
  endfacet
  facet normal 0.1950903220161284 -0.9807852804032304 0
    outer loop
      vertex -40.43999237667428 13.642073904691417 2.4
      vertex -40.221894526774086 13.685456264335478 3.4
      vertex -40.43999237667428 13.642073904691417 3.4
    endloop
  endfacet
  facet normal 0.06540312923013786 -0.9978589232386039 0
    outer loop
      vertex -40.221894526774086 13.685456264335478 2.4
      vertex -40 13.7 3.4
      vertex -40.221894526774086 13.685456264335478 3.4
    endloop
  endfacet
  facet normal -0.06540312923013786 -0.9978589232386039 0
    outer loop
      vertex -40 13.7 2.4
      vertex -39.778105473225914 13.685456264335478 3.4
      vertex -40 13.7 3.4
    endloop
  endfacet
  facet normal -0.1950903220161284 0.9807852804032304 0
    outer loop
      vertex -39.778105473225914 10.314543735664522 2.4
      vertex -39.778105473225914 10.314543735664522 3.4
      vertex -39.56000762332572 10.357926095308583 2.4
    endloop
  endfacet
  facet normal -0.32143946530316087 0.9469301294951059 0
    outer loop
      vertex -39.56000762332572 10.357926095308583 2.4
      vertex -39.56000762332572 10.357926095308583 3.4
      vertex -39.34943816497935 10.429404794730813 2.4
    endloop
  endfacet
  facet normal -0.4422886902190028 0.8968727415326876 0
    outer loop
      vertex -39.34943816497935 10.429404794730813 2.4
      vertex -39.34943816497935 10.429404794730813 3.4
      vertex -39.15 10.527756813566455 2.4
    endloop
  endfacet
  facet normal -0.5555702330196043 0.8314696123025439 0
    outer loop
      vertex -39.15 10.527756813566455 2.4
      vertex -39.15 10.527756813566455 3.4
      vertex -38.965105570685175 10.6512993215049 2.4
    endloop
  endfacet
  facet normal -0.6593458151000662 0.7518398074789798 0
    outer loop
      vertex -38.965105570685175 10.6512993215049 2.4
      vertex -38.965105570685175 10.6512993215049 3.4
      vertex -38.79791847198287 10.79791847198287 2.4
    endloop
  endfacet
  facet normal -0.7518398074789803 0.6593458151000656 0
    outer loop
      vertex -38.79791847198287 10.79791847198287 2.4
      vertex -38.79791847198287 10.79791847198287 3.4
      vertex -38.6512993215049 10.965105570685175 2.4
    endloop
  endfacet
  facet normal -0.8314696123025463 0.5555702330196005 0
    outer loop
      vertex -38.6512993215049 10.965105570685175 2.4
      vertex -38.6512993215049 10.965105570685175 3.4
      vertex -38.527756813566455 11.15 2.4
    endloop
  endfacet
  facet normal -0.8968727415326893 0.4422886902189996 0
    outer loop
      vertex -38.527756813566455 11.15 2.4
      vertex -38.527756813566455 11.15 3.4
      vertex -38.429404794730814 11.349438164979347 2.4
    endloop
  endfacet
  facet normal -0.946930129495105 0.32143946530316325 0
    outer loop
      vertex -38.429404794730814 11.349438164979347 2.4
      vertex -38.429404794730814 11.349438164979347 3.4
      vertex -38.357926095308585 11.560007623325715 2.4
    endloop
  endfacet
  facet normal -0.9807852804032289 0.19509032201613608 0
    outer loop
      vertex -38.357926095308585 11.560007623325715 2.4
      vertex -38.357926095308585 11.560007623325715 3.4
      vertex -38.31454373566452 11.778105473225912 2.4
    endloop
  endfacet
  facet normal -0.9978589232386029 0.06540312923015325 0
    outer loop
      vertex -38.31454373566452 11.778105473225912 2.4
      vertex -38.31454373566452 11.778105473225912 3.4
      vertex -38.3 12 2.4
    endloop
  endfacet
  facet normal -0.9807852804032289 -0.19509032201613608 0
    outer loop
      vertex -38.31454373566452 12.221894526774088 2.4
      vertex -38.31454373566452 12.221894526774088 3.4
      vertex -38.357926095308585 12.439992376674285 2.4
    endloop
  endfacet
  facet normal -0.946930129495105 -0.32143946530316325 0
    outer loop
      vertex -38.357926095308585 12.439992376674285 2.4
      vertex -38.357926095308585 12.439992376674285 3.4
      vertex -38.429404794730814 12.650561835020653 2.4
    endloop
  endfacet
  facet normal -0.8968727415326893 -0.4422886902189996 0
    outer loop
      vertex -38.429404794730814 12.650561835020653 2.4
      vertex -38.429404794730814 12.650561835020653 3.4
      vertex -38.527756813566455 12.85 2.4
    endloop
  endfacet
  facet normal -0.1950903220161284 -0.9807852804032304 2.913595450965774e-18
    outer loop
      vertex -39.778105473225914 13.685456264335478 2.4
      vertex -39.56000762332572 13.642073904691417 2.4
      vertex -39.56000762332572 13.642073904691417 3.4
    endloop
  endfacet
  facet normal -0.32143946530316087 -0.9469301294951059 3.6853104539128764e-18
    outer loop
      vertex -39.56000762332572 13.642073904691417 2.4
      vertex -39.34943816497935 13.570595205269187 2.4
      vertex -39.34943816497935 13.570595205269187 3.4
    endloop
  endfacet
  facet normal -0.5555702330196043 -0.8314696123025439 -4.609127041014792e-18
    outer loop
      vertex -39.15 13.472243186433545 2.4
      vertex -38.965105570685175 13.3487006784951 2.4
      vertex -38.965105570685175 13.3487006784951 3.4
    endloop
  endfacet
  facet normal -0.4422886902190028 -0.8968727415326876 0
    outer loop
      vertex -39.15 13.472243186433545 2.4
      vertex -39.15 13.472243186433545 3.4
      vertex -39.34943816497935 13.570595205269187 2.4
    endloop
  endfacet
  facet normal -0.6593458151000662 -0.7518398074789798 0
    outer loop
      vertex -38.79791847198287 13.20208152801713 2.4
      vertex -38.79791847198287 13.20208152801713 3.4
      vertex -38.965105570685175 13.3487006784951 2.4
    endloop
  endfacet
  facet normal -0.7518398074789803 -0.6593458151000656 6.012766773674801e-19
    outer loop
      vertex -38.79791847198287 13.20208152801713 2.4
      vertex -38.6512993215049 13.034894429314825 2.4
      vertex -38.6512993215049 13.034894429314825 3.4
    endloop
  endfacet
  facet normal -0.8314696123025463 -0.5555702330196005 0
    outer loop
      vertex -38.527756813566455 12.85 2.4
      vertex -38.527756813566455 12.85 3.4
      vertex -38.6512993215049 13.034894429314825 2.4
    endloop
  endfacet
  facet normal -0.9978589232386029 -0.06540312923015325 9.668233853877528e-20
    outer loop
      vertex -38.31454373566452 12.221894526774088 2.4
      vertex -38.3 12 2.4
      vertex -38.3 12 3.4
    endloop
  endfacet
  facet normal -0.1950903220161284 0.9807852804032304 0
    outer loop
      vertex -39.56000762332572 10.357926095308583 2.4
      vertex -39.778105473225914 10.314543735664522 3.4
      vertex -39.56000762332572 10.357926095308583 3.4
    endloop
  endfacet
  facet normal -0.32143946530316087 0.9469301294951059 0
    outer loop
      vertex -39.34943816497935 10.429404794730813 2.4
      vertex -39.56000762332572 10.357926095308583 3.4
      vertex -39.34943816497935 10.429404794730813 3.4
    endloop
  endfacet
  facet normal -0.4422886902190028 0.8968727415326876 0
    outer loop
      vertex -39.15 10.527756813566455 2.4
      vertex -39.34943816497935 10.429404794730813 3.4
      vertex -39.15 10.527756813566455 3.4
    endloop
  endfacet
  facet normal -0.5555702330196043 0.8314696123025439 0
    outer loop
      vertex -38.965105570685175 10.6512993215049 2.4
      vertex -39.15 10.527756813566455 3.4
      vertex -38.965105570685175 10.6512993215049 3.4
    endloop
  endfacet
  facet normal -0.6593458151000662 0.7518398074789798 0
    outer loop
      vertex -38.79791847198287 10.79791847198287 2.4
      vertex -38.965105570685175 10.6512993215049 3.4
      vertex -38.79791847198287 10.79791847198287 3.4
    endloop
  endfacet
  facet normal -0.7518398074789803 0.6593458151000656 0
    outer loop
      vertex -38.6512993215049 10.965105570685175 2.4
      vertex -38.79791847198287 10.79791847198287 3.4
      vertex -38.6512993215049 10.965105570685175 3.4
    endloop
  endfacet
  facet normal -0.8314696123025463 0.5555702330196005 0
    outer loop
      vertex -38.527756813566455 11.15 2.4
      vertex -38.6512993215049 10.965105570685175 3.4
      vertex -38.527756813566455 11.15 3.4
    endloop
  endfacet
  facet normal -0.8968727415326893 0.4422886902189996 0
    outer loop
      vertex -38.429404794730814 11.349438164979347 2.4
      vertex -38.527756813566455 11.15 3.4
      vertex -38.429404794730814 11.349438164979347 3.4
    endloop
  endfacet
  facet normal -0.946930129495105 0.32143946530316325 0
    outer loop
      vertex -38.357926095308585 11.560007623325715 2.4
      vertex -38.429404794730814 11.349438164979347 3.4
      vertex -38.357926095308585 11.560007623325715 3.4
    endloop
  endfacet
  facet normal -0.9807852804032289 0.19509032201613608 0
    outer loop
      vertex -38.31454373566452 11.778105473225912 2.4
      vertex -38.357926095308585 11.560007623325715 3.4
      vertex -38.31454373566452 11.778105473225912 3.4
    endloop
  endfacet
  facet normal -0.9978589232386029 0.06540312923015325 0
    outer loop
      vertex -38.3 12 2.4
      vertex -38.31454373566452 11.778105473225912 3.4
      vertex -38.3 12 3.4
    endloop
  endfacet
  facet normal -0.9978589232386029 -0.06540312923015325 0
    outer loop
      vertex -38.31454373566452 12.221894526774088 2.4
      vertex -38.3 12 3.4
      vertex -38.31454373566452 12.221894526774088 3.4
    endloop
  endfacet
  facet normal -0.9807852804032289 -0.19509032201613608 0
    outer loop
      vertex -38.357926095308585 12.439992376674285 2.4
      vertex -38.31454373566452 12.221894526774088 3.4
      vertex -38.357926095308585 12.439992376674285 3.4
    endloop
  endfacet
  facet normal -0.946930129495105 -0.32143946530316325 0
    outer loop
      vertex -38.429404794730814 12.650561835020653 2.4
      vertex -38.357926095308585 12.439992376674285 3.4
      vertex -38.429404794730814 12.650561835020653 3.4
    endloop
  endfacet
  facet normal -0.8968727415326893 -0.4422886902189996 0
    outer loop
      vertex -38.527756813566455 12.85 2.4
      vertex -38.429404794730814 12.650561835020653 3.4
      vertex -38.527756813566455 12.85 3.4
    endloop
  endfacet
  facet normal -0.1950903220161284 -0.9807852804032304 0
    outer loop
      vertex -39.778105473225914 13.685456264335478 2.4
      vertex -39.56000762332572 13.642073904691417 3.4
      vertex -39.778105473225914 13.685456264335478 3.4
    endloop
  endfacet
  facet normal -0.32143946530316087 -0.9469301294951059 0
    outer loop
      vertex -39.56000762332572 13.642073904691417 2.4
      vertex -39.34943816497935 13.570595205269187 3.4
      vertex -39.56000762332572 13.642073904691417 3.4
    endloop
  endfacet
  facet normal -0.5555702330196043 -0.8314696123025439 0
    outer loop
      vertex -39.15 13.472243186433545 2.4
      vertex -38.965105570685175 13.3487006784951 3.4
      vertex -39.15 13.472243186433545 3.4
    endloop
  endfacet
  facet normal -0.4422886902190028 -0.8968727415326876 0
    outer loop
      vertex -39.34943816497935 13.570595205269187 2.4
      vertex -39.15 13.472243186433545 3.4
      vertex -39.34943816497935 13.570595205269187 3.4
    endloop
  endfacet
  facet normal -0.7518398074789803 -0.6593458151000656 0
    outer loop
      vertex -38.79791847198287 13.20208152801713 2.4
      vertex -38.6512993215049 13.034894429314825 3.4
      vertex -38.79791847198287 13.20208152801713 3.4
    endloop
  endfacet
  facet normal -0.8314696123025463 -0.5555702330196005 0
    outer loop
      vertex -38.6512993215049 13.034894429314825 2.4
      vertex -38.527756813566455 12.85 3.4
      vertex -38.6512993215049 13.034894429314825 3.4
    endloop
  endfacet
  facet normal -0.6593458151000662 -0.7518398074789798 0
    outer loop
      vertex -38.965105570685175 13.3487006784951 2.4
      vertex -38.79791847198287 13.20208152801713 3.4
      vertex -38.965105570685175 13.3487006784951 3.4
    endloop
  endfacet
  facet normal 0 0 1
    outer loop
      vertex -41.81865334794732 10.95 1.2
      vertex -41.81865334794732 13.05 1.2
      vertex -41.940147018273706 11.196364792033311 1.2
    endloop
  endfacet
  facet normal 0 0 1
    outer loop
      vertex -42.02844423520705 11.456480005284707 1.2
      vertex -42.02844423520705 12.543519994715293 1.2
      vertex -42.082034208885005 11.725894996337892 1.2
    endloop
  endfacet
  facet normal 0 0 1
    outer loop
      vertex -41.940147018273706 11.196364792033311 1.2
      vertex -41.940147018273706 12.803635207966689 1.2
      vertex -42.02844423520705 11.456480005284707 1.2
    endloop
  endfacet
  facet normal 0 0 1
    outer loop
      vertex -41.27839900091831 10.333957985388405 1.2
      vertex -41.27839900091831 13.666042014611595 1.2
      vertex -41.48492424049175 10.51507575950825 1.2
    endloop
  endfacet
  facet normal 0 0 1
    outer loop
      vertex -41.66604201461159 10.721600999081687 1.2
      vertex -41.66604201461159 13.278399000918313 1.2
      vertex -41.81865334794732 10.95 1.2
    endloop
  endfacet
  facet normal 0 0 1
    outer loop
      vertex -41.48492424049175 10.51507575950825 1.2
      vertex -41.48492424049175 13.48492424049175 1.2
      vertex -41.66604201461159 10.721600999081687 1.2
    endloop
  endfacet
  facet normal 0 0 1
    outer loop
      vertex -41.05 10.181346652052678 1.2
      vertex -41.05 13.818653347947322 1.2
      vertex -41.27839900091831 10.333957985388405 1.2
    endloop
  endfacet
  facet normal 0 0 1
    outer loop
      vertex -40.803635207966686 10.059852981726298 1.2
      vertex -40.803635207966686 13.940147018273702 1.2
      vertex -41.05 10.181346652052678 1.2
    endloop
  endfacet
  facet normal 0 0 1
    outer loop
      vertex -40.803635207966686 10.059852981726298 1.2
      vertex -40.5435199947153 9.971555764792956 1.2
      vertex -40.5435199947153 14.028444235207044 1.2
    endloop
  endfacet
  facet normal 0 0 1
    outer loop
      vertex -40.5435199947153 9.971555764792956 1.2
      vertex -40.27410500366211 9.917965791114998 1.2
      vertex -40.27410500366211 14.082034208885002 1.2
    endloop
  endfacet
  facet normal 0 0 1
    outer loop
      vertex -40.27410500366211 9.917965791114998 1.2
      vertex -40 9.9 1.2
      vertex -40 14.1 1.2
    endloop
  endfacet
  facet normal 0 0 1
    outer loop
      vertex -40 9.9 1.2
      vertex -39.72589499633789 9.917965791114998 1.2
      vertex -39.72589499633789 14.082034208885002 1.2
    endloop
  endfacet
  facet normal 0 0 1
    outer loop
      vertex -42.082034208885005 11.725894996337892 1.2
      vertex -42.082034208885005 12.274105003662108 1.2
      vertex -42.1 12 1.2
    endloop
  endfacet
  facet normal 0 0 1
    outer loop
      vertex -42.082034208885005 11.725894996337892 1.2
      vertex -42.02844423520705 12.543519994715293 1.2
      vertex -42.082034208885005 12.274105003662108 1.2
    endloop
  endfacet
  facet normal 0 0 1
    outer loop
      vertex -42.02844423520705 11.456480005284707 1.2
      vertex -41.940147018273706 12.803635207966689 1.2
      vertex -42.02844423520705 12.543519994715293 1.2
    endloop
  endfacet
  facet normal 0 0 1
    outer loop
      vertex -41.940147018273706 11.196364792033311 1.2
      vertex -41.81865334794732 13.05 1.2
      vertex -41.940147018273706 12.803635207966689 1.2
    endloop
  endfacet
  facet normal 0 0 1
    outer loop
      vertex -41.81865334794732 10.95 1.2
      vertex -41.66604201461159 13.278399000918313 1.2
      vertex -41.81865334794732 13.05 1.2
    endloop
  endfacet
  facet normal 0 0 1
    outer loop
      vertex -41.66604201461159 10.721600999081687 1.2
      vertex -41.48492424049175 13.48492424049175 1.2
      vertex -41.66604201461159 13.278399000918313 1.2
    endloop
  endfacet
  facet normal 0 0 1
    outer loop
      vertex -41.48492424049175 10.51507575950825 1.2
      vertex -41.27839900091831 13.666042014611595 1.2
      vertex -41.48492424049175 13.48492424049175 1.2
    endloop
  endfacet
  facet normal 0 0 1
    outer loop
      vertex -41.27839900091831 10.333957985388405 1.2
      vertex -41.05 13.818653347947322 1.2
      vertex -41.27839900091831 13.666042014611595 1.2
    endloop
  endfacet
  facet normal 0 0 1
    outer loop
      vertex -41.05 10.181346652052678 1.2
      vertex -40.803635207966686 13.940147018273702 1.2
      vertex -41.05 13.818653347947322 1.2
    endloop
  endfacet
  facet normal 0 0 1
    outer loop
      vertex -40.803635207966686 10.059852981726298 1.2
      vertex -40.5435199947153 14.028444235207044 1.2
      vertex -40.803635207966686 13.940147018273702 1.2
    endloop
  endfacet
  facet normal 0 0 1
    outer loop
      vertex -40.5435199947153 9.971555764792956 1.2
      vertex -40.27410500366211 14.082034208885002 1.2
      vertex -40.5435199947153 14.028444235207044 1.2
    endloop
  endfacet
  facet normal 0 0 1
    outer loop
      vertex -40.27410500366211 9.917965791114998 1.2
      vertex -40 14.1 1.2
      vertex -40.27410500366211 14.082034208885002 1.2
    endloop
  endfacet
  facet normal 0 0 1
    outer loop
      vertex -40 9.9 1.2
      vertex -39.72589499633789 14.082034208885002 1.2
      vertex -40 14.1 1.2
    endloop
  endfacet
  facet normal 0 0 1
    outer loop
      vertex -39.72589499633789 9.917965791114998 1.2
      vertex -39.4564800052847 9.971555764792956 1.2
      vertex -39.4564800052847 14.028444235207044 1.2
    endloop
  endfacet
  facet normal 0 0 1
    outer loop
      vertex -39.4564800052847 9.971555764792956 1.2
      vertex -39.196364792033314 10.059852981726298 1.2
      vertex -39.196364792033314 13.940147018273702 1.2
    endloop
  endfacet
  facet normal 0 0 1
    outer loop
      vertex -39.196364792033314 10.059852981726298 1.2
      vertex -38.95 10.181346652052678 1.2
      vertex -38.95 13.818653347947322 1.2
    endloop
  endfacet
  facet normal 0 0 1
    outer loop
      vertex -38.95 10.181346652052678 1.2
      vertex -38.72160099908169 10.333957985388405 1.2
      vertex -38.72160099908169 13.666042014611595 1.2
    endloop
  endfacet
  facet normal 0 0 1
    outer loop
      vertex -38.72160099908169 10.333957985388405 1.2
      vertex -38.51507575950825 10.51507575950825 1.2
      vertex -38.51507575950825 13.48492424049175 1.2
    endloop
  endfacet
  facet normal 0 0 1
    outer loop
      vertex -38.51507575950825 10.51507575950825 1.2
      vertex -38.33395798538841 10.721600999081687 1.2
      vertex -38.33395798538841 13.278399000918313 1.2
    endloop
  endfacet
  facet normal 0 0 1
    outer loop
      vertex -38.33395798538841 10.721600999081687 1.2
      vertex -38.18134665205268 10.95 1.2
      vertex -38.18134665205268 13.05 1.2
    endloop
  endfacet
  facet normal 0 0 1
    outer loop
      vertex -38.18134665205268 10.95 1.2
      vertex -38.059852981726294 11.196364792033311 1.2
      vertex -38.059852981726294 12.803635207966689 1.2
    endloop
  endfacet
  facet normal 0 0 1
    outer loop
      vertex -38.059852981726294 11.196364792033311 1.2
      vertex -37.97155576479295 11.456480005284707 1.2
      vertex -37.97155576479295 12.543519994715293 1.2
    endloop
  endfacet
  facet normal 0 0 1
    outer loop
      vertex -37.97155576479295 11.456480005284707 1.2
      vertex -37.917965791114995 11.725894996337892 1.2
      vertex -37.917965791114995 12.274105003662108 1.2
    endloop
  endfacet
  facet normal 0 0 1
    outer loop
      vertex -39.72589499633789 9.917965791114998 1.2
      vertex -39.4564800052847 14.028444235207044 1.2
      vertex -39.72589499633789 14.082034208885002 1.2
    endloop
  endfacet
  facet normal 0 0 1
    outer loop
      vertex -39.196364792033314 10.059852981726298 1.2
      vertex -38.95 13.818653347947322 1.2
      vertex -39.196364792033314 13.940147018273702 1.2
    endloop
  endfacet
  facet normal 0 0 1
    outer loop
      vertex -39.4564800052847 9.971555764792956 1.2
      vertex -39.196364792033314 13.940147018273702 1.2
      vertex -39.4564800052847 14.028444235207044 1.2
    endloop
  endfacet
  facet normal 0 0 1
    outer loop
      vertex -38.95 10.181346652052678 1.2
      vertex -38.72160099908169 13.666042014611595 1.2
      vertex -38.95 13.818653347947322 1.2
    endloop
  endfacet
  facet normal 0 0 1
    outer loop
      vertex -38.72160099908169 10.333957985388405 1.2
      vertex -38.51507575950825 13.48492424049175 1.2
      vertex -38.72160099908169 13.666042014611595 1.2
    endloop
  endfacet
  facet normal 0 0 1
    outer loop
      vertex -38.51507575950825 10.51507575950825 1.2
      vertex -38.33395798538841 13.278399000918313 1.2
      vertex -38.51507575950825 13.48492424049175 1.2
    endloop
  endfacet
  facet normal 0 0 1
    outer loop
      vertex -37.97155576479295 11.456480005284707 1.2
      vertex -37.917965791114995 12.274105003662108 1.2
      vertex -37.97155576479295 12.543519994715293 1.2
    endloop
  endfacet
  facet normal 0 0 1
    outer loop
      vertex -38.059852981726294 11.196364792033311 1.2
      vertex -37.97155576479295 12.543519994715293 1.2
      vertex -38.059852981726294 12.803635207966689 1.2
    endloop
  endfacet
  facet normal 0 0 1
    outer loop
      vertex -38.18134665205268 10.95 1.2
      vertex -38.059852981726294 12.803635207966689 1.2
      vertex -38.18134665205268 13.05 1.2
    endloop
  endfacet
  facet normal 0 0 1
    outer loop
      vertex -38.33395798538841 10.721600999081687 1.2
      vertex -38.18134665205268 13.05 1.2
      vertex -38.33395798538841 13.278399000918313 1.2
    endloop
  endfacet
  facet normal 0 0 1
    outer loop
      vertex -37.917965791114995 11.725894996337892 1.2
      vertex -37.9 12 1.2
      vertex -37.917965791114995 12.274105003662108 1.2
    endloop
  endfacet
  facet normal 0.5555702330195982 0.8314696123025478 0
    outer loop
      vertex -41.05 10.181346652052678 1.2
      vertex -41.27839900091831 10.333957985388405 1.2
      vertex -41.05 10.181346652052678 2.4
    endloop
  endfacet
  facet normal 0.44228869021899886 0.8968727415326895 0
    outer loop
      vertex -40.803635207966686 10.059852981726298 1.2
      vertex -41.05 10.181346652052678 1.2
      vertex -40.803635207966686 10.059852981726298 2.4
    endloop
  endfacet
  facet normal 0.32143946530316875 0.9469301294951031 -2.3820041680260432e-18
    outer loop
      vertex -40.803635207966686 10.059852981726298 1.2
      vertex -40.5435199947153 9.971555764792956 2.4
      vertex -40.5435199947153 9.971555764792956 1.2
    endloop
  endfacet
  facet normal 0.19509032201612525 0.9807852804032311 -1.8608990312928024e-18
    outer loop
      vertex -40.5435199947153 9.971555764792956 1.2
      vertex -40.27410500366211 9.917965791114998 2.4
      vertex -40.27410500366211 9.917965791114998 1.2
    endloop
  endfacet
  facet normal 0.06540312923014183 0.9978589232386037 1.245780838121958e-18
    outer loop
      vertex -40.27410500366211 9.917965791114998 1.2
      vertex -40 9.9 2.4
      vertex -40 9.9 1.2
    endloop
  endfacet
  facet normal -0.06540312923014183 0.9978589232386037 -1.245780838121958e-18
    outer loop
      vertex -40 9.9 1.2
      vertex -39.72589499633789 9.917965791114998 2.4
      vertex -39.72589499633789 9.917965791114998 1.2
    endloop
  endfacet
  facet normal 0.8968727415326793 0.4422886902190196 -1.7805149106679357e-18
    outer loop
      vertex -41.81865334794732 10.95 1.2
      vertex -41.940147018273706 11.196364792033311 1.2
      vertex -41.940147018273706 11.196364792033311 2.4
    endloop
  endfacet
  facet normal 0.7518398074789853 0.6593458151000599 4.1703461689178565e-18
    outer loop
      vertex -41.48492424049175 10.51507575950825 1.2
      vertex -41.66604201461159 10.721600999081687 1.2
      vertex -41.66604201461159 10.721600999081687 2.4
    endloop
  endfacet
  facet normal 0.6593458151000672 0.7518398074789789 0
    outer loop
      vertex -41.27839900091831 10.333957985388405 1.2
      vertex -41.48492424049175 10.51507575950825 1.2
      vertex -41.27839900091831 10.333957985388405 2.4
    endloop
  endfacet
  facet normal 0.8314696123025439 0.5555702330196043 2.8433020312808396e-19
    outer loop
      vertex -41.66604201461159 10.721600999081687 1.2
      vertex -41.81865334794732 10.95 1.2
      vertex -41.81865334794732 10.95 2.4
    endloop
  endfacet
  facet normal 0.9469301294951059 0.3214394653031609 -6.211377834362269e-19
    outer loop
      vertex -41.940147018273706 11.196364792033311 1.2
      vertex -42.02844423520705 11.456480005284707 1.2
      vertex -42.02844423520705 11.456480005284707 2.4
    endloop
  endfacet
  facet normal 0.9807852804032304 0.19509032201612772 2.097984074980883e-18
    outer loop
      vertex -42.02844423520705 11.456480005284707 1.2
      vertex -42.082034208885005 11.725894996337892 1.2
      vertex -42.082034208885005 11.725894996337892 2.4
    endloop
  endfacet
  facet normal 0.997858923238604 0.06540312923013537 -4.197102590166255e-19
    outer loop
      vertex -42.082034208885005 11.725894996337892 1.2
      vertex -42.1 12 1.2
      vertex -42.1 12 2.4
    endloop
  endfacet
  facet normal 0.997858923238604 -0.06540312923013537 4.197102590166255e-19
    outer loop
      vertex -42.1 12 1.2
      vertex -42.082034208885005 12.274105003662108 1.2
      vertex -42.082034208885005 12.274105003662108 2.4
    endloop
  endfacet
  facet normal 0.9807852804032304 -0.19509032201612772 -2.097984074980883e-18
    outer loop
      vertex -42.082034208885005 12.274105003662108 1.2
      vertex -42.02844423520705 12.543519994715293 1.2
      vertex -42.02844423520705 12.543519994715293 2.4
    endloop
  endfacet
  facet normal 0.9469301294951059 -0.3214394653031609 6.211377834362269e-19
    outer loop
      vertex -42.02844423520705 12.543519994715293 1.2
      vertex -41.940147018273706 12.803635207966689 1.2
      vertex -41.940147018273706 12.803635207966689 2.4
    endloop
  endfacet
  facet normal 0.8968727415326793 -0.4422886902190196 1.7805149106679357e-18
    outer loop
      vertex -41.940147018273706 12.803635207966689 1.2
      vertex -41.81865334794732 13.05 1.2
      vertex -41.81865334794732 13.05 2.4
    endloop
  endfacet
  facet normal 0.8314696123025439 -0.5555702330196043 -2.8433020312808396e-19
    outer loop
      vertex -41.81865334794732 13.05 1.2
      vertex -41.66604201461159 13.278399000918313 1.2
      vertex -41.66604201461159 13.278399000918313 2.4
    endloop
  endfacet
  facet normal 0.7518398074789853 -0.6593458151000599 -4.1703461689178565e-18
    outer loop
      vertex -41.66604201461159 13.278399000918313 1.2
      vertex -41.48492424049175 13.48492424049175 1.2
      vertex -41.48492424049175 13.48492424049175 2.4
    endloop
  endfacet
  facet normal 0.6593458151000672 -0.7518398074789789 0
    outer loop
      vertex -41.48492424049175 13.48492424049175 1.2
      vertex -41.27839900091831 13.666042014611595 1.2
      vertex -41.48492424049175 13.48492424049175 2.4
    endloop
  endfacet
  facet normal -0.19509032201612525 0.9807852804032311 1.8608990312928024e-18
    outer loop
      vertex -39.72589499633789 9.917965791114998 1.2
      vertex -39.4564800052847 9.971555764792956 2.4
      vertex -39.4564800052847 9.971555764792956 1.2
    endloop
  endfacet
  facet normal -0.32143946530316875 0.9469301294951031 2.3820041680260432e-18
    outer loop
      vertex -39.4564800052847 9.971555764792956 1.2
      vertex -39.196364792033314 10.059852981726298 2.4
      vertex -39.196364792033314 10.059852981726298 1.2
    endloop
  endfacet
  facet normal -0.44228869021899886 0.8968727415326895 -4.061972513528564e-18
    outer loop
      vertex -39.196364792033314 10.059852981726298 1.2
      vertex -38.95 10.181346652052678 2.4
      vertex -38.95 10.181346652052678 1.2
    endloop
  endfacet
  facet normal -0.5555702330195982 0.8314696123025478 2.59963627028197e-18
    outer loop
      vertex -38.95 10.181346652052678 1.2
      vertex -38.72160099908169 10.333957985388405 2.4
      vertex -38.72160099908169 10.333957985388405 1.2
    endloop
  endfacet
  facet normal -0.6593458151000672 0.7518398074789789 -9.624038198862197e-18
    outer loop
      vertex -38.72160099908169 10.333957985388405 1.2
      vertex -38.51507575950825 10.51507575950825 2.4
      vertex -38.51507575950825 10.51507575950825 1.2
    endloop
  endfacet
  facet normal -0.7518398074789853 0.6593458151000599 0
    outer loop
      vertex -38.51507575950825 10.51507575950825 1.2
      vertex -38.51507575950825 10.51507575950825 2.4
      vertex -38.33395798538841 10.721600999081687 1.2
    endloop
  endfacet
  facet normal -0.8314696123025439 0.5555702330196043 0
    outer loop
      vertex -38.33395798538841 10.721600999081687 1.2
      vertex -38.33395798538841 10.721600999081687 2.4
      vertex -38.18134665205268 10.95 1.2
    endloop
  endfacet
  facet normal -0.8968727415326793 0.4422886902190196 0
    outer loop
      vertex -38.18134665205268 10.95 1.2
      vertex -38.18134665205268 10.95 2.4
      vertex -38.059852981726294 11.196364792033311 1.2
    endloop
  endfacet
  facet normal -0.9469301294951059 0.3214394653031609 0
    outer loop
      vertex -38.059852981726294 11.196364792033311 1.2
      vertex -38.059852981726294 11.196364792033311 2.4
      vertex -37.97155576479295 11.456480005284707 1.2
    endloop
  endfacet
  facet normal -0.9807852804032304 0.19509032201612772 0
    outer loop
      vertex -37.97155576479295 11.456480005284707 1.2
      vertex -37.97155576479295 11.456480005284707 2.4
      vertex -37.917965791114995 11.725894996337892 1.2
    endloop
  endfacet
  facet normal -0.997858923238604 0.06540312923013537 0
    outer loop
      vertex -37.917965791114995 11.725894996337892 1.2
      vertex -37.917965791114995 11.725894996337892 2.4
      vertex -37.9 12 1.2
    endloop
  endfacet
  facet normal -0.7518398074789853 -0.6593458151000599 4.1703461689178565e-18
    outer loop
      vertex -38.51507575950825 13.48492424049175 1.2
      vertex -38.33395798538841 13.278399000918313 1.2
      vertex -38.33395798538841 13.278399000918313 2.4
    endloop
  endfacet
  facet normal -0.6593458151000672 -0.7518398074789789 0
    outer loop
      vertex -38.72160099908169 13.666042014611595 1.2
      vertex -38.51507575950825 13.48492424049175 1.2
      vertex -38.72160099908169 13.666042014611595 2.4
    endloop
  endfacet
  facet normal -0.997858923238604 -0.06540312923013537 0
    outer loop
      vertex -37.9 12 1.2
      vertex -37.9 12 2.4
      vertex -37.917965791114995 12.274105003662108 1.2
    endloop
  endfacet
  facet normal -0.9807852804032304 -0.19509032201612772 0
    outer loop
      vertex -37.917965791114995 12.274105003662108 1.2
      vertex -37.917965791114995 12.274105003662108 2.4
      vertex -37.97155576479295 12.543519994715293 1.2
    endloop
  endfacet
  facet normal -0.9469301294951059 -0.3214394653031609 0
    outer loop
      vertex -37.97155576479295 12.543519994715293 1.2
      vertex -37.97155576479295 12.543519994715293 2.4
      vertex -38.059852981726294 12.803635207966689 1.2
    endloop
  endfacet
  facet normal -0.8968727415326793 -0.4422886902190196 0
    outer loop
      vertex -38.059852981726294 12.803635207966689 1.2
      vertex -38.059852981726294 12.803635207966689 2.4
      vertex -38.18134665205268 13.05 1.2
    endloop
  endfacet
  facet normal -0.8314696123025439 -0.5555702330196043 2.8433020312808396e-19
    outer loop
      vertex -38.33395798538841 13.278399000918313 1.2
      vertex -38.18134665205268 13.05 1.2
      vertex -38.18134665205268 13.05 2.4
    endloop
  endfacet
  facet normal 0.44228869021899886 0.8968727415326895 0
    outer loop
      vertex -41.05 10.181346652052678 1.2
      vertex -41.05 10.181346652052678 2.4
      vertex -40.803635207966686 10.059852981726298 2.4
    endloop
  endfacet
  facet normal 0.32143946530316875 0.9469301294951031 0
    outer loop
      vertex -40.803635207966686 10.059852981726298 1.2
      vertex -40.803635207966686 10.059852981726298 2.4
      vertex -40.5435199947153 9.971555764792956 2.4
    endloop
  endfacet
  facet normal 0.19509032201612525 0.9807852804032311 0
    outer loop
      vertex -40.5435199947153 9.971555764792956 1.2
      vertex -40.5435199947153 9.971555764792956 2.4
      vertex -40.27410500366211 9.917965791114998 2.4
    endloop
  endfacet
  facet normal 0.06540312923014183 0.9978589232386037 0
    outer loop
      vertex -40.27410500366211 9.917965791114998 1.2
      vertex -40.27410500366211 9.917965791114998 2.4
      vertex -40 9.9 2.4
    endloop
  endfacet
  facet normal -0.06540312923014183 0.9978589232386037 0
    outer loop
      vertex -40 9.9 1.2
      vertex -40 9.9 2.4
      vertex -39.72589499633789 9.917965791114998 2.4
    endloop
  endfacet
  facet normal 0 0 -1
    outer loop
      vertex -40.803635207966686 10.059852981726298 2.4
      vertex -41.05 10.181346652052678 2.4
      vertex -40.65056183502065 10.429404794730813 2.4
    endloop
  endfacet
  facet normal 0 0 -1
    outer loop
      vertex -40.803635207966686 10.059852981726298 2.4
      vertex -40.43999237667428 10.357926095308583 2.4
      vertex -40.5435199947153 9.971555764792956 2.4
    endloop
  endfacet
  facet normal 0 0 -1
    outer loop
      vertex -40.27410500366211 9.917965791114998 2.4
      vertex -40 10.3 2.4
      vertex -40 9.9 2.4
    endloop
  endfacet
  facet normal 0 0 -1
    outer loop
      vertex -40.5435199947153 9.971555764792956 2.4
      vertex -40.221894526774086 10.314543735664522 2.4
      vertex -40.27410500366211 9.917965791114998 2.4
    endloop
  endfacet
  facet normal 0 0 -1
    outer loop
      vertex -40.5435199947153 9.971555764792956 2.4
      vertex -40.43999237667428 10.357926095308583 2.4
      vertex -40.221894526774086 10.314543735664522 2.4
    endloop
  endfacet
  facet normal 0 0 -1
    outer loop
      vertex -40.27410500366211 9.917965791114998 2.4
      vertex -40.221894526774086 10.314543735664522 2.4
      vertex -40 10.3 2.4
    endloop
  endfacet
  facet normal 0 0 -1
    outer loop
      vertex -40 9.9 2.4
      vertex -40 10.3 2.4
      vertex -39.72589499633789 9.917965791114998 2.4
    endloop
  endfacet
  facet normal 0 0 -1
    outer loop
      vertex -39.72589499633789 9.917965791114998 2.4
      vertex -40 10.3 2.4
      vertex -39.778105473225914 10.314543735664522 2.4
    endloop
  endfacet
  facet normal 0.8968727415326793 0.4422886902190196 0
    outer loop
      vertex -41.81865334794732 10.95 1.2
      vertex -41.940147018273706 11.196364792033311 2.4
      vertex -41.81865334794732 10.95 2.4
    endloop
  endfacet
  facet normal 0.7518398074789853 0.6593458151000599 0
    outer loop
      vertex -41.48492424049175 10.51507575950825 1.2
      vertex -41.66604201461159 10.721600999081687 2.4
      vertex -41.48492424049175 10.51507575950825 2.4
    endloop
  endfacet
  facet normal 0.6593458151000672 0.7518398074789789 0
    outer loop
      vertex -41.48492424049175 10.51507575950825 1.2
      vertex -41.48492424049175 10.51507575950825 2.4
      vertex -41.27839900091831 10.333957985388405 2.4
    endloop
  endfacet
  facet normal 0.5555702330195982 0.8314696123025478 0
    outer loop
      vertex -41.27839900091831 10.333957985388405 1.2
      vertex -41.27839900091831 10.333957985388405 2.4
      vertex -41.05 10.181346652052678 2.4
    endloop
  endfacet
  facet normal 0.8314696123025439 0.5555702330196043 0
    outer loop
      vertex -41.66604201461159 10.721600999081687 1.2
      vertex -41.81865334794732 10.95 2.4
      vertex -41.66604201461159 10.721600999081687 2.4
    endloop
  endfacet
  facet normal 0.9469301294951059 0.3214394653031609 0
    outer loop
      vertex -41.940147018273706 11.196364792033311 1.2
      vertex -42.02844423520705 11.456480005284707 2.4
      vertex -41.940147018273706 11.196364792033311 2.4
    endloop
  endfacet
  facet normal 0.9807852804032304 0.19509032201612772 0
    outer loop
      vertex -42.02844423520705 11.456480005284707 1.2
      vertex -42.082034208885005 11.725894996337892 2.4
      vertex -42.02844423520705 11.456480005284707 2.4
    endloop
  endfacet
  facet normal 0.997858923238604 0.06540312923013537 0
    outer loop
      vertex -42.082034208885005 11.725894996337892 1.2
      vertex -42.1 12 2.4
      vertex -42.082034208885005 11.725894996337892 2.4
    endloop
  endfacet
  facet normal 0.997858923238604 -0.06540312923013537 0
    outer loop
      vertex -42.1 12 1.2
      vertex -42.082034208885005 12.274105003662108 2.4
      vertex -42.1 12 2.4
    endloop
  endfacet
  facet normal 0.9807852804032304 -0.19509032201612772 0
    outer loop
      vertex -42.082034208885005 12.274105003662108 1.2
      vertex -42.02844423520705 12.543519994715293 2.4
      vertex -42.082034208885005 12.274105003662108 2.4
    endloop
  endfacet
  facet normal 0.9469301294951059 -0.3214394653031609 0
    outer loop
      vertex -42.02844423520705 12.543519994715293 1.2
      vertex -41.940147018273706 12.803635207966689 2.4
      vertex -42.02844423520705 12.543519994715293 2.4
    endloop
  endfacet
  facet normal 0.8968727415326793 -0.4422886902190196 0
    outer loop
      vertex -41.940147018273706 12.803635207966689 1.2
      vertex -41.81865334794732 13.05 2.4
      vertex -41.940147018273706 12.803635207966689 2.4
    endloop
  endfacet
  facet normal 0.8314696123025439 -0.5555702330196043 0
    outer loop
      vertex -41.81865334794732 13.05 1.2
      vertex -41.66604201461159 13.278399000918313 2.4
      vertex -41.81865334794732 13.05 2.4
    endloop
  endfacet
  facet normal 0.7518398074789853 -0.6593458151000599 0
    outer loop
      vertex -41.66604201461159 13.278399000918313 1.2
      vertex -41.48492424049175 13.48492424049175 2.4
      vertex -41.66604201461159 13.278399000918313 2.4
    endloop
  endfacet
  facet normal 0.6593458151000672 -0.7518398074789789 0
    outer loop
      vertex -41.27839900091831 13.666042014611595 1.2
      vertex -41.27839900091831 13.666042014611595 2.4
      vertex -41.48492424049175 13.48492424049175 2.4
    endloop
  endfacet
  facet normal 0 0 -1
    outer loop
      vertex -41.27839900091831 10.333957985388405 2.4
      vertex -41.48492424049175 10.51507575950825 2.4
      vertex -41.20208152801713 10.79791847198287 2.4
    endloop
  endfacet
  facet normal 0 0 -1
    outer loop
      vertex -41.27839900091831 10.333957985388405 2.4
      vertex -41.20208152801713 10.79791847198287 2.4
      vertex -41.034894429314825 10.6512993215049 2.4
    endloop
  endfacet
  facet normal 0 0 -1
    outer loop
      vertex -41.48492424049175 10.51507575950825 2.4
      vertex -41.66604201461159 10.721600999081687 2.4
      vertex -41.472243186433545 11.15 2.4
    endloop
  endfacet
  facet normal 0 0 -1
    outer loop
      vertex -41.66604201461159 10.721600999081687 2.4
      vertex -41.570595205269186 11.349438164979347 2.4
      vertex -41.472243186433545 11.15 2.4
    endloop
  endfacet
  facet normal 0 0 -1
    outer loop
      vertex -41.48492424049175 10.51507575950825 2.4
      vertex -41.3487006784951 10.965105570685175 2.4
      vertex -41.20208152801713 10.79791847198287 2.4
    endloop
  endfacet
  facet normal 0 0 -1
    outer loop
      vertex -41.48492424049175 10.51507575950825 2.4
      vertex -41.472243186433545 11.15 2.4
      vertex -41.3487006784951 10.965105570685175 2.4
    endloop
  endfacet
  facet normal 0 0 -1
    outer loop
      vertex -41.81865334794732 10.95 2.4
      vertex -41.940147018273706 11.196364792033311 2.4
      vertex -41.940147018273706 12.803635207966689 2.4
    endloop
  endfacet
  facet normal 0 0 -1
    outer loop
      vertex -41.940147018273706 11.196364792033311 2.4
      vertex -42.02844423520705 11.456480005284707 2.4
      vertex -42.02844423520705 12.543519994715293 2.4
    endloop
  endfacet
  facet normal 0 0 -1
    outer loop
      vertex -42.02844423520705 11.456480005284707 2.4
      vertex -42.082034208885005 11.725894996337892 2.4
      vertex -42.082034208885005 12.274105003662108 2.4
    endloop
  endfacet
  facet normal 0 0 -1
    outer loop
      vertex -41.66604201461159 10.721600999081687 2.4
      vertex -41.642073904691415 11.560007623325715 2.4
      vertex -41.570595205269186 11.349438164979347 2.4
    endloop
  endfacet
  facet normal 0 0 -1
    outer loop
      vertex -41.66604201461159 10.721600999081687 2.4
      vertex -41.7 12 2.4
      vertex -41.68545626433548 11.778105473225912 2.4
    endloop
  endfacet
  facet normal 0 0 -1
    outer loop
      vertex -41.66604201461159 10.721600999081687 2.4
      vertex -41.68545626433548 11.778105473225912 2.4
      vertex -41.642073904691415 11.560007623325715 2.4
    endloop
  endfacet
  facet normal 0 0 -1
    outer loop
      vertex -41.66604201461159 10.721600999081687 2.4
      vertex -41.81865334794732 10.95 2.4
      vertex -41.81865334794732 13.05 2.4
    endloop
  endfacet
  facet normal 0 0 -1
    outer loop
      vertex -41.66604201461159 10.721600999081687 2.4
      vertex -41.81865334794732 13.05 2.4
      vertex -41.7 12 2.4
    endloop
  endfacet
  facet normal 0 0 -1
    outer loop
      vertex -41.05 10.181346652052678 2.4
      vertex -41.27839900091831 10.333957985388405 2.4
      vertex -41.034894429314825 10.6512993215049 2.4
    endloop
  endfacet
  facet normal 0 0 -1
    outer loop
      vertex -41.05 10.181346652052678 2.4
      vertex -41.034894429314825 10.6512993215049 2.4
      vertex -40.85 10.527756813566455 2.4
    endloop
  endfacet
  facet normal 0 0 -1
    outer loop
      vertex -41.05 10.181346652052678 2.4
      vertex -40.85 10.527756813566455 2.4
      vertex -40.65056183502065 10.429404794730813 2.4
    endloop
  endfacet
  facet normal 0 0 -1
    outer loop
      vertex -40.803635207966686 10.059852981726298 2.4
      vertex -40.65056183502065 10.429404794730813 2.4
      vertex -40.43999237667428 10.357926095308583 2.4
    endloop
  endfacet
  facet normal 0 0 -1
    outer loop
      vertex -42.082034208885005 11.725894996337892 2.4
      vertex -42.1 12 2.4
      vertex -42.082034208885005 12.274105003662108 2.4
    endloop
  endfacet
  facet normal 0 0 -1
    outer loop
      vertex -42.02844423520705 11.456480005284707 2.4
      vertex -42.082034208885005 12.274105003662108 2.4
      vertex -42.02844423520705 12.543519994715293 2.4
    endloop
  endfacet
  facet normal 0 0 -1
    outer loop
      vertex -41.940147018273706 11.196364792033311 2.4
      vertex -42.02844423520705 12.543519994715293 2.4
      vertex -41.940147018273706 12.803635207966689 2.4
    endloop
  endfacet
  facet normal 0 0 -1
    outer loop
      vertex -41.81865334794732 10.95 2.4
      vertex -41.940147018273706 12.803635207966689 2.4
      vertex -41.81865334794732 13.05 2.4
    endloop
  endfacet
  facet normal 0 0 -1
    outer loop
      vertex -41.7 12 2.4
      vertex -41.81865334794732 13.05 2.4
      vertex -41.68545626433548 12.221894526774088 2.4
    endloop
  endfacet
  facet normal 0 0 -1
    outer loop
      vertex -41.68545626433548 12.221894526774088 2.4
      vertex -41.66604201461159 13.278399000918313 2.4
      vertex -41.642073904691415 12.439992376674285 2.4
    endloop
  endfacet
  facet normal 0 0 -1
    outer loop
      vertex -41.642073904691415 12.439992376674285 2.4
      vertex -41.66604201461159 13.278399000918313 2.4
      vertex -41.570595205269186 12.650561835020653 2.4
    endloop
  endfacet
  facet normal 0 0 -1
    outer loop
      vertex -41.68545626433548 12.221894526774088 2.4
      vertex -41.81865334794732 13.05 2.4
      vertex -41.66604201461159 13.278399000918313 2.4
    endloop
  endfacet
  facet normal 0 0 -1
    outer loop
      vertex -41.570595205269186 12.650561835020653 2.4
      vertex -41.48492424049175 13.48492424049175 2.4
      vertex -41.472243186433545 12.85 2.4
    endloop
  endfacet
  facet normal 0 0 -1
    outer loop
      vertex -41.570595205269186 12.650561835020653 2.4
      vertex -41.66604201461159 13.278399000918313 2.4
      vertex -41.48492424049175 13.48492424049175 2.4
    endloop
  endfacet
  facet normal 0 0 -1
    outer loop
      vertex -41.472243186433545 12.85 2.4
      vertex -41.48492424049175 13.48492424049175 2.4
      vertex -41.3487006784951 13.034894429314825 2.4
    endloop
  endfacet
  facet normal 0 0 -1
    outer loop
      vertex -41.3487006784951 13.034894429314825 2.4
      vertex -41.48492424049175 13.48492424049175 2.4
      vertex -41.27839900091831 13.666042014611595 2.4
    endloop
  endfacet
  facet normal 0 0 -1
    outer loop
      vertex -41.3487006784951 13.034894429314825 2.4
      vertex -41.27839900091831 13.666042014611595 2.4
      vertex -41.20208152801713 13.20208152801713 2.4
    endloop
  endfacet
  facet normal 0 0 -1
    outer loop
      vertex -41.20208152801713 13.20208152801713 2.4
      vertex -41.27839900091831 13.666042014611595 2.4
      vertex -41.05 13.818653347947322 2.4
    endloop
  endfacet
  facet normal 0 0 -1
    outer loop
      vertex -41.20208152801713 13.20208152801713 2.4
      vertex -41.05 13.818653347947322 2.4
      vertex -41.034894429314825 13.3487006784951 2.4
    endloop
  endfacet
  facet normal 0 0 -1
    outer loop
      vertex -41.034894429314825 13.3487006784951 2.4
      vertex -41.05 13.818653347947322 2.4
      vertex -40.85 13.472243186433545 2.4
    endloop
  endfacet
  facet normal 0 0 -1
    outer loop
      vertex -40.85 13.472243186433545 2.4
      vertex -40.803635207966686 13.940147018273702 2.4
      vertex -40.65056183502065 13.570595205269187 2.4
    endloop
  endfacet
  facet normal -0.19509032201612525 0.9807852804032311 0
    outer loop
      vertex -39.72589499633789 9.917965791114998 1.2
      vertex -39.72589499633789 9.917965791114998 2.4
      vertex -39.4564800052847 9.971555764792956 2.4
    endloop
  endfacet
  facet normal -0.32143946530316875 0.9469301294951031 0
    outer loop
      vertex -39.4564800052847 9.971555764792956 1.2
      vertex -39.4564800052847 9.971555764792956 2.4
      vertex -39.196364792033314 10.059852981726298 2.4
    endloop
  endfacet
  facet normal -0.44228869021899886 0.8968727415326895 0
    outer loop
      vertex -39.196364792033314 10.059852981726298 1.2
      vertex -39.196364792033314 10.059852981726298 2.4
      vertex -38.95 10.181346652052678 2.4
    endloop
  endfacet
  facet normal -0.5555702330195982 0.8314696123025478 0
    outer loop
      vertex -38.95 10.181346652052678 1.2
      vertex -38.95 10.181346652052678 2.4
      vertex -38.72160099908169 10.333957985388405 2.4
    endloop
  endfacet
  facet normal 0 0 -1
    outer loop
      vertex -39.72589499633789 9.917965791114998 2.4
      vertex -39.56000762332572 10.357926095308583 2.4
      vertex -39.4564800052847 9.971555764792956 2.4
    endloop
  endfacet
  facet normal 0 0 -1
    outer loop
      vertex -39.72589499633789 9.917965791114998 2.4
      vertex -39.778105473225914 10.314543735664522 2.4
      vertex -39.56000762332572 10.357926095308583 2.4
    endloop
  endfacet
  facet normal 0 0 -1
    outer loop
      vertex -39.4564800052847 9.971555764792956 2.4
      vertex -39.56000762332572 10.357926095308583 2.4
      vertex -39.34943816497935 10.429404794730813 2.4
    endloop
  endfacet
  facet normal 0 0 -1
    outer loop
      vertex -39.4564800052847 9.971555764792956 2.4
      vertex -39.34943816497935 10.429404794730813 2.4
      vertex -39.196364792033314 10.059852981726298 2.4
    endloop
  endfacet
  facet normal 0 0 -1
    outer loop
      vertex -39.196364792033314 10.059852981726298 2.4
      vertex -39.15 10.527756813566455 2.4
      vertex -38.95 10.181346652052678 2.4
    endloop
  endfacet
  facet normal -0.6593458151000672 0.7518398074789789 0
    outer loop
      vertex -38.72160099908169 10.333957985388405 1.2
      vertex -38.72160099908169 10.333957985388405 2.4
      vertex -38.51507575950825 10.51507575950825 2.4
    endloop
  endfacet
  facet normal -0.7518398074789853 0.6593458151000599 0
    outer loop
      vertex -38.33395798538841 10.721600999081687 1.2
      vertex -38.51507575950825 10.51507575950825 2.4
      vertex -38.33395798538841 10.721600999081687 2.4
    endloop
  endfacet
  facet normal -0.8314696123025439 0.5555702330196043 0
    outer loop
      vertex -38.18134665205268 10.95 1.2
      vertex -38.33395798538841 10.721600999081687 2.4
      vertex -38.18134665205268 10.95 2.4
    endloop
  endfacet
  facet normal -0.8968727415326793 0.4422886902190196 0
    outer loop
      vertex -38.059852981726294 11.196364792033311 1.2
      vertex -38.18134665205268 10.95 2.4
      vertex -38.059852981726294 11.196364792033311 2.4
    endloop
  endfacet
  facet normal -0.9469301294951059 0.3214394653031609 0
    outer loop
      vertex -37.97155576479295 11.456480005284707 1.2
      vertex -38.059852981726294 11.196364792033311 2.4
      vertex -37.97155576479295 11.456480005284707 2.4
    endloop
  endfacet
  facet normal -0.9807852804032304 0.19509032201612772 0
    outer loop
      vertex -37.917965791114995 11.725894996337892 1.2
      vertex -37.97155576479295 11.456480005284707 2.4
      vertex -37.917965791114995 11.725894996337892 2.4
    endloop
  endfacet
  facet normal -0.997858923238604 0.06540312923013537 0
    outer loop
      vertex -37.9 12 1.2
      vertex -37.917965791114995 11.725894996337892 2.4
      vertex -37.9 12 2.4
    endloop
  endfacet
  facet normal -0.7518398074789853 -0.6593458151000599 0
    outer loop
      vertex -38.51507575950825 13.48492424049175 1.2
      vertex -38.33395798538841 13.278399000918313 2.4
      vertex -38.51507575950825 13.48492424049175 2.4
    endloop
  endfacet
  facet normal -0.6593458151000672 -0.7518398074789789 0
    outer loop
      vertex -38.51507575950825 13.48492424049175 1.2
      vertex -38.51507575950825 13.48492424049175 2.4
      vertex -38.72160099908169 13.666042014611595 2.4
    endloop
  endfacet
  facet normal -0.997858923238604 -0.06540312923013537 0
    outer loop
      vertex -37.917965791114995 12.274105003662108 1.2
      vertex -37.9 12 2.4
      vertex -37.917965791114995 12.274105003662108 2.4
    endloop
  endfacet
  facet normal -0.9807852804032304 -0.19509032201612772 0
    outer loop
      vertex -37.97155576479295 12.543519994715293 1.2
      vertex -37.917965791114995 12.274105003662108 2.4
      vertex -37.97155576479295 12.543519994715293 2.4
    endloop
  endfacet
  facet normal -0.9469301294951059 -0.3214394653031609 0
    outer loop
      vertex -38.059852981726294 12.803635207966689 1.2
      vertex -37.97155576479295 12.543519994715293 2.4
      vertex -38.059852981726294 12.803635207966689 2.4
    endloop
  endfacet
  facet normal -0.8968727415326793 -0.4422886902190196 0
    outer loop
      vertex -38.18134665205268 13.05 1.2
      vertex -38.059852981726294 12.803635207966689 2.4
      vertex -38.18134665205268 13.05 2.4
    endloop
  endfacet
  facet normal -0.8314696123025439 -0.5555702330196043 0
    outer loop
      vertex -38.33395798538841 13.278399000918313 1.2
      vertex -38.18134665205268 13.05 2.4
      vertex -38.33395798538841 13.278399000918313 2.4
    endloop
  endfacet
  facet normal 0 0 -1
    outer loop
      vertex -39.196364792033314 10.059852981726298 2.4
      vertex -39.34943816497935 10.429404794730813 2.4
      vertex -39.15 10.527756813566455 2.4
    endloop
  endfacet
  facet normal 0 0 -1
    outer loop
      vertex -38.95 10.181346652052678 2.4
      vertex -39.15 10.527756813566455 2.4
      vertex -38.965105570685175 10.6512993215049 2.4
    endloop
  endfacet
  facet normal 0 0 -1
    outer loop
      vertex -38.95 10.181346652052678 2.4
      vertex -38.79791847198287 10.79791847198287 2.4
      vertex -38.72160099908169 10.333957985388405 2.4
    endloop
  endfacet
  facet normal 0 0 -1
    outer loop
      vertex -38.95 10.181346652052678 2.4
      vertex -38.965105570685175 10.6512993215049 2.4
      vertex -38.79791847198287 10.79791847198287 2.4
    endloop
  endfacet
  facet normal 0 0 -1
    outer loop
      vertex -38.72160099908169 10.333957985388405 2.4
      vertex -38.79791847198287 10.79791847198287 2.4
      vertex -38.6512993215049 10.965105570685175 2.4
    endloop
  endfacet
  facet normal 0 0 -1
    outer loop
      vertex -38.72160099908169 10.333957985388405 2.4
      vertex -38.6512993215049 10.965105570685175 2.4
      vertex -38.51507575950825 10.51507575950825 2.4
    endloop
  endfacet
  facet normal 0 0 -1
    outer loop
      vertex -38.51507575950825 10.51507575950825 2.4
      vertex -38.6512993215049 10.965105570685175 2.4
      vertex -38.527756813566455 11.15 2.4
    endloop
  endfacet
  facet normal 0 0 -1
    outer loop
      vertex -38.51507575950825 10.51507575950825 2.4
      vertex -38.429404794730814 11.349438164979347 2.4
      vertex -38.33395798538841 10.721600999081687 2.4
    endloop
  endfacet
  facet normal 0 0 -1
    outer loop
      vertex -38.51507575950825 10.51507575950825 2.4
      vertex -38.527756813566455 11.15 2.4
      vertex -38.429404794730814 11.349438164979347 2.4
    endloop
  endfacet
  facet normal 0 0 -1
    outer loop
      vertex -38.33395798538841 10.721600999081687 2.4
      vertex -38.429404794730814 11.349438164979347 2.4
      vertex -38.357926095308585 11.560007623325715 2.4
    endloop
  endfacet
  facet normal 0 0 -1
    outer loop
      vertex -38.33395798538841 10.721600999081687 2.4
      vertex -38.357926095308585 11.560007623325715 2.4
      vertex -38.31454373566452 11.778105473225912 2.4
    endloop
  endfacet
  facet normal 0 0 -1
    outer loop
      vertex -38.33395798538841 10.721600999081687 2.4
      vertex -38.31454373566452 11.778105473225912 2.4
      vertex -38.18134665205268 10.95 2.4
    endloop
  endfacet
  facet normal 0 0 -1
    outer loop
      vertex -38.31454373566452 11.778105473225912 2.4
      vertex -38.3 12 2.4
      vertex -38.18134665205268 10.95 2.4
    endloop
  endfacet
  facet normal 0 0 -1
    outer loop
      vertex -38.18134665205268 10.95 2.4
      vertex -38.18134665205268 13.05 2.4
      vertex -38.059852981726294 11.196364792033311 2.4
    endloop
  endfacet
  facet normal 0 0 -1
    outer loop
      vertex -38.059852981726294 11.196364792033311 2.4
      vertex -38.059852981726294 12.803635207966689 2.4
      vertex -37.97155576479295 11.456480005284707 2.4
    endloop
  endfacet
  facet normal 0 0 -1
    outer loop
      vertex -37.97155576479295 11.456480005284707 2.4
      vertex -37.97155576479295 12.543519994715293 2.4
      vertex -37.917965791114995 11.725894996337892 2.4
    endloop
  endfacet
  facet normal 0 0 -1
    outer loop
      vertex -38.31454373566452 12.221894526774088 2.4
      vertex -38.33395798538841 13.278399000918313 2.4
      vertex -38.3 12 2.4
    endloop
  endfacet
  facet normal 0 0 -1
    outer loop
      vertex -38.31454373566452 12.221894526774088 2.4
      vertex -38.357926095308585 12.439992376674285 2.4
      vertex -38.33395798538841 13.278399000918313 2.4
    endloop
  endfacet
  facet normal 0 0 -1
    outer loop
      vertex -38.357926095308585 12.439992376674285 2.4
      vertex -38.429404794730814 12.650561835020653 2.4
      vertex -38.33395798538841 13.278399000918313 2.4
    endloop
  endfacet
  facet normal 0 0 -1
    outer loop
      vertex -39.15 13.472243186433545 2.4
      vertex -38.95 13.818653347947322 2.4
      vertex -38.965105570685175 13.3487006784951 2.4
    endloop
  endfacet
  facet normal 0 0 -1
    outer loop
      vertex -39.15 13.472243186433545 2.4
      vertex -39.34943816497935 13.570595205269187 2.4
      vertex -38.95 13.818653347947322 2.4
    endloop
  endfacet
  facet normal 0 0 -1
    outer loop
      vertex -38.429404794730814 12.650561835020653 2.4
      vertex -38.527756813566455 12.85 2.4
      vertex -38.33395798538841 13.278399000918313 2.4
    endloop
  endfacet
  facet normal 0 0 -1
    outer loop
      vertex -38.527756813566455 12.85 2.4
      vertex -38.6512993215049 13.034894429314825 2.4
      vertex -38.51507575950825 13.48492424049175 2.4
    endloop
  endfacet
  facet normal 0 0 -1
    outer loop
      vertex -38.79791847198287 13.20208152801713 2.4
      vertex -38.51507575950825 13.48492424049175 2.4
      vertex -38.6512993215049 13.034894429314825 2.4
    endloop
  endfacet
  facet normal 0 0 -1
    outer loop
      vertex -38.527756813566455 12.85 2.4
      vertex -38.51507575950825 13.48492424049175 2.4
      vertex -38.33395798538841 13.278399000918313 2.4
    endloop
  endfacet
  facet normal 0 0 -1
    outer loop
      vertex -38.79791847198287 13.20208152801713 2.4
      vertex -38.965105570685175 13.3487006784951 2.4
      vertex -38.72160099908169 13.666042014611595 2.4
    endloop
  endfacet
  facet normal 0 0 -1
    outer loop
      vertex -38.79791847198287 13.20208152801713 2.4
      vertex -38.72160099908169 13.666042014611595 2.4
      vertex -38.51507575950825 13.48492424049175 2.4
    endloop
  endfacet
  facet normal 0 0 -1
    outer loop
      vertex -38.965105570685175 13.3487006784951 2.4
      vertex -38.95 13.818653347947322 2.4
      vertex -38.72160099908169 13.666042014611595 2.4
    endloop
  endfacet
  facet normal 0 0 -1
    outer loop
      vertex -38.18134665205268 10.95 2.4
      vertex -38.3 12 2.4
      vertex -38.33395798538841 13.278399000918313 2.4
    endloop
  endfacet
  facet normal 0 0 -1
    outer loop
      vertex -37.97155576479295 11.456480005284707 2.4
      vertex -38.059852981726294 12.803635207966689 2.4
      vertex -37.97155576479295 12.543519994715293 2.4
    endloop
  endfacet
  facet normal 0 0 -1
    outer loop
      vertex -38.059852981726294 11.196364792033311 2.4
      vertex -38.18134665205268 13.05 2.4
      vertex -38.059852981726294 12.803635207966689 2.4
    endloop
  endfacet
  facet normal 0 0 -1
    outer loop
      vertex -37.917965791114995 11.725894996337892 2.4
      vertex -37.917965791114995 12.274105003662108 2.4
      vertex -37.9 12 2.4
    endloop
  endfacet
  facet normal 0 0 -1
    outer loop
      vertex -37.917965791114995 11.725894996337892 2.4
      vertex -37.97155576479295 12.543519994715293 2.4
      vertex -37.917965791114995 12.274105003662108 2.4
    endloop
  endfacet
  facet normal 0 0 -1
    outer loop
      vertex -38.18134665205268 10.95 2.4
      vertex -38.33395798538841 13.278399000918313 2.4
      vertex -38.18134665205268 13.05 2.4
    endloop
  endfacet
  facet normal 0.5555702330195982 -0.8314696123025478 0
    outer loop
      vertex -41.27839900091831 13.666042014611595 1.2
      vertex -41.05 13.818653347947322 1.2
      vertex -41.27839900091831 13.666042014611595 2.4
    endloop
  endfacet
  facet normal 0.44228869021899886 -0.8968727415326895 0
    outer loop
      vertex -41.05 13.818653347947322 1.2
      vertex -40.803635207966686 13.940147018273702 1.2
      vertex -41.05 13.818653347947322 2.4
    endloop
  endfacet
  facet normal 0.32143946530316875 -0.9469301294951031 0
    outer loop
      vertex -40.803635207966686 13.940147018273702 1.2
      vertex -40.5435199947153 14.028444235207044 1.2
      vertex -40.803635207966686 13.940147018273702 2.4
    endloop
  endfacet
  facet normal 0.19509032201612525 -0.9807852804032311 0
    outer loop
      vertex -40.5435199947153 14.028444235207044 1.2
      vertex -40.27410500366211 14.082034208885002 1.2
      vertex -40.5435199947153 14.028444235207044 2.4
    endloop
  endfacet
  facet normal 0.06540312923014183 -0.9978589232386037 0
    outer loop
      vertex -40.27410500366211 14.082034208885002 1.2
      vertex -40 14.1 1.2
      vertex -40.27410500366211 14.082034208885002 2.4
    endloop
  endfacet
  facet normal -0.06540312923014183 -0.9978589232386037 0
    outer loop
      vertex -40 14.1 1.2
      vertex -39.72589499633789 14.082034208885002 1.2
      vertex -40 14.1 2.4
    endloop
  endfacet
  facet normal -0.19509032201612525 -0.9807852804032311 0
    outer loop
      vertex -39.72589499633789 14.082034208885002 1.2
      vertex -39.4564800052847 14.028444235207044 1.2
      vertex -39.72589499633789 14.082034208885002 2.4
    endloop
  endfacet
  facet normal -0.44228869021899886 -0.8968727415326895 0
    outer loop
      vertex -39.196364792033314 13.940147018273702 1.2
      vertex -38.95 13.818653347947322 1.2
      vertex -39.196364792033314 13.940147018273702 2.4
    endloop
  endfacet
  facet normal -0.32143946530316875 -0.9469301294951031 0
    outer loop
      vertex -39.4564800052847 14.028444235207044 1.2
      vertex -39.196364792033314 13.940147018273702 1.2
      vertex -39.4564800052847 14.028444235207044 2.4
    endloop
  endfacet
  facet normal -0.5555702330195982 -0.8314696123025478 -2.59963627028197e-18
    outer loop
      vertex -38.72160099908169 13.666042014611595 1.2
      vertex -38.95 13.818653347947322 2.4
      vertex -38.95 13.818653347947322 1.2
    endloop
  endfacet
  facet normal 0.5555702330195982 -0.8314696123025478 2.59963627028197e-18
    outer loop
      vertex -41.27839900091831 13.666042014611595 2.4
      vertex -41.05 13.818653347947322 1.2
      vertex -41.05 13.818653347947322 2.4
    endloop
  endfacet
  facet normal 0.44228869021899886 -0.8968727415326895 0
    outer loop
      vertex -40.803635207966686 13.940147018273702 1.2
      vertex -40.803635207966686 13.940147018273702 2.4
      vertex -41.05 13.818653347947322 2.4
    endloop
  endfacet
  facet normal 0.32143946530316875 -0.9469301294951031 0
    outer loop
      vertex -40.5435199947153 14.028444235207044 1.2
      vertex -40.5435199947153 14.028444235207044 2.4
      vertex -40.803635207966686 13.940147018273702 2.4
    endloop
  endfacet
  facet normal 0.19509032201612525 -0.9807852804032311 0
    outer loop
      vertex -40.27410500366211 14.082034208885002 1.2
      vertex -40.27410500366211 14.082034208885002 2.4
      vertex -40.5435199947153 14.028444235207044 2.4
    endloop
  endfacet
  facet normal 0.06540312923014183 -0.9978589232386037 0
    outer loop
      vertex -40 14.1 1.2
      vertex -40 14.1 2.4
      vertex -40.27410500366211 14.082034208885002 2.4
    endloop
  endfacet
  facet normal -0.06540312923014183 -0.9978589232386037 0
    outer loop
      vertex -39.72589499633789 14.082034208885002 1.2
      vertex -39.72589499633789 14.082034208885002 2.4
      vertex -40 14.1 2.4
    endloop
  endfacet
  facet normal 0 0 -1
    outer loop
      vertex -40.85 13.472243186433545 2.4
      vertex -41.05 13.818653347947322 2.4
      vertex -40.803635207966686 13.940147018273702 2.4
    endloop
  endfacet
  facet normal 0 0 -1
    outer loop
      vertex -40.65056183502065 13.570595205269187 2.4
      vertex -40.803635207966686 13.940147018273702 2.4
      vertex -40.5435199947153 14.028444235207044 2.4
    endloop
  endfacet
  facet normal 0 0 -1
    outer loop
      vertex -40.65056183502065 13.570595205269187 2.4
      vertex -40.5435199947153 14.028444235207044 2.4
      vertex -40.43999237667428 13.642073904691417 2.4
    endloop
  endfacet
  facet normal 0 0 -1
    outer loop
      vertex -40.43999237667428 13.642073904691417 2.4
      vertex -40.27410500366211 14.082034208885002 2.4
      vertex -40.221894526774086 13.685456264335478 2.4
    endloop
  endfacet
  facet normal 0 0 -1
    outer loop
      vertex -40.221894526774086 13.685456264335478 2.4
      vertex -40.27410500366211 14.082034208885002 2.4
      vertex -40 13.7 2.4
    endloop
  endfacet
  facet normal 0 0 -1
    outer loop
      vertex -40.43999237667428 13.642073904691417 2.4
      vertex -40.5435199947153 14.028444235207044 2.4
      vertex -40.27410500366211 14.082034208885002 2.4
    endloop
  endfacet
  facet normal 0 0 -1
    outer loop
      vertex -40.27410500366211 14.082034208885002 2.4
      vertex -40 14.1 2.4
      vertex -40 13.7 2.4
    endloop
  endfacet
  facet normal 0 0 -1
    outer loop
      vertex -39.778105473225914 13.685456264335478 2.4
      vertex -40 13.7 2.4
      vertex -39.72589499633789 14.082034208885002 2.4
    endloop
  endfacet
  facet normal 0 0 -1
    outer loop
      vertex -40 13.7 2.4
      vertex -40 14.1 2.4
      vertex -39.72589499633789 14.082034208885002 2.4
    endloop
  endfacet
  facet normal -0.19509032201612525 -0.9807852804032311 0
    outer loop
      vertex -39.4564800052847 14.028444235207044 1.2
      vertex -39.4564800052847 14.028444235207044 2.4
      vertex -39.72589499633789 14.082034208885002 2.4
    endloop
  endfacet
  facet normal -0.44228869021899886 -0.8968727415326895 0
    outer loop
      vertex -38.95 13.818653347947322 1.2
      vertex -38.95 13.818653347947322 2.4
      vertex -39.196364792033314 13.940147018273702 2.4
    endloop
  endfacet
  facet normal -0.32143946530316875 -0.9469301294951031 0
    outer loop
      vertex -39.196364792033314 13.940147018273702 1.2
      vertex -39.196364792033314 13.940147018273702 2.4
      vertex -39.4564800052847 14.028444235207044 2.4
    endloop
  endfacet
  facet normal -0.5555702330195982 -0.8314696123025478 0
    outer loop
      vertex -38.72160099908169 13.666042014611595 1.2
      vertex -38.72160099908169 13.666042014611595 2.4
      vertex -38.95 13.818653347947322 2.4
    endloop
  endfacet
  facet normal 0 0 -1
    outer loop
      vertex -39.778105473225914 13.685456264335478 2.4
      vertex -39.4564800052847 14.028444235207044 2.4
      vertex -39.56000762332572 13.642073904691417 2.4
    endloop
  endfacet
  facet normal 0 0 -1
    outer loop
      vertex -39.56000762332572 13.642073904691417 2.4
      vertex -39.4564800052847 14.028444235207044 2.4
      vertex -39.196364792033314 13.940147018273702 2.4
    endloop
  endfacet
  facet normal 0 0 -1
    outer loop
      vertex -39.778105473225914 13.685456264335478 2.4
      vertex -39.72589499633789 14.082034208885002 2.4
      vertex -39.4564800052847 14.028444235207044 2.4
    endloop
  endfacet
  facet normal 0 0 -1
    outer loop
      vertex -39.56000762332572 13.642073904691417 2.4
      vertex -39.196364792033314 13.940147018273702 2.4
      vertex -39.34943816497935 13.570595205269187 2.4
    endloop
  endfacet
  facet normal 0 0 -1
    outer loop
      vertex -39.34943816497935 13.570595205269187 2.4
      vertex -39.196364792033314 13.940147018273702 2.4
      vertex -38.95 13.818653347947322 2.4
    endloop
  endfacet
  facet normal 0.9978589232386029 0.06540312923015325 0
    outer loop
      vertex 38.3 -12 2.4
      vertex 38.3 -12 3.4
      vertex 38.31454373566452 -12.221894526774088 2.4
    endloop
  endfacet
  facet normal 0.8314696123025463 0.5555702330196005 7.03371393431993e-18
    outer loop
      vertex 38.6512993215049 -13.034894429314825 2.4
      vertex 38.527756813566455 -12.85 2.4
      vertex 38.527756813566455 -12.85 3.4
    endloop
  endfacet
  facet normal 0.7518398074789803 0.6593458151000656 0
    outer loop
      vertex 38.6512993215049 -13.034894429314825 2.4
      vertex 38.6512993215049 -13.034894429314825 3.4
      vertex 38.79791847198287 -13.20208152801713 2.4
    endloop
  endfacet
  facet normal 0.6593458151000662 0.7518398074789798 5.7686957656224536e-18
    outer loop
      vertex 38.965105570685175 -13.3487006784951 2.4
      vertex 38.79791847198287 -13.20208152801713 2.4
      vertex 38.79791847198287 -13.20208152801713 3.4
    endloop
  endfacet
  facet normal 0.4422886902190028 0.8968727415326876 2.497051510789592e-18
    outer loop
      vertex 39.34943816497935 -13.570595205269187 2.4
      vertex 39.15 -13.472243186433545 2.4
      vertex 39.15 -13.472243186433545 3.4
    endloop
  endfacet
  facet normal 0.5555702330196043 0.8314696123025439 0
    outer loop
      vertex 38.965105570685175 -13.3487006784951 2.4
      vertex 38.965105570685175 -13.3487006784951 3.4
      vertex 39.15 -13.472243186433545 2.4
    endloop
  endfacet
  facet normal 0.32143946530316087 0.9469301294951059 0
    outer loop
      vertex 39.34943816497935 -13.570595205269187 2.4
      vertex 39.34943816497935 -13.570595205269187 3.4
      vertex 39.56000762332572 -13.642073904691417 2.4
    endloop
  endfacet
  facet normal 0.1950903220161284 0.9807852804032304 0
    outer loop
      vertex 39.56000762332572 -13.642073904691417 2.4
      vertex 39.56000762332572 -13.642073904691417 3.4
      vertex 39.778105473225914 -13.685456264335478 2.4
    endloop
  endfacet
  facet normal 0.8968727415326893 0.4422886902189996 -5.794303535045181e-18
    outer loop
      vertex 38.527756813566455 -12.85 2.4
      vertex 38.429404794730814 -12.650561835020653 2.4
      vertex 38.429404794730814 -12.650561835020653 3.4
    endloop
  endfacet
  facet normal 0.946930129495105 0.32143946530316325 -2.600863998135236e-18
    outer loop
      vertex 38.429404794730814 -12.650561835020653 2.4
      vertex 38.357926095308585 -12.439992376674285 2.4
      vertex 38.357926095308585 -12.439992376674285 3.4
    endloop
  endfacet
  facet normal 0.9807852804032289 0.19509032201613608 3.2210141436159254e-19
    outer loop
      vertex 38.357926095308585 -12.439992376674285 2.4
      vertex 38.31454373566452 -12.221894526774088 2.4
      vertex 38.31454373566452 -12.221894526774088 3.4
    endloop
  endfacet
  facet normal 0.9978589232386029 -0.06540312923015325 -9.668233853877528e-20
    outer loop
      vertex 38.3 -12 2.4
      vertex 38.31454373566452 -11.778105473225912 2.4
      vertex 38.31454373566452 -11.778105473225912 3.4
    endloop
  endfacet
  facet normal 0.9807852804032289 -0.19509032201613608 -3.2210141436159254e-19
    outer loop
      vertex 38.31454373566452 -11.778105473225912 2.4
      vertex 38.357926095308585 -11.560007623325715 2.4
      vertex 38.357926095308585 -11.560007623325715 3.4
    endloop
  endfacet
  facet normal 0.946930129495105 -0.32143946530316325 2.600863998135236e-18
    outer loop
      vertex 38.357926095308585 -11.560007623325715 2.4
      vertex 38.429404794730814 -11.349438164979347 2.4
      vertex 38.429404794730814 -11.349438164979347 3.4
    endloop
  endfacet
  facet normal 0.8968727415326893 -0.4422886902189996 5.794303535045181e-18
    outer loop
      vertex 38.429404794730814 -11.349438164979347 2.4
      vertex 38.527756813566455 -11.15 2.4
      vertex 38.527756813566455 -11.15 3.4
    endloop
  endfacet
  facet normal 0.8314696123025463 -0.5555702330196005 -7.03371393431993e-18
    outer loop
      vertex 38.527756813566455 -11.15 2.4
      vertex 38.6512993215049 -10.965105570685175 2.4
      vertex 38.6512993215049 -10.965105570685175 3.4
    endloop
  endfacet
  facet normal 0.7518398074789803 -0.6593458151000656 -6.012766773674801e-19
    outer loop
      vertex 38.6512993215049 -10.965105570685175 2.4
      vertex 38.79791847198287 -10.79791847198287 2.4
      vertex 38.79791847198287 -10.79791847198287 3.4
    endloop
  endfacet
  facet normal 0.6593458151000662 -0.7518398074789798 -5.7686957656224536e-18
    outer loop
      vertex 38.79791847198287 -10.79791847198287 2.4
      vertex 38.965105570685175 -10.6512993215049 2.4
      vertex 38.965105570685175 -10.6512993215049 3.4
    endloop
  endfacet
  facet normal 0.5555702330196043 -0.8314696123025439 4.609127041014792e-18
    outer loop
      vertex 38.965105570685175 -10.6512993215049 2.4
      vertex 39.15 -10.527756813566455 2.4
      vertex 39.15 -10.527756813566455 3.4
    endloop
  endfacet
  facet normal 0.4422886902190028 -0.8968727415326876 -2.497051510789592e-18
    outer loop
      vertex 39.15 -10.527756813566455 2.4
      vertex 39.34943816497935 -10.429404794730813 2.4
      vertex 39.34943816497935 -10.429404794730813 3.4
    endloop
  endfacet
  facet normal 0.32143946530316087 -0.9469301294951059 -3.6853104539128764e-18
    outer loop
      vertex 39.34943816497935 -10.429404794730813 2.4
      vertex 39.56000762332572 -10.357926095308583 2.4
      vertex 39.56000762332572 -10.357926095308583 3.4
    endloop
  endfacet
  facet normal 0.1950903220161284 -0.9807852804032304 -2.913595450965774e-18
    outer loop
      vertex 39.56000762332572 -10.357926095308583 2.4
      vertex 39.778105473225914 -10.314543735664522 2.4
      vertex 39.778105473225914 -10.314543735664522 3.4
    endloop
  endfacet
  facet normal 0.6593458151000662 0.7518398074789798 0
    outer loop
      vertex 38.965105570685175 -13.3487006784951 2.4
      vertex 38.79791847198287 -13.20208152801713 3.4
      vertex 38.965105570685175 -13.3487006784951 3.4
    endloop
  endfacet
  facet normal 0.8314696123025463 0.5555702330196005 0
    outer loop
      vertex 38.6512993215049 -13.034894429314825 2.4
      vertex 38.527756813566455 -12.85 3.4
      vertex 38.6512993215049 -13.034894429314825 3.4
    endloop
  endfacet
  facet normal 0.7518398074789803 0.6593458151000656 0
    outer loop
      vertex 38.79791847198287 -13.20208152801713 2.4
      vertex 38.6512993215049 -13.034894429314825 3.4
      vertex 38.79791847198287 -13.20208152801713 3.4
    endloop
  endfacet
  facet normal 0.4422886902190028 0.8968727415326876 0
    outer loop
      vertex 39.34943816497935 -13.570595205269187 2.4
      vertex 39.15 -13.472243186433545 3.4
      vertex 39.34943816497935 -13.570595205269187 3.4
    endloop
  endfacet
  facet normal 0.5555702330196043 0.8314696123025439 0
    outer loop
      vertex 39.15 -13.472243186433545 2.4
      vertex 38.965105570685175 -13.3487006784951 3.4
      vertex 39.15 -13.472243186433545 3.4
    endloop
  endfacet
  facet normal 0.32143946530316087 0.9469301294951059 0
    outer loop
      vertex 39.56000762332572 -13.642073904691417 2.4
      vertex 39.34943816497935 -13.570595205269187 3.4
      vertex 39.56000762332572 -13.642073904691417 3.4
    endloop
  endfacet
  facet normal 0.1950903220161284 0.9807852804032304 0
    outer loop
      vertex 39.778105473225914 -13.685456264335478 2.4
      vertex 39.56000762332572 -13.642073904691417 3.4
      vertex 39.778105473225914 -13.685456264335478 3.4
    endloop
  endfacet
  facet normal 0.8968727415326893 0.4422886902189996 0
    outer loop
      vertex 38.527756813566455 -12.85 2.4
      vertex 38.429404794730814 -12.650561835020653 3.4
      vertex 38.527756813566455 -12.85 3.4
    endloop
  endfacet
  facet normal 0.946930129495105 0.32143946530316325 0
    outer loop
      vertex 38.429404794730814 -12.650561835020653 2.4
      vertex 38.357926095308585 -12.439992376674285 3.4
      vertex 38.429404794730814 -12.650561835020653 3.4
    endloop
  endfacet
  facet normal 0.9807852804032289 0.19509032201613608 0
    outer loop
      vertex 38.357926095308585 -12.439992376674285 2.4
      vertex 38.31454373566452 -12.221894526774088 3.4
      vertex 38.357926095308585 -12.439992376674285 3.4
    endloop
  endfacet
  facet normal 0.9978589232386029 0.06540312923015325 0
    outer loop
      vertex 38.31454373566452 -12.221894526774088 2.4
      vertex 38.3 -12 3.4
      vertex 38.31454373566452 -12.221894526774088 3.4
    endloop
  endfacet
  facet normal 0.9978589232386029 -0.06540312923015325 0
    outer loop
      vertex 38.3 -12 2.4
      vertex 38.31454373566452 -11.778105473225912 3.4
      vertex 38.3 -12 3.4
    endloop
  endfacet
  facet normal 0.9807852804032289 -0.19509032201613608 0
    outer loop
      vertex 38.31454373566452 -11.778105473225912 2.4
      vertex 38.357926095308585 -11.560007623325715 3.4
      vertex 38.31454373566452 -11.778105473225912 3.4
    endloop
  endfacet
  facet normal 0.946930129495105 -0.32143946530316325 0
    outer loop
      vertex 38.357926095308585 -11.560007623325715 2.4
      vertex 38.429404794730814 -11.349438164979347 3.4
      vertex 38.357926095308585 -11.560007623325715 3.4
    endloop
  endfacet
  facet normal 0.8968727415326893 -0.4422886902189996 0
    outer loop
      vertex 38.429404794730814 -11.349438164979347 2.4
      vertex 38.527756813566455 -11.15 3.4
      vertex 38.429404794730814 -11.349438164979347 3.4
    endloop
  endfacet
  facet normal 0.8314696123025463 -0.5555702330196005 0
    outer loop
      vertex 38.527756813566455 -11.15 2.4
      vertex 38.6512993215049 -10.965105570685175 3.4
      vertex 38.527756813566455 -11.15 3.4
    endloop
  endfacet
  facet normal 0.7518398074789803 -0.6593458151000656 0
    outer loop
      vertex 38.6512993215049 -10.965105570685175 2.4
      vertex 38.79791847198287 -10.79791847198287 3.4
      vertex 38.6512993215049 -10.965105570685175 3.4
    endloop
  endfacet
  facet normal 0.6593458151000662 -0.7518398074789798 0
    outer loop
      vertex 38.79791847198287 -10.79791847198287 2.4
      vertex 38.965105570685175 -10.6512993215049 3.4
      vertex 38.79791847198287 -10.79791847198287 3.4
    endloop
  endfacet
  facet normal 0.5555702330196043 -0.8314696123025439 0
    outer loop
      vertex 38.965105570685175 -10.6512993215049 2.4
      vertex 39.15 -10.527756813566455 3.4
      vertex 38.965105570685175 -10.6512993215049 3.4
    endloop
  endfacet
  facet normal 0.4422886902190028 -0.8968727415326876 0
    outer loop
      vertex 39.15 -10.527756813566455 2.4
      vertex 39.34943816497935 -10.429404794730813 3.4
      vertex 39.15 -10.527756813566455 3.4
    endloop
  endfacet
  facet normal 0.32143946530316087 -0.9469301294951059 0
    outer loop
      vertex 39.34943816497935 -10.429404794730813 2.4
      vertex 39.56000762332572 -10.357926095308583 3.4
      vertex 39.34943816497935 -10.429404794730813 3.4
    endloop
  endfacet
  facet normal 0.1950903220161284 -0.9807852804032304 0
    outer loop
      vertex 39.56000762332572 -10.357926095308583 2.4
      vertex 39.778105473225914 -10.314543735664522 3.4
      vertex 39.56000762332572 -10.357926095308583 3.4
    endloop
  endfacet
  facet normal 0.06540312923013786 0.9978589232386039 7.424228807720053e-19
    outer loop
      vertex 40 -13.7 2.4
      vertex 39.778105473225914 -13.685456264335478 2.4
      vertex 39.778105473225914 -13.685456264335478 3.4
    endloop
  endfacet
  facet normal -0.06540312923013786 0.9978589232386039 0
    outer loop
      vertex 40 -13.7 2.4
      vertex 40 -13.7 3.4
      vertex 40.221894526774086 -13.685456264335478 2.4
    endloop
  endfacet
  facet normal -0.1950903220161284 0.9807852804032304 0
    outer loop
      vertex 40.221894526774086 -13.685456264335478 2.4
      vertex 40.221894526774086 -13.685456264335478 3.4
      vertex 40.43999237667428 -13.642073904691417 2.4
    endloop
  endfacet
  facet normal -0.32143946530316087 0.9469301294951059 0
    outer loop
      vertex 40.43999237667428 -13.642073904691417 2.4
      vertex 40.43999237667428 -13.642073904691417 3.4
      vertex 40.65056183502065 -13.570595205269187 2.4
    endloop
  endfacet
  facet normal -0.4422886902190028 0.8968727415326876 0
    outer loop
      vertex 40.65056183502065 -13.570595205269187 2.4
      vertex 40.65056183502065 -13.570595205269187 3.4
      vertex 40.85 -13.472243186433545 2.4
    endloop
  endfacet
  facet normal -0.5555702330196043 0.8314696123025439 0
    outer loop
      vertex 40.85 -13.472243186433545 2.4
      vertex 40.85 -13.472243186433545 3.4
      vertex 41.034894429314825 -13.3487006784951 2.4
    endloop
  endfacet
  facet normal -0.6593458151000662 0.7518398074789798 0
    outer loop
      vertex 41.034894429314825 -13.3487006784951 2.4
      vertex 41.034894429314825 -13.3487006784951 3.4
      vertex 41.20208152801713 -13.20208152801713 2.4
    endloop
  endfacet
  facet normal -0.7518398074789803 0.6593458151000656 0
    outer loop
      vertex 41.20208152801713 -13.20208152801713 2.4
      vertex 41.20208152801713 -13.20208152801713 3.4
      vertex 41.3487006784951 -13.034894429314825 2.4
    endloop
  endfacet
  facet normal -0.8314696123025463 0.5555702330196005 0
    outer loop
      vertex 41.3487006784951 -13.034894429314825 2.4
      vertex 41.3487006784951 -13.034894429314825 3.4
      vertex 41.472243186433545 -12.85 2.4
    endloop
  endfacet
  facet normal -0.8968727415326893 0.4422886902189996 0
    outer loop
      vertex 41.472243186433545 -12.85 2.4
      vertex 41.472243186433545 -12.85 3.4
      vertex 41.570595205269186 -12.650561835020653 2.4
    endloop
  endfacet
  facet normal -0.946930129495105 0.32143946530316325 0
    outer loop
      vertex 41.570595205269186 -12.650561835020653 2.4
      vertex 41.570595205269186 -12.650561835020653 3.4
      vertex 41.642073904691415 -12.439992376674285 2.4
    endloop
  endfacet
  facet normal -0.9807852804032289 0.19509032201613608 0
    outer loop
      vertex 41.642073904691415 -12.439992376674285 2.4
      vertex 41.642073904691415 -12.439992376674285 3.4
      vertex 41.68545626433548 -12.221894526774088 2.4
    endloop
  endfacet
  facet normal -0.9978589232386029 0.06540312923015325 0
    outer loop
      vertex 41.68545626433548 -12.221894526774088 2.4
      vertex 41.68545626433548 -12.221894526774088 3.4
      vertex 41.7 -12 2.4
    endloop
  endfacet
  facet normal 0.06540312923013786 -0.9978589232386039 -7.424228807720053e-19
    outer loop
      vertex 39.778105473225914 -10.314543735664522 2.4
      vertex 40 -10.3 2.4
      vertex 40 -10.3 3.4
    endloop
  endfacet
  facet normal -0.06540312923013786 -0.9978589232386039 7.424228807720053e-19
    outer loop
      vertex 40 -10.3 2.4
      vertex 40.221894526774086 -10.314543735664522 2.4
      vertex 40.221894526774086 -10.314543735664522 3.4
    endloop
  endfacet
  facet normal -0.1950903220161284 -0.9807852804032304 2.913595450965774e-18
    outer loop
      vertex 40.221894526774086 -10.314543735664522 2.4
      vertex 40.43999237667428 -10.357926095308583 2.4
      vertex 40.43999237667428 -10.357926095308583 3.4
    endloop
  endfacet
  facet normal -0.4422886902190028 -0.8968727415326876 2.497051510789592e-18
    outer loop
      vertex 40.65056183502065 -10.429404794730813 2.4
      vertex 40.85 -10.527756813566455 2.4
      vertex 40.85 -10.527756813566455 3.4
    endloop
  endfacet
  facet normal -0.32143946530316087 -0.9469301294951059 3.6853104539128764e-18
    outer loop
      vertex 40.43999237667428 -10.357926095308583 2.4
      vertex 40.65056183502065 -10.429404794730813 2.4
      vertex 40.65056183502065 -10.429404794730813 3.4
    endloop
  endfacet
  facet normal -0.5555702330196043 -0.8314696123025439 -4.609127041014792e-18
    outer loop
      vertex 40.85 -10.527756813566455 2.4
      vertex 41.034894429314825 -10.6512993215049 2.4
      vertex 41.034894429314825 -10.6512993215049 3.4
    endloop
  endfacet
  facet normal -0.9978589232386029 -0.06540312923015325 0
    outer loop
      vertex 41.7 -12 2.4
      vertex 41.7 -12 3.4
      vertex 41.68545626433548 -11.778105473225912 2.4
    endloop
  endfacet
  facet normal -0.9807852804032289 -0.19509032201613608 0
    outer loop
      vertex 41.68545626433548 -11.778105473225912 2.4
      vertex 41.68545626433548 -11.778105473225912 3.4
      vertex 41.642073904691415 -11.560007623325715 2.4
    endloop
  endfacet
  facet normal -0.946930129495105 -0.32143946530316325 0
    outer loop
      vertex 41.642073904691415 -11.560007623325715 2.4
      vertex 41.642073904691415 -11.560007623325715 3.4
      vertex 41.570595205269186 -11.349438164979347 2.4
    endloop
  endfacet
  facet normal -0.8968727415326893 -0.4422886902189996 -5.794303535045181e-18
    outer loop
      vertex 41.472243186433545 -11.15 2.4
      vertex 41.570595205269186 -11.349438164979347 2.4
      vertex 41.570595205269186 -11.349438164979347 3.4
    endloop
  endfacet
  facet normal -0.8314696123025463 -0.5555702330196005 0
    outer loop
      vertex 41.472243186433545 -11.15 2.4
      vertex 41.472243186433545 -11.15 3.4
      vertex 41.3487006784951 -10.965105570685175 2.4
    endloop
  endfacet
  facet normal -0.7518398074789803 -0.6593458151000656 0
    outer loop
      vertex 41.3487006784951 -10.965105570685175 2.4
      vertex 41.3487006784951 -10.965105570685175 3.4
      vertex 41.20208152801713 -10.79791847198287 2.4
    endloop
  endfacet
  facet normal -0.6593458151000662 -0.7518398074789798 5.7686957656224536e-18
    outer loop
      vertex 41.034894429314825 -10.6512993215049 2.4
      vertex 41.20208152801713 -10.79791847198287 2.4
      vertex 41.20208152801713 -10.79791847198287 3.4
    endloop
  endfacet
  facet normal 0.06540312923013786 0.9978589232386039 0
    outer loop
      vertex 40 -13.7 2.4
      vertex 39.778105473225914 -13.685456264335478 3.4
      vertex 40 -13.7 3.4
    endloop
  endfacet
  facet normal -0.06540312923013786 0.9978589232386039 0
    outer loop
      vertex 40.221894526774086 -13.685456264335478 2.4
      vertex 40 -13.7 3.4
      vertex 40.221894526774086 -13.685456264335478 3.4
    endloop
  endfacet
  facet normal -0.1950903220161284 0.9807852804032304 0
    outer loop
      vertex 40.43999237667428 -13.642073904691417 2.4
      vertex 40.221894526774086 -13.685456264335478 3.4
      vertex 40.43999237667428 -13.642073904691417 3.4
    endloop
  endfacet
  facet normal -0.32143946530316087 0.9469301294951059 0
    outer loop
      vertex 40.65056183502065 -13.570595205269187 2.4
      vertex 40.43999237667428 -13.642073904691417 3.4
      vertex 40.65056183502065 -13.570595205269187 3.4
    endloop
  endfacet
  facet normal -0.4422886902190028 0.8968727415326876 0
    outer loop
      vertex 40.85 -13.472243186433545 2.4
      vertex 40.65056183502065 -13.570595205269187 3.4
      vertex 40.85 -13.472243186433545 3.4
    endloop
  endfacet
  facet normal -0.5555702330196043 0.8314696123025439 0
    outer loop
      vertex 41.034894429314825 -13.3487006784951 2.4
      vertex 40.85 -13.472243186433545 3.4
      vertex 41.034894429314825 -13.3487006784951 3.4
    endloop
  endfacet
  facet normal -0.6593458151000662 0.7518398074789798 0
    outer loop
      vertex 41.20208152801713 -13.20208152801713 2.4
      vertex 41.034894429314825 -13.3487006784951 3.4
      vertex 41.20208152801713 -13.20208152801713 3.4
    endloop
  endfacet
  facet normal -0.7518398074789803 0.6593458151000656 0
    outer loop
      vertex 41.3487006784951 -13.034894429314825 2.4
      vertex 41.20208152801713 -13.20208152801713 3.4
      vertex 41.3487006784951 -13.034894429314825 3.4
    endloop
  endfacet
  facet normal -0.8314696123025463 0.5555702330196005 0
    outer loop
      vertex 41.472243186433545 -12.85 2.4
      vertex 41.3487006784951 -13.034894429314825 3.4
      vertex 41.472243186433545 -12.85 3.4
    endloop
  endfacet
  facet normal -0.8968727415326893 0.4422886902189996 0
    outer loop
      vertex 41.570595205269186 -12.650561835020653 2.4
      vertex 41.472243186433545 -12.85 3.4
      vertex 41.570595205269186 -12.650561835020653 3.4
    endloop
  endfacet
  facet normal -0.946930129495105 0.32143946530316325 0
    outer loop
      vertex 41.642073904691415 -12.439992376674285 2.4
      vertex 41.570595205269186 -12.650561835020653 3.4
      vertex 41.642073904691415 -12.439992376674285 3.4
    endloop
  endfacet
  facet normal -0.9807852804032289 0.19509032201613608 0
    outer loop
      vertex 41.68545626433548 -12.221894526774088 2.4
      vertex 41.642073904691415 -12.439992376674285 3.4
      vertex 41.68545626433548 -12.221894526774088 3.4
    endloop
  endfacet
  facet normal -0.9978589232386029 0.06540312923015325 0
    outer loop
      vertex 41.7 -12 2.4
      vertex 41.68545626433548 -12.221894526774088 3.4
      vertex 41.7 -12 3.4
    endloop
  endfacet
  facet normal 0.06540312923013786 -0.9978589232386039 0
    outer loop
      vertex 39.778105473225914 -10.314543735664522 2.4
      vertex 40 -10.3 3.4
      vertex 39.778105473225914 -10.314543735664522 3.4
    endloop
  endfacet
  facet normal -0.06540312923013786 -0.9978589232386039 0
    outer loop
      vertex 40 -10.3 2.4
      vertex 40.221894526774086 -10.314543735664522 3.4
      vertex 40 -10.3 3.4
    endloop
  endfacet
  facet normal -0.1950903220161284 -0.9807852804032304 0
    outer loop
      vertex 40.221894526774086 -10.314543735664522 2.4
      vertex 40.43999237667428 -10.357926095308583 3.4
      vertex 40.221894526774086 -10.314543735664522 3.4
    endloop
  endfacet
  facet normal -0.32143946530316087 -0.9469301294951059 0
    outer loop
      vertex 40.43999237667428 -10.357926095308583 2.4
      vertex 40.65056183502065 -10.429404794730813 3.4
      vertex 40.43999237667428 -10.357926095308583 3.4
    endloop
  endfacet
  facet normal -0.4422886902190028 -0.8968727415326876 0
    outer loop
      vertex 40.65056183502065 -10.429404794730813 2.4
      vertex 40.85 -10.527756813566455 3.4
      vertex 40.65056183502065 -10.429404794730813 3.4
    endloop
  endfacet
  facet normal -0.5555702330196043 -0.8314696123025439 0
    outer loop
      vertex 40.85 -10.527756813566455 2.4
      vertex 41.034894429314825 -10.6512993215049 3.4
      vertex 40.85 -10.527756813566455 3.4
    endloop
  endfacet
  facet normal -0.6593458151000662 -0.7518398074789798 0
    outer loop
      vertex 41.034894429314825 -10.6512993215049 2.4
      vertex 41.20208152801713 -10.79791847198287 3.4
      vertex 41.034894429314825 -10.6512993215049 3.4
    endloop
  endfacet
  facet normal -0.9978589232386029 -0.06540312923015325 0
    outer loop
      vertex 41.68545626433548 -11.778105473225912 2.4
      vertex 41.7 -12 3.4
      vertex 41.68545626433548 -11.778105473225912 3.4
    endloop
  endfacet
  facet normal -0.9807852804032289 -0.19509032201613608 0
    outer loop
      vertex 41.642073904691415 -11.560007623325715 2.4
      vertex 41.68545626433548 -11.778105473225912 3.4
      vertex 41.642073904691415 -11.560007623325715 3.4
    endloop
  endfacet
  facet normal -0.946930129495105 -0.32143946530316325 0
    outer loop
      vertex 41.570595205269186 -11.349438164979347 2.4
      vertex 41.642073904691415 -11.560007623325715 3.4
      vertex 41.570595205269186 -11.349438164979347 3.4
    endloop
  endfacet
  facet normal -0.8968727415326893 -0.4422886902189996 0
    outer loop
      vertex 41.472243186433545 -11.15 2.4
      vertex 41.570595205269186 -11.349438164979347 3.4
      vertex 41.472243186433545 -11.15 3.4
    endloop
  endfacet
  facet normal -0.8314696123025463 -0.5555702330196005 0
    outer loop
      vertex 41.3487006784951 -10.965105570685175 2.4
      vertex 41.472243186433545 -11.15 3.4
      vertex 41.3487006784951 -10.965105570685175 3.4
    endloop
  endfacet
  facet normal -0.7518398074789803 -0.6593458151000656 0
    outer loop
      vertex 41.20208152801713 -10.79791847198287 2.4
      vertex 41.3487006784951 -10.965105570685175 3.4
      vertex 41.20208152801713 -10.79791847198287 3.4
    endloop
  endfacet
  facet normal 0.5555702330195982 0.8314696123025478 0
    outer loop
      vertex 38.95 -13.818653347947322 1.2
      vertex 38.72160099908169 -13.666042014611595 1.2
      vertex 38.95 -13.818653347947322 2.4
    endloop
  endfacet
  facet normal 0.32143946530316875 0.9469301294951031 -2.3820041680260432e-18
    outer loop
      vertex 39.196364792033314 -13.940147018273702 1.2
      vertex 39.4564800052847 -14.028444235207044 2.4
      vertex 39.4564800052847 -14.028444235207044 1.2
    endloop
  endfacet
  facet normal 0.44228869021899886 0.8968727415326895 4.061972513528564e-18
    outer loop
      vertex 38.95 -13.818653347947322 1.2
      vertex 39.196364792033314 -13.940147018273702 2.4
      vertex 39.196364792033314 -13.940147018273702 1.2
    endloop
  endfacet
  facet normal 0.19509032201612525 0.9807852804032311 -1.8608990312928024e-18
    outer loop
      vertex 39.4564800052847 -14.028444235207044 1.2
      vertex 39.72589499633789 -14.082034208885002 2.4
      vertex 39.72589499633789 -14.082034208885002 1.2
    endloop
  endfacet
  facet normal 0.06540312923014183 0.9978589232386037 1.245780838121958e-18
    outer loop
      vertex 39.72589499633789 -14.082034208885002 1.2
      vertex 40 -14.1 2.4
      vertex 40 -14.1 1.2
    endloop
  endfacet
  facet normal -0.06540312923014183 0.9978589232386037 -1.245780838121958e-18
    outer loop
      vertex 40 -14.1 1.2
      vertex 40.27410500366211 -14.082034208885002 2.4
      vertex 40.27410500366211 -14.082034208885002 1.2
    endloop
  endfacet
  facet normal -0.19509032201612525 0.9807852804032311 1.8608990312928024e-18
    outer loop
      vertex 40.27410500366211 -14.082034208885002 1.2
      vertex 40.5435199947153 -14.028444235207044 2.4
      vertex 40.5435199947153 -14.028444235207044 1.2
    endloop
  endfacet
  facet normal -0.32143946530316875 0.9469301294951031 2.3820041680260432e-18
    outer loop
      vertex 40.5435199947153 -14.028444235207044 1.2
      vertex 40.803635207966686 -13.940147018273702 2.4
      vertex 40.803635207966686 -13.940147018273702 1.2
    endloop
  endfacet
  facet normal -0.44228869021899886 0.8968727415326895 -4.061972513528564e-18
    outer loop
      vertex 40.803635207966686 -13.940147018273702 1.2
      vertex 41.05 -13.818653347947322 2.4
      vertex 41.05 -13.818653347947322 1.2
    endloop
  endfacet
  facet normal -0.5555702330195982 0.8314696123025478 2.59963627028197e-18
    outer loop
      vertex 41.05 -13.818653347947322 1.2
      vertex 41.27839900091831 -13.666042014611595 2.4
      vertex 41.27839900091831 -13.666042014611595 1.2
    endloop
  endfacet
  facet normal 0.5555702330195982 0.8314696123025478 -2.59963627028197e-18
    outer loop
      vertex 38.95 -13.818653347947322 2.4
      vertex 38.72160099908169 -13.666042014611595 1.2
      vertex 38.72160099908169 -13.666042014611595 2.4
    endloop
  endfacet
  facet normal 0.32143946530316875 0.9469301294951031 0
    outer loop
      vertex 39.196364792033314 -13.940147018273702 1.2
      vertex 39.196364792033314 -13.940147018273702 2.4
      vertex 39.4564800052847 -14.028444235207044 2.4
    endloop
  endfacet
  facet normal 0.44228869021899886 0.8968727415326895 0
    outer loop
      vertex 38.95 -13.818653347947322 1.2
      vertex 38.95 -13.818653347947322 2.4
      vertex 39.196364792033314 -13.940147018273702 2.4
    endloop
  endfacet
  facet normal 0.19509032201612525 0.9807852804032311 0
    outer loop
      vertex 39.4564800052847 -14.028444235207044 1.2
      vertex 39.4564800052847 -14.028444235207044 2.4
      vertex 39.72589499633789 -14.082034208885002 2.4
    endloop
  endfacet
  facet normal 0 0 -1
    outer loop
      vertex 38.95 -13.818653347947322 2.4
      vertex 39.34943816497935 -13.570595205269187 2.4
      vertex 39.196364792033314 -13.940147018273702 2.4
    endloop
  endfacet
  facet normal 0 0 -1
    outer loop
      vertex 39.196364792033314 -13.940147018273702 2.4
      vertex 39.34943816497935 -13.570595205269187 2.4
      vertex 39.56000762332572 -13.642073904691417 2.4
    endloop
  endfacet
  facet normal 0 0 -1
    outer loop
      vertex 39.4564800052847 -14.028444235207044 2.4
      vertex 39.778105473225914 -13.685456264335478 2.4
      vertex 39.72589499633789 -14.082034208885002 2.4
    endloop
  endfacet
  facet normal 0 0 -1
    outer loop
      vertex 39.196364792033314 -13.940147018273702 2.4
      vertex 39.56000762332572 -13.642073904691417 2.4
      vertex 39.4564800052847 -14.028444235207044 2.4
    endloop
  endfacet
  facet normal 0 0 -1
    outer loop
      vertex 39.4564800052847 -14.028444235207044 2.4
      vertex 39.56000762332572 -13.642073904691417 2.4
      vertex 39.778105473225914 -13.685456264335478 2.4
    endloop
  endfacet
  facet normal 0.06540312923014183 0.9978589232386037 0
    outer loop
      vertex 39.72589499633789 -14.082034208885002 1.2
      vertex 39.72589499633789 -14.082034208885002 2.4
      vertex 40 -14.1 2.4
    endloop
  endfacet
  facet normal -0.06540312923014183 0.9978589232386037 0
    outer loop
      vertex 40 -14.1 1.2
      vertex 40 -14.1 2.4
      vertex 40.27410500366211 -14.082034208885002 2.4
    endloop
  endfacet
  facet normal -0.19509032201612525 0.9807852804032311 0
    outer loop
      vertex 40.27410500366211 -14.082034208885002 1.2
      vertex 40.27410500366211 -14.082034208885002 2.4
      vertex 40.5435199947153 -14.028444235207044 2.4
    endloop
  endfacet
  facet normal -0.32143946530316875 0.9469301294951031 0
    outer loop
      vertex 40.5435199947153 -14.028444235207044 1.2
      vertex 40.5435199947153 -14.028444235207044 2.4
      vertex 40.803635207966686 -13.940147018273702 2.4
    endloop
  endfacet
  facet normal -0.44228869021899886 0.8968727415326895 0
    outer loop
      vertex 40.803635207966686 -13.940147018273702 1.2
      vertex 40.803635207966686 -13.940147018273702 2.4
      vertex 41.05 -13.818653347947322 2.4
    endloop
  endfacet
  facet normal -0.5555702330195982 0.8314696123025478 0
    outer loop
      vertex 41.05 -13.818653347947322 1.2
      vertex 41.05 -13.818653347947322 2.4
      vertex 41.27839900091831 -13.666042014611595 2.4
    endloop
  endfacet
  facet normal 0 0 -1
    outer loop
      vertex 39.72589499633789 -14.082034208885002 2.4
      vertex 40 -13.7 2.4
      vertex 40 -14.1 2.4
    endloop
  endfacet
  facet normal 0 0 -1
    outer loop
      vertex 39.72589499633789 -14.082034208885002 2.4
      vertex 39.778105473225914 -13.685456264335478 2.4
      vertex 40 -13.7 2.4
    endloop
  endfacet
  facet normal 0 0 -1
    outer loop
      vertex 40 -14.1 2.4
      vertex 40 -13.7 2.4
      vertex 40.27410500366211 -14.082034208885002 2.4
    endloop
  endfacet
  facet normal 0 0 -1
    outer loop
      vertex 40.27410500366211 -14.082034208885002 2.4
      vertex 40.43999237667428 -13.642073904691417 2.4
      vertex 40.5435199947153 -14.028444235207044 2.4
    endloop
  endfacet
  facet normal 0 0 -1
    outer loop
      vertex 40 -13.7 2.4
      vertex 40.221894526774086 -13.685456264335478 2.4
      vertex 40.27410500366211 -14.082034208885002 2.4
    endloop
  endfacet
  facet normal 0 0 -1
    outer loop
      vertex 40.27410500366211 -14.082034208885002 2.4
      vertex 40.221894526774086 -13.685456264335478 2.4
      vertex 40.43999237667428 -13.642073904691417 2.4
    endloop
  endfacet
  facet normal 0 0 -1
    outer loop
      vertex 40.5435199947153 -14.028444235207044 2.4
      vertex 40.43999237667428 -13.642073904691417 2.4
      vertex 40.65056183502065 -13.570595205269187 2.4
    endloop
  endfacet
  facet normal 0 0 -1
    outer loop
      vertex 40.5435199947153 -14.028444235207044 2.4
      vertex 40.65056183502065 -13.570595205269187 2.4
      vertex 40.803635207966686 -13.940147018273702 2.4
    endloop
  endfacet
  facet normal 0 0 -1
    outer loop
      vertex 40.803635207966686 -13.940147018273702 2.4
      vertex 40.85 -13.472243186433545 2.4
      vertex 41.05 -13.818653347947322 2.4
    endloop
  endfacet
  facet normal 0 0 1
    outer loop
      vertex 37.917965791114995 -12.274105003662108 1.2
      vertex 37.917965791114995 -11.725894996337892 1.2
      vertex 37.9 -12 1.2
    endloop
  endfacet
  facet normal 0 0 1
    outer loop
      vertex 38.18134665205268 -13.05 1.2
      vertex 38.33395798538841 -13.278399000918313 1.2
      vertex 38.33395798538841 -10.721600999081687 1.2
    endloop
  endfacet
  facet normal 0 0 1
    outer loop
      vertex 38.18134665205268 -13.05 1.2
      vertex 38.18134665205268 -10.95 1.2
      vertex 38.059852981726294 -12.803635207966689 1.2
    endloop
  endfacet
  facet normal 0 0 1
    outer loop
      vertex 38.059852981726294 -12.803635207966689 1.2
      vertex 38.059852981726294 -11.196364792033311 1.2
      vertex 37.97155576479295 -12.543519994715293 1.2
    endloop
  endfacet
  facet normal 0 0 1
    outer loop
      vertex 37.97155576479295 -12.543519994715293 1.2
      vertex 37.97155576479295 -11.456480005284707 1.2
      vertex 37.917965791114995 -12.274105003662108 1.2
    endloop
  endfacet
  facet normal 0 0 1
    outer loop
      vertex 38.33395798538841 -13.278399000918313 1.2
      vertex 38.51507575950825 -13.48492424049175 1.2
      vertex 38.51507575950825 -10.51507575950825 1.2
    endloop
  endfacet
  facet normal 0 0 1
    outer loop
      vertex 38.51507575950825 -13.48492424049175 1.2
      vertex 38.72160099908169 -13.666042014611595 1.2
      vertex 38.72160099908169 -10.333957985388405 1.2
    endloop
  endfacet
  facet normal 0 0 1
    outer loop
      vertex 38.95 -13.818653347947322 1.2
      vertex 38.95 -10.181346652052678 1.2
      vertex 38.72160099908169 -13.666042014611595 1.2
    endloop
  endfacet
  facet normal 0 0 1
    outer loop
      vertex 39.196364792033314 -13.940147018273702 1.2
      vertex 39.4564800052847 -14.028444235207044 1.2
      vertex 39.4564800052847 -9.971555764792956 1.2
    endloop
  endfacet
  facet normal 0 0 1
    outer loop
      vertex 38.95 -13.818653347947322 1.2
      vertex 39.196364792033314 -13.940147018273702 1.2
      vertex 39.196364792033314 -10.059852981726298 1.2
    endloop
  endfacet
  facet normal 0 0 1
    outer loop
      vertex 39.4564800052847 -14.028444235207044 1.2
      vertex 39.72589499633789 -14.082034208885002 1.2
      vertex 39.72589499633789 -9.917965791114998 1.2
    endloop
  endfacet
  facet normal 0 0 1
    outer loop
      vertex 37.917965791114995 -12.274105003662108 1.2
      vertex 37.97155576479295 -11.456480005284707 1.2
      vertex 37.917965791114995 -11.725894996337892 1.2
    endloop
  endfacet
  facet normal 0 0 1
    outer loop
      vertex 37.97155576479295 -12.543519994715293 1.2
      vertex 38.059852981726294 -11.196364792033311 1.2
      vertex 37.97155576479295 -11.456480005284707 1.2
    endloop
  endfacet
  facet normal 0 0 1
    outer loop
      vertex 38.059852981726294 -12.803635207966689 1.2
      vertex 38.18134665205268 -10.95 1.2
      vertex 38.059852981726294 -11.196364792033311 1.2
    endloop
  endfacet
  facet normal 0 0 1
    outer loop
      vertex 38.18134665205268 -13.05 1.2
      vertex 38.33395798538841 -10.721600999081687 1.2
      vertex 38.18134665205268 -10.95 1.2
    endloop
  endfacet
  facet normal 0 0 1
    outer loop
      vertex 38.33395798538841 -13.278399000918313 1.2
      vertex 38.51507575950825 -10.51507575950825 1.2
      vertex 38.33395798538841 -10.721600999081687 1.2
    endloop
  endfacet
  facet normal 0 0 1
    outer loop
      vertex 38.51507575950825 -13.48492424049175 1.2
      vertex 38.72160099908169 -10.333957985388405 1.2
      vertex 38.51507575950825 -10.51507575950825 1.2
    endloop
  endfacet
  facet normal 0 0 1
    outer loop
      vertex 38.72160099908169 -13.666042014611595 1.2
      vertex 38.95 -10.181346652052678 1.2
      vertex 38.72160099908169 -10.333957985388405 1.2
    endloop
  endfacet
  facet normal 0 0 1
    outer loop
      vertex 38.95 -13.818653347947322 1.2
      vertex 39.196364792033314 -10.059852981726298 1.2
      vertex 38.95 -10.181346652052678 1.2
    endloop
  endfacet
  facet normal 0 0 1
    outer loop
      vertex 39.196364792033314 -13.940147018273702 1.2
      vertex 39.4564800052847 -9.971555764792956 1.2
      vertex 39.196364792033314 -10.059852981726298 1.2
    endloop
  endfacet
  facet normal 0 0 1
    outer loop
      vertex 39.4564800052847 -14.028444235207044 1.2
      vertex 39.72589499633789 -9.917965791114998 1.2
      vertex 39.4564800052847 -9.971555764792956 1.2
    endloop
  endfacet
  facet normal 0 0 1
    outer loop
      vertex 39.72589499633789 -14.082034208885002 1.2
      vertex 40 -14.1 1.2
      vertex 40 -9.9 1.2
    endloop
  endfacet
  facet normal 0 0 1
    outer loop
      vertex 40 -14.1 1.2
      vertex 40.27410500366211 -14.082034208885002 1.2
      vertex 40.27410500366211 -9.917965791114998 1.2
    endloop
  endfacet
  facet normal 0 0 1
    outer loop
      vertex 40.27410500366211 -14.082034208885002 1.2
      vertex 40.5435199947153 -14.028444235207044 1.2
      vertex 40.5435199947153 -9.971555764792956 1.2
    endloop
  endfacet
  facet normal 0 0 1
    outer loop
      vertex 40.5435199947153 -14.028444235207044 1.2
      vertex 40.803635207966686 -13.940147018273702 1.2
      vertex 40.803635207966686 -10.059852981726298 1.2
    endloop
  endfacet
  facet normal 0 0 1
    outer loop
      vertex 40.803635207966686 -13.940147018273702 1.2
      vertex 41.05 -13.818653347947322 1.2
      vertex 41.05 -10.181346652052678 1.2
    endloop
  endfacet
  facet normal 0 0 1
    outer loop
      vertex 41.05 -13.818653347947322 1.2
      vertex 41.27839900091831 -13.666042014611595 1.2
      vertex 41.27839900091831 -10.333957985388405 1.2
    endloop
  endfacet
  facet normal 0 0 1
    outer loop
      vertex 41.27839900091831 -13.666042014611595 1.2
      vertex 41.48492424049175 -13.48492424049175 1.2
      vertex 41.48492424049175 -10.51507575950825 1.2
    endloop
  endfacet
  facet normal 0 0 1
    outer loop
      vertex 41.48492424049175 -13.48492424049175 1.2
      vertex 41.66604201461159 -13.278399000918313 1.2
      vertex 41.66604201461159 -10.721600999081687 1.2
    endloop
  endfacet
  facet normal 0 0 1
    outer loop
      vertex 41.66604201461159 -13.278399000918313 1.2
      vertex 41.81865334794732 -13.05 1.2
      vertex 41.81865334794732 -10.95 1.2
    endloop
  endfacet
  facet normal 0 0 1
    outer loop
      vertex 41.81865334794732 -13.05 1.2
      vertex 41.940147018273706 -12.803635207966689 1.2
      vertex 41.940147018273706 -11.196364792033311 1.2
    endloop
  endfacet
  facet normal 0 0 1
    outer loop
      vertex 41.940147018273706 -12.803635207966689 1.2
      vertex 42.02844423520705 -12.543519994715293 1.2
      vertex 42.02844423520705 -11.456480005284707 1.2
    endloop
  endfacet
  facet normal 0 0 1
    outer loop
      vertex 42.02844423520705 -12.543519994715293 1.2
      vertex 42.082034208885005 -12.274105003662108 1.2
      vertex 42.082034208885005 -11.725894996337892 1.2
    endloop
  endfacet
  facet normal 0 0 1
    outer loop
      vertex 42.082034208885005 -12.274105003662108 1.2
      vertex 42.1 -12 1.2
      vertex 42.082034208885005 -11.725894996337892 1.2
    endloop
  endfacet
  facet normal 0 0 1
    outer loop
      vertex 39.72589499633789 -14.082034208885002 1.2
      vertex 40 -9.9 1.2
      vertex 39.72589499633789 -9.917965791114998 1.2
    endloop
  endfacet
  facet normal 0 0 1
    outer loop
      vertex 40 -14.1 1.2
      vertex 40.27410500366211 -9.917965791114998 1.2
      vertex 40 -9.9 1.2
    endloop
  endfacet
  facet normal 0 0 1
    outer loop
      vertex 40.27410500366211 -14.082034208885002 1.2
      vertex 40.5435199947153 -9.971555764792956 1.2
      vertex 40.27410500366211 -9.917965791114998 1.2
    endloop
  endfacet
  facet normal 0 0 1
    outer loop
      vertex 40.5435199947153 -14.028444235207044 1.2
      vertex 40.803635207966686 -10.059852981726298 1.2
      vertex 40.5435199947153 -9.971555764792956 1.2
    endloop
  endfacet
  facet normal 0 0 1
    outer loop
      vertex 40.803635207966686 -13.940147018273702 1.2
      vertex 41.05 -10.181346652052678 1.2
      vertex 40.803635207966686 -10.059852981726298 1.2
    endloop
  endfacet
  facet normal 0 0 1
    outer loop
      vertex 41.05 -13.818653347947322 1.2
      vertex 41.27839900091831 -10.333957985388405 1.2
      vertex 41.05 -10.181346652052678 1.2
    endloop
  endfacet
  facet normal 0 0 1
    outer loop
      vertex 41.48492424049175 -13.48492424049175 1.2
      vertex 41.66604201461159 -10.721600999081687 1.2
      vertex 41.48492424049175 -10.51507575950825 1.2
    endloop
  endfacet
  facet normal 0 0 1
    outer loop
      vertex 41.66604201461159 -13.278399000918313 1.2
      vertex 41.81865334794732 -10.95 1.2
      vertex 41.66604201461159 -10.721600999081687 1.2
    endloop
  endfacet
  facet normal 0 0 1
    outer loop
      vertex 41.27839900091831 -13.666042014611595 1.2
      vertex 41.48492424049175 -10.51507575950825 1.2
      vertex 41.27839900091831 -10.333957985388405 1.2
    endloop
  endfacet
  facet normal 0 0 1
    outer loop
      vertex 41.940147018273706 -12.803635207966689 1.2
      vertex 42.02844423520705 -11.456480005284707 1.2
      vertex 41.940147018273706 -11.196364792033311 1.2
    endloop
  endfacet
  facet normal 0 0 1
    outer loop
      vertex 42.02844423520705 -12.543519994715293 1.2
      vertex 42.082034208885005 -11.725894996337892 1.2
      vertex 42.02844423520705 -11.456480005284707 1.2
    endloop
  endfacet
  facet normal 0 0 1
    outer loop
      vertex 41.81865334794732 -13.05 1.2
      vertex 41.940147018273706 -11.196364792033311 1.2
      vertex 41.81865334794732 -10.95 1.2
    endloop
  endfacet
  facet normal 0.8314696123025439 0.5555702330196043 0
    outer loop
      vertex 38.18134665205268 -13.05 1.2
      vertex 38.18134665205268 -13.05 2.4
      vertex 38.33395798538841 -13.278399000918313 1.2
    endloop
  endfacet
  facet normal 0.8968727415326793 0.4422886902190196 -1.7805149106679357e-18
    outer loop
      vertex 38.18134665205268 -13.05 1.2
      vertex 38.059852981726294 -12.803635207966689 1.2
      vertex 38.059852981726294 -12.803635207966689 2.4
    endloop
  endfacet
  facet normal 0.9469301294951059 0.3214394653031609 -6.211377834362269e-19
    outer loop
      vertex 38.059852981726294 -12.803635207966689 1.2
      vertex 37.97155576479295 -12.543519994715293 1.2
      vertex 37.97155576479295 -12.543519994715293 2.4
    endloop
  endfacet
  facet normal 0.9807852804032304 0.19509032201612772 2.097984074980883e-18
    outer loop
      vertex 37.97155576479295 -12.543519994715293 1.2
      vertex 37.917965791114995 -12.274105003662108 1.2
      vertex 37.917965791114995 -12.274105003662108 2.4
    endloop
  endfacet
  facet normal 0.997858923238604 0.06540312923013537 -4.197102590166255e-19
    outer loop
      vertex 37.917965791114995 -12.274105003662108 1.2
      vertex 37.9 -12 1.2
      vertex 37.9 -12 2.4
    endloop
  endfacet
  facet normal 0.6593458151000672 0.7518398074789789 9.624038198862197e-18
    outer loop
      vertex 38.51507575950825 -13.48492424049175 1.2
      vertex 38.72160099908169 -13.666042014611595 2.4
      vertex 38.72160099908169 -13.666042014611595 1.2
    endloop
  endfacet
  facet normal 0.7518398074789853 0.6593458151000599 0
    outer loop
      vertex 38.33395798538841 -13.278399000918313 1.2
      vertex 38.33395798538841 -13.278399000918313 2.4
      vertex 38.51507575950825 -13.48492424049175 1.2
    endloop
  endfacet
  facet normal 0.997858923238604 -0.06540312923013537 4.197102590166255e-19
    outer loop
      vertex 37.9 -12 1.2
      vertex 37.917965791114995 -11.725894996337892 1.2
      vertex 37.917965791114995 -11.725894996337892 2.4
    endloop
  endfacet
  facet normal 0.9807852804032304 -0.19509032201612772 -2.097984074980883e-18
    outer loop
      vertex 37.917965791114995 -11.725894996337892 1.2
      vertex 37.97155576479295 -11.456480005284707 1.2
      vertex 37.97155576479295 -11.456480005284707 2.4
    endloop
  endfacet
  facet normal 0.9469301294951059 -0.3214394653031609 6.211377834362269e-19
    outer loop
      vertex 37.97155576479295 -11.456480005284707 1.2
      vertex 38.059852981726294 -11.196364792033311 1.2
      vertex 38.059852981726294 -11.196364792033311 2.4
    endloop
  endfacet
  facet normal 0.8968727415326793 -0.4422886902190196 1.7805149106679357e-18
    outer loop
      vertex 38.059852981726294 -11.196364792033311 1.2
      vertex 38.18134665205268 -10.95 1.2
      vertex 38.18134665205268 -10.95 2.4
    endloop
  endfacet
  facet normal 0.8314696123025439 -0.5555702330196043 -2.8433020312808396e-19
    outer loop
      vertex 38.18134665205268 -10.95 1.2
      vertex 38.33395798538841 -10.721600999081687 1.2
      vertex 38.33395798538841 -10.721600999081687 2.4
    endloop
  endfacet
  facet normal 0.7518398074789853 -0.6593458151000599 -4.1703461689178565e-18
    outer loop
      vertex 38.33395798538841 -10.721600999081687 1.2
      vertex 38.51507575950825 -10.51507575950825 1.2
      vertex 38.51507575950825 -10.51507575950825 2.4
    endloop
  endfacet
  facet normal 0.6593458151000672 -0.7518398074789789 0
    outer loop
      vertex 38.51507575950825 -10.51507575950825 1.2
      vertex 38.72160099908169 -10.333957985388405 1.2
      vertex 38.51507575950825 -10.51507575950825 2.4
    endloop
  endfacet
  facet normal 0.5555702330195982 -0.8314696123025478 0
    outer loop
      vertex 38.72160099908169 -10.333957985388405 1.2
      vertex 38.95 -10.181346652052678 1.2
      vertex 38.72160099908169 -10.333957985388405 2.4
    endloop
  endfacet
  facet normal 0.44228869021899886 -0.8968727415326895 0
    outer loop
      vertex 38.95 -10.181346652052678 1.2
      vertex 39.196364792033314 -10.059852981726298 1.2
      vertex 38.95 -10.181346652052678 2.4
    endloop
  endfacet
  facet normal 0.32143946530316875 -0.9469301294951031 0
    outer loop
      vertex 39.196364792033314 -10.059852981726298 1.2
      vertex 39.4564800052847 -9.971555764792956 1.2
      vertex 39.196364792033314 -10.059852981726298 2.4
    endloop
  endfacet
  facet normal 0.19509032201612525 -0.9807852804032311 0
    outer loop
      vertex 39.4564800052847 -9.971555764792956 1.2
      vertex 39.72589499633789 -9.917965791114998 1.2
      vertex 39.4564800052847 -9.971555764792956 2.4
    endloop
  endfacet
  facet normal -0.6593458151000672 0.7518398074789789 -9.624038198862197e-18
    outer loop
      vertex 41.27839900091831 -13.666042014611595 1.2
      vertex 41.48492424049175 -13.48492424049175 2.4
      vertex 41.48492424049175 -13.48492424049175 1.2
    endloop
  endfacet
  facet normal -0.7518398074789853 0.6593458151000599 0
    outer loop
      vertex 41.48492424049175 -13.48492424049175 1.2
      vertex 41.48492424049175 -13.48492424049175 2.4
      vertex 41.66604201461159 -13.278399000918313 1.2
    endloop
  endfacet
  facet normal -0.8314696123025439 0.5555702330196043 0
    outer loop
      vertex 41.66604201461159 -13.278399000918313 1.2
      vertex 41.66604201461159 -13.278399000918313 2.4
      vertex 41.81865334794732 -13.05 1.2
    endloop
  endfacet
  facet normal -0.8968727415326793 0.4422886902190196 0
    outer loop
      vertex 41.81865334794732 -13.05 1.2
      vertex 41.81865334794732 -13.05 2.4
      vertex 41.940147018273706 -12.803635207966689 1.2
    endloop
  endfacet
  facet normal -0.9469301294951059 0.3214394653031609 0
    outer loop
      vertex 41.940147018273706 -12.803635207966689 1.2
      vertex 41.940147018273706 -12.803635207966689 2.4
      vertex 42.02844423520705 -12.543519994715293 1.2
    endloop
  endfacet
  facet normal -0.9807852804032304 0.19509032201612772 0
    outer loop
      vertex 42.02844423520705 -12.543519994715293 1.2
      vertex 42.02844423520705 -12.543519994715293 2.4
      vertex 42.082034208885005 -12.274105003662108 1.2
    endloop
  endfacet
  facet normal -0.997858923238604 0.06540312923013537 0
    outer loop
      vertex 42.082034208885005 -12.274105003662108 1.2
      vertex 42.082034208885005 -12.274105003662108 2.4
      vertex 42.1 -12 1.2
    endloop
  endfacet
  facet normal -0.997858923238604 -0.06540312923013537 0
    outer loop
      vertex 42.1 -12 1.2
      vertex 42.1 -12 2.4
      vertex 42.082034208885005 -11.725894996337892 1.2
    endloop
  endfacet
  facet normal -0.9807852804032304 -0.19509032201612772 0
    outer loop
      vertex 42.082034208885005 -11.725894996337892 1.2
      vertex 42.082034208885005 -11.725894996337892 2.4
      vertex 42.02844423520705 -11.456480005284707 1.2
    endloop
  endfacet
  facet normal -0.9469301294951059 -0.3214394653031609 0
    outer loop
      vertex 42.02844423520705 -11.456480005284707 1.2
      vertex 42.02844423520705 -11.456480005284707 2.4
      vertex 41.940147018273706 -11.196364792033311 1.2
    endloop
  endfacet
  facet normal -0.8314696123025439 -0.5555702330196043 0
    outer loop
      vertex 41.81865334794732 -10.95 1.2
      vertex 41.81865334794732 -10.95 2.4
      vertex 41.66604201461159 -10.721600999081687 1.2
    endloop
  endfacet
  facet normal -0.6593458151000672 -0.7518398074789789 9.624038198862197e-18
    outer loop
      vertex 41.48492424049175 -10.51507575950825 1.2
      vertex 41.27839900091831 -10.333957985388405 2.4
      vertex 41.27839900091831 -10.333957985388405 1.2
    endloop
  endfacet
  facet normal -0.7518398074789853 -0.6593458151000599 0
    outer loop
      vertex 41.66604201461159 -10.721600999081687 1.2
      vertex 41.66604201461159 -10.721600999081687 2.4
      vertex 41.48492424049175 -10.51507575950825 1.2
    endloop
  endfacet
  facet normal -0.8968727415326793 -0.4422886902190196 0
    outer loop
      vertex 41.940147018273706 -11.196364792033311 1.2
      vertex 41.940147018273706 -11.196364792033311 2.4
      vertex 41.81865334794732 -10.95 1.2
    endloop
  endfacet
  facet normal 0.06540312923014183 -0.9978589232386037 0
    outer loop
      vertex 39.72589499633789 -9.917965791114998 1.2
      vertex 40 -9.9 1.2
      vertex 39.72589499633789 -9.917965791114998 2.4
    endloop
  endfacet
  facet normal -0.06540312923014183 -0.9978589232386037 0
    outer loop
      vertex 40 -9.9 1.2
      vertex 40.27410500366211 -9.917965791114998 1.2
      vertex 40 -9.9 2.4
    endloop
  endfacet
  facet normal -0.19509032201612525 -0.9807852804032311 0
    outer loop
      vertex 40.27410500366211 -9.917965791114998 1.2
      vertex 40.5435199947153 -9.971555764792956 1.2
      vertex 40.27410500366211 -9.917965791114998 2.4
    endloop
  endfacet
  facet normal -0.32143946530316875 -0.9469301294951031 0
    outer loop
      vertex 40.5435199947153 -9.971555764792956 1.2
      vertex 40.803635207966686 -10.059852981726298 1.2
      vertex 40.5435199947153 -9.971555764792956 2.4
    endloop
  endfacet
  facet normal -0.44228869021899886 -0.8968727415326895 4.061972513528564e-18
    outer loop
      vertex 41.05 -10.181346652052678 1.2
      vertex 40.803635207966686 -10.059852981726298 2.4
      vertex 40.803635207966686 -10.059852981726298 1.2
    endloop
  endfacet
  facet normal -0.5555702330195982 -0.8314696123025478 -2.59963627028197e-18
    outer loop
      vertex 41.27839900091831 -10.333957985388405 1.2
      vertex 41.05 -10.181346652052678 2.4
      vertex 41.05 -10.181346652052678 1.2
    endloop
  endfacet
  facet normal 0.8314696123025439 0.5555702330196043 0
    outer loop
      vertex 38.33395798538841 -13.278399000918313 1.2
      vertex 38.18134665205268 -13.05 2.4
      vertex 38.33395798538841 -13.278399000918313 2.4
    endloop
  endfacet
  facet normal 0.8968727415326793 0.4422886902190196 0
    outer loop
      vertex 38.18134665205268 -13.05 1.2
      vertex 38.059852981726294 -12.803635207966689 2.4
      vertex 38.18134665205268 -13.05 2.4
    endloop
  endfacet
  facet normal 0.9469301294951059 0.3214394653031609 0
    outer loop
      vertex 38.059852981726294 -12.803635207966689 1.2
      vertex 37.97155576479295 -12.543519994715293 2.4
      vertex 38.059852981726294 -12.803635207966689 2.4
    endloop
  endfacet
  facet normal 0.9807852804032304 0.19509032201612772 0
    outer loop
      vertex 37.97155576479295 -12.543519994715293 1.2
      vertex 37.917965791114995 -12.274105003662108 2.4
      vertex 37.97155576479295 -12.543519994715293 2.4
    endloop
  endfacet
  facet normal 0.997858923238604 0.06540312923013537 0
    outer loop
      vertex 37.917965791114995 -12.274105003662108 1.2
      vertex 37.9 -12 2.4
      vertex 37.917965791114995 -12.274105003662108 2.4
    endloop
  endfacet
  facet normal 0.6593458151000672 0.7518398074789789 0
    outer loop
      vertex 38.51507575950825 -13.48492424049175 1.2
      vertex 38.51507575950825 -13.48492424049175 2.4
      vertex 38.72160099908169 -13.666042014611595 2.4
    endloop
  endfacet
  facet normal 0.7518398074789853 0.6593458151000599 0
    outer loop
      vertex 38.51507575950825 -13.48492424049175 1.2
      vertex 38.33395798538841 -13.278399000918313 2.4
      vertex 38.51507575950825 -13.48492424049175 2.4
    endloop
  endfacet
  facet normal 0.997858923238604 -0.06540312923013537 0
    outer loop
      vertex 37.9 -12 1.2
      vertex 37.917965791114995 -11.725894996337892 2.4
      vertex 37.9 -12 2.4
    endloop
  endfacet
  facet normal 0.9807852804032304 -0.19509032201612772 0
    outer loop
      vertex 37.917965791114995 -11.725894996337892 1.2
      vertex 37.97155576479295 -11.456480005284707 2.4
      vertex 37.917965791114995 -11.725894996337892 2.4
    endloop
  endfacet
  facet normal 0.9469301294951059 -0.3214394653031609 0
    outer loop
      vertex 37.97155576479295 -11.456480005284707 1.2
      vertex 38.059852981726294 -11.196364792033311 2.4
      vertex 37.97155576479295 -11.456480005284707 2.4
    endloop
  endfacet
  facet normal 0.8968727415326793 -0.4422886902190196 0
    outer loop
      vertex 38.059852981726294 -11.196364792033311 1.2
      vertex 38.18134665205268 -10.95 2.4
      vertex 38.059852981726294 -11.196364792033311 2.4
    endloop
  endfacet
  facet normal 0.8314696123025439 -0.5555702330196043 0
    outer loop
      vertex 38.18134665205268 -10.95 1.2
      vertex 38.33395798538841 -10.721600999081687 2.4
      vertex 38.18134665205268 -10.95 2.4
    endloop
  endfacet
  facet normal 0.7518398074789853 -0.6593458151000599 0
    outer loop
      vertex 38.33395798538841 -10.721600999081687 1.2
      vertex 38.51507575950825 -10.51507575950825 2.4
      vertex 38.33395798538841 -10.721600999081687 2.4
    endloop
  endfacet
  facet normal 0.6593458151000672 -0.7518398074789789 0
    outer loop
      vertex 38.72160099908169 -10.333957985388405 1.2
      vertex 38.72160099908169 -10.333957985388405 2.4
      vertex 38.51507575950825 -10.51507575950825 2.4
    endloop
  endfacet
  facet normal 0 0 -1
    outer loop
      vertex 38.18134665205268 -13.05 2.4
      vertex 38.18134665205268 -10.95 2.4
      vertex 38.33395798538841 -13.278399000918313 2.4
    endloop
  endfacet
  facet normal 0 0 -1
    outer loop
      vertex 37.97155576479295 -12.543519994715293 2.4
      vertex 37.917965791114995 -12.274105003662108 2.4
      vertex 37.917965791114995 -11.725894996337892 2.4
    endloop
  endfacet
  facet normal 0 0 -1
    outer loop
      vertex 37.917965791114995 -12.274105003662108 2.4
      vertex 37.9 -12 2.4
      vertex 37.917965791114995 -11.725894996337892 2.4
    endloop
  endfacet
  facet normal 0 0 -1
    outer loop
      vertex 38.18134665205268 -13.05 2.4
      vertex 38.059852981726294 -12.803635207966689 2.4
      vertex 38.059852981726294 -11.196364792033311 2.4
    endloop
  endfacet
  facet normal 0 0 -1
    outer loop
      vertex 38.059852981726294 -12.803635207966689 2.4
      vertex 37.97155576479295 -12.543519994715293 2.4
      vertex 37.97155576479295 -11.456480005284707 2.4
    endloop
  endfacet
  facet normal 0 0 -1
    outer loop
      vertex 38.3 -12 2.4
      vertex 38.33395798538841 -13.278399000918313 2.4
      vertex 38.18134665205268 -10.95 2.4
    endloop
  endfacet
  facet normal 0 0 -1
    outer loop
      vertex 38.95 -13.818653347947322 2.4
      vertex 38.72160099908169 -13.666042014611595 2.4
      vertex 38.965105570685175 -13.3487006784951 2.4
    endloop
  endfacet
  facet normal 0 0 -1
    outer loop
      vertex 38.51507575950825 -13.48492424049175 2.4
      vertex 38.79791847198287 -13.20208152801713 2.4
      vertex 38.72160099908169 -13.666042014611595 2.4
    endloop
  endfacet
  facet normal 0 0 -1
    outer loop
      vertex 38.72160099908169 -13.666042014611595 2.4
      vertex 38.79791847198287 -13.20208152801713 2.4
      vertex 38.965105570685175 -13.3487006784951 2.4
    endloop
  endfacet
  facet normal 0 0 -1
    outer loop
      vertex 38.33395798538841 -13.278399000918313 2.4
      vertex 38.527756813566455 -12.85 2.4
      vertex 38.51507575950825 -13.48492424049175 2.4
    endloop
  endfacet
  facet normal 0 0 -1
    outer loop
      vertex 38.51507575950825 -13.48492424049175 2.4
      vertex 38.6512993215049 -13.034894429314825 2.4
      vertex 38.79791847198287 -13.20208152801713 2.4
    endloop
  endfacet
  facet normal 0 0 -1
    outer loop
      vertex 38.51507575950825 -13.48492424049175 2.4
      vertex 38.527756813566455 -12.85 2.4
      vertex 38.6512993215049 -13.034894429314825 2.4
    endloop
  endfacet
  facet normal 0 0 -1
    outer loop
      vertex 38.33395798538841 -13.278399000918313 2.4
      vertex 38.429404794730814 -12.650561835020653 2.4
      vertex 38.527756813566455 -12.85 2.4
    endloop
  endfacet
  facet normal 0 0 -1
    outer loop
      vertex 38.95 -13.818653347947322 2.4
      vertex 39.15 -13.472243186433545 2.4
      vertex 39.34943816497935 -13.570595205269187 2.4
    endloop
  endfacet
  facet normal 0 0 -1
    outer loop
      vertex 38.95 -13.818653347947322 2.4
      vertex 38.965105570685175 -13.3487006784951 2.4
      vertex 39.15 -13.472243186433545 2.4
    endloop
  endfacet
  facet normal 0 0 -1
    outer loop
      vertex 38.33395798538841 -13.278399000918313 2.4
      vertex 38.357926095308585 -12.439992376674285 2.4
      vertex 38.429404794730814 -12.650561835020653 2.4
    endloop
  endfacet
  facet normal 0 0 -1
    outer loop
      vertex 38.33395798538841 -13.278399000918313 2.4
      vertex 38.31454373566452 -12.221894526774088 2.4
      vertex 38.357926095308585 -12.439992376674285 2.4
    endloop
  endfacet
  facet normal 0 0 -1
    outer loop
      vertex 38.3 -12 2.4
      vertex 38.31454373566452 -12.221894526774088 2.4
      vertex 38.33395798538841 -13.278399000918313 2.4
    endloop
  endfacet
  facet normal 0 0 -1
    outer loop
      vertex 37.97155576479295 -12.543519994715293 2.4
      vertex 37.917965791114995 -11.725894996337892 2.4
      vertex 37.97155576479295 -11.456480005284707 2.4
    endloop
  endfacet
  facet normal 0 0 -1
    outer loop
      vertex 38.059852981726294 -12.803635207966689 2.4
      vertex 37.97155576479295 -11.456480005284707 2.4
      vertex 38.059852981726294 -11.196364792033311 2.4
    endloop
  endfacet
  facet normal 0 0 -1
    outer loop
      vertex 38.18134665205268 -13.05 2.4
      vertex 38.059852981726294 -11.196364792033311 2.4
      vertex 38.18134665205268 -10.95 2.4
    endloop
  endfacet
  facet normal 0 0 -1
    outer loop
      vertex 38.3 -12 2.4
      vertex 38.18134665205268 -10.95 2.4
      vertex 38.31454373566452 -11.778105473225912 2.4
    endloop
  endfacet
  facet normal 0 0 -1
    outer loop
      vertex 38.18134665205268 -10.95 2.4
      vertex 38.33395798538841 -10.721600999081687 2.4
      vertex 38.31454373566452 -11.778105473225912 2.4
    endloop
  endfacet
  facet normal 0 0 -1
    outer loop
      vertex 38.31454373566452 -11.778105473225912 2.4
      vertex 38.33395798538841 -10.721600999081687 2.4
      vertex 38.357926095308585 -11.560007623325715 2.4
    endloop
  endfacet
  facet normal 0 0 -1
    outer loop
      vertex 38.357926095308585 -11.560007623325715 2.4
      vertex 38.33395798538841 -10.721600999081687 2.4
      vertex 38.429404794730814 -11.349438164979347 2.4
    endloop
  endfacet
  facet normal 0 0 -1
    outer loop
      vertex 38.429404794730814 -11.349438164979347 2.4
      vertex 38.51507575950825 -10.51507575950825 2.4
      vertex 38.527756813566455 -11.15 2.4
    endloop
  endfacet
  facet normal 0 0 -1
    outer loop
      vertex 38.429404794730814 -11.349438164979347 2.4
      vertex 38.33395798538841 -10.721600999081687 2.4
      vertex 38.51507575950825 -10.51507575950825 2.4
    endloop
  endfacet
  facet normal 0 0 -1
    outer loop
      vertex 38.527756813566455 -11.15 2.4
      vertex 38.51507575950825 -10.51507575950825 2.4
      vertex 38.6512993215049 -10.965105570685175 2.4
    endloop
  endfacet
  facet normal 0 0 -1
    outer loop
      vertex 38.6512993215049 -10.965105570685175 2.4
      vertex 38.51507575950825 -10.51507575950825 2.4
      vertex 38.72160099908169 -10.333957985388405 2.4
    endloop
  endfacet
  facet normal 0 0 -1
    outer loop
      vertex 38.6512993215049 -10.965105570685175 2.4
      vertex 38.72160099908169 -10.333957985388405 2.4
      vertex 38.79791847198287 -10.79791847198287 2.4
    endloop
  endfacet
  facet normal 0 0 -1
    outer loop
      vertex 38.79791847198287 -10.79791847198287 2.4
      vertex 38.95 -10.181346652052678 2.4
      vertex 38.965105570685175 -10.6512993215049 2.4
    endloop
  endfacet
  facet normal 0 0 -1
    outer loop
      vertex 38.79791847198287 -10.79791847198287 2.4
      vertex 38.72160099908169 -10.333957985388405 2.4
      vertex 38.95 -10.181346652052678 2.4
    endloop
  endfacet
  facet normal 0 0 -1
    outer loop
      vertex 38.965105570685175 -10.6512993215049 2.4
      vertex 38.95 -10.181346652052678 2.4
      vertex 39.15 -10.527756813566455 2.4
    endloop
  endfacet
  facet normal 0 0 -1
    outer loop
      vertex 39.15 -10.527756813566455 2.4
      vertex 39.196364792033314 -10.059852981726298 2.4
      vertex 39.34943816497935 -10.429404794730813 2.4
    endloop
  endfacet
  facet normal 0.5555702330195982 -0.8314696123025478 0
    outer loop
      vertex 38.95 -10.181346652052678 1.2
      vertex 38.95 -10.181346652052678 2.4
      vertex 38.72160099908169 -10.333957985388405 2.4
    endloop
  endfacet
  facet normal 0.44228869021899886 -0.8968727415326895 0
    outer loop
      vertex 39.196364792033314 -10.059852981726298 1.2
      vertex 39.196364792033314 -10.059852981726298 2.4
      vertex 38.95 -10.181346652052678 2.4
    endloop
  endfacet
  facet normal 0.32143946530316875 -0.9469301294951031 0
    outer loop
      vertex 39.4564800052847 -9.971555764792956 1.2
      vertex 39.4564800052847 -9.971555764792956 2.4
      vertex 39.196364792033314 -10.059852981726298 2.4
    endloop
  endfacet
  facet normal 0.19509032201612525 -0.9807852804032311 0
    outer loop
      vertex 39.72589499633789 -9.917965791114998 1.2
      vertex 39.72589499633789 -9.917965791114998 2.4
      vertex 39.4564800052847 -9.971555764792956 2.4
    endloop
  endfacet
  facet normal 0 0 -1
    outer loop
      vertex 39.15 -10.527756813566455 2.4
      vertex 38.95 -10.181346652052678 2.4
      vertex 39.196364792033314 -10.059852981726298 2.4
    endloop
  endfacet
  facet normal 0 0 -1
    outer loop
      vertex 39.34943816497935 -10.429404794730813 2.4
      vertex 39.196364792033314 -10.059852981726298 2.4
      vertex 39.4564800052847 -9.971555764792956 2.4
    endloop
  endfacet
  facet normal 0 0 -1
    outer loop
      vertex 39.34943816497935 -10.429404794730813 2.4
      vertex 39.4564800052847 -9.971555764792956 2.4
      vertex 39.56000762332572 -10.357926095308583 2.4
    endloop
  endfacet
  facet normal 0 0 -1
    outer loop
      vertex 39.56000762332572 -10.357926095308583 2.4
      vertex 39.72589499633789 -9.917965791114998 2.4
      vertex 39.778105473225914 -10.314543735664522 2.4
    endloop
  endfacet
  facet normal 0 0 -1
    outer loop
      vertex 39.56000762332572 -10.357926095308583 2.4
      vertex 39.4564800052847 -9.971555764792956 2.4
      vertex 39.72589499633789 -9.917965791114998 2.4
    endloop
  endfacet
  facet normal -0.6593458151000672 0.7518398074789789 0
    outer loop
      vertex 41.27839900091831 -13.666042014611595 1.2
      vertex 41.27839900091831 -13.666042014611595 2.4
      vertex 41.48492424049175 -13.48492424049175 2.4
    endloop
  endfacet
  facet normal -0.7518398074789853 0.6593458151000599 0
    outer loop
      vertex 41.66604201461159 -13.278399000918313 1.2
      vertex 41.48492424049175 -13.48492424049175 2.4
      vertex 41.66604201461159 -13.278399000918313 2.4
    endloop
  endfacet
  facet normal -0.8314696123025439 0.5555702330196043 0
    outer loop
      vertex 41.81865334794732 -13.05 1.2
      vertex 41.66604201461159 -13.278399000918313 2.4
      vertex 41.81865334794732 -13.05 2.4
    endloop
  endfacet
  facet normal -0.8968727415326793 0.4422886902190196 0
    outer loop
      vertex 41.940147018273706 -12.803635207966689 1.2
      vertex 41.81865334794732 -13.05 2.4
      vertex 41.940147018273706 -12.803635207966689 2.4
    endloop
  endfacet
  facet normal -0.9469301294951059 0.3214394653031609 0
    outer loop
      vertex 42.02844423520705 -12.543519994715293 1.2
      vertex 41.940147018273706 -12.803635207966689 2.4
      vertex 42.02844423520705 -12.543519994715293 2.4
    endloop
  endfacet
  facet normal -0.9807852804032304 0.19509032201612772 0
    outer loop
      vertex 42.082034208885005 -12.274105003662108 1.2
      vertex 42.02844423520705 -12.543519994715293 2.4
      vertex 42.082034208885005 -12.274105003662108 2.4
    endloop
  endfacet
  facet normal -0.997858923238604 0.06540312923013537 0
    outer loop
      vertex 42.1 -12 1.2
      vertex 42.082034208885005 -12.274105003662108 2.4
      vertex 42.1 -12 2.4
    endloop
  endfacet
  facet normal -0.997858923238604 -0.06540312923013537 0
    outer loop
      vertex 42.082034208885005 -11.725894996337892 1.2
      vertex 42.1 -12 2.4
      vertex 42.082034208885005 -11.725894996337892 2.4
    endloop
  endfacet
  facet normal -0.9807852804032304 -0.19509032201612772 0
    outer loop
      vertex 42.02844423520705 -11.456480005284707 1.2
      vertex 42.082034208885005 -11.725894996337892 2.4
      vertex 42.02844423520705 -11.456480005284707 2.4
    endloop
  endfacet
  facet normal -0.9469301294951059 -0.3214394653031609 0
    outer loop
      vertex 41.940147018273706 -11.196364792033311 1.2
      vertex 42.02844423520705 -11.456480005284707 2.4
      vertex 41.940147018273706 -11.196364792033311 2.4
    endloop
  endfacet
  facet normal -0.8314696123025439 -0.5555702330196043 0
    outer loop
      vertex 41.66604201461159 -10.721600999081687 1.2
      vertex 41.81865334794732 -10.95 2.4
      vertex 41.66604201461159 -10.721600999081687 2.4
    endloop
  endfacet
  facet normal -0.5555702330195982 -0.8314696123025478 0
    outer loop
      vertex 41.27839900091831 -10.333957985388405 1.2
      vertex 41.27839900091831 -10.333957985388405 2.4
      vertex 41.05 -10.181346652052678 2.4
    endloop
  endfacet
  facet normal -0.6593458151000672 -0.7518398074789789 0
    outer loop
      vertex 41.48492424049175 -10.51507575950825 1.2
      vertex 41.48492424049175 -10.51507575950825 2.4
      vertex 41.27839900091831 -10.333957985388405 2.4
    endloop
  endfacet
  facet normal -0.7518398074789853 -0.6593458151000599 0
    outer loop
      vertex 41.48492424049175 -10.51507575950825 1.2
      vertex 41.66604201461159 -10.721600999081687 2.4
      vertex 41.48492424049175 -10.51507575950825 2.4
    endloop
  endfacet
  facet normal -0.8968727415326793 -0.4422886902190196 0
    outer loop
      vertex 41.81865334794732 -10.95 1.2
      vertex 41.940147018273706 -11.196364792033311 2.4
      vertex 41.81865334794732 -10.95 2.4
    endloop
  endfacet
  facet normal 0 0 -1
    outer loop
      vertex 40.803635207966686 -13.940147018273702 2.4
      vertex 40.65056183502065 -13.570595205269187 2.4
      vertex 40.85 -13.472243186433545 2.4
    endloop
  endfacet
  facet normal 0 0 -1
    outer loop
      vertex 41.05 -13.818653347947322 2.4
      vertex 40.85 -13.472243186433545 2.4
      vertex 41.034894429314825 -13.3487006784951 2.4
    endloop
  endfacet
  facet normal 0 0 -1
    outer loop
      vertex 41.05 -13.818653347947322 2.4
      vertex 41.034894429314825 -13.3487006784951 2.4
      vertex 41.20208152801713 -13.20208152801713 2.4
    endloop
  endfacet
  facet normal 0 0 -1
    outer loop
      vertex 41.05 -13.818653347947322 2.4
      vertex 41.20208152801713 -13.20208152801713 2.4
      vertex 41.27839900091831 -13.666042014611595 2.4
    endloop
  endfacet
  facet normal 0 0 -1
    outer loop
      vertex 41.27839900091831 -13.666042014611595 2.4
      vertex 41.20208152801713 -13.20208152801713 2.4
      vertex 41.3487006784951 -13.034894429314825 2.4
    endloop
  endfacet
  facet normal 0 0 -1
    outer loop
      vertex 41.27839900091831 -13.666042014611595 2.4
      vertex 41.3487006784951 -13.034894429314825 2.4
      vertex 41.48492424049175 -13.48492424049175 2.4
    endloop
  endfacet
  facet normal 0 0 -1
    outer loop
      vertex 41.48492424049175 -13.48492424049175 2.4
      vertex 41.3487006784951 -13.034894429314825 2.4
      vertex 41.472243186433545 -12.85 2.4
    endloop
  endfacet
  facet normal 0 0 -1
    outer loop
      vertex 41.48492424049175 -13.48492424049175 2.4
      vertex 41.570595205269186 -12.650561835020653 2.4
      vertex 41.66604201461159 -13.278399000918313 2.4
    endloop
  endfacet
  facet normal 0 0 -1
    outer loop
      vertex 41.48492424049175 -13.48492424049175 2.4
      vertex 41.472243186433545 -12.85 2.4
      vertex 41.570595205269186 -12.650561835020653 2.4
    endloop
  endfacet
  facet normal 0 0 -1
    outer loop
      vertex 41.66604201461159 -13.278399000918313 2.4
      vertex 41.68545626433548 -12.221894526774088 2.4
      vertex 41.81865334794732 -13.05 2.4
    endloop
  endfacet
  facet normal 0 0 -1
    outer loop
      vertex 41.66604201461159 -13.278399000918313 2.4
      vertex 41.570595205269186 -12.650561835020653 2.4
      vertex 41.642073904691415 -12.439992376674285 2.4
    endloop
  endfacet
  facet normal 0 0 -1
    outer loop
      vertex 41.66604201461159 -13.278399000918313 2.4
      vertex 41.642073904691415 -12.439992376674285 2.4
      vertex 41.68545626433548 -12.221894526774088 2.4
    endloop
  endfacet
  facet normal 0 0 -1
    outer loop
      vertex 41.81865334794732 -13.05 2.4
      vertex 41.68545626433548 -12.221894526774088 2.4
      vertex 41.7 -12 2.4
    endloop
  endfacet
  facet normal 0 0 -1
    outer loop
      vertex 41.81865334794732 -13.05 2.4
      vertex 41.81865334794732 -10.95 2.4
      vertex 41.940147018273706 -12.803635207966689 2.4
    endloop
  endfacet
  facet normal 0 0 -1
    outer loop
      vertex 41.940147018273706 -12.803635207966689 2.4
      vertex 41.940147018273706 -11.196364792033311 2.4
      vertex 42.02844423520705 -12.543519994715293 2.4
    endloop
  endfacet
  facet normal 0 0 -1
    outer loop
      vertex 42.02844423520705 -12.543519994715293 2.4
      vertex 42.02844423520705 -11.456480005284707 2.4
      vertex 42.082034208885005 -12.274105003662108 2.4
    endloop
  endfacet
  facet normal 0 0 -1
    outer loop
      vertex 42.082034208885005 -12.274105003662108 2.4
      vertex 42.082034208885005 -11.725894996337892 2.4
      vertex 42.1 -12 2.4
    endloop
  endfacet
  facet normal 0 0 -1
    outer loop
      vertex 40.43999237667428 -10.357926095308583 2.4
      vertex 40.803635207966686 -10.059852981726298 2.4
      vertex 40.65056183502065 -10.429404794730813 2.4
    endloop
  endfacet
  facet normal 0 0 -1
    outer loop
      vertex 40.65056183502065 -10.429404794730813 2.4
      vertex 41.05 -10.181346652052678 2.4
      vertex 40.85 -10.527756813566455 2.4
    endloop
  endfacet
  facet normal 0 0 -1
    outer loop
      vertex 40.85 -10.527756813566455 2.4
      vertex 41.05 -10.181346652052678 2.4
      vertex 41.034894429314825 -10.6512993215049 2.4
    endloop
  endfacet
  facet normal 0 0 -1
    outer loop
      vertex 41.034894429314825 -10.6512993215049 2.4
      vertex 41.05 -10.181346652052678 2.4
      vertex 41.27839900091831 -10.333957985388405 2.4
    endloop
  endfacet
  facet normal 0 0 -1
    outer loop
      vertex 41.81865334794732 -13.05 2.4
      vertex 41.7 -12 2.4
      vertex 41.66604201461159 -10.721600999081687 2.4
    endloop
  endfacet
  facet normal 0 0 -1
    outer loop
      vertex 41.81865334794732 -13.05 2.4
      vertex 41.66604201461159 -10.721600999081687 2.4
      vertex 41.81865334794732 -10.95 2.4
    endloop
  endfacet
  facet normal 0 0 -1
    outer loop
      vertex 41.68545626433548 -11.778105473225912 2.4
      vertex 41.642073904691415 -11.560007623325715 2.4
      vertex 41.66604201461159 -10.721600999081687 2.4
    endloop
  endfacet
  facet normal 0 0 -1
    outer loop
      vertex 41.7 -12 2.4
      vertex 41.68545626433548 -11.778105473225912 2.4
      vertex 41.66604201461159 -10.721600999081687 2.4
    endloop
  endfacet
  facet normal 0 0 -1
    outer loop
      vertex 41.642073904691415 -11.560007623325715 2.4
      vertex 41.570595205269186 -11.349438164979347 2.4
      vertex 41.66604201461159 -10.721600999081687 2.4
    endloop
  endfacet
  facet normal 0 0 -1
    outer loop
      vertex 42.082034208885005 -12.274105003662108 2.4
      vertex 42.02844423520705 -11.456480005284707 2.4
      vertex 42.082034208885005 -11.725894996337892 2.4
    endloop
  endfacet
  facet normal 0 0 -1
    outer loop
      vertex 42.02844423520705 -12.543519994715293 2.4
      vertex 41.940147018273706 -11.196364792033311 2.4
      vertex 42.02844423520705 -11.456480005284707 2.4
    endloop
  endfacet
  facet normal 0 0 -1
    outer loop
      vertex 41.940147018273706 -12.803635207966689 2.4
      vertex 41.81865334794732 -10.95 2.4
      vertex 41.940147018273706 -11.196364792033311 2.4
    endloop
  endfacet
  facet normal 0 0 -1
    outer loop
      vertex 41.472243186433545 -11.15 2.4
      vertex 41.3487006784951 -10.965105570685175 2.4
      vertex 41.48492424049175 -10.51507575950825 2.4
    endloop
  endfacet
  facet normal 0 0 -1
    outer loop
      vertex 41.3487006784951 -10.965105570685175 2.4
      vertex 41.20208152801713 -10.79791847198287 2.4
      vertex 41.48492424049175 -10.51507575950825 2.4
    endloop
  endfacet
  facet normal 0 0 -1
    outer loop
      vertex 41.472243186433545 -11.15 2.4
      vertex 41.66604201461159 -10.721600999081687 2.4
      vertex 41.570595205269186 -11.349438164979347 2.4
    endloop
  endfacet
  facet normal 0 0 -1
    outer loop
      vertex 41.472243186433545 -11.15 2.4
      vertex 41.48492424049175 -10.51507575950825 2.4
      vertex 41.66604201461159 -10.721600999081687 2.4
    endloop
  endfacet
  facet normal 0 0 -1
    outer loop
      vertex 41.034894429314825 -10.6512993215049 2.4
      vertex 41.27839900091831 -10.333957985388405 2.4
      vertex 41.20208152801713 -10.79791847198287 2.4
    endloop
  endfacet
  facet normal 0 0 -1
    outer loop
      vertex 41.20208152801713 -10.79791847198287 2.4
      vertex 41.27839900091831 -10.333957985388405 2.4
      vertex 41.48492424049175 -10.51507575950825 2.4
    endloop
  endfacet
  facet normal 0.06540312923014183 -0.9978589232386037 0
    outer loop
      vertex 40 -9.9 1.2
      vertex 40 -9.9 2.4
      vertex 39.72589499633789 -9.917965791114998 2.4
    endloop
  endfacet
  facet normal -0.06540312923014183 -0.9978589232386037 0
    outer loop
      vertex 40.27410500366211 -9.917965791114998 1.2
      vertex 40.27410500366211 -9.917965791114998 2.4
      vertex 40 -9.9 2.4
    endloop
  endfacet
  facet normal -0.19509032201612525 -0.9807852804032311 0
    outer loop
      vertex 40.5435199947153 -9.971555764792956 1.2
      vertex 40.5435199947153 -9.971555764792956 2.4
      vertex 40.27410500366211 -9.917965791114998 2.4
    endloop
  endfacet
  facet normal -0.32143946530316875 -0.9469301294951031 0
    outer loop
      vertex 40.803635207966686 -10.059852981726298 1.2
      vertex 40.803635207966686 -10.059852981726298 2.4
      vertex 40.5435199947153 -9.971555764792956 2.4
    endloop
  endfacet
  facet normal -0.44228869021899886 -0.8968727415326895 0
    outer loop
      vertex 41.05 -10.181346652052678 1.2
      vertex 41.05 -10.181346652052678 2.4
      vertex 40.803635207966686 -10.059852981726298 2.4
    endloop
  endfacet
  facet normal 0 0 -1
    outer loop
      vertex 39.778105473225914 -10.314543735664522 2.4
      vertex 39.72589499633789 -9.917965791114998 2.4
      vertex 40 -10.3 2.4
    endloop
  endfacet
  facet normal 0 0 -1
    outer loop
      vertex 40 -10.3 2.4
      vertex 39.72589499633789 -9.917965791114998 2.4
      vertex 40 -9.9 2.4
    endloop
  endfacet
  facet normal 0 0 -1
    outer loop
      vertex 40 -10.3 2.4
      vertex 40.27410500366211 -9.917965791114998 2.4
      vertex 40.221894526774086 -10.314543735664522 2.4
    endloop
  endfacet
  facet normal 0 0 -1
    outer loop
      vertex 40.221894526774086 -10.314543735664522 2.4
      vertex 40.5435199947153 -9.971555764792956 2.4
      vertex 40.43999237667428 -10.357926095308583 2.4
    endloop
  endfacet
  facet normal 0 0 -1
    outer loop
      vertex 40.221894526774086 -10.314543735664522 2.4
      vertex 40.27410500366211 -9.917965791114998 2.4
      vertex 40.5435199947153 -9.971555764792956 2.4
    endloop
  endfacet
  facet normal 0 0 -1
    outer loop
      vertex 40 -10.3 2.4
      vertex 40 -9.9 2.4
      vertex 40.27410500366211 -9.917965791114998 2.4
    endloop
  endfacet
  facet normal 0 0 -1
    outer loop
      vertex 40.43999237667428 -10.357926095308583 2.4
      vertex 40.5435199947153 -9.971555764792956 2.4
      vertex 40.803635207966686 -10.059852981726298 2.4
    endloop
  endfacet
  facet normal 0 0 -1
    outer loop
      vertex 40.65056183502065 -10.429404794730813 2.4
      vertex 40.803635207966686 -10.059852981726298 2.4
      vertex 41.05 -10.181346652052678 2.4
    endloop
  endfacet
  facet normal 0.9978589232386029 0.06540312923015325 9.668233853877528e-20
    outer loop
      vertex 38.31454373566452 11.778105473225912 2.4
      vertex 38.3 12 2.4
      vertex 38.3 12 3.4
    endloop
  endfacet
  facet normal 0.8314696123025463 0.5555702330196005 7.03371393431993e-18
    outer loop
      vertex 38.6512993215049 10.965105570685175 2.4
      vertex 38.527756813566455 11.15 2.4
      vertex 38.527756813566455 11.15 3.4
    endloop
  endfacet
  facet normal 0.7518398074789803 0.6593458151000656 0
    outer loop
      vertex 38.6512993215049 10.965105570685175 2.4
      vertex 38.6512993215049 10.965105570685175 3.4
      vertex 38.79791847198287 10.79791847198287 2.4
    endloop
  endfacet
  facet normal 0.6593458151000662 0.7518398074789798 5.7686957656224536e-18
    outer loop
      vertex 38.965105570685175 10.6512993215049 2.4
      vertex 38.79791847198287 10.79791847198287 2.4
      vertex 38.79791847198287 10.79791847198287 3.4
    endloop
  endfacet
  facet normal 0.5555702330196043 0.8314696123025439 0
    outer loop
      vertex 38.965105570685175 10.6512993215049 2.4
      vertex 38.965105570685175 10.6512993215049 3.4
      vertex 39.15 10.527756813566455 2.4
    endloop
  endfacet
  facet normal 0.4422886902190028 0.8968727415326876 2.497051510789592e-18
    outer loop
      vertex 39.34943816497935 10.429404794730813 2.4
      vertex 39.15 10.527756813566455 2.4
      vertex 39.15 10.527756813566455 3.4
    endloop
  endfacet
  facet normal 0.32143946530316087 0.9469301294951059 0
    outer loop
      vertex 39.34943816497935 10.429404794730813 2.4
      vertex 39.34943816497935 10.429404794730813 3.4
      vertex 39.56000762332572 10.357926095308583 2.4
    endloop
  endfacet
  facet normal 0.1950903220161284 0.9807852804032304 0
    outer loop
      vertex 39.56000762332572 10.357926095308583 2.4
      vertex 39.56000762332572 10.357926095308583 3.4
      vertex 39.778105473225914 10.314543735664522 2.4
    endloop
  endfacet
  facet normal 0.8968727415326893 0.4422886902189996 -5.794303535045181e-18
    outer loop
      vertex 38.527756813566455 11.15 2.4
      vertex 38.429404794730814 11.349438164979347 2.4
      vertex 38.429404794730814 11.349438164979347 3.4
    endloop
  endfacet
  facet normal 0.946930129495105 0.32143946530316325 -2.600863998135236e-18
    outer loop
      vertex 38.429404794730814 11.349438164979347 2.4
      vertex 38.357926095308585 11.560007623325715 2.4
      vertex 38.357926095308585 11.560007623325715 3.4
    endloop
  endfacet
  facet normal 0.9807852804032289 0.19509032201613608 3.2210141436159254e-19
    outer loop
      vertex 38.357926095308585 11.560007623325715 2.4
      vertex 38.31454373566452 11.778105473225912 2.4
      vertex 38.31454373566452 11.778105473225912 3.4
    endloop
  endfacet
  facet normal 0.9978589232386029 -0.06540312923015325 -9.668233853877528e-20
    outer loop
      vertex 38.3 12 2.4
      vertex 38.31454373566452 12.221894526774088 2.4
      vertex 38.31454373566452 12.221894526774088 3.4
    endloop
  endfacet
  facet normal 0.9807852804032289 -0.19509032201613608 -3.2210141436159254e-19
    outer loop
      vertex 38.31454373566452 12.221894526774088 2.4
      vertex 38.357926095308585 12.439992376674285 2.4
      vertex 38.357926095308585 12.439992376674285 3.4
    endloop
  endfacet
  facet normal 0.946930129495105 -0.32143946530316325 2.600863998135236e-18
    outer loop
      vertex 38.357926095308585 12.439992376674285 2.4
      vertex 38.429404794730814 12.650561835020653 2.4
      vertex 38.429404794730814 12.650561835020653 3.4
    endloop
  endfacet
  facet normal 0.8968727415326893 -0.4422886902189996 5.794303535045181e-18
    outer loop
      vertex 38.429404794730814 12.650561835020653 2.4
      vertex 38.527756813566455 12.85 2.4
      vertex 38.527756813566455 12.85 3.4
    endloop
  endfacet
  facet normal 0.8314696123025463 -0.5555702330196005 -7.03371393431993e-18
    outer loop
      vertex 38.527756813566455 12.85 2.4
      vertex 38.6512993215049 13.034894429314825 2.4
      vertex 38.6512993215049 13.034894429314825 3.4
    endloop
  endfacet
  facet normal 0.7518398074789803 -0.6593458151000656 -6.012766773674801e-19
    outer loop
      vertex 38.6512993215049 13.034894429314825 2.4
      vertex 38.79791847198287 13.20208152801713 2.4
      vertex 38.79791847198287 13.20208152801713 3.4
    endloop
  endfacet
  facet normal 0.6593458151000662 -0.7518398074789798 -5.7686957656224536e-18
    outer loop
      vertex 38.79791847198287 13.20208152801713 2.4
      vertex 38.965105570685175 13.3487006784951 2.4
      vertex 38.965105570685175 13.3487006784951 3.4
    endloop
  endfacet
  facet normal 0.5555702330196043 -0.8314696123025439 4.609127041014792e-18
    outer loop
      vertex 38.965105570685175 13.3487006784951 2.4
      vertex 39.15 13.472243186433545 2.4
      vertex 39.15 13.472243186433545 3.4
    endloop
  endfacet
  facet normal 0.4422886902190028 -0.8968727415326876 -2.497051510789592e-18
    outer loop
      vertex 39.15 13.472243186433545 2.4
      vertex 39.34943816497935 13.570595205269187 2.4
      vertex 39.34943816497935 13.570595205269187 3.4
    endloop
  endfacet
  facet normal 0.32143946530316087 -0.9469301294951059 -3.6853104539128764e-18
    outer loop
      vertex 39.34943816497935 13.570595205269187 2.4
      vertex 39.56000762332572 13.642073904691417 2.4
      vertex 39.56000762332572 13.642073904691417 3.4
    endloop
  endfacet
  facet normal 0.1950903220161284 -0.9807852804032304 -2.913595450965774e-18
    outer loop
      vertex 39.56000762332572 13.642073904691417 2.4
      vertex 39.778105473225914 13.685456264335478 2.4
      vertex 39.778105473225914 13.685456264335478 3.4
    endloop
  endfacet
  facet normal 0.6593458151000662 0.7518398074789798 0
    outer loop
      vertex 38.965105570685175 10.6512993215049 2.4
      vertex 38.79791847198287 10.79791847198287 3.4
      vertex 38.965105570685175 10.6512993215049 3.4
    endloop
  endfacet
  facet normal 0.8314696123025463 0.5555702330196005 0
    outer loop
      vertex 38.6512993215049 10.965105570685175 2.4
      vertex 38.527756813566455 11.15 3.4
      vertex 38.6512993215049 10.965105570685175 3.4
    endloop
  endfacet
  facet normal 0.7518398074789803 0.6593458151000656 0
    outer loop
      vertex 38.79791847198287 10.79791847198287 2.4
      vertex 38.6512993215049 10.965105570685175 3.4
      vertex 38.79791847198287 10.79791847198287 3.4
    endloop
  endfacet
  facet normal 0.4422886902190028 0.8968727415326876 0
    outer loop
      vertex 39.34943816497935 10.429404794730813 2.4
      vertex 39.15 10.527756813566455 3.4
      vertex 39.34943816497935 10.429404794730813 3.4
    endloop
  endfacet
  facet normal 0.5555702330196043 0.8314696123025439 0
    outer loop
      vertex 39.15 10.527756813566455 2.4
      vertex 38.965105570685175 10.6512993215049 3.4
      vertex 39.15 10.527756813566455 3.4
    endloop
  endfacet
  facet normal 0.32143946530316087 0.9469301294951059 0
    outer loop
      vertex 39.56000762332572 10.357926095308583 2.4
      vertex 39.34943816497935 10.429404794730813 3.4
      vertex 39.56000762332572 10.357926095308583 3.4
    endloop
  endfacet
  facet normal 0.1950903220161284 0.9807852804032304 0
    outer loop
      vertex 39.778105473225914 10.314543735664522 2.4
      vertex 39.56000762332572 10.357926095308583 3.4
      vertex 39.778105473225914 10.314543735664522 3.4
    endloop
  endfacet
  facet normal 0.8968727415326893 0.4422886902189996 0
    outer loop
      vertex 38.527756813566455 11.15 2.4
      vertex 38.429404794730814 11.349438164979347 3.4
      vertex 38.527756813566455 11.15 3.4
    endloop
  endfacet
  facet normal 0.946930129495105 0.32143946530316325 0
    outer loop
      vertex 38.429404794730814 11.349438164979347 2.4
      vertex 38.357926095308585 11.560007623325715 3.4
      vertex 38.429404794730814 11.349438164979347 3.4
    endloop
  endfacet
  facet normal 0.9807852804032289 0.19509032201613608 0
    outer loop
      vertex 38.357926095308585 11.560007623325715 2.4
      vertex 38.31454373566452 11.778105473225912 3.4
      vertex 38.357926095308585 11.560007623325715 3.4
    endloop
  endfacet
  facet normal 0.9978589232386029 0.06540312923015325 0
    outer loop
      vertex 38.31454373566452 11.778105473225912 2.4
      vertex 38.3 12 3.4
      vertex 38.31454373566452 11.778105473225912 3.4
    endloop
  endfacet
  facet normal 0.9978589232386029 -0.06540312923015325 0
    outer loop
      vertex 38.3 12 2.4
      vertex 38.31454373566452 12.221894526774088 3.4
      vertex 38.3 12 3.4
    endloop
  endfacet
  facet normal 0.9807852804032289 -0.19509032201613608 0
    outer loop
      vertex 38.31454373566452 12.221894526774088 2.4
      vertex 38.357926095308585 12.439992376674285 3.4
      vertex 38.31454373566452 12.221894526774088 3.4
    endloop
  endfacet
  facet normal 0.946930129495105 -0.32143946530316325 0
    outer loop
      vertex 38.357926095308585 12.439992376674285 2.4
      vertex 38.429404794730814 12.650561835020653 3.4
      vertex 38.357926095308585 12.439992376674285 3.4
    endloop
  endfacet
  facet normal 0.8968727415326893 -0.4422886902189996 0
    outer loop
      vertex 38.429404794730814 12.650561835020653 2.4
      vertex 38.527756813566455 12.85 3.4
      vertex 38.429404794730814 12.650561835020653 3.4
    endloop
  endfacet
  facet normal 0.8314696123025463 -0.5555702330196005 0
    outer loop
      vertex 38.527756813566455 12.85 2.4
      vertex 38.6512993215049 13.034894429314825 3.4
      vertex 38.527756813566455 12.85 3.4
    endloop
  endfacet
  facet normal 0.7518398074789803 -0.6593458151000656 0
    outer loop
      vertex 38.6512993215049 13.034894429314825 2.4
      vertex 38.79791847198287 13.20208152801713 3.4
      vertex 38.6512993215049 13.034894429314825 3.4
    endloop
  endfacet
  facet normal 0.6593458151000662 -0.7518398074789798 0
    outer loop
      vertex 38.79791847198287 13.20208152801713 2.4
      vertex 38.965105570685175 13.3487006784951 3.4
      vertex 38.79791847198287 13.20208152801713 3.4
    endloop
  endfacet
  facet normal 0.5555702330196043 -0.8314696123025439 0
    outer loop
      vertex 38.965105570685175 13.3487006784951 2.4
      vertex 39.15 13.472243186433545 3.4
      vertex 38.965105570685175 13.3487006784951 3.4
    endloop
  endfacet
  facet normal 0.4422886902190028 -0.8968727415326876 0
    outer loop
      vertex 39.15 13.472243186433545 2.4
      vertex 39.34943816497935 13.570595205269187 3.4
      vertex 39.15 13.472243186433545 3.4
    endloop
  endfacet
  facet normal 0.32143946530316087 -0.9469301294951059 0
    outer loop
      vertex 39.34943816497935 13.570595205269187 2.4
      vertex 39.56000762332572 13.642073904691417 3.4
      vertex 39.34943816497935 13.570595205269187 3.4
    endloop
  endfacet
  facet normal 0.1950903220161284 -0.9807852804032304 0
    outer loop
      vertex 39.56000762332572 13.642073904691417 2.4
      vertex 39.778105473225914 13.685456264335478 3.4
      vertex 39.56000762332572 13.642073904691417 3.4
    endloop
  endfacet
  facet normal 0.06540312923013786 0.9978589232386039 0
    outer loop
      vertex 39.778105473225914 10.314543735664522 2.4
      vertex 39.778105473225914 10.314543735664522 3.4
      vertex 40 10.3 2.4
    endloop
  endfacet
  facet normal -0.06540312923013786 0.9978589232386039 0
    outer loop
      vertex 40 10.3 2.4
      vertex 40 10.3 3.4
      vertex 40.221894526774086 10.314543735664522 2.4
    endloop
  endfacet
  facet normal -0.1950903220161284 0.9807852804032304 0
    outer loop
      vertex 40.221894526774086 10.314543735664522 2.4
      vertex 40.221894526774086 10.314543735664522 3.4
      vertex 40.43999237667428 10.357926095308583 2.4
    endloop
  endfacet
  facet normal -0.32143946530316087 0.9469301294951059 0
    outer loop
      vertex 40.43999237667428 10.357926095308583 2.4
      vertex 40.43999237667428 10.357926095308583 3.4
      vertex 40.65056183502065 10.429404794730813 2.4
    endloop
  endfacet
  facet normal -0.4422886902190028 0.8968727415326876 0
    outer loop
      vertex 40.65056183502065 10.429404794730813 2.4
      vertex 40.65056183502065 10.429404794730813 3.4
      vertex 40.85 10.527756813566455 2.4
    endloop
  endfacet
  facet normal -0.5555702330196043 0.8314696123025439 0
    outer loop
      vertex 40.85 10.527756813566455 2.4
      vertex 40.85 10.527756813566455 3.4
      vertex 41.034894429314825 10.6512993215049 2.4
    endloop
  endfacet
  facet normal -0.6593458151000662 0.7518398074789798 0
    outer loop
      vertex 41.034894429314825 10.6512993215049 2.4
      vertex 41.034894429314825 10.6512993215049 3.4
      vertex 41.20208152801713 10.79791847198287 2.4
    endloop
  endfacet
  facet normal -0.7518398074789803 0.6593458151000656 0
    outer loop
      vertex 41.20208152801713 10.79791847198287 2.4
      vertex 41.20208152801713 10.79791847198287 3.4
      vertex 41.3487006784951 10.965105570685175 2.4
    endloop
  endfacet
  facet normal -0.8314696123025463 0.5555702330196005 0
    outer loop
      vertex 41.3487006784951 10.965105570685175 2.4
      vertex 41.3487006784951 10.965105570685175 3.4
      vertex 41.472243186433545 11.15 2.4
    endloop
  endfacet
  facet normal -0.8968727415326893 0.4422886902189996 0
    outer loop
      vertex 41.472243186433545 11.15 2.4
      vertex 41.472243186433545 11.15 3.4
      vertex 41.570595205269186 11.349438164979347 2.4
    endloop
  endfacet
  facet normal -0.946930129495105 0.32143946530316325 0
    outer loop
      vertex 41.570595205269186 11.349438164979347 2.4
      vertex 41.570595205269186 11.349438164979347 3.4
      vertex 41.642073904691415 11.560007623325715 2.4
    endloop
  endfacet
  facet normal -0.9807852804032289 0.19509032201613608 0
    outer loop
      vertex 41.642073904691415 11.560007623325715 2.4
      vertex 41.642073904691415 11.560007623325715 3.4
      vertex 41.68545626433548 11.778105473225912 2.4
    endloop
  endfacet
  facet normal -0.9978589232386029 0.06540312923015325 0
    outer loop
      vertex 41.68545626433548 11.778105473225912 2.4
      vertex 41.68545626433548 11.778105473225912 3.4
      vertex 41.7 12 2.4
    endloop
  endfacet
  facet normal 0.06540312923013786 -0.9978589232386039 -7.424228807720053e-19
    outer loop
      vertex 39.778105473225914 13.685456264335478 2.4
      vertex 40 13.7 2.4
      vertex 40 13.7 3.4
    endloop
  endfacet
  facet normal -0.06540312923013786 -0.9978589232386039 0
    outer loop
      vertex 40.221894526774086 13.685456264335478 2.4
      vertex 40.221894526774086 13.685456264335478 3.4
      vertex 40 13.7 2.4
    endloop
  endfacet
  facet normal -0.1950903220161284 -0.9807852804032304 2.913595450965774e-18
    outer loop
      vertex 40.221894526774086 13.685456264335478 2.4
      vertex 40.43999237667428 13.642073904691417 2.4
      vertex 40.43999237667428 13.642073904691417 3.4
    endloop
  endfacet
  facet normal -0.32143946530316087 -0.9469301294951059 3.6853104539128764e-18
    outer loop
      vertex 40.43999237667428 13.642073904691417 2.4
      vertex 40.65056183502065 13.570595205269187 2.4
      vertex 40.65056183502065 13.570595205269187 3.4
    endloop
  endfacet
  facet normal -0.4422886902190028 -0.8968727415326876 2.497051510789592e-18
    outer loop
      vertex 40.65056183502065 13.570595205269187 2.4
      vertex 40.85 13.472243186433545 2.4
      vertex 40.85 13.472243186433545 3.4
    endloop
  endfacet
  facet normal -0.5555702330196043 -0.8314696123025439 -4.609127041014792e-18
    outer loop
      vertex 40.85 13.472243186433545 2.4
      vertex 41.034894429314825 13.3487006784951 2.4
      vertex 41.034894429314825 13.3487006784951 3.4
    endloop
  endfacet
  facet normal -0.9978589232386029 -0.06540312923015325 0
    outer loop
      vertex 41.7 12 2.4
      vertex 41.7 12 3.4
      vertex 41.68545626433548 12.221894526774088 2.4
    endloop
  endfacet
  facet normal -0.9807852804032289 -0.19509032201613608 0
    outer loop
      vertex 41.68545626433548 12.221894526774088 2.4
      vertex 41.68545626433548 12.221894526774088 3.4
      vertex 41.642073904691415 12.439992376674285 2.4
    endloop
  endfacet
  facet normal -0.946930129495105 -0.32143946530316325 0
    outer loop
      vertex 41.642073904691415 12.439992376674285 2.4
      vertex 41.642073904691415 12.439992376674285 3.4
      vertex 41.570595205269186 12.650561835020653 2.4
    endloop
  endfacet
  facet normal -0.8968727415326893 -0.4422886902189996 0
    outer loop
      vertex 41.570595205269186 12.650561835020653 2.4
      vertex 41.570595205269186 12.650561835020653 3.4
      vertex 41.472243186433545 12.85 2.4
    endloop
  endfacet
  facet normal -0.8314696123025463 -0.5555702330196005 0
    outer loop
      vertex 41.472243186433545 12.85 2.4
      vertex 41.472243186433545 12.85 3.4
      vertex 41.3487006784951 13.034894429314825 2.4
    endloop
  endfacet
  facet normal -0.7518398074789803 -0.6593458151000656 0
    outer loop
      vertex 41.3487006784951 13.034894429314825 2.4
      vertex 41.3487006784951 13.034894429314825 3.4
      vertex 41.20208152801713 13.20208152801713 2.4
    endloop
  endfacet
  facet normal -0.6593458151000662 -0.7518398074789798 5.7686957656224536e-18
    outer loop
      vertex 41.034894429314825 13.3487006784951 2.4
      vertex 41.20208152801713 13.20208152801713 2.4
      vertex 41.20208152801713 13.20208152801713 3.4
    endloop
  endfacet
  facet normal 0.06540312923013786 0.9978589232386039 0
    outer loop
      vertex 40 10.3 2.4
      vertex 39.778105473225914 10.314543735664522 3.4
      vertex 40 10.3 3.4
    endloop
  endfacet
  facet normal -0.06540312923013786 0.9978589232386039 0
    outer loop
      vertex 40.221894526774086 10.314543735664522 2.4
      vertex 40 10.3 3.4
      vertex 40.221894526774086 10.314543735664522 3.4
    endloop
  endfacet
  facet normal -0.1950903220161284 0.9807852804032304 0
    outer loop
      vertex 40.43999237667428 10.357926095308583 2.4
      vertex 40.221894526774086 10.314543735664522 3.4
      vertex 40.43999237667428 10.357926095308583 3.4
    endloop
  endfacet
  facet normal -0.32143946530316087 0.9469301294951059 0
    outer loop
      vertex 40.65056183502065 10.429404794730813 2.4
      vertex 40.43999237667428 10.357926095308583 3.4
      vertex 40.65056183502065 10.429404794730813 3.4
    endloop
  endfacet
  facet normal -0.4422886902190028 0.8968727415326876 0
    outer loop
      vertex 40.85 10.527756813566455 2.4
      vertex 40.65056183502065 10.429404794730813 3.4
      vertex 40.85 10.527756813566455 3.4
    endloop
  endfacet
  facet normal -0.5555702330196043 0.8314696123025439 0
    outer loop
      vertex 41.034894429314825 10.6512993215049 2.4
      vertex 40.85 10.527756813566455 3.4
      vertex 41.034894429314825 10.6512993215049 3.4
    endloop
  endfacet
  facet normal -0.6593458151000662 0.7518398074789798 0
    outer loop
      vertex 41.20208152801713 10.79791847198287 2.4
      vertex 41.034894429314825 10.6512993215049 3.4
      vertex 41.20208152801713 10.79791847198287 3.4
    endloop
  endfacet
  facet normal -0.7518398074789803 0.6593458151000656 0
    outer loop
      vertex 41.3487006784951 10.965105570685175 2.4
      vertex 41.20208152801713 10.79791847198287 3.4
      vertex 41.3487006784951 10.965105570685175 3.4
    endloop
  endfacet
  facet normal -0.8314696123025463 0.5555702330196005 0
    outer loop
      vertex 41.472243186433545 11.15 2.4
      vertex 41.3487006784951 10.965105570685175 3.4
      vertex 41.472243186433545 11.15 3.4
    endloop
  endfacet
  facet normal -0.8968727415326893 0.4422886902189996 0
    outer loop
      vertex 41.570595205269186 11.349438164979347 2.4
      vertex 41.472243186433545 11.15 3.4
      vertex 41.570595205269186 11.349438164979347 3.4
    endloop
  endfacet
  facet normal -0.946930129495105 0.32143946530316325 0
    outer loop
      vertex 41.642073904691415 11.560007623325715 2.4
      vertex 41.570595205269186 11.349438164979347 3.4
      vertex 41.642073904691415 11.560007623325715 3.4
    endloop
  endfacet
  facet normal -0.9807852804032289 0.19509032201613608 0
    outer loop
      vertex 41.68545626433548 11.778105473225912 2.4
      vertex 41.642073904691415 11.560007623325715 3.4
      vertex 41.68545626433548 11.778105473225912 3.4
    endloop
  endfacet
  facet normal -0.9978589232386029 0.06540312923015325 0
    outer loop
      vertex 41.7 12 2.4
      vertex 41.68545626433548 11.778105473225912 3.4
      vertex 41.7 12 3.4
    endloop
  endfacet
  facet normal 0.06540312923013786 -0.9978589232386039 0
    outer loop
      vertex 39.778105473225914 13.685456264335478 2.4
      vertex 40 13.7 3.4
      vertex 39.778105473225914 13.685456264335478 3.4
    endloop
  endfacet
  facet normal -0.06540312923013786 -0.9978589232386039 0
    outer loop
      vertex 40 13.7 2.4
      vertex 40.221894526774086 13.685456264335478 3.4
      vertex 40 13.7 3.4
    endloop
  endfacet
  facet normal -0.1950903220161284 -0.9807852804032304 0
    outer loop
      vertex 40.221894526774086 13.685456264335478 2.4
      vertex 40.43999237667428 13.642073904691417 3.4
      vertex 40.221894526774086 13.685456264335478 3.4
    endloop
  endfacet
  facet normal -0.32143946530316087 -0.9469301294951059 0
    outer loop
      vertex 40.43999237667428 13.642073904691417 2.4
      vertex 40.65056183502065 13.570595205269187 3.4
      vertex 40.43999237667428 13.642073904691417 3.4
    endloop
  endfacet
  facet normal -0.4422886902190028 -0.8968727415326876 0
    outer loop
      vertex 40.65056183502065 13.570595205269187 2.4
      vertex 40.85 13.472243186433545 3.4
      vertex 40.65056183502065 13.570595205269187 3.4
    endloop
  endfacet
  facet normal -0.5555702330196043 -0.8314696123025439 0
    outer loop
      vertex 40.85 13.472243186433545 2.4
      vertex 41.034894429314825 13.3487006784951 3.4
      vertex 40.85 13.472243186433545 3.4
    endloop
  endfacet
  facet normal -0.6593458151000662 -0.7518398074789798 0
    outer loop
      vertex 41.034894429314825 13.3487006784951 2.4
      vertex 41.20208152801713 13.20208152801713 3.4
      vertex 41.034894429314825 13.3487006784951 3.4
    endloop
  endfacet
  facet normal -0.9978589232386029 -0.06540312923015325 0
    outer loop
      vertex 41.68545626433548 12.221894526774088 2.4
      vertex 41.7 12 3.4
      vertex 41.68545626433548 12.221894526774088 3.4
    endloop
  endfacet
  facet normal -0.9807852804032289 -0.19509032201613608 0
    outer loop
      vertex 41.642073904691415 12.439992376674285 2.4
      vertex 41.68545626433548 12.221894526774088 3.4
      vertex 41.642073904691415 12.439992376674285 3.4
    endloop
  endfacet
  facet normal -0.946930129495105 -0.32143946530316325 0
    outer loop
      vertex 41.570595205269186 12.650561835020653 2.4
      vertex 41.642073904691415 12.439992376674285 3.4
      vertex 41.570595205269186 12.650561835020653 3.4
    endloop
  endfacet
  facet normal -0.8968727415326893 -0.4422886902189996 0
    outer loop
      vertex 41.472243186433545 12.85 2.4
      vertex 41.570595205269186 12.650561835020653 3.4
      vertex 41.472243186433545 12.85 3.4
    endloop
  endfacet
  facet normal -0.8314696123025463 -0.5555702330196005 0
    outer loop
      vertex 41.3487006784951 13.034894429314825 2.4
      vertex 41.472243186433545 12.85 3.4
      vertex 41.3487006784951 13.034894429314825 3.4
    endloop
  endfacet
  facet normal -0.7518398074789803 -0.6593458151000656 0
    outer loop
      vertex 41.20208152801713 13.20208152801713 2.4
      vertex 41.3487006784951 13.034894429314825 3.4
      vertex 41.20208152801713 13.20208152801713 3.4
    endloop
  endfacet
  facet normal 0 0 1
    outer loop
      vertex 38.18134665205268 10.95 1.2
      vertex 38.33395798538841 10.721600999081687 1.2
      vertex 38.33395798538841 13.278399000918313 1.2
    endloop
  endfacet
  facet normal 0 0 1
    outer loop
      vertex 38.18134665205268 10.95 1.2
      vertex 38.18134665205268 13.05 1.2
      vertex 38.059852981726294 11.196364792033311 1.2
    endloop
  endfacet
  facet normal 0 0 1
    outer loop
      vertex 38.059852981726294 11.196364792033311 1.2
      vertex 38.059852981726294 12.803635207966689 1.2
      vertex 37.97155576479295 11.456480005284707 1.2
    endloop
  endfacet
  facet normal 0 0 1
    outer loop
      vertex 37.97155576479295 11.456480005284707 1.2
      vertex 37.97155576479295 12.543519994715293 1.2
      vertex 37.917965791114995 11.725894996337892 1.2
    endloop
  endfacet
  facet normal 0 0 1
    outer loop
      vertex 38.51507575950825 10.51507575950825 1.2
      vertex 38.72160099908169 10.333957985388405 1.2
      vertex 38.72160099908169 13.666042014611595 1.2
    endloop
  endfacet
  facet normal 0 0 1
    outer loop
      vertex 38.95 10.181346652052678 1.2
      vertex 38.95 13.818653347947322 1.2
      vertex 38.72160099908169 10.333957985388405 1.2
    endloop
  endfacet
  facet normal 0 0 1
    outer loop
      vertex 38.51507575950825 10.51507575950825 1.2
      vertex 38.51507575950825 13.48492424049175 1.2
      vertex 38.33395798538841 10.721600999081687 1.2
    endloop
  endfacet
  facet normal 0 0 1
    outer loop
      vertex 38.95 10.181346652052678 1.2
      vertex 39.196364792033314 10.059852981726298 1.2
      vertex 39.196364792033314 13.940147018273702 1.2
    endloop
  endfacet
  facet normal 0 0 1
    outer loop
      vertex 39.196364792033314 10.059852981726298 1.2
      vertex 39.4564800052847 9.971555764792956 1.2
      vertex 39.4564800052847 14.028444235207044 1.2
    endloop
  endfacet
  facet normal 0 0 1
    outer loop
      vertex 39.4564800052847 9.971555764792956 1.2
      vertex 39.72589499633789 9.917965791114998 1.2
      vertex 39.72589499633789 14.082034208885002 1.2
    endloop
  endfacet
  facet normal 0 0 1
    outer loop
      vertex 37.917965791114995 11.725894996337892 1.2
      vertex 37.917965791114995 12.274105003662108 1.2
      vertex 37.9 12 1.2
    endloop
  endfacet
  facet normal 0 0 1
    outer loop
      vertex 37.917965791114995 11.725894996337892 1.2
      vertex 37.97155576479295 12.543519994715293 1.2
      vertex 37.917965791114995 12.274105003662108 1.2
    endloop
  endfacet
  facet normal 0 0 1
    outer loop
      vertex 37.97155576479295 11.456480005284707 1.2
      vertex 38.059852981726294 12.803635207966689 1.2
      vertex 37.97155576479295 12.543519994715293 1.2
    endloop
  endfacet
  facet normal 0 0 1
    outer loop
      vertex 38.059852981726294 11.196364792033311 1.2
      vertex 38.18134665205268 13.05 1.2
      vertex 38.059852981726294 12.803635207966689 1.2
    endloop
  endfacet
  facet normal 0 0 1
    outer loop
      vertex 38.18134665205268 10.95 1.2
      vertex 38.33395798538841 13.278399000918313 1.2
      vertex 38.18134665205268 13.05 1.2
    endloop
  endfacet
  facet normal 0 0 1
    outer loop
      vertex 38.33395798538841 10.721600999081687 1.2
      vertex 38.51507575950825 13.48492424049175 1.2
      vertex 38.33395798538841 13.278399000918313 1.2
    endloop
  endfacet
  facet normal 0 0 1
    outer loop
      vertex 38.51507575950825 10.51507575950825 1.2
      vertex 38.72160099908169 13.666042014611595 1.2
      vertex 38.51507575950825 13.48492424049175 1.2
    endloop
  endfacet
  facet normal 0 0 1
    outer loop
      vertex 38.72160099908169 10.333957985388405 1.2
      vertex 38.95 13.818653347947322 1.2
      vertex 38.72160099908169 13.666042014611595 1.2
    endloop
  endfacet
  facet normal 0 0 1
    outer loop
      vertex 38.95 10.181346652052678 1.2
      vertex 39.196364792033314 13.940147018273702 1.2
      vertex 38.95 13.818653347947322 1.2
    endloop
  endfacet
  facet normal 0 0 1
    outer loop
      vertex 39.196364792033314 10.059852981726298 1.2
      vertex 39.4564800052847 14.028444235207044 1.2
      vertex 39.196364792033314 13.940147018273702 1.2
    endloop
  endfacet
  facet normal 0 0 1
    outer loop
      vertex 39.4564800052847 9.971555764792956 1.2
      vertex 39.72589499633789 14.082034208885002 1.2
      vertex 39.4564800052847 14.028444235207044 1.2
    endloop
  endfacet
  facet normal 0 0 1
    outer loop
      vertex 39.72589499633789 9.917965791114998 1.2
      vertex 40 9.9 1.2
      vertex 40 14.1 1.2
    endloop
  endfacet
  facet normal 0 0 1
    outer loop
      vertex 40 9.9 1.2
      vertex 40.27410500366211 9.917965791114998 1.2
      vertex 40.27410500366211 14.082034208885002 1.2
    endloop
  endfacet
  facet normal 0 0 1
    outer loop
      vertex 40.27410500366211 9.917965791114998 1.2
      vertex 40.5435199947153 9.971555764792956 1.2
      vertex 40.5435199947153 14.028444235207044 1.2
    endloop
  endfacet
  facet normal 0 0 1
    outer loop
      vertex 40.5435199947153 9.971555764792956 1.2
      vertex 40.803635207966686 10.059852981726298 1.2
      vertex 40.803635207966686 13.940147018273702 1.2
    endloop
  endfacet
  facet normal 0 0 1
    outer loop
      vertex 40.803635207966686 10.059852981726298 1.2
      vertex 41.05 10.181346652052678 1.2
      vertex 41.05 13.818653347947322 1.2
    endloop
  endfacet
  facet normal 0 0 1
    outer loop
      vertex 41.05 10.181346652052678 1.2
      vertex 41.27839900091831 10.333957985388405 1.2
      vertex 41.27839900091831 13.666042014611595 1.2
    endloop
  endfacet
  facet normal 0 0 1
    outer loop
      vertex 41.27839900091831 10.333957985388405 1.2
      vertex 41.48492424049175 10.51507575950825 1.2
      vertex 41.48492424049175 13.48492424049175 1.2
    endloop
  endfacet
  facet normal 0 0 1
    outer loop
      vertex 41.48492424049175 10.51507575950825 1.2
      vertex 41.66604201461159 10.721600999081687 1.2
      vertex 41.66604201461159 13.278399000918313 1.2
    endloop
  endfacet
  facet normal 0 0 1
    outer loop
      vertex 41.66604201461159 10.721600999081687 1.2
      vertex 41.81865334794732 10.95 1.2
      vertex 41.81865334794732 13.05 1.2
    endloop
  endfacet
  facet normal 0 0 1
    outer loop
      vertex 41.81865334794732 10.95 1.2
      vertex 41.940147018273706 11.196364792033311 1.2
      vertex 41.940147018273706 12.803635207966689 1.2
    endloop
  endfacet
  facet normal 0 0 1
    outer loop
      vertex 41.940147018273706 11.196364792033311 1.2
      vertex 42.02844423520705 11.456480005284707 1.2
      vertex 42.02844423520705 12.543519994715293 1.2
    endloop
  endfacet
  facet normal 0 0 1
    outer loop
      vertex 42.02844423520705 11.456480005284707 1.2
      vertex 42.082034208885005 11.725894996337892 1.2
      vertex 42.082034208885005 12.274105003662108 1.2
    endloop
  endfacet
  facet normal 0 0 1
    outer loop
      vertex 39.72589499633789 9.917965791114998 1.2
      vertex 40 14.1 1.2
      vertex 39.72589499633789 14.082034208885002 1.2
    endloop
  endfacet
  facet normal 0 0 1
    outer loop
      vertex 40 9.9 1.2
      vertex 40.27410500366211 14.082034208885002 1.2
      vertex 40 14.1 1.2
    endloop
  endfacet
  facet normal 0 0 1
    outer loop
      vertex 40.27410500366211 9.917965791114998 1.2
      vertex 40.5435199947153 14.028444235207044 1.2
      vertex 40.27410500366211 14.082034208885002 1.2
    endloop
  endfacet
  facet normal 0 0 1
    outer loop
      vertex 40.5435199947153 9.971555764792956 1.2
      vertex 40.803635207966686 13.940147018273702 1.2
      vertex 40.5435199947153 14.028444235207044 1.2
    endloop
  endfacet
  facet normal 0 0 1
    outer loop
      vertex 40.803635207966686 10.059852981726298 1.2
      vertex 41.05 13.818653347947322 1.2
      vertex 40.803635207966686 13.940147018273702 1.2
    endloop
  endfacet
  facet normal 0 0 1
    outer loop
      vertex 41.05 10.181346652052678 1.2
      vertex 41.27839900091831 13.666042014611595 1.2
      vertex 41.05 13.818653347947322 1.2
    endloop
  endfacet
  facet normal 0 0 1
    outer loop
      vertex 41.66604201461159 10.721600999081687 1.2
      vertex 41.81865334794732 13.05 1.2
      vertex 41.66604201461159 13.278399000918313 1.2
    endloop
  endfacet
  facet normal 0 0 1
    outer loop
      vertex 41.27839900091831 10.333957985388405 1.2
      vertex 41.48492424049175 13.48492424049175 1.2
      vertex 41.27839900091831 13.666042014611595 1.2
    endloop
  endfacet
  facet normal 0 0 1
    outer loop
      vertex 41.48492424049175 10.51507575950825 1.2
      vertex 41.66604201461159 13.278399000918313 1.2
      vertex 41.48492424049175 13.48492424049175 1.2
    endloop
  endfacet
  facet normal 0 0 1
    outer loop
      vertex 41.940147018273706 11.196364792033311 1.2
      vertex 42.02844423520705 12.543519994715293 1.2
      vertex 41.940147018273706 12.803635207966689 1.2
    endloop
  endfacet
  facet normal 0 0 1
    outer loop
      vertex 42.082034208885005 11.725894996337892 1.2
      vertex 42.1 12 1.2
      vertex 42.082034208885005 12.274105003662108 1.2
    endloop
  endfacet
  facet normal 0 0 1
    outer loop
      vertex 42.02844423520705 11.456480005284707 1.2
      vertex 42.082034208885005 12.274105003662108 1.2
      vertex 42.02844423520705 12.543519994715293 1.2
    endloop
  endfacet
  facet normal 0 0 1
    outer loop
      vertex 41.81865334794732 10.95 1.2
      vertex 41.940147018273706 12.803635207966689 1.2
      vertex 41.81865334794732 13.05 1.2
    endloop
  endfacet
  facet normal 0.5555702330195982 0.8314696123025478 0
    outer loop
      vertex 38.95 10.181346652052678 1.2
      vertex 38.72160099908169 10.333957985388405 1.2
      vertex 38.95 10.181346652052678 2.4
    endloop
  endfacet
  facet normal 0.32143946530316875 0.9469301294951031 -2.3820041680260432e-18
    outer loop
      vertex 39.196364792033314 10.059852981726298 1.2
      vertex 39.4564800052847 9.971555764792956 2.4
      vertex 39.4564800052847 9.971555764792956 1.2
    endloop
  endfacet
  facet normal 0.44228869021899886 0.8968727415326895 4.061972513528564e-18
    outer loop
      vertex 38.95 10.181346652052678 1.2
      vertex 39.196364792033314 10.059852981726298 2.4
      vertex 39.196364792033314 10.059852981726298 1.2
    endloop
  endfacet
  facet normal 0.19509032201612525 0.9807852804032311 -1.8608990312928024e-18
    outer loop
      vertex 39.4564800052847 9.971555764792956 1.2
      vertex 39.72589499633789 9.917965791114998 2.4
      vertex 39.72589499633789 9.917965791114998 1.2
    endloop
  endfacet
  facet normal 0.8314696123025439 0.5555702330196043 0
    outer loop
      vertex 38.18134665205268 10.95 1.2
      vertex 38.18134665205268 10.95 2.4
      vertex 38.33395798538841 10.721600999081687 1.2
    endloop
  endfacet
  facet normal 0.8968727415326793 0.4422886902190196 -1.7805149106679357e-18
    outer loop
      vertex 38.18134665205268 10.95 1.2
      vertex 38.059852981726294 11.196364792033311 1.2
      vertex 38.059852981726294 11.196364792033311 2.4
    endloop
  endfacet
  facet normal 0.9469301294951059 0.3214394653031609 -6.211377834362269e-19
    outer loop
      vertex 38.059852981726294 11.196364792033311 1.2
      vertex 37.97155576479295 11.456480005284707 1.2
      vertex 37.97155576479295 11.456480005284707 2.4
    endloop
  endfacet
  facet normal 0.9807852804032304 0.19509032201612772 2.097984074980883e-18
    outer loop
      vertex 37.97155576479295 11.456480005284707 1.2
      vertex 37.917965791114995 11.725894996337892 1.2
      vertex 37.917965791114995 11.725894996337892 2.4
    endloop
  endfacet
  facet normal 0.997858923238604 0.06540312923013537 -4.197102590166255e-19
    outer loop
      vertex 37.917965791114995 11.725894996337892 1.2
      vertex 37.9 12 1.2
      vertex 37.9 12 2.4
    endloop
  endfacet
  facet normal 0.6593458151000672 0.7518398074789789 9.624038198862197e-18
    outer loop
      vertex 38.51507575950825 10.51507575950825 1.2
      vertex 38.72160099908169 10.333957985388405 2.4
      vertex 38.72160099908169 10.333957985388405 1.2
    endloop
  endfacet
  facet normal 0.7518398074789853 0.6593458151000599 4.1703461689178565e-18
    outer loop
      vertex 38.51507575950825 10.51507575950825 1.2
      vertex 38.33395798538841 10.721600999081687 1.2
      vertex 38.33395798538841 10.721600999081687 2.4
    endloop
  endfacet
  facet normal 0.997858923238604 -0.06540312923013537 4.197102590166255e-19
    outer loop
      vertex 37.9 12 1.2
      vertex 37.917965791114995 12.274105003662108 1.2
      vertex 37.917965791114995 12.274105003662108 2.4
    endloop
  endfacet
  facet normal 0.9807852804032304 -0.19509032201612772 -2.097984074980883e-18
    outer loop
      vertex 37.917965791114995 12.274105003662108 1.2
      vertex 37.97155576479295 12.543519994715293 1.2
      vertex 37.97155576479295 12.543519994715293 2.4
    endloop
  endfacet
  facet normal 0.9469301294951059 -0.3214394653031609 6.211377834362269e-19
    outer loop
      vertex 37.97155576479295 12.543519994715293 1.2
      vertex 38.059852981726294 12.803635207966689 1.2
      vertex 38.059852981726294 12.803635207966689 2.4
    endloop
  endfacet
  facet normal 0.8968727415326793 -0.4422886902190196 1.7805149106679357e-18
    outer loop
      vertex 38.059852981726294 12.803635207966689 1.2
      vertex 38.18134665205268 13.05 1.2
      vertex 38.18134665205268 13.05 2.4
    endloop
  endfacet
  facet normal 0.8314696123025439 -0.5555702330196043 -2.8433020312808396e-19
    outer loop
      vertex 38.18134665205268 13.05 1.2
      vertex 38.33395798538841 13.278399000918313 1.2
      vertex 38.33395798538841 13.278399000918313 2.4
    endloop
  endfacet
  facet normal 0.7518398074789853 -0.6593458151000599 -4.1703461689178565e-18
    outer loop
      vertex 38.33395798538841 13.278399000918313 1.2
      vertex 38.51507575950825 13.48492424049175 1.2
      vertex 38.51507575950825 13.48492424049175 2.4
    endloop
  endfacet
  facet normal 0.6593458151000672 -0.7518398074789789 0
    outer loop
      vertex 38.51507575950825 13.48492424049175 1.2
      vertex 38.72160099908169 13.666042014611595 1.2
      vertex 38.51507575950825 13.48492424049175 2.4
    endloop
  endfacet
  facet normal 0.06540312923014183 0.9978589232386037 1.245780838121958e-18
    outer loop
      vertex 39.72589499633789 9.917965791114998 1.2
      vertex 40 9.9 2.4
      vertex 40 9.9 1.2
    endloop
  endfacet
  facet normal -0.06540312923014183 0.9978589232386037 -1.245780838121958e-18
    outer loop
      vertex 40 9.9 1.2
      vertex 40.27410500366211 9.917965791114998 2.4
      vertex 40.27410500366211 9.917965791114998 1.2
    endloop
  endfacet
  facet normal -0.19509032201612525 0.9807852804032311 1.8608990312928024e-18
    outer loop
      vertex 40.27410500366211 9.917965791114998 1.2
      vertex 40.5435199947153 9.971555764792956 2.4
      vertex 40.5435199947153 9.971555764792956 1.2
    endloop
  endfacet
  facet normal -0.32143946530316875 0.9469301294951031 2.3820041680260432e-18
    outer loop
      vertex 40.5435199947153 9.971555764792956 1.2
      vertex 40.803635207966686 10.059852981726298 2.4
      vertex 40.803635207966686 10.059852981726298 1.2
    endloop
  endfacet
  facet normal -0.44228869021899886 0.8968727415326895 -4.061972513528564e-18
    outer loop
      vertex 40.803635207966686 10.059852981726298 1.2
      vertex 41.05 10.181346652052678 2.4
      vertex 41.05 10.181346652052678 1.2
    endloop
  endfacet
  facet normal -0.5555702330195982 0.8314696123025478 2.59963627028197e-18
    outer loop
      vertex 41.05 10.181346652052678 1.2
      vertex 41.27839900091831 10.333957985388405 2.4
      vertex 41.27839900091831 10.333957985388405 1.2
    endloop
  endfacet
  facet normal -0.6593458151000672 0.7518398074789789 -9.624038198862197e-18
    outer loop
      vertex 41.27839900091831 10.333957985388405 1.2
      vertex 41.48492424049175 10.51507575950825 2.4
      vertex 41.48492424049175 10.51507575950825 1.2
    endloop
  endfacet
  facet normal -0.7518398074789853 0.6593458151000599 0
    outer loop
      vertex 41.48492424049175 10.51507575950825 1.2
      vertex 41.48492424049175 10.51507575950825 2.4
      vertex 41.66604201461159 10.721600999081687 1.2
    endloop
  endfacet
  facet normal -0.8314696123025439 0.5555702330196043 0
    outer loop
      vertex 41.66604201461159 10.721600999081687 1.2
      vertex 41.66604201461159 10.721600999081687 2.4
      vertex 41.81865334794732 10.95 1.2
    endloop
  endfacet
  facet normal -0.8968727415326793 0.4422886902190196 0
    outer loop
      vertex 41.81865334794732 10.95 1.2
      vertex 41.81865334794732 10.95 2.4
      vertex 41.940147018273706 11.196364792033311 1.2
    endloop
  endfacet
  facet normal -0.9469301294951059 0.3214394653031609 0
    outer loop
      vertex 41.940147018273706 11.196364792033311 1.2
      vertex 41.940147018273706 11.196364792033311 2.4
      vertex 42.02844423520705 11.456480005284707 1.2
    endloop
  endfacet
  facet normal -0.9807852804032304 0.19509032201612772 0
    outer loop
      vertex 42.02844423520705 11.456480005284707 1.2
      vertex 42.02844423520705 11.456480005284707 2.4
      vertex 42.082034208885005 11.725894996337892 1.2
    endloop
  endfacet
  facet normal -0.997858923238604 0.06540312923013537 0
    outer loop
      vertex 42.082034208885005 11.725894996337892 1.2
      vertex 42.082034208885005 11.725894996337892 2.4
      vertex 42.1 12 1.2
    endloop
  endfacet
  facet normal -0.997858923238604 -0.06540312923013537 0
    outer loop
      vertex 42.1 12 1.2
      vertex 42.1 12 2.4
      vertex 42.082034208885005 12.274105003662108 1.2
    endloop
  endfacet
  facet normal -0.9807852804032304 -0.19509032201612772 0
    outer loop
      vertex 42.082034208885005 12.274105003662108 1.2
      vertex 42.082034208885005 12.274105003662108 2.4
      vertex 42.02844423520705 12.543519994715293 1.2
    endloop
  endfacet
  facet normal -0.9469301294951059 -0.3214394653031609 0
    outer loop
      vertex 42.02844423520705 12.543519994715293 1.2
      vertex 42.02844423520705 12.543519994715293 2.4
      vertex 41.940147018273706 12.803635207966689 1.2
    endloop
  endfacet
  facet normal -0.8314696123025439 -0.5555702330196043 0
    outer loop
      vertex 41.81865334794732 13.05 1.2
      vertex 41.81865334794732 13.05 2.4
      vertex 41.66604201461159 13.278399000918313 1.2
    endloop
  endfacet
  facet normal -0.6593458151000672 -0.7518398074789789 9.624038198862197e-18
    outer loop
      vertex 41.48492424049175 13.48492424049175 1.2
      vertex 41.27839900091831 13.666042014611595 2.4
      vertex 41.27839900091831 13.666042014611595 1.2
    endloop
  endfacet
  facet normal -0.7518398074789853 -0.6593458151000599 4.1703461689178565e-18
    outer loop
      vertex 41.48492424049175 13.48492424049175 1.2
      vertex 41.66604201461159 13.278399000918313 1.2
      vertex 41.66604201461159 13.278399000918313 2.4
    endloop
  endfacet
  facet normal -0.8968727415326793 -0.4422886902190196 0
    outer loop
      vertex 41.940147018273706 12.803635207966689 1.2
      vertex 41.940147018273706 12.803635207966689 2.4
      vertex 41.81865334794732 13.05 1.2
    endloop
  endfacet
  facet normal 0.32143946530316875 0.9469301294951031 0
    outer loop
      vertex 39.196364792033314 10.059852981726298 1.2
      vertex 39.196364792033314 10.059852981726298 2.4
      vertex 39.4564800052847 9.971555764792956 2.4
    endloop
  endfacet
  facet normal 0.44228869021899886 0.8968727415326895 0
    outer loop
      vertex 38.95 10.181346652052678 1.2
      vertex 38.95 10.181346652052678 2.4
      vertex 39.196364792033314 10.059852981726298 2.4
    endloop
  endfacet
  facet normal 0.19509032201612525 0.9807852804032311 0
    outer loop
      vertex 39.4564800052847 9.971555764792956 1.2
      vertex 39.4564800052847 9.971555764792956 2.4
      vertex 39.72589499633789 9.917965791114998 2.4
    endloop
  endfacet
  facet normal 0 0 -1
    outer loop
      vertex 38.95 10.181346652052678 2.4
      vertex 39.34943816497935 10.429404794730813 2.4
      vertex 39.196364792033314 10.059852981726298 2.4
    endloop
  endfacet
  facet normal 0 0 -1
    outer loop
      vertex 39.196364792033314 10.059852981726298 2.4
      vertex 39.56000762332572 10.357926095308583 2.4
      vertex 39.4564800052847 9.971555764792956 2.4
    endloop
  endfacet
  facet normal 0 0 -1
    outer loop
      vertex 39.4564800052847 9.971555764792956 2.4
      vertex 39.778105473225914 10.314543735664522 2.4
      vertex 39.72589499633789 9.917965791114998 2.4
    endloop
  endfacet
  facet normal 0 0 -1
    outer loop
      vertex 39.4564800052847 9.971555764792956 2.4
      vertex 39.56000762332572 10.357926095308583 2.4
      vertex 39.778105473225914 10.314543735664522 2.4
    endloop
  endfacet
  facet normal 0.8314696123025439 0.5555702330196043 0
    outer loop
      vertex 38.33395798538841 10.721600999081687 1.2
      vertex 38.18134665205268 10.95 2.4
      vertex 38.33395798538841 10.721600999081687 2.4
    endloop
  endfacet
  facet normal 0.8968727415326793 0.4422886902190196 0
    outer loop
      vertex 38.18134665205268 10.95 1.2
      vertex 38.059852981726294 11.196364792033311 2.4
      vertex 38.18134665205268 10.95 2.4
    endloop
  endfacet
  facet normal 0.9469301294951059 0.3214394653031609 0
    outer loop
      vertex 38.059852981726294 11.196364792033311 1.2
      vertex 37.97155576479295 11.456480005284707 2.4
      vertex 38.059852981726294 11.196364792033311 2.4
    endloop
  endfacet
  facet normal 0.9807852804032304 0.19509032201612772 0
    outer loop
      vertex 37.97155576479295 11.456480005284707 1.2
      vertex 37.917965791114995 11.725894996337892 2.4
      vertex 37.97155576479295 11.456480005284707 2.4
    endloop
  endfacet
  facet normal 0.997858923238604 0.06540312923013537 0
    outer loop
      vertex 37.917965791114995 11.725894996337892 1.2
      vertex 37.9 12 2.4
      vertex 37.917965791114995 11.725894996337892 2.4
    endloop
  endfacet
  facet normal 0.6593458151000672 0.7518398074789789 0
    outer loop
      vertex 38.51507575950825 10.51507575950825 1.2
      vertex 38.51507575950825 10.51507575950825 2.4
      vertex 38.72160099908169 10.333957985388405 2.4
    endloop
  endfacet
  facet normal 0.7518398074789853 0.6593458151000599 0
    outer loop
      vertex 38.51507575950825 10.51507575950825 1.2
      vertex 38.33395798538841 10.721600999081687 2.4
      vertex 38.51507575950825 10.51507575950825 2.4
    endloop
  endfacet
  facet normal 0.5555702330195982 0.8314696123025478 0
    outer loop
      vertex 38.72160099908169 10.333957985388405 1.2
      vertex 38.72160099908169 10.333957985388405 2.4
      vertex 38.95 10.181346652052678 2.4
    endloop
  endfacet
  facet normal 0.997858923238604 -0.06540312923013537 0
    outer loop
      vertex 37.9 12 1.2
      vertex 37.917965791114995 12.274105003662108 2.4
      vertex 37.9 12 2.4
    endloop
  endfacet
  facet normal 0.9807852804032304 -0.19509032201612772 0
    outer loop
      vertex 37.917965791114995 12.274105003662108 1.2
      vertex 37.97155576479295 12.543519994715293 2.4
      vertex 37.917965791114995 12.274105003662108 2.4
    endloop
  endfacet
  facet normal 0.9469301294951059 -0.3214394653031609 0
    outer loop
      vertex 37.97155576479295 12.543519994715293 1.2
      vertex 38.059852981726294 12.803635207966689 2.4
      vertex 37.97155576479295 12.543519994715293 2.4
    endloop
  endfacet
  facet normal 0.8968727415326793 -0.4422886902190196 0
    outer loop
      vertex 38.059852981726294 12.803635207966689 1.2
      vertex 38.18134665205268 13.05 2.4
      vertex 38.059852981726294 12.803635207966689 2.4
    endloop
  endfacet
  facet normal 0.8314696123025439 -0.5555702330196043 0
    outer loop
      vertex 38.18134665205268 13.05 1.2
      vertex 38.33395798538841 13.278399000918313 2.4
      vertex 38.18134665205268 13.05 2.4
    endloop
  endfacet
  facet normal 0.7518398074789853 -0.6593458151000599 0
    outer loop
      vertex 38.33395798538841 13.278399000918313 1.2
      vertex 38.51507575950825 13.48492424049175 2.4
      vertex 38.33395798538841 13.278399000918313 2.4
    endloop
  endfacet
  facet normal 0.6593458151000672 -0.7518398074789789 0
    outer loop
      vertex 38.72160099908169 13.666042014611595 1.2
      vertex 38.72160099908169 13.666042014611595 2.4
      vertex 38.51507575950825 13.48492424049175 2.4
    endloop
  endfacet
  facet normal 0 0 -1
    outer loop
      vertex 37.97155576479295 11.456480005284707 2.4
      vertex 37.917965791114995 11.725894996337892 2.4
      vertex 37.917965791114995 12.274105003662108 2.4
    endloop
  endfacet
  facet normal 0 0 -1
    outer loop
      vertex 38.18134665205268 10.95 2.4
      vertex 38.059852981726294 11.196364792033311 2.4
      vertex 38.059852981726294 12.803635207966689 2.4
    endloop
  endfacet
  facet normal 0 0 -1
    outer loop
      vertex 38.059852981726294 11.196364792033311 2.4
      vertex 37.97155576479295 11.456480005284707 2.4
      vertex 37.97155576479295 12.543519994715293 2.4
    endloop
  endfacet
  facet normal 0 0 -1
    outer loop
      vertex 38.18134665205268 10.95 2.4
      vertex 38.18134665205268 13.05 2.4
      vertex 38.33395798538841 10.721600999081687 2.4
    endloop
  endfacet
  facet normal 0 0 -1
    outer loop
      vertex 38.33395798538841 10.721600999081687 2.4
      vertex 38.18134665205268 13.05 2.4
      vertex 38.3 12 2.4
    endloop
  endfacet
  facet normal 0 0 -1
    outer loop
      vertex 38.95 10.181346652052678 2.4
      vertex 38.72160099908169 10.333957985388405 2.4
      vertex 38.965105570685175 10.6512993215049 2.4
    endloop
  endfacet
  facet normal 0 0 -1
    outer loop
      vertex 38.51507575950825 10.51507575950825 2.4
      vertex 38.79791847198287 10.79791847198287 2.4
      vertex 38.72160099908169 10.333957985388405 2.4
    endloop
  endfacet
  facet normal 0 0 -1
    outer loop
      vertex 38.72160099908169 10.333957985388405 2.4
      vertex 38.79791847198287 10.79791847198287 2.4
      vertex 38.965105570685175 10.6512993215049 2.4
    endloop
  endfacet
  facet normal 0 0 -1
    outer loop
      vertex 38.51507575950825 10.51507575950825 2.4
      vertex 38.33395798538841 10.721600999081687 2.4
      vertex 38.527756813566455 11.15 2.4
    endloop
  endfacet
  facet normal 0 0 -1
    outer loop
      vertex 38.51507575950825 10.51507575950825 2.4
      vertex 38.6512993215049 10.965105570685175 2.4
      vertex 38.79791847198287 10.79791847198287 2.4
    endloop
  endfacet
  facet normal 0 0 -1
    outer loop
      vertex 38.51507575950825 10.51507575950825 2.4
      vertex 38.527756813566455 11.15 2.4
      vertex 38.6512993215049 10.965105570685175 2.4
    endloop
  endfacet
  facet normal 0 0 -1
    outer loop
      vertex 38.33395798538841 10.721600999081687 2.4
      vertex 38.429404794730814 11.349438164979347 2.4
      vertex 38.527756813566455 11.15 2.4
    endloop
  endfacet
  facet normal 0 0 -1
    outer loop
      vertex 38.95 10.181346652052678 2.4
      vertex 39.15 10.527756813566455 2.4
      vertex 39.34943816497935 10.429404794730813 2.4
    endloop
  endfacet
  facet normal 0 0 -1
    outer loop
      vertex 38.95 10.181346652052678 2.4
      vertex 38.965105570685175 10.6512993215049 2.4
      vertex 39.15 10.527756813566455 2.4
    endloop
  endfacet
  facet normal 0 0 -1
    outer loop
      vertex 39.196364792033314 10.059852981726298 2.4
      vertex 39.34943816497935 10.429404794730813 2.4
      vertex 39.56000762332572 10.357926095308583 2.4
    endloop
  endfacet
  facet normal 0 0 -1
    outer loop
      vertex 38.33395798538841 10.721600999081687 2.4
      vertex 38.357926095308585 11.560007623325715 2.4
      vertex 38.429404794730814 11.349438164979347 2.4
    endloop
  endfacet
  facet normal 0 0 -1
    outer loop
      vertex 38.33395798538841 10.721600999081687 2.4
      vertex 38.31454373566452 11.778105473225912 2.4
      vertex 38.357926095308585 11.560007623325715 2.4
    endloop
  endfacet
  facet normal 0 0 -1
    outer loop
      vertex 38.33395798538841 10.721600999081687 2.4
      vertex 38.3 12 2.4
      vertex 38.31454373566452 11.778105473225912 2.4
    endloop
  endfacet
  facet normal 0 0 -1
    outer loop
      vertex 37.917965791114995 11.725894996337892 2.4
      vertex 37.9 12 2.4
      vertex 37.917965791114995 12.274105003662108 2.4
    endloop
  endfacet
  facet normal 0 0 -1
    outer loop
      vertex 37.97155576479295 11.456480005284707 2.4
      vertex 37.917965791114995 12.274105003662108 2.4
      vertex 37.97155576479295 12.543519994715293 2.4
    endloop
  endfacet
  facet normal 0 0 -1
    outer loop
      vertex 38.059852981726294 11.196364792033311 2.4
      vertex 37.97155576479295 12.543519994715293 2.4
      vertex 38.059852981726294 12.803635207966689 2.4
    endloop
  endfacet
  facet normal 0 0 -1
    outer loop
      vertex 38.18134665205268 10.95 2.4
      vertex 38.059852981726294 12.803635207966689 2.4
      vertex 38.18134665205268 13.05 2.4
    endloop
  endfacet
  facet normal 0 0 -1
    outer loop
      vertex 38.3 12 2.4
      vertex 38.18134665205268 13.05 2.4
      vertex 38.31454373566452 12.221894526774088 2.4
    endloop
  endfacet
  facet normal 0 0 -1
    outer loop
      vertex 38.18134665205268 13.05 2.4
      vertex 38.33395798538841 13.278399000918313 2.4
      vertex 38.31454373566452 12.221894526774088 2.4
    endloop
  endfacet
  facet normal 0 0 -1
    outer loop
      vertex 38.31454373566452 12.221894526774088 2.4
      vertex 38.33395798538841 13.278399000918313 2.4
      vertex 38.357926095308585 12.439992376674285 2.4
    endloop
  endfacet
  facet normal 0 0 -1
    outer loop
      vertex 38.357926095308585 12.439992376674285 2.4
      vertex 38.33395798538841 13.278399000918313 2.4
      vertex 38.429404794730814 12.650561835020653 2.4
    endloop
  endfacet
  facet normal 0 0 -1
    outer loop
      vertex 38.429404794730814 12.650561835020653 2.4
      vertex 38.51507575950825 13.48492424049175 2.4
      vertex 38.527756813566455 12.85 2.4
    endloop
  endfacet
  facet normal 0 0 -1
    outer loop
      vertex 38.429404794730814 12.650561835020653 2.4
      vertex 38.33395798538841 13.278399000918313 2.4
      vertex 38.51507575950825 13.48492424049175 2.4
    endloop
  endfacet
  facet normal 0 0 -1
    outer loop
      vertex 38.527756813566455 12.85 2.4
      vertex 38.51507575950825 13.48492424049175 2.4
      vertex 38.6512993215049 13.034894429314825 2.4
    endloop
  endfacet
  facet normal 0 0 -1
    outer loop
      vertex 38.6512993215049 13.034894429314825 2.4
      vertex 38.51507575950825 13.48492424049175 2.4
      vertex 38.72160099908169 13.666042014611595 2.4
    endloop
  endfacet
  facet normal 0 0 -1
    outer loop
      vertex 38.6512993215049 13.034894429314825 2.4
      vertex 38.72160099908169 13.666042014611595 2.4
      vertex 38.79791847198287 13.20208152801713 2.4
    endloop
  endfacet
  facet normal 0 0 -1
    outer loop
      vertex 38.79791847198287 13.20208152801713 2.4
      vertex 38.95 13.818653347947322 2.4
      vertex 38.965105570685175 13.3487006784951 2.4
    endloop
  endfacet
  facet normal 0 0 -1
    outer loop
      vertex 38.79791847198287 13.20208152801713 2.4
      vertex 38.72160099908169 13.666042014611595 2.4
      vertex 38.95 13.818653347947322 2.4
    endloop
  endfacet
  facet normal 0 0 -1
    outer loop
      vertex 38.965105570685175 13.3487006784951 2.4
      vertex 38.95 13.818653347947322 2.4
      vertex 39.15 13.472243186433545 2.4
    endloop
  endfacet
  facet normal 0 0 -1
    outer loop
      vertex 39.15 13.472243186433545 2.4
      vertex 39.196364792033314 13.940147018273702 2.4
      vertex 39.34943816497935 13.570595205269187 2.4
    endloop
  endfacet
  facet normal 0.06540312923014183 0.9978589232386037 0
    outer loop
      vertex 39.72589499633789 9.917965791114998 1.2
      vertex 39.72589499633789 9.917965791114998 2.4
      vertex 40 9.9 2.4
    endloop
  endfacet
  facet normal -0.06540312923014183 0.9978589232386037 0
    outer loop
      vertex 40 9.9 1.2
      vertex 40 9.9 2.4
      vertex 40.27410500366211 9.917965791114998 2.4
    endloop
  endfacet
  facet normal -0.19509032201612525 0.9807852804032311 0
    outer loop
      vertex 40.27410500366211 9.917965791114998 1.2
      vertex 40.27410500366211 9.917965791114998 2.4
      vertex 40.5435199947153 9.971555764792956 2.4
    endloop
  endfacet
  facet normal -0.32143946530316875 0.9469301294951031 0
    outer loop
      vertex 40.5435199947153 9.971555764792956 1.2
      vertex 40.5435199947153 9.971555764792956 2.4
      vertex 40.803635207966686 10.059852981726298 2.4
    endloop
  endfacet
  facet normal -0.44228869021899886 0.8968727415326895 0
    outer loop
      vertex 40.803635207966686 10.059852981726298 1.2
      vertex 40.803635207966686 10.059852981726298 2.4
      vertex 41.05 10.181346652052678 2.4
    endloop
  endfacet
  facet normal -0.5555702330195982 0.8314696123025478 0
    outer loop
      vertex 41.05 10.181346652052678 1.2
      vertex 41.05 10.181346652052678 2.4
      vertex 41.27839900091831 10.333957985388405 2.4
    endloop
  endfacet
  facet normal 0 0 -1
    outer loop
      vertex 39.72589499633789 9.917965791114998 2.4
      vertex 40 10.3 2.4
      vertex 40 9.9 2.4
    endloop
  endfacet
  facet normal 0 0 -1
    outer loop
      vertex 39.72589499633789 9.917965791114998 2.4
      vertex 39.778105473225914 10.314543735664522 2.4
      vertex 40 10.3 2.4
    endloop
  endfacet
  facet normal 0 0 -1
    outer loop
      vertex 40 9.9 2.4
      vertex 40 10.3 2.4
      vertex 40.27410500366211 9.917965791114998 2.4
    endloop
  endfacet
  facet normal 0 0 -1
    outer loop
      vertex 40.27410500366211 9.917965791114998 2.4
      vertex 40 10.3 2.4
      vertex 40.221894526774086 10.314543735664522 2.4
    endloop
  endfacet
  facet normal 0 0 -1
    outer loop
      vertex 40.27410500366211 9.917965791114998 2.4
      vertex 40.43999237667428 10.357926095308583 2.4
      vertex 40.5435199947153 9.971555764792956 2.4
    endloop
  endfacet
  facet normal 0 0 -1
    outer loop
      vertex 40.27410500366211 9.917965791114998 2.4
      vertex 40.221894526774086 10.314543735664522 2.4
      vertex 40.43999237667428 10.357926095308583 2.4
    endloop
  endfacet
  facet normal 0 0 -1
    outer loop
      vertex 40.5435199947153 9.971555764792956 2.4
      vertex 40.43999237667428 10.357926095308583 2.4
      vertex 40.65056183502065 10.429404794730813 2.4
    endloop
  endfacet
  facet normal 0 0 -1
    outer loop
      vertex 40.5435199947153 9.971555764792956 2.4
      vertex 40.65056183502065 10.429404794730813 2.4
      vertex 40.803635207966686 10.059852981726298 2.4
    endloop
  endfacet
  facet normal 0 0 -1
    outer loop
      vertex 40.803635207966686 10.059852981726298 2.4
      vertex 40.85 10.527756813566455 2.4
      vertex 41.05 10.181346652052678 2.4
    endloop
  endfacet
  facet normal -0.6593458151000672 0.7518398074789789 0
    outer loop
      vertex 41.27839900091831 10.333957985388405 1.2
      vertex 41.27839900091831 10.333957985388405 2.4
      vertex 41.48492424049175 10.51507575950825 2.4
    endloop
  endfacet
  facet normal -0.7518398074789853 0.6593458151000599 0
    outer loop
      vertex 41.66604201461159 10.721600999081687 1.2
      vertex 41.48492424049175 10.51507575950825 2.4
      vertex 41.66604201461159 10.721600999081687 2.4
    endloop
  endfacet
  facet normal -0.8314696123025439 0.5555702330196043 0
    outer loop
      vertex 41.81865334794732 10.95 1.2
      vertex 41.66604201461159 10.721600999081687 2.4
      vertex 41.81865334794732 10.95 2.4
    endloop
  endfacet
  facet normal -0.8968727415326793 0.4422886902190196 0
    outer loop
      vertex 41.940147018273706 11.196364792033311 1.2
      vertex 41.81865334794732 10.95 2.4
      vertex 41.940147018273706 11.196364792033311 2.4
    endloop
  endfacet
  facet normal -0.9469301294951059 0.3214394653031609 0
    outer loop
      vertex 42.02844423520705 11.456480005284707 1.2
      vertex 41.940147018273706 11.196364792033311 2.4
      vertex 42.02844423520705 11.456480005284707 2.4
    endloop
  endfacet
  facet normal -0.9807852804032304 0.19509032201612772 0
    outer loop
      vertex 42.082034208885005 11.725894996337892 1.2
      vertex 42.02844423520705 11.456480005284707 2.4
      vertex 42.082034208885005 11.725894996337892 2.4
    endloop
  endfacet
  facet normal -0.997858923238604 0.06540312923013537 0
    outer loop
      vertex 42.1 12 1.2
      vertex 42.082034208885005 11.725894996337892 2.4
      vertex 42.1 12 2.4
    endloop
  endfacet
  facet normal -0.997858923238604 -0.06540312923013537 0
    outer loop
      vertex 42.082034208885005 12.274105003662108 1.2
      vertex 42.1 12 2.4
      vertex 42.082034208885005 12.274105003662108 2.4
    endloop
  endfacet
  facet normal -0.9807852804032304 -0.19509032201612772 0
    outer loop
      vertex 42.02844423520705 12.543519994715293 1.2
      vertex 42.082034208885005 12.274105003662108 2.4
      vertex 42.02844423520705 12.543519994715293 2.4
    endloop
  endfacet
  facet normal -0.9469301294951059 -0.3214394653031609 0
    outer loop
      vertex 41.940147018273706 12.803635207966689 1.2
      vertex 42.02844423520705 12.543519994715293 2.4
      vertex 41.940147018273706 12.803635207966689 2.4
    endloop
  endfacet
  facet normal -0.8314696123025439 -0.5555702330196043 0
    outer loop
      vertex 41.66604201461159 13.278399000918313 1.2
      vertex 41.81865334794732 13.05 2.4
      vertex 41.66604201461159 13.278399000918313 2.4
    endloop
  endfacet
  facet normal -0.6593458151000672 -0.7518398074789789 0
    outer loop
      vertex 41.48492424049175 13.48492424049175 1.2
      vertex 41.48492424049175 13.48492424049175 2.4
      vertex 41.27839900091831 13.666042014611595 2.4
    endloop
  endfacet
  facet normal -0.7518398074789853 -0.6593458151000599 0
    outer loop
      vertex 41.48492424049175 13.48492424049175 1.2
      vertex 41.66604201461159 13.278399000918313 2.4
      vertex 41.48492424049175 13.48492424049175 2.4
    endloop
  endfacet
  facet normal -0.8968727415326793 -0.4422886902190196 0
    outer loop
      vertex 41.81865334794732 13.05 1.2
      vertex 41.940147018273706 12.803635207966689 2.4
      vertex 41.81865334794732 13.05 2.4
    endloop
  endfacet
  facet normal 0 0 -1
    outer loop
      vertex 40.803635207966686 10.059852981726298 2.4
      vertex 40.65056183502065 10.429404794730813 2.4
      vertex 40.85 10.527756813566455 2.4
    endloop
  endfacet
  facet normal 0 0 -1
    outer loop
      vertex 41.05 10.181346652052678 2.4
      vertex 40.85 10.527756813566455 2.4
      vertex 41.034894429314825 10.6512993215049 2.4
    endloop
  endfacet
  facet normal 0 0 -1
    outer loop
      vertex 41.05 10.181346652052678 2.4
      vertex 41.034894429314825 10.6512993215049 2.4
      vertex 41.20208152801713 10.79791847198287 2.4
    endloop
  endfacet
  facet normal 0 0 -1
    outer loop
      vertex 41.05 10.181346652052678 2.4
      vertex 41.20208152801713 10.79791847198287 2.4
      vertex 41.27839900091831 10.333957985388405 2.4
    endloop
  endfacet
  facet normal 0 0 -1
    outer loop
      vertex 41.27839900091831 10.333957985388405 2.4
      vertex 41.20208152801713 10.79791847198287 2.4
      vertex 41.3487006784951 10.965105570685175 2.4
    endloop
  endfacet
  facet normal 0 0 -1
    outer loop
      vertex 41.27839900091831 10.333957985388405 2.4
      vertex 41.3487006784951 10.965105570685175 2.4
      vertex 41.48492424049175 10.51507575950825 2.4
    endloop
  endfacet
  facet normal 0 0 -1
    outer loop
      vertex 41.48492424049175 10.51507575950825 2.4
      vertex 41.3487006784951 10.965105570685175 2.4
      vertex 41.472243186433545 11.15 2.4
    endloop
  endfacet
  facet normal 0 0 -1
    outer loop
      vertex 41.48492424049175 10.51507575950825 2.4
      vertex 41.570595205269186 11.349438164979347 2.4
      vertex 41.66604201461159 10.721600999081687 2.4
    endloop
  endfacet
  facet normal 0 0 -1
    outer loop
      vertex 41.48492424049175 10.51507575950825 2.4
      vertex 41.472243186433545 11.15 2.4
      vertex 41.570595205269186 11.349438164979347 2.4
    endloop
  endfacet
  facet normal 0 0 -1
    outer loop
      vertex 41.66604201461159 10.721600999081687 2.4
      vertex 41.570595205269186 11.349438164979347 2.4
      vertex 41.642073904691415 11.560007623325715 2.4
    endloop
  endfacet
  facet normal 0 0 -1
    outer loop
      vertex 41.66604201461159 10.721600999081687 2.4
      vertex 41.68545626433548 11.778105473225912 2.4
      vertex 41.81865334794732 10.95 2.4
    endloop
  endfacet
  facet normal 0 0 -1
    outer loop
      vertex 41.66604201461159 10.721600999081687 2.4
      vertex 41.642073904691415 11.560007623325715 2.4
      vertex 41.68545626433548 11.778105473225912 2.4
    endloop
  endfacet
  facet normal 0 0 -1
    outer loop
      vertex 41.81865334794732 10.95 2.4
      vertex 41.68545626433548 11.778105473225912 2.4
      vertex 41.7 12 2.4
    endloop
  endfacet
  facet normal 0 0 -1
    outer loop
      vertex 41.81865334794732 10.95 2.4
      vertex 41.81865334794732 13.05 2.4
      vertex 41.940147018273706 11.196364792033311 2.4
    endloop
  endfacet
  facet normal 0 0 -1
    outer loop
      vertex 41.940147018273706 11.196364792033311 2.4
      vertex 41.940147018273706 12.803635207966689 2.4
      vertex 42.02844423520705 11.456480005284707 2.4
    endloop
  endfacet
  facet normal 0 0 -1
    outer loop
      vertex 42.02844423520705 11.456480005284707 2.4
      vertex 42.02844423520705 12.543519994715293 2.4
      vertex 42.082034208885005 11.725894996337892 2.4
    endloop
  endfacet
  facet normal 0 0 -1
    outer loop
      vertex 40.65056183502065 13.570595205269187 2.4
      vertex 41.05 13.818653347947322 2.4
      vertex 40.85 13.472243186433545 2.4
    endloop
  endfacet
  facet normal 0 0 -1
    outer loop
      vertex 40.85 13.472243186433545 2.4
      vertex 41.05 13.818653347947322 2.4
      vertex 41.034894429314825 13.3487006784951 2.4
    endloop
  endfacet
  facet normal 0 0 -1
    outer loop
      vertex 41.034894429314825 13.3487006784951 2.4
      vertex 41.05 13.818653347947322 2.4
      vertex 41.27839900091831 13.666042014611595 2.4
    endloop
  endfacet
  facet normal 0 0 -1
    outer loop
      vertex 41.81865334794732 10.95 2.4
      vertex 41.7 12 2.4
      vertex 41.66604201461159 13.278399000918313 2.4
    endloop
  endfacet
  facet normal 0 0 -1
    outer loop
      vertex 41.7 12 2.4
      vertex 41.68545626433548 12.221894526774088 2.4
      vertex 41.66604201461159 13.278399000918313 2.4
    endloop
  endfacet
  facet normal 0 0 -1
    outer loop
      vertex 41.81865334794732 10.95 2.4
      vertex 41.66604201461159 13.278399000918313 2.4
      vertex 41.81865334794732 13.05 2.4
    endloop
  endfacet
  facet normal 0 0 -1
    outer loop
      vertex 41.68545626433548 12.221894526774088 2.4
      vertex 41.642073904691415 12.439992376674285 2.4
      vertex 41.66604201461159 13.278399000918313 2.4
    endloop
  endfacet
  facet normal 0 0 -1
    outer loop
      vertex 41.642073904691415 12.439992376674285 2.4
      vertex 41.570595205269186 12.650561835020653 2.4
      vertex 41.66604201461159 13.278399000918313 2.4
    endloop
  endfacet
  facet normal 0 0 -1
    outer loop
      vertex 42.082034208885005 11.725894996337892 2.4
      vertex 42.082034208885005 12.274105003662108 2.4
      vertex 42.1 12 2.4
    endloop
  endfacet
  facet normal 0 0 -1
    outer loop
      vertex 42.082034208885005 11.725894996337892 2.4
      vertex 42.02844423520705 12.543519994715293 2.4
      vertex 42.082034208885005 12.274105003662108 2.4
    endloop
  endfacet
  facet normal 0 0 -1
    outer loop
      vertex 42.02844423520705 11.456480005284707 2.4
      vertex 41.940147018273706 12.803635207966689 2.4
      vertex 42.02844423520705 12.543519994715293 2.4
    endloop
  endfacet
  facet normal 0 0 -1
    outer loop
      vertex 41.940147018273706 11.196364792033311 2.4
      vertex 41.81865334794732 13.05 2.4
      vertex 41.940147018273706 12.803635207966689 2.4
    endloop
  endfacet
  facet normal 0 0 -1
    outer loop
      vertex 41.472243186433545 12.85 2.4
      vertex 41.3487006784951 13.034894429314825 2.4
      vertex 41.48492424049175 13.48492424049175 2.4
    endloop
  endfacet
  facet normal 0 0 -1
    outer loop
      vertex 41.3487006784951 13.034894429314825 2.4
      vertex 41.20208152801713 13.20208152801713 2.4
      vertex 41.48492424049175 13.48492424049175 2.4
    endloop
  endfacet
  facet normal 0 0 -1
    outer loop
      vertex 41.570595205269186 12.650561835020653 2.4
      vertex 41.472243186433545 12.85 2.4
      vertex 41.66604201461159 13.278399000918313 2.4
    endloop
  endfacet
  facet normal 0 0 -1
    outer loop
      vertex 41.472243186433545 12.85 2.4
      vertex 41.48492424049175 13.48492424049175 2.4
      vertex 41.66604201461159 13.278399000918313 2.4
    endloop
  endfacet
  facet normal 0 0 -1
    outer loop
      vertex 41.034894429314825 13.3487006784951 2.4
      vertex 41.27839900091831 13.666042014611595 2.4
      vertex 41.20208152801713 13.20208152801713 2.4
    endloop
  endfacet
  facet normal 0 0 -1
    outer loop
      vertex 41.20208152801713 13.20208152801713 2.4
      vertex 41.27839900091831 13.666042014611595 2.4
      vertex 41.48492424049175 13.48492424049175 2.4
    endloop
  endfacet
  facet normal 0.5555702330195982 -0.8314696123025478 0
    outer loop
      vertex 38.72160099908169 13.666042014611595 1.2
      vertex 38.95 13.818653347947322 1.2
      vertex 38.72160099908169 13.666042014611595 2.4
    endloop
  endfacet
  facet normal 0.44228869021899886 -0.8968727415326895 0
    outer loop
      vertex 38.95 13.818653347947322 1.2
      vertex 39.196364792033314 13.940147018273702 1.2
      vertex 38.95 13.818653347947322 2.4
    endloop
  endfacet
  facet normal 0.32143946530316875 -0.9469301294951031 0
    outer loop
      vertex 39.196364792033314 13.940147018273702 1.2
      vertex 39.4564800052847 14.028444235207044 1.2
      vertex 39.196364792033314 13.940147018273702 2.4
    endloop
  endfacet
  facet normal 0.19509032201612525 -0.9807852804032311 0
    outer loop
      vertex 39.4564800052847 14.028444235207044 1.2
      vertex 39.72589499633789 14.082034208885002 1.2
      vertex 39.4564800052847 14.028444235207044 2.4
    endloop
  endfacet
  facet normal 0.06540312923014183 -0.9978589232386037 0
    outer loop
      vertex 39.72589499633789 14.082034208885002 1.2
      vertex 40 14.1 1.2
      vertex 39.72589499633789 14.082034208885002 2.4
    endloop
  endfacet
  facet normal -0.06540312923014183 -0.9978589232386037 0
    outer loop
      vertex 40 14.1 1.2
      vertex 40.27410500366211 14.082034208885002 1.2
      vertex 40 14.1 2.4
    endloop
  endfacet
  facet normal -0.19509032201612525 -0.9807852804032311 0
    outer loop
      vertex 40.27410500366211 14.082034208885002 1.2
      vertex 40.5435199947153 14.028444235207044 1.2
      vertex 40.27410500366211 14.082034208885002 2.4
    endloop
  endfacet
  facet normal -0.32143946530316875 -0.9469301294951031 0
    outer loop
      vertex 40.5435199947153 14.028444235207044 1.2
      vertex 40.803635207966686 13.940147018273702 1.2
      vertex 40.5435199947153 14.028444235207044 2.4
    endloop
  endfacet
  facet normal -0.44228869021899886 -0.8968727415326895 4.061972513528564e-18
    outer loop
      vertex 41.05 13.818653347947322 1.2
      vertex 40.803635207966686 13.940147018273702 2.4
      vertex 40.803635207966686 13.940147018273702 1.2
    endloop
  endfacet
  facet normal -0.5555702330195982 -0.8314696123025478 -2.59963627028197e-18
    outer loop
      vertex 41.27839900091831 13.666042014611595 1.2
      vertex 41.05 13.818653347947322 2.4
      vertex 41.05 13.818653347947322 1.2
    endloop
  endfacet
  facet normal 0.5555702330195982 -0.8314696123025478 2.59963627028197e-18
    outer loop
      vertex 38.72160099908169 13.666042014611595 2.4
      vertex 38.95 13.818653347947322 1.2
      vertex 38.95 13.818653347947322 2.4
    endloop
  endfacet
  facet normal 0.44228869021899886 -0.8968727415326895 0
    outer loop
      vertex 39.196364792033314 13.940147018273702 1.2
      vertex 39.196364792033314 13.940147018273702 2.4
      vertex 38.95 13.818653347947322 2.4
    endloop
  endfacet
  facet normal 0.32143946530316875 -0.9469301294951031 0
    outer loop
      vertex 39.4564800052847 14.028444235207044 1.2
      vertex 39.4564800052847 14.028444235207044 2.4
      vertex 39.196364792033314 13.940147018273702 2.4
    endloop
  endfacet
  facet normal 0.19509032201612525 -0.9807852804032311 0
    outer loop
      vertex 39.72589499633789 14.082034208885002 1.2
      vertex 39.72589499633789 14.082034208885002 2.4
      vertex 39.4564800052847 14.028444235207044 2.4
    endloop
  endfacet
  facet normal 0 0 -1
    outer loop
      vertex 39.15 13.472243186433545 2.4
      vertex 38.95 13.818653347947322 2.4
      vertex 39.196364792033314 13.940147018273702 2.4
    endloop
  endfacet
  facet normal 0 0 -1
    outer loop
      vertex 39.34943816497935 13.570595205269187 2.4
      vertex 39.196364792033314 13.940147018273702 2.4
      vertex 39.4564800052847 14.028444235207044 2.4
    endloop
  endfacet
  facet normal 0 0 -1
    outer loop
      vertex 39.34943816497935 13.570595205269187 2.4
      vertex 39.4564800052847 14.028444235207044 2.4
      vertex 39.56000762332572 13.642073904691417 2.4
    endloop
  endfacet
  facet normal 0 0 -1
    outer loop
      vertex 39.56000762332572 13.642073904691417 2.4
      vertex 39.72589499633789 14.082034208885002 2.4
      vertex 39.778105473225914 13.685456264335478 2.4
    endloop
  endfacet
  facet normal 0 0 -1
    outer loop
      vertex 39.56000762332572 13.642073904691417 2.4
      vertex 39.4564800052847 14.028444235207044 2.4
      vertex 39.72589499633789 14.082034208885002 2.4
    endloop
  endfacet
  facet normal 0.06540312923014183 -0.9978589232386037 0
    outer loop
      vertex 40 14.1 1.2
      vertex 40 14.1 2.4
      vertex 39.72589499633789 14.082034208885002 2.4
    endloop
  endfacet
  facet normal -0.06540312923014183 -0.9978589232386037 0
    outer loop
      vertex 40.27410500366211 14.082034208885002 1.2
      vertex 40.27410500366211 14.082034208885002 2.4
      vertex 40 14.1 2.4
    endloop
  endfacet
  facet normal -0.19509032201612525 -0.9807852804032311 0
    outer loop
      vertex 40.5435199947153 14.028444235207044 1.2
      vertex 40.5435199947153 14.028444235207044 2.4
      vertex 40.27410500366211 14.082034208885002 2.4
    endloop
  endfacet
  facet normal -0.32143946530316875 -0.9469301294951031 0
    outer loop
      vertex 40.803635207966686 13.940147018273702 1.2
      vertex 40.803635207966686 13.940147018273702 2.4
      vertex 40.5435199947153 14.028444235207044 2.4
    endloop
  endfacet
  facet normal -0.44228869021899886 -0.8968727415326895 0
    outer loop
      vertex 41.05 13.818653347947322 1.2
      vertex 41.05 13.818653347947322 2.4
      vertex 40.803635207966686 13.940147018273702 2.4
    endloop
  endfacet
  facet normal -0.5555702330195982 -0.8314696123025478 0
    outer loop
      vertex 41.27839900091831 13.666042014611595 1.2
      vertex 41.27839900091831 13.666042014611595 2.4
      vertex 41.05 13.818653347947322 2.4
    endloop
  endfacet
  facet normal 0 0 -1
    outer loop
      vertex 39.778105473225914 13.685456264335478 2.4
      vertex 39.72589499633789 14.082034208885002 2.4
      vertex 40 13.7 2.4
    endloop
  endfacet
  facet normal 0 0 -1
    outer loop
      vertex 40 13.7 2.4
      vertex 39.72589499633789 14.082034208885002 2.4
      vertex 40 14.1 2.4
    endloop
  endfacet
  facet normal 0 0 -1
    outer loop
      vertex 40.221894526774086 13.685456264335478 2.4
      vertex 40 13.7 2.4
      vertex 40.27410500366211 14.082034208885002 2.4
    endloop
  endfacet
  facet normal 0 0 -1
    outer loop
      vertex 40.221894526774086 13.685456264335478 2.4
      vertex 40.5435199947153 14.028444235207044 2.4
      vertex 40.43999237667428 13.642073904691417 2.4
    endloop
  endfacet
  facet normal 0 0 -1
    outer loop
      vertex 40 13.7 2.4
      vertex 40 14.1 2.4
      vertex 40.27410500366211 14.082034208885002 2.4
    endloop
  endfacet
  facet normal 0 0 -1
    outer loop
      vertex 40.221894526774086 13.685456264335478 2.4
      vertex 40.27410500366211 14.082034208885002 2.4
      vertex 40.5435199947153 14.028444235207044 2.4
    endloop
  endfacet
  facet normal 0 0 -1
    outer loop
      vertex 40.43999237667428 13.642073904691417 2.4
      vertex 40.5435199947153 14.028444235207044 2.4
      vertex 40.803635207966686 13.940147018273702 2.4
    endloop
  endfacet
  facet normal 0 0 -1
    outer loop
      vertex 40.43999237667428 13.642073904691417 2.4
      vertex 40.803635207966686 13.940147018273702 2.4
      vertex 40.65056183502065 13.570595205269187 2.4
    endloop
  endfacet
  facet normal 0 0 -1
    outer loop
      vertex 40.65056183502065 13.570595205269187 2.4
      vertex 40.803635207966686 13.940147018273702 2.4
      vertex 41.05 13.818653347947322 2.4
    endloop
  endfacet
  facet normal -0.06540312801222277 -0.9978589233184303 0
    outer loop
      vertex -41.92210476845503 -27.36577944457531 0
      vertex -41.399999998509884 -27.399999998509884 0
      vertex -41.92210476845503 -27.36577944457531 0.12771285150817846
    endloop
  endfacet
  facet normal -0.06540312801222276 -0.9978589233184301 0
    outer loop
      vertex -41.399999998509884 -27.399999998509884 0
      vertex -41.399999998509884 -27.399999998509884 5.5611621974094305e-9
      vertex -41.92210476845503 -27.36577944457531 0.12771285150817846
    endloop
  endfacet
  facet normal -0.19509032676636193 -0.9807852794583504 0
    outer loop
      vertex -42.43527618050575 -27.263703301548958 0
      vertex -41.92210476845503 -27.36577944457531 0
      vertex -42.43527618050575 -27.263703301548958 0.5086662035231839
    endloop
  endfacet
  facet normal -0.1950903267663619 -0.9807852794583501 0
    outer loop
      vertex -41.92210476845503 -27.36577944457531 0
      vertex -41.92210476845503 -27.36577944457531 0.12771285150817846
      vertex -42.43527618050575 -27.263703301548958 0.5086662035231839
    endloop
  endfacet
  facet normal -0.32143946226297265 -0.9469301305271108 0
    outer loop
      vertex -42.93073373287916 -27.09551812708378 0
      vertex -42.43527618050575 -27.263703301548958 0
      vertex -42.93073373287916 -27.09551812708378 1.1363418197070487
    endloop
  endfacet
  facet normal -0.32143946226297265 -0.9469301305271107 0
    outer loop
      vertex -42.43527618050575 -27.263703301548958 0
      vertex -42.43527618050575 -27.263703301548958 0.5086662035231839
      vertex -42.93073373287916 -27.09551812708378 1.1363418197070487
    endloop
  endfacet
  facet normal 0 0 -1
    outer loop
      vertex -41.399999998509884 -27.399999998509884 0
      vertex -34.71314214169979 -24.990030013024807 0
      vertex -34.54999999701977 -25.09903810918331 0
    endloop
  endfacet
  facet normal 0 0 -1
    outer loop
      vertex -41.399999998509884 -27.399999998509884 0
      vertex -34.860660172998905 -24.860660172998905 0
      vertex -34.71314214169979 -24.990030013024807 0
    endloop
  endfacet
  facet normal 0 0 -1
    outer loop
      vertex -41.399999998509884 -27.399999998509884 0
      vertex -35.24888873845339 -24.18822856992483 0
      vertex -35.185819298028946 -24.374025151133537 0
    endloop
  endfacet
  facet normal 0 0 -1
    outer loop
      vertex -41.399999998509884 -27.399999998509884 0
      vertex -34.99003001302481 -24.71314214169979 0
      vertex -34.860660172998905 -24.860660172998905 0
    endloop
  endfacet
  facet normal 0 0 -1
    outer loop
      vertex -41.399999998509884 -27.399999998509884 0
      vertex -35.09903810918331 -24.549999997019768 0
      vertex -34.99003001302481 -24.71314214169979 0
    endloop
  endfacet
  facet normal 0 0 -1
    outer loop
      vertex -41.399999998509884 -27.399999998509884 0
      vertex -35.185819298028946 -24.374025151133537 0
      vertex -35.09903810918331 -24.549999997019768 0
    endloop
  endfacet
  facet normal 0 0 -1
    outer loop
      vertex -41.399999998509884 -27.399999998509884 0
      vertex -35.28716728836298 -23.995789289474487 0
      vertex -35.24888873845339 -24.18822856992483 0
    endloop
  endfacet
  facet normal 0 0 -1
    outer loop
      vertex -41.399999998509884 -27.399999998509884 0
      vertex -35.29999999701977 -23.799999997019768 0
      vertex -35.28716728836298 -23.995789289474487 0
    endloop
  endfacet
  facet normal 0 0 -1
    outer loop
      vertex -41.399999998509884 -27.399999998509884 0
      vertex -34.37402515113354 -25.185819298028946 0
      vertex -34.18822856992483 -25.248888738453388 0
    endloop
  endfacet
  facet normal 0 0 -1
    outer loop
      vertex -41.399999998509884 -27.399999998509884 0
      vertex -34.54999999701977 -25.09903810918331 0
      vertex -34.37402515113354 -25.185819298028946 0
    endloop
  endfacet
  facet normal 0 0 -1
    outer loop
      vertex -41.399999998509884 -27.399999998509884 0
      vertex -34.18822856992483 -25.248888738453388 0
      vertex -33.99578928947449 -25.28716728836298 0
    endloop
  endfacet
  facet normal 0 0 -1
    outer loop
      vertex -41.399999998509884 -27.399999998509884 0
      vertex -33.99578928947449 -25.28716728836298 0
      vertex -33.79999999701977 -25.299999997019768 0
    endloop
  endfacet
  facet normal -0.44228868417541284 -0.8968727445130563 0
    outer loop
      vertex -43.399999998509884 -26.864101618528366 0
      vertex -42.93073373287916 -27.09551812708378 0
      vertex -43.399999998509884 -26.864101618528366 1.9999999873460723
    endloop
  endfacet
  facet normal -0.5555702302277682 -0.8314696141679891 0
    outer loop
      vertex -43.83504571765661 -26.573413364589214 0
      vertex -43.399999998509884 -26.864101618528366 0
      vertex -43.83504571765661 -26.573413364589214 3.0848633202104523
    endloop
  endfacet
  facet normal -0.4422886841754128 -0.8968727445130562 0
    outer loop
      vertex -42.93073373287916 -27.09551812708378 0
      vertex -42.93073373287916 -27.09551812708378 1.1363418197070487
      vertex -43.399999998509884 -26.864101618528366 1.9999999873460723
    endloop
  endfacet
  facet normal -0.6593458157582754 -0.7518398069017458 0
    outer loop
      vertex -44.22842712700367 -26.22842712700367 0
      vertex -43.83504571765661 -26.573413364589214 0
      vertex -44.22842712700367 -26.22842712700367 4.372369486791726
    endloop
  endfacet
  facet normal -0.7518398069017457 -0.6593458157582754 0
    outer loop
      vertex -44.22842712700367 -26.22842712700367 0
      vertex -44.573413364589214 -25.835045717656612 5
      vertex -44.573413364589214 -25.835045717656612 0
    endloop
  endfacet
  facet normal -0.5555702302277682 -0.8314696141679891 0
    outer loop
      vertex -43.399999998509884 -26.864101618528366 0
      vertex -43.399999998509884 -26.864101618528366 1.9999999873460723
      vertex -43.83504571765661 -26.573413364589214 3.0848633202104523
    endloop
  endfacet
  facet normal -0.8314696141679891 -0.5555702302277682 0
    outer loop
      vertex -44.573413364589214 -25.835045717656612 0
      vertex -44.864101618528366 -25.399999998509884 5
      vertex -44.864101618528366 -25.399999998509884 0
    endloop
  endfacet
  facet normal -0.8968727445130562 -0.4422886841754128 0
    outer loop
      vertex -44.864101618528366 -25.399999998509884 0
      vertex -45.09551812708378 -24.930733732879162 5
      vertex -45.09551812708378 -24.930733732879162 0
    endloop
  endfacet
  facet normal -0.9469301305271107 -0.3214394622629726 0
    outer loop
      vertex -45.09551812708378 -24.930733732879162 0
      vertex -45.26370330154896 -24.435276180505753 5
      vertex -45.26370330154896 -24.435276180505753 0
    endloop
  endfacet
  facet normal -0.9807852794583501 -0.1950903267663619 0
    outer loop
      vertex -45.26370330154896 -24.435276180505753 0
      vertex -45.36577944457531 -23.92210476845503 5
      vertex -45.36577944457531 -23.92210476845503 0
    endloop
  endfacet
  facet normal -0.9978589233184302 -0.06540312801222276 0
    outer loop
      vertex -45.36577944457531 -23.92210476845503 0
      vertex -45.399999998509884 -23.399999998509884 5
      vertex -45.399999998509884 -23.399999998509884 0
    endloop
  endfacet
  facet normal -0.6593458157582754 -0.7518398069017458 0
    outer loop
      vertex -43.83504571765661 -26.573413364589214 0
      vertex -43.83504571765661 -26.573413364589214 3.0848633202104523
      vertex -44.22842712700367 -26.22842712700367 4.372369486791726
    endloop
  endfacet
  facet normal 0 0 -1
    outer loop
      vertex -44.573413364589214 -25.835045717656612 0
      vertex -44.864101618528366 -25.399999998509884 0
      vertex -44.864101618528366 25.399999998509884 0
    endloop
  endfacet
  facet normal 0 0 -1
    outer loop
      vertex -44.22842712700367 -26.22842712700367 0
      vertex -44.573413364589214 -25.835045717656612 0
      vertex -44.573413364589214 25.835045717656612 0
    endloop
  endfacet
  facet normal 0 0 -1
    outer loop
      vertex -44.22842712700367 -26.22842712700367 0
      vertex -44.22842712700367 26.22842712700367 0
      vertex -43.83504571765661 -26.573413364589214 0
    endloop
  endfacet
  facet normal 0 0 -1
    outer loop
      vertex -43.83504571765661 -26.573413364589214 0
      vertex -43.83504571765661 26.573413364589214 0
      vertex -43.399999998509884 -26.864101618528366 0
    endloop
  endfacet
  facet normal 0 0 -1
    outer loop
      vertex -43.399999998509884 -26.864101618528366 0
      vertex -43.399999998509884 26.864101618528366 0
      vertex -42.93073373287916 -27.09551812708378 0
    endloop
  endfacet
  facet normal 0 0 -1
    outer loop
      vertex -42.93073373287916 -27.09551812708378 0
      vertex -42.93073373287916 27.09551812708378 0
      vertex -42.43527618050575 -27.263703301548958 0
    endloop
  endfacet
  facet normal 0 0 -1
    outer loop
      vertex -45.26370330154896 -24.435276180505753 0
      vertex -45.36577944457531 -23.92210476845503 0
      vertex -45.36577944457531 23.92210476845503 0
    endloop
  endfacet
  facet normal 0 0 -1
    outer loop
      vertex -45.09551812708378 -24.930733732879162 0
      vertex -45.26370330154896 -24.435276180505753 0
      vertex -45.26370330154896 24.435276180505753 0
    endloop
  endfacet
  facet normal 0 0 -1
    outer loop
      vertex -44.864101618528366 -25.399999998509884 0
      vertex -45.09551812708378 -24.930733732879162 0
      vertex -45.09551812708378 24.930733732879162 0
    endloop
  endfacet
  facet normal 0 0 -1
    outer loop
      vertex -45.36577944457531 -23.92210476845503 0
      vertex -45.399999998509884 -23.399999998509884 0
      vertex -45.399999998509884 23.399999998509884 0
    endloop
  endfacet
  facet normal 0 0 -1
    outer loop
      vertex -42.43527618050575 -27.263703301548958 0
      vertex -42.43527618050575 27.263703301548958 0
      vertex -41.92210476845503 -27.36577944457531 0
    endloop
  endfacet
  facet normal 0 0 -1
    outer loop
      vertex -41.92210476845503 -27.36577944457531 0
      vertex -41.92210476845503 27.36577944457531 0
      vertex -41.399999998509884 -27.399999998509884 0
    endloop
  endfacet
  facet normal 0 0 -1
    outer loop
      vertex -41.399999998509884 -27.399999998509884 0
      vertex -41.399999998509884 27.399999998509884 0
      vertex -35.29999999701977 -23.799999997019768 0
    endloop
  endfacet
  facet normal 0 -1 0
    outer loop
      vertex -41.399999998509884 -27.399999998509884 0
      vertex 41.399999998509884 -27.399999998509884 0
      vertex -41.399999998509884 -27.399999998509884 5.5611621974094305e-9
    endloop
  endfacet
  facet normal 0 0 -1
    outer loop
      vertex -41.399999998509884 -27.399999998509884 0
      vertex -33.79999999701977 -25.299999997019768 0
      vertex 41.399999998509884 -27.399999998509884 0
    endloop
  endfacet
  facet normal -0.7518398069017458 -0.6593458157582754 0
    outer loop
      vertex -44.22842712700367 -26.22842712700367 0
      vertex -44.22842712700367 -26.22842712700367 4.372369486791726
      vertex -44.573413364589214 -25.835045717656612 5
    endloop
  endfacet
  facet normal -0.8314696141679891 -0.5555702302277682 0
    outer loop
      vertex -44.573413364589214 -25.835045717656612 0
      vertex -44.573413364589214 -25.835045717656612 5
      vertex -44.864101618528366 -25.399999998509884 5
    endloop
  endfacet
  facet normal -0.8968727445130562 -0.4422886841754128 0
    outer loop
      vertex -44.864101618528366 -25.399999998509884 0
      vertex -44.864101618528366 -25.399999998509884 5
      vertex -45.09551812708378 -24.930733732879162 5
    endloop
  endfacet
  facet normal -0.9469301305271107 -0.3214394622629726 0
    outer loop
      vertex -45.09551812708378 -24.930733732879162 0
      vertex -45.09551812708378 -24.930733732879162 5
      vertex -45.26370330154896 -24.435276180505753 5
    endloop
  endfacet
  facet normal -0.9807852794583501 -0.1950903267663619 0
    outer loop
      vertex -45.26370330154896 -24.435276180505753 0
      vertex -45.26370330154896 -24.435276180505753 5
      vertex -45.36577944457531 -23.92210476845503 5
    endloop
  endfacet
  facet normal -0.9978589233184302 -0.06540312801222276 0
    outer loop
      vertex -45.36577944457531 -23.92210476845503 0
      vertex -45.36577944457531 -23.92210476845503 5
      vertex -45.399999998509884 -23.399999998509884 5
    endloop
  endfacet
  facet normal -0.751839806901739 -0.6593458157582832 8.585168293347645e-15
    outer loop
      vertex -44.573413364589214 -25.835045717656612 5
      vertex -44.22842712700367 -26.22842712700367 4.372369486791726
      vertex -44.375910968165606 -26.06025403784438 5
    endloop
  endfacet
  facet normal 0 0 1
    outer loop
      vertex -42.96066017448902 -24.96066017448902 5
      vertex -43.09003000706434 -24.813142143189907 5
      vertex -44.375910968165606 -26.06025403784438 5
    endloop
  endfacet
  facet normal 0 0 1
    outer loop
      vertex -42.96066017448902 -24.96066017448902 5
      vertex -44.375910968165606 -26.06025403784438 5
      vertex -42.81314214318991 -25.090030007064342 5
    endloop
  endfacet
  facet normal 0 0 1
    outer loop
      vertex -42.81314214318991 -25.090030007064342 5
      vertex -44.375910968165606 -26.06025403784438 5
      vertex -42.649999998509884 -25.199038103222847 5
    endloop
  endfacet
  facet normal 0 0 1
    outer loop
      vertex -43.28581929951906 -24.474025145173073 5
      vertex -43.348888739943504 -24.288228563964367 5
      vertex -44.375910968165606 -26.06025403784438 5
    endloop
  endfacet
  facet normal 0 0 1
    outer loop
      vertex -43.19903810322285 -24.649999998509884 5
      vertex -44.375910968165606 -26.06025403784438 5
      vertex -43.09003000706434 -24.813142143189907 5
    endloop
  endfacet
  facet normal 0 0 1
    outer loop
      vertex -43.28581929951906 -24.474025145173073 5
      vertex -44.375910968165606 -26.06025403784438 5
      vertex -43.19903810322285 -24.649999998509884 5
    endloop
  endfacet
  facet normal 0 0 1
    outer loop
      vertex -42.649999998509884 -25.199038103222847 5
      vertex -44.375910968165606 -26.06025403784438 5
      vertex -42.47402514517307 -25.285819299519062 5
    endloop
  endfacet
  facet normal 0 0 1
    outer loop
      vertex -42.28822856396437 -25.348888739943504 5
      vertex -44.375910968165606 -26.06025403784438 5
      vertex -42.0957892909646 -25.387167289853096 5
    endloop
  endfacet
  facet normal 0 0 1
    outer loop
      vertex -42.47402514517307 -25.285819299519062 5
      vertex -44.375910968165606 -26.06025403784438 5
      vertex -42.28822856396437 -25.348888739943504 5
    endloop
  endfacet
  facet normal 0 0 1
    outer loop
      vertex -42.0957892909646 -25.387167289853096 5
      vertex -44.375910968165606 -26.06025403784438 5
      vertex -41.899999998509884 -25.399999998509884 5
    endloop
  endfacet
  facet normal 0 0 1
    outer loop
      vertex -43.348888739943504 -24.288228563964367 5
      vertex -43.387167289853096 -24.095789290964603 5
      vertex -44.375910968165606 -26.06025403784438 5
    endloop
  endfacet
  facet normal 0 0 1
    outer loop
      vertex -43.387167289853096 -24.095789290964603 5
      vertex -43.399999998509884 -23.899999998509884 5
      vertex -44.375910968165606 -26.06025403784438 5
    endloop
  endfacet
  facet normal -1 0 0
    outer loop
      vertex -45.399999998509884 -23.399999998509884 0
      vertex -45.399999998509884 -23.399999998509884 5
      vertex -45.399999998509884 23.399999998509884 5
    endloop
  endfacet
  facet normal 0 0 1
    outer loop
      vertex -44.573413364589214 -25.835045717656612 5
      vertex -44.864101618528366 25.399999998509884 5
      vertex -44.864101618528366 -25.399999998509884 5
    endloop
  endfacet
  facet normal 0 0 1
    outer loop
      vertex -44.573413364589214 -25.835045717656612 5
      vertex -44.375910968165606 -26.06025403784438 5
      vertex -44.573413364589214 25.835045717656612 5
    endloop
  endfacet
  facet normal 0 0 1
    outer loop
      vertex -45.26370330154896 -24.435276180505753 5
      vertex -45.36577944457531 23.92210476845503 5
      vertex -45.36577944457531 -23.92210476845503 5
    endloop
  endfacet
  facet normal 0 0 1
    outer loop
      vertex -45.09551812708378 -24.930733732879162 5
      vertex -45.26370330154896 24.435276180505753 5
      vertex -45.26370330154896 -24.435276180505753 5
    endloop
  endfacet
  facet normal 0 0 1
    outer loop
      vertex -44.864101618528366 -25.399999998509884 5
      vertex -45.09551812708378 24.930733732879162 5
      vertex -45.09551812708378 -24.930733732879162 5
    endloop
  endfacet
  facet normal 0 0 1
    outer loop
      vertex -45.36577944457531 -23.92210476845503 5
      vertex -45.399999998509884 23.399999998509884 5
      vertex -45.399999998509884 -23.399999998509884 5
    endloop
  endfacet
  facet normal 0 0 1
    outer loop
      vertex -43.399999998509884 -23.899999998509884 5
      vertex -43.83504571765661 26.573413364589214 5
      vertex -44.375910968165606 -26.06025403784438 5
    endloop
  endfacet
  facet normal 0 0 1
    outer loop
      vertex -41.899999998509884 -25.399999998509884 5
      vertex -44.375910968165606 -26.06025403784438 5
      vertex 44.375910968165606 -26.060254037844388 5
    endloop
  endfacet
  facet normal 0 0 -1
    outer loop
      vertex -45.36577944457531 -23.92210476845503 0
      vertex -45.399999998509884 23.399999998509884 0
      vertex -45.36577944457531 23.92210476845503 0
    endloop
  endfacet
  facet normal 0 0 -1
    outer loop
      vertex -45.26370330154896 -24.435276180505753 0
      vertex -45.36577944457531 23.92210476845503 0
      vertex -45.26370330154896 24.435276180505753 0
    endloop
  endfacet
  facet normal 0 0 -1
    outer loop
      vertex -45.09551812708378 -24.930733732879162 0
      vertex -45.26370330154896 24.435276180505753 0
      vertex -45.09551812708378 24.930733732879162 0
    endloop
  endfacet
  facet normal 0 0 -1
    outer loop
      vertex -44.864101618528366 -25.399999998509884 0
      vertex -45.09551812708378 24.930733732879162 0
      vertex -44.864101618528366 25.399999998509884 0
    endloop
  endfacet
  facet normal 0 0 -1
    outer loop
      vertex -44.573413364589214 -25.835045717656612 0
      vertex -44.864101618528366 25.399999998509884 0
      vertex -44.573413364589214 25.835045717656612 0
    endloop
  endfacet
  facet normal 0 0 -1
    outer loop
      vertex -44.22842712700367 -26.22842712700367 0
      vertex -44.573413364589214 25.835045717656612 0
      vertex -44.22842712700367 26.22842712700367 0
    endloop
  endfacet
  facet normal 0 0 -1
    outer loop
      vertex -43.83504571765661 -26.573413364589214 0
      vertex -44.22842712700367 26.22842712700367 0
      vertex -43.83504571765661 26.573413364589214 0
    endloop
  endfacet
  facet normal 0 0 -1
    outer loop
      vertex -43.399999998509884 -26.864101618528366 0
      vertex -43.83504571765661 26.573413364589214 0
      vertex -43.399999998509884 26.864101618528366 0
    endloop
  endfacet
  facet normal 0 0 -1
    outer loop
      vertex -42.93073373287916 -27.09551812708378 0
      vertex -43.399999998509884 26.864101618528366 0
      vertex -42.93073373287916 27.09551812708378 0
    endloop
  endfacet
  facet normal 0 0 -1
    outer loop
      vertex -42.43527618050575 -27.263703301548958 0
      vertex -42.93073373287916 27.09551812708378 0
      vertex -42.43527618050575 27.263703301548958 0
    endloop
  endfacet
  facet normal 0 0 -1
    outer loop
      vertex -41.92210476845503 -27.36577944457531 0
      vertex -42.43527618050575 27.263703301548958 0
      vertex -41.92210476845503 27.36577944457531 0
    endloop
  endfacet
  facet normal 0 0 -1
    outer loop
      vertex -41.399999998509884 -27.399999998509884 0
      vertex -41.92210476845503 27.36577944457531 0
      vertex -41.399999998509884 27.399999998509884 0
    endloop
  endfacet
  facet normal 0 0 -1
    outer loop
      vertex -35.29999999701977 -23.799999997019768 0
      vertex -41.399999998509884 27.399999998509884 0
      vertex -35.29999999701977 23.799999997019768 0
    endloop
  endfacet
  facet normal -1 0 0
    outer loop
      vertex -45.399999998509884 -23.399999998509884 0
      vertex -45.399999998509884 23.399999998509884 5
      vertex -45.399999998509884 23.399999998509884 0
    endloop
  endfacet
  facet normal 0 0 -1
    outer loop
      vertex -41.399999998509884 27.399999998509884 0
      vertex -35.28716728836298 23.995789289474487 0
      vertex -35.29999999701977 23.799999997019768 0
    endloop
  endfacet
  facet normal 0 0 -1
    outer loop
      vertex -41.399999998509884 27.399999998509884 0
      vertex -35.24888873845339 24.18822856992483 0
      vertex -35.28716728836298 23.995789289474487 0
    endloop
  endfacet
  facet normal 0 0 -1
    outer loop
      vertex -41.399999998509884 27.399999998509884 0
      vertex -35.185819298028946 24.374025151133537 0
      vertex -35.24888873845339 24.18822856992483 0
    endloop
  endfacet
  facet normal 0 0 -1
    outer loop
      vertex -41.399999998509884 27.399999998509884 0
      vertex -35.09903810918331 24.549999997019768 0
      vertex -35.185819298028946 24.374025151133537 0
    endloop
  endfacet
  facet normal 0 0 -1
    outer loop
      vertex -41.399999998509884 27.399999998509884 0
      vertex -34.99003001302481 24.71314214169979 0
      vertex -35.09903810918331 24.549999997019768 0
    endloop
  endfacet
  facet normal 0 0 -1
    outer loop
      vertex -41.399999998509884 27.399999998509884 0
      vertex -34.860660172998905 24.860660172998905 0
      vertex -34.99003001302481 24.71314214169979 0
    endloop
  endfacet
  facet normal 0 0 -1
    outer loop
      vertex -41.399999998509884 27.399999998509884 0
      vertex -34.71314214169979 24.990030013024807 0
      vertex -34.860660172998905 24.860660172998905 0
    endloop
  endfacet
  facet normal 0 0 -1
    outer loop
      vertex -41.399999998509884 27.399999998509884 0
      vertex -34.54999999701977 25.09903810918331 0
      vertex -34.71314214169979 24.990030013024807 0
    endloop
  endfacet
  facet normal 0 0 -1
    outer loop
      vertex -41.399999998509884 27.399999998509884 0
      vertex -34.37402515113354 25.185819298028946 0
      vertex -34.54999999701977 25.09903810918331 0
    endloop
  endfacet
  facet normal 0 0 -1
    outer loop
      vertex -41.399999998509884 27.399999998509884 0
      vertex -34.18822856992483 25.248888738453388 0
      vertex -34.37402515113354 25.185819298028946 0
    endloop
  endfacet
  facet normal 0 0 -1
    outer loop
      vertex -41.399999998509884 27.399999998509884 0
      vertex -33.99578928947449 25.28716728836298 0
      vertex -34.18822856992483 25.248888738453388 0
    endloop
  endfacet
  facet normal 0 0 -1
    outer loop
      vertex -41.399999998509884 27.399999998509884 0
      vertex -33.79999999701977 25.299999997019768 0
      vertex -33.99578928947449 25.28716728836298 0
    endloop
  endfacet
  facet normal -0.9978589233184302 0.06540312801222276 0
    outer loop
      vertex -45.399999998509884 23.399999998509884 0
      vertex -45.36577944457531 23.92210476845503 5
      vertex -45.36577944457531 23.92210476845503 0
    endloop
  endfacet
  facet normal -0.9807852794583501 0.1950903267663619 0
    outer loop
      vertex -45.36577944457531 23.92210476845503 0
      vertex -45.26370330154896 24.435276180505753 5
      vertex -45.26370330154896 24.435276180505753 0
    endloop
  endfacet
  facet normal -0.9469301305271107 0.3214394622629726 0
    outer loop
      vertex -45.26370330154896 24.435276180505753 0
      vertex -45.09551812708378 24.930733732879162 5
      vertex -45.09551812708378 24.930733732879162 0
    endloop
  endfacet
  facet normal -0.8968727445130562 0.4422886841754128 0
    outer loop
      vertex -45.09551812708378 24.930733732879162 0
      vertex -44.864101618528366 25.399999998509884 5
      vertex -44.864101618528366 25.399999998509884 0
    endloop
  endfacet
  facet normal -0.8314696141679891 0.5555702302277682 0
    outer loop
      vertex -44.864101618528366 25.399999998509884 0
      vertex -44.573413364589214 25.835045717656612 5
      vertex -44.573413364589214 25.835045717656612 0
    endloop
  endfacet
  facet normal -0.7518398069017457 0.6593458157582754 0
    outer loop
      vertex -44.573413364589214 25.835045717656612 0
      vertex -44.22842712700367 26.22842712700367 5
      vertex -44.22842712700367 26.22842712700367 0
    endloop
  endfacet
  facet normal -0.6593458157582754 0.7518398069017457 0
    outer loop
      vertex -44.22842712700367 26.22842712700367 0
      vertex -43.83504571765661 26.573413364589214 5
      vertex -43.83504571765661 26.573413364589214 0
    endloop
  endfacet
  facet normal -0.5555702302277682 0.8314696141679891 0
    outer loop
      vertex -43.83504571765661 26.573413364589214 0
      vertex -43.399999998509884 26.864101618528366 5
      vertex -43.399999998509884 26.864101618528366 0
    endloop
  endfacet
  facet normal -0.4422886841754128 0.8968727445130562 0
    outer loop
      vertex -43.399999998509884 26.864101618528366 0
      vertex -42.93073373287916 27.09551812708378 5
      vertex -42.93073373287916 27.09551812708378 0
    endloop
  endfacet
  facet normal -0.3214394622629726 0.9469301305271107 0
    outer loop
      vertex -42.93073373287916 27.09551812708378 0
      vertex -42.43527618050575 27.263703301548958 5
      vertex -42.43527618050575 27.263703301548958 0
    endloop
  endfacet
  facet normal -0.1950903267663619 0.9807852794583501 0
    outer loop
      vertex -42.43527618050575 27.263703301548958 0
      vertex -41.92210476845503 27.36577944457531 5
      vertex -41.92210476845503 27.36577944457531 0
    endloop
  endfacet
  facet normal -0.06540312801222276 0.9978589233184302 0
    outer loop
      vertex -41.92210476845503 27.36577944457531 0
      vertex -41.399999998509884 27.399999998509884 5
      vertex -41.399999998509884 27.399999998509884 0
    endloop
  endfacet
  facet normal 0 0 -1
    outer loop
      vertex -41.399999998509884 27.399999998509884 0
      vertex 41.399999998509884 27.399999998509884 0
      vertex -33.79999999701977 25.299999997019768 0
    endloop
  endfacet
  facet normal 0 0 1
    outer loop
      vertex -45.36577944457531 -23.92210476845503 5
      vertex -45.36577944457531 23.92210476845503 5
      vertex -45.399999998509884 23.399999998509884 5
    endloop
  endfacet
  facet normal 0 0 1
    outer loop
      vertex -45.26370330154896 -24.435276180505753 5
      vertex -45.26370330154896 24.435276180505753 5
      vertex -45.36577944457531 23.92210476845503 5
    endloop
  endfacet
  facet normal 0 0 1
    outer loop
      vertex -45.09551812708378 -24.930733732879162 5
      vertex -45.09551812708378 24.930733732879162 5
      vertex -45.26370330154896 24.435276180505753 5
    endloop
  endfacet
  facet normal 0 0 1
    outer loop
      vertex -44.864101618528366 -25.399999998509884 5
      vertex -44.864101618528366 25.399999998509884 5
      vertex -45.09551812708378 24.930733732879162 5
    endloop
  endfacet
  facet normal 0 0 1
    outer loop
      vertex -44.573413364589214 -25.835045717656612 5
      vertex -44.573413364589214 25.835045717656612 5
      vertex -44.864101618528366 25.399999998509884 5
    endloop
  endfacet
  facet normal 0 0 1
    outer loop
      vertex -44.573413364589214 25.835045717656612 5
      vertex -44.375910968165606 -26.06025403784438 5
      vertex -44.22842712700367 26.22842712700367 5
    endloop
  endfacet
  facet normal 0 0 1
    outer loop
      vertex -44.22842712700367 26.22842712700367 5
      vertex -44.375910968165606 -26.06025403784438 5
      vertex -43.83504571765661 26.573413364589214 5
    endloop
  endfacet
  facet normal 0 0 1
    outer loop
      vertex -43.399999998509884 -23.899999998509884 5
      vertex -43.399999998509884 23.899999998509884 5
      vertex -43.83504571765661 26.573413364589214 5
    endloop
  endfacet
  facet normal -0.9978589233184302 0.06540312801222276 0
    outer loop
      vertex -45.399999998509884 23.399999998509884 0
      vertex -45.399999998509884 23.399999998509884 5
      vertex -45.36577944457531 23.92210476845503 5
    endloop
  endfacet
  facet normal -0.9807852794583501 0.1950903267663619 0
    outer loop
      vertex -45.36577944457531 23.92210476845503 0
      vertex -45.36577944457531 23.92210476845503 5
      vertex -45.26370330154896 24.435276180505753 5
    endloop
  endfacet
  facet normal -0.9469301305271107 0.3214394622629726 0
    outer loop
      vertex -45.26370330154896 24.435276180505753 0
      vertex -45.26370330154896 24.435276180505753 5
      vertex -45.09551812708378 24.930733732879162 5
    endloop
  endfacet
  facet normal -0.8968727445130562 0.4422886841754128 0
    outer loop
      vertex -45.09551812708378 24.930733732879162 0
      vertex -45.09551812708378 24.930733732879162 5
      vertex -44.864101618528366 25.399999998509884 5
    endloop
  endfacet
  facet normal -0.8314696141679891 0.5555702302277682 0
    outer loop
      vertex -44.864101618528366 25.399999998509884 0
      vertex -44.864101618528366 25.399999998509884 5
      vertex -44.573413364589214 25.835045717656612 5
    endloop
  endfacet
  facet normal -0.7518398069017457 0.6593458157582754 0
    outer loop
      vertex -44.573413364589214 25.835045717656612 0
      vertex -44.573413364589214 25.835045717656612 5
      vertex -44.22842712700367 26.22842712700367 5
    endloop
  endfacet
  facet normal -0.6593458157582754 0.7518398069017457 0
    outer loop
      vertex -44.22842712700367 26.22842712700367 0
      vertex -44.22842712700367 26.22842712700367 5
      vertex -43.83504571765661 26.573413364589214 5
    endloop
  endfacet
  facet normal -0.5555702302277682 0.8314696141679891 0
    outer loop
      vertex -43.83504571765661 26.573413364589214 0
      vertex -43.83504571765661 26.573413364589214 5
      vertex -43.399999998509884 26.864101618528366 5
    endloop
  endfacet
  facet normal -0.4422886841754128 0.8968727445130562 0
    outer loop
      vertex -43.399999998509884 26.864101618528366 0
      vertex -43.399999998509884 26.864101618528366 5
      vertex -42.93073373287916 27.09551812708378 5
    endloop
  endfacet
  facet normal -0.3214394622629726 0.9469301305271107 0
    outer loop
      vertex -42.93073373287916 27.09551812708378 0
      vertex -42.93073373287916 27.09551812708378 5
      vertex -42.43527618050575 27.263703301548958 5
    endloop
  endfacet
  facet normal -0.1950903267663619 0.9807852794583501 0
    outer loop
      vertex -42.43527618050575 27.263703301548958 0
      vertex -42.43527618050575 27.263703301548958 5
      vertex -41.92210476845503 27.36577944457531 5
    endloop
  endfacet
  facet normal -0.06540312801222276 0.9978589233184302 0
    outer loop
      vertex -41.92210476845503 27.36577944457531 0
      vertex -41.92210476845503 27.36577944457531 5
      vertex -41.399999998509884 27.399999998509884 5
    endloop
  endfacet
  facet normal 0 0 1
    outer loop
      vertex -43.399999998509884 23.899999998509884 5
      vertex -43.387167289853096 24.095789290964603 5
      vertex -43.399999998509884 26.864101618528366 5
    endloop
  endfacet
  facet normal 0 0 1
    outer loop
      vertex -43.387167289853096 24.095789290964603 5
      vertex -43.348888739943504 24.288228563964367 5
      vertex -43.399999998509884 26.864101618528366 5
    endloop
  endfacet
  facet normal 0 0 1
    outer loop
      vertex -43.348888739943504 24.288228563964367 5
      vertex -43.28581929951906 24.474025145173073 5
      vertex -43.399999998509884 26.864101618528366 5
    endloop
  endfacet
  facet normal 0 0 1
    outer loop
      vertex -43.28581929951906 24.474025145173073 5
      vertex -43.19903810322285 24.649999998509884 5
      vertex -43.399999998509884 26.864101618528366 5
    endloop
  endfacet
  facet normal 0 0 1
    outer loop
      vertex -43.19903810322285 24.649999998509884 5
      vertex -43.09003000706434 24.813142143189907 5
      vertex -43.399999998509884 26.864101618528366 5
    endloop
  endfacet
  facet normal 0 0 1
    outer loop
      vertex -43.09003000706434 24.813142143189907 5
      vertex -42.96066017448902 24.96066017448902 5
      vertex -43.399999998509884 26.864101618528366 5
    endloop
  endfacet
  facet normal 0 0 1
    outer loop
      vertex -42.96066017448902 24.96066017448902 5
      vertex -42.81314214318991 25.090030007064342 5
      vertex -43.399999998509884 26.864101618528366 5
    endloop
  endfacet
  facet normal 0 0 1
    outer loop
      vertex -43.399999998509884 23.899999998509884 5
      vertex -43.399999998509884 26.864101618528366 5
      vertex -43.83504571765661 26.573413364589214 5
    endloop
  endfacet
  facet normal 0 0 1
    outer loop
      vertex -42.81314214318991 25.090030007064342 5
      vertex -42.649999998509884 25.199038103222847 5
      vertex -42.93073373287916 27.09551812708378 5
    endloop
  endfacet
  facet normal 0 0 1
    outer loop
      vertex -42.649999998509884 25.199038103222847 5
      vertex -42.47402514517307 25.285819299519062 5
      vertex -42.93073373287916 27.09551812708378 5
    endloop
  endfacet
  facet normal 0 0 1
    outer loop
      vertex -42.93073373287916 27.09551812708378 5
      vertex -42.47402514517307 25.285819299519062 5
      vertex -42.28822856396437 25.348888739943504 5
    endloop
  endfacet
  facet normal 0 0 1
    outer loop
      vertex -42.81314214318991 25.090030007064342 5
      vertex -42.93073373287916 27.09551812708378 5
      vertex -43.399999998509884 26.864101618528366 5
    endloop
  endfacet
  facet normal 0 0 1
    outer loop
      vertex -42.28822856396437 25.348888739943504 5
      vertex -42.0957892909646 25.387167289853096 5
      vertex -42.43527618050575 27.263703301548958 5
    endloop
  endfacet
  facet normal 0 0 1
    outer loop
      vertex -42.0957892909646 25.387167289853096 5
      vertex -41.899999998509884 25.399999998509884 5
      vertex -42.43527618050575 27.263703301548958 5
    endloop
  endfacet
  facet normal 0 0 1
    outer loop
      vertex -42.93073373287916 27.09551812708378 5
      vertex -42.28822856396437 25.348888739943504 5
      vertex -42.43527618050575 27.263703301548958 5
    endloop
  endfacet
  facet normal 0 0 1
    outer loop
      vertex -41.899999998509884 25.399999998509884 5
      vertex -41.92210476845503 27.36577944457531 5
      vertex -42.43527618050575 27.263703301548958 5
    endloop
  endfacet
  facet normal 0 1 0
    outer loop
      vertex -41.399999998509884 27.399999998509884 0
      vertex -41.399999998509884 27.399999998509884 5
      vertex 41.399999998509884 27.399999998509884 5
    endloop
  endfacet
  facet normal 0 0 1
    outer loop
      vertex -41.899999998509884 25.399999998509884 5
      vertex 41.899999998509884 25.399999998509884 5
      vertex -41.92210476845503 27.36577944457531 5
    endloop
  endfacet
  facet normal 0 0 1
    outer loop
      vertex -41.92210476845503 27.36577944457531 5
      vertex 41.899999998509884 25.399999998509884 5
      vertex -41.399999998509884 27.399999998509884 5
    endloop
  endfacet
  facet normal 0 -1 0
    outer loop
      vertex 41.399999998509884 -27.399999998509884 0
      vertex 41.399999998509884 -27.399999998509884 5.561204829973576e-9
      vertex -41.399999998509884 -27.399999998509884 5.5611621974094305e-9
    endloop
  endfacet
  facet normal 0 0 -1
    outer loop
      vertex -33.79999999701977 -25.299999997019768 0
      vertex 32.79999999701977 -25.299999997019768 0
      vertex 41.399999998509884 -27.399999998509884 0
    endloop
  endfacet
  facet normal 0 0 -1
    outer loop
      vertex 32.79999999701977 -25.299999997019768 0
      vertex 32.99578928947449 -25.28716728836298 0
      vertex 41.399999998509884 -27.399999998509884 0
    endloop
  endfacet
  facet normal 0 0 -1
    outer loop
      vertex 32.99578928947449 -25.28716728836298 0
      vertex 33.18822856992483 -25.248888738453388 0
      vertex 41.399999998509884 -27.399999998509884 0
    endloop
  endfacet
  facet normal 0 0 -1
    outer loop
      vertex 33.18822856992483 -25.248888738453388 0
      vertex 33.37402515113354 -25.185819298028946 0
      vertex 41.399999998509884 -27.399999998509884 0
    endloop
  endfacet
  facet normal 0 0 -1
    outer loop
      vertex 33.37402515113354 -25.185819298028946 0
      vertex 33.54999999701977 -25.09903810918331 0
      vertex 41.399999998509884 -27.399999998509884 0
    endloop
  endfacet
  facet normal 0 0 -1
    outer loop
      vertex 33.54999999701977 -25.09903810918331 0
      vertex 33.71314214169979 -24.990030013024807 0
      vertex 41.399999998509884 -27.399999998509884 0
    endloop
  endfacet
  facet normal 0 0 -1
    outer loop
      vertex 33.71314214169979 -24.990030013024807 0
      vertex 33.860660172998905 -24.860660172998905 0
      vertex 41.399999998509884 -27.399999998509884 0
    endloop
  endfacet
  facet normal 0 0 -1
    outer loop
      vertex 33.860660172998905 -24.860660172998905 0
      vertex 33.99003001302481 -24.71314214169979 0
      vertex 41.399999998509884 -27.399999998509884 0
    endloop
  endfacet
  facet normal 0 0 -1
    outer loop
      vertex 33.99003001302481 -24.71314214169979 0
      vertex 34.09903810918331 -24.549999997019768 0
      vertex 41.399999998509884 -27.399999998509884 0
    endloop
  endfacet
  facet normal 0 0 -1
    outer loop
      vertex 34.09903810918331 -24.549999997019768 0
      vertex 34.185819298028946 -24.374025151133537 0
      vertex 41.399999998509884 -27.399999998509884 0
    endloop
  endfacet
  facet normal 0 0 -1
    outer loop
      vertex 34.185819298028946 -24.374025151133537 0
      vertex 34.24888873845339 -24.18822856992483 0
      vertex 41.399999998509884 -27.399999998509884 0
    endloop
  endfacet
  facet normal 0 0 -1
    outer loop
      vertex 34.24888873845339 -24.18822856992483 0
      vertex 34.28716728836298 -23.995789289474487 0
      vertex 41.399999998509884 -27.399999998509884 0
    endloop
  endfacet
  facet normal 0 0 -1
    outer loop
      vertex 34.28716728836298 -23.995789289474487 0
      vertex 34.29999999701977 -23.799999997019768 0
      vertex 41.399999998509884 -27.399999998509884 0
    endloop
  endfacet
  facet normal 0.06540312801222276 -0.9978589233184302 0
    outer loop
      vertex 41.399999998509884 -27.399999998509884 0
      vertex 41.92210476845503 -27.36577944457531 0
      vertex 41.399999998509884 -27.399999998509884 5.561204829973576e-9
    endloop
  endfacet
  facet normal 0.06540312801222276 -0.9978589233184302 0
    outer loop
      vertex 41.92210476845503 -27.36577944457531 0
      vertex 41.92210476845503 -27.36577944457531 0.12771285150815004
      vertex 41.399999998509884 -27.399999998509884 5.561204829973576e-9
    endloop
  endfacet
  facet normal 0.19509032676636193 -0.9807852794583503 0
    outer loop
      vertex 41.92210476845503 -27.36577944457531 0
      vertex 42.43527618050575 -27.263703301548958 0
      vertex 41.92210476845503 -27.36577944457531 0.12771285150815004
    endloop
  endfacet
  facet normal 0.19509032676636193 -0.9807852794583503 0
    outer loop
      vertex 42.43527618050575 -27.263703301548958 0
      vertex 42.43527618050575 -27.263703301548958 0.5086662035231697
      vertex 41.92210476845503 -27.36577944457531 0.12771285150815004
    endloop
  endfacet
  facet normal 0.3214394622629726 -0.9469301305271107 0
    outer loop
      vertex 42.43527618050575 -27.263703301548958 0
      vertex 42.93073373287916 -27.09551812708378 0
      vertex 42.43527618050575 -27.263703301548958 0.5086662035231697
    endloop
  endfacet
  facet normal 0.44228868417541284 -0.8968727445130563 0
    outer loop
      vertex 42.93073373287916 -27.09551812708378 0
      vertex 43.399999998509884 -26.864101618528366 0
      vertex 42.93073373287916 -27.09551812708378 1.1363418197070843
    endloop
  endfacet
  facet normal 0.3214394622629726 -0.9469301305271108 0
    outer loop
      vertex 42.93073373287916 -27.09551812708378 0
      vertex 42.93073373287916 -27.09551812708378 1.1363418197070843
      vertex 42.43527618050575 -27.263703301548958 0.5086662035231697
    endloop
  endfacet
  facet normal 0.5555702302277682 -0.831469614167989 0
    outer loop
      vertex 43.399999998509884 -26.864101618528366 0
      vertex 43.83504571765661 -26.573413364589214 0
      vertex 43.399999998509884 -26.864101618528366 1.999999987346051
    endloop
  endfacet
  facet normal 0.44228868417541284 -0.8968727445130563 0
    outer loop
      vertex 43.399999998509884 -26.864101618528366 0
      vertex 43.399999998509884 -26.864101618528366 1.999999987346051
      vertex 42.93073373287916 -27.09551812708378 1.1363418197070843
    endloop
  endfacet
  facet normal 0.6593458157582754 -0.7518398069017458 0
    outer loop
      vertex 43.83504571765661 -26.573413364589214 0
      vertex 44.22842712700367 -26.22842712700367 0
      vertex 43.83504571765661 -26.573413364589214 3.0848633202104594
    endloop
  endfacet
  facet normal 0.7518398069017458 -0.6593458157582754 0
    outer loop
      vertex 44.22842712700367 -26.22842712700367 0
      vertex 44.573413364589214 -25.835045717656612 0
      vertex 44.22842712700367 -26.22842712700367 4.372369486791747
    endloop
  endfacet
  facet normal 0.5555702302277682 -0.8314696141679891 0
    outer loop
      vertex 43.83504571765661 -26.573413364589214 0
      vertex 43.83504571765661 -26.573413364589214 3.0848633202104594
      vertex 43.399999998509884 -26.864101618528366 1.999999987346051
    endloop
  endfacet
  facet normal 0.8314696141679891 -0.5555702302277682 0
    outer loop
      vertex 44.573413364589214 -25.835045717656612 0
      vertex 44.864101618528366 -25.399999998509884 0
      vertex 44.573413364589214 -25.835045717656612 5
    endloop
  endfacet
  facet normal 0.8968727445130562 -0.4422886841754128 0
    outer loop
      vertex 44.864101618528366 -25.399999998509884 0
      vertex 45.09551812708378 -24.930733732879162 0
      vertex 44.864101618528366 -25.399999998509884 5
    endloop
  endfacet
  facet normal 0.9469301305271107 -0.3214394622629726 0
    outer loop
      vertex 45.09551812708378 -24.930733732879162 0
      vertex 45.26370330154896 -24.435276180505753 0
      vertex 45.09551812708378 -24.930733732879162 5
    endloop
  endfacet
  facet normal 0.9807852794583501 -0.1950903267663619 0
    outer loop
      vertex 45.26370330154896 -24.435276180505753 0
      vertex 45.36577944457531 -23.92210476845503 0
      vertex 45.26370330154896 -24.435276180505753 5
    endloop
  endfacet
  facet normal 0.9978589233184302 -0.06540312801222276 0
    outer loop
      vertex 45.36577944457531 -23.92210476845503 0
      vertex 45.399999998509884 -23.399999998509884 0
      vertex 45.36577944457531 -23.92210476845503 5
    endloop
  endfacet
  facet normal 0.6593458157582754 -0.7518398069017458 0
    outer loop
      vertex 44.22842712700367 -26.22842712700367 0
      vertex 44.22842712700367 -26.22842712700367 4.372369486791747
      vertex 43.83504571765661 -26.573413364589214 3.0848633202104594
    endloop
  endfacet
  facet normal 0 0 -1
    outer loop
      vertex 34.29999999701977 -23.799999997019768 0
      vertex 34.29999999701977 23.799999997019768 0
      vertex 41.399999998509884 -27.399999998509884 0
    endloop
  endfacet
  facet normal 0 0 -1
    outer loop
      vertex 41.399999998509884 -27.399999998509884 0
      vertex 41.399999998509884 27.399999998509884 0
      vertex 41.92210476845503 -27.36577944457531 0
    endloop
  endfacet
  facet normal 0 0 -1
    outer loop
      vertex 41.92210476845503 -27.36577944457531 0
      vertex 41.92210476845503 27.36577944457531 0
      vertex 42.43527618050575 -27.263703301548958 0
    endloop
  endfacet
  facet normal 0 0 -1
    outer loop
      vertex 42.43527618050575 -27.263703301548958 0
      vertex 42.43527618050575 27.263703301548958 0
      vertex 42.93073373287916 -27.09551812708378 0
    endloop
  endfacet
  facet normal 0 0 -1
    outer loop
      vertex 42.93073373287916 -27.09551812708378 0
      vertex 42.93073373287916 27.09551812708378 0
      vertex 43.399999998509884 -26.864101618528366 0
    endloop
  endfacet
  facet normal 0 0 -1
    outer loop
      vertex 43.399999998509884 -26.864101618528366 0
      vertex 43.399999998509884 26.864101618528366 0
      vertex 43.83504571765661 -26.573413364589214 0
    endloop
  endfacet
  facet normal 0 0 -1
    outer loop
      vertex 43.83504571765661 -26.573413364589214 0
      vertex 43.83504571765661 26.573413364589214 0
      vertex 44.22842712700367 -26.22842712700367 0
    endloop
  endfacet
  facet normal 0 0 -1
    outer loop
      vertex 44.22842712700367 -26.22842712700367 0
      vertex 44.22842712700367 26.22842712700367 0
      vertex 44.573413364589214 -25.835045717656612 0
    endloop
  endfacet
  facet normal 0 0 -1
    outer loop
      vertex 44.573413364589214 -25.835045717656612 0
      vertex 44.573413364589214 25.835045717656612 0
      vertex 44.864101618528366 -25.399999998509884 0
    endloop
  endfacet
  facet normal 0 0 -1
    outer loop
      vertex 44.864101618528366 -25.399999998509884 0
      vertex 44.864101618528366 25.399999998509884 0
      vertex 45.09551812708378 -24.930733732879162 0
    endloop
  endfacet
  facet normal 0 0 -1
    outer loop
      vertex 45.09551812708378 -24.930733732879162 0
      vertex 45.09551812708378 24.930733732879162 0
      vertex 45.26370330154896 -24.435276180505753 0
    endloop
  endfacet
  facet normal 0 0 -1
    outer loop
      vertex 45.26370330154896 -24.435276180505753 0
      vertex 45.26370330154896 24.435276180505753 0
      vertex 45.36577944457531 -23.92210476845503 0
    endloop
  endfacet
  facet normal 0 0 -1
    outer loop
      vertex 45.36577944457531 -23.92210476845503 0
      vertex 45.36577944457531 23.92210476845503 0
      vertex 45.399999998509884 -23.399999998509884 0
    endloop
  endfacet
  facet normal 1 0 0
    outer loop
      vertex 45.399999998509884 -23.399999998509884 0
      vertex 45.399999998509884 23.399999998509884 0
      vertex 45.399999998509884 -23.399999998509884 5
    endloop
  endfacet
  facet normal 0 0 1
    outer loop
      vertex -41.899999998509884 -25.399999998509884 5
      vertex 44.375910968165606 -26.060254037844388 5
      vertex 41.899999998509884 -25.399999998509884 5
    endloop
  endfacet
  facet normal 0.7518398069017457 -0.6593458157582754 0
    outer loop
      vertex 44.573413364589214 -25.835045717656612 0
      vertex 44.573413364589214 -25.835045717656612 5
      vertex 44.22842712700367 -26.22842712700367 4.372369486791747
    endloop
  endfacet
  facet normal 0.8314696141679891 -0.5555702302277682 0
    outer loop
      vertex 44.864101618528366 -25.399999998509884 0
      vertex 44.864101618528366 -25.399999998509884 5
      vertex 44.573413364589214 -25.835045717656612 5
    endloop
  endfacet
  facet normal 0.8968727445130562 -0.4422886841754128 0
    outer loop
      vertex 45.09551812708378 -24.930733732879162 0
      vertex 45.09551812708378 -24.930733732879162 5
      vertex 44.864101618528366 -25.399999998509884 5
    endloop
  endfacet
  facet normal 0.9469301305271107 -0.3214394622629726 0
    outer loop
      vertex 45.26370330154896 -24.435276180505753 0
      vertex 45.26370330154896 -24.435276180505753 5
      vertex 45.09551812708378 -24.930733732879162 5
    endloop
  endfacet
  facet normal 0.9807852794583501 -0.1950903267663619 0
    outer loop
      vertex 45.36577944457531 -23.92210476845503 0
      vertex 45.36577944457531 -23.92210476845503 5
      vertex 45.26370330154896 -24.435276180505753 5
    endloop
  endfacet
  facet normal 0.9978589233184302 -0.06540312801222276 0
    outer loop
      vertex 45.399999998509884 -23.399999998509884 0
      vertex 45.399999998509884 -23.399999998509884 5
      vertex 45.36577944457531 -23.92210476845503 5
    endloop
  endfacet
  facet normal 0.7518398069017491 -0.6593458157582714 -4.415333008974127e-15
    outer loop
      vertex 44.573413364589214 -25.835045717656612 5
      vertex 44.375910968165606 -26.060254037844388 5
      vertex 44.22842712700367 -26.22842712700367 4.372369486791747
    endloop
  endfacet
  facet normal 0 0 1
    outer loop
      vertex 41.899999998509884 -25.399999998509884 5
      vertex 44.375910968165606 -26.060254037844388 5
      vertex 42.0957892909646 -25.387167289853096 5
    endloop
  endfacet
  facet normal 0 0 1
    outer loop
      vertex 42.0957892909646 -25.387167289853096 5
      vertex 44.375910968165606 -26.060254037844388 5
      vertex 42.28822856396437 -25.348888739943504 5
    endloop
  endfacet
  facet normal 0 0 1
    outer loop
      vertex 42.28822856396437 -25.348888739943504 5
      vertex 44.375910968165606 -26.060254037844388 5
      vertex 42.47402514517307 -25.285819299519062 5
    endloop
  endfacet
  facet normal 0 0 1
    outer loop
      vertex 42.47402514517307 -25.285819299519062 5
      vertex 44.375910968165606 -26.060254037844388 5
      vertex 42.649999998509884 -25.199038103222847 5
    endloop
  endfacet
  facet normal 0 0 1
    outer loop
      vertex 42.649999998509884 -25.199038103222847 5
      vertex 44.375910968165606 -26.060254037844388 5
      vertex 42.81314214318991 -25.090030007064342 5
    endloop
  endfacet
  facet normal 0 0 1
    outer loop
      vertex 42.81314214318991 -25.090030007064342 5
      vertex 44.375910968165606 -26.060254037844388 5
      vertex 42.96066017448902 -24.96066017448902 5
    endloop
  endfacet
  facet normal 0 0 1
    outer loop
      vertex 42.96066017448902 -24.96066017448902 5
      vertex 44.375910968165606 -26.060254037844388 5
      vertex 43.09003000706434 -24.813142143189907 5
    endloop
  endfacet
  facet normal 0 0 1
    outer loop
      vertex 43.09003000706434 -24.813142143189907 5
      vertex 44.375910968165606 -26.060254037844388 5
      vertex 43.19903810322285 -24.649999998509884 5
    endloop
  endfacet
  facet normal 0 0 1
    outer loop
      vertex 43.19903810322285 -24.649999998509884 5
      vertex 44.375910968165606 -26.060254037844388 5
      vertex 43.28581929951906 -24.474025145173073 5
    endloop
  endfacet
  facet normal 0 0 1
    outer loop
      vertex 43.28581929951906 -24.474025145173073 5
      vertex 44.375910968165606 -26.060254037844388 5
      vertex 43.348888739943504 -24.288228563964367 5
    endloop
  endfacet
  facet normal 0 0 1
    outer loop
      vertex 43.348888739943504 -24.288228563964367 5
      vertex 44.375910968165606 -26.060254037844388 5
      vertex 43.387167289853096 -24.095789290964603 5
    endloop
  endfacet
  facet normal 0 0 1
    outer loop
      vertex 43.387167289853096 -24.095789290964603 5
      vertex 44.375910968165606 -26.060254037844388 5
      vertex 43.399999998509884 -23.899999998509884 5
    endloop
  endfacet
  facet normal 0 0 1
    outer loop
      vertex 43.399999998509884 -23.899999998509884 5
      vertex 44.375910968165606 -26.060254037844388 5
      vertex 43.399999998509884 23.899999998509884 5
    endloop
  endfacet
  facet normal 0 0 1
    outer loop
      vertex 44.573413364589214 -25.835045717656612 5
      vertex 44.22842712700367 26.22842712700367 5
      vertex 44.375910968165606 -26.060254037844388 5
    endloop
  endfacet
  facet normal 0 0 1
    outer loop
      vertex 44.573413364589214 -25.835045717656612 5
      vertex 44.864101618528366 -25.399999998509884 5
      vertex 44.573413364589214 25.835045717656612 5
    endloop
  endfacet
  facet normal 0 0 1
    outer loop
      vertex 44.864101618528366 -25.399999998509884 5
      vertex 45.09551812708378 -24.930733732879162 5
      vertex 44.864101618528366 25.399999998509884 5
    endloop
  endfacet
  facet normal 0 0 1
    outer loop
      vertex 45.09551812708378 -24.930733732879162 5
      vertex 45.26370330154896 -24.435276180505753 5
      vertex 45.09551812708378 24.930733732879162 5
    endloop
  endfacet
  facet normal 0 0 1
    outer loop
      vertex 45.26370330154896 -24.435276180505753 5
      vertex 45.36577944457531 -23.92210476845503 5
      vertex 45.26370330154896 24.435276180505753 5
    endloop
  endfacet
  facet normal 0 0 1
    outer loop
      vertex 45.36577944457531 -23.92210476845503 5
      vertex 45.399999998509884 -23.399999998509884 5
      vertex 45.36577944457531 23.92210476845503 5
    endloop
  endfacet
  facet normal 0 0 -1
    outer loop
      vertex -33.79999999701977 25.299999997019768 0
      vertex 41.399999998509884 27.399999998509884 0
      vertex 32.79999999701977 25.299999997019768 0
    endloop
  endfacet
  facet normal 0 1 0
    outer loop
      vertex -41.399999998509884 27.399999998509884 0
      vertex 41.399999998509884 27.399999998509884 5
      vertex 41.399999998509884 27.399999998509884 0
    endloop
  endfacet
  facet normal 0 0 -1
    outer loop
      vertex 41.399999998509884 -27.399999998509884 0
      vertex 34.29999999701977 23.799999997019768 0
      vertex 41.399999998509884 27.399999998509884 0
    endloop
  endfacet
  facet normal 0 0 -1
    outer loop
      vertex 41.92210476845503 -27.36577944457531 0
      vertex 41.399999998509884 27.399999998509884 0
      vertex 41.92210476845503 27.36577944457531 0
    endloop
  endfacet
  facet normal 0 0 -1
    outer loop
      vertex 42.43527618050575 -27.263703301548958 0
      vertex 41.92210476845503 27.36577944457531 0
      vertex 42.43527618050575 27.263703301548958 0
    endloop
  endfacet
  facet normal 0 0 -1
    outer loop
      vertex 45.399999998509884 -23.399999998509884 0
      vertex 45.36577944457531 23.92210476845503 0
      vertex 45.399999998509884 23.399999998509884 0
    endloop
  endfacet
  facet normal 0 0 -1
    outer loop
      vertex 45.09551812708378 -24.930733732879162 0
      vertex 44.864101618528366 25.399999998509884 0
      vertex 45.09551812708378 24.930733732879162 0
    endloop
  endfacet
  facet normal 0 0 -1
    outer loop
      vertex 45.26370330154896 -24.435276180505753 0
      vertex 45.09551812708378 24.930733732879162 0
      vertex 45.26370330154896 24.435276180505753 0
    endloop
  endfacet
  facet normal 0 0 -1
    outer loop
      vertex 45.36577944457531 -23.92210476845503 0
      vertex 45.26370330154896 24.435276180505753 0
      vertex 45.36577944457531 23.92210476845503 0
    endloop
  endfacet
  facet normal 0 0 -1
    outer loop
      vertex 42.93073373287916 -27.09551812708378 0
      vertex 42.43527618050575 27.263703301548958 0
      vertex 42.93073373287916 27.09551812708378 0
    endloop
  endfacet
  facet normal 0 0 -1
    outer loop
      vertex 43.399999998509884 -26.864101618528366 0
      vertex 42.93073373287916 27.09551812708378 0
      vertex 43.399999998509884 26.864101618528366 0
    endloop
  endfacet
  facet normal 0 0 -1
    outer loop
      vertex 43.83504571765661 -26.573413364589214 0
      vertex 43.399999998509884 26.864101618528366 0
      vertex 43.83504571765661 26.573413364589214 0
    endloop
  endfacet
  facet normal 0 0 -1
    outer loop
      vertex 44.22842712700367 -26.22842712700367 0
      vertex 43.83504571765661 26.573413364589214 0
      vertex 44.22842712700367 26.22842712700367 0
    endloop
  endfacet
  facet normal 0 0 -1
    outer loop
      vertex 44.573413364589214 -25.835045717656612 0
      vertex 44.22842712700367 26.22842712700367 0
      vertex 44.573413364589214 25.835045717656612 0
    endloop
  endfacet
  facet normal 0 0 -1
    outer loop
      vertex 44.864101618528366 -25.399999998509884 0
      vertex 44.573413364589214 25.835045717656612 0
      vertex 44.864101618528366 25.399999998509884 0
    endloop
  endfacet
  facet normal 0 0 -1
    outer loop
      vertex 34.29999999701977 23.799999997019768 0
      vertex 34.28716728836298 23.995789289474487 0
      vertex 41.399999998509884 27.399999998509884 0
    endloop
  endfacet
  facet normal 0 0 -1
    outer loop
      vertex 34.28716728836298 23.995789289474487 0
      vertex 34.24888873845339 24.18822856992483 0
      vertex 41.399999998509884 27.399999998509884 0
    endloop
  endfacet
  facet normal 0 0 -1
    outer loop
      vertex 33.99003001302481 24.71314214169979 0
      vertex 41.399999998509884 27.399999998509884 0
      vertex 34.09903810918331 24.549999997019768 0
    endloop
  endfacet
  facet normal 0 0 -1
    outer loop
      vertex 33.99003001302481 24.71314214169979 0
      vertex 33.860660172998905 24.860660172998905 0
      vertex 41.399999998509884 27.399999998509884 0
    endloop
  endfacet
  facet normal 0 0 -1
    outer loop
      vertex 34.24888873845339 24.18822856992483 0
      vertex 34.185819298028946 24.374025151133537 0
      vertex 41.399999998509884 27.399999998509884 0
    endloop
  endfacet
  facet normal 0 0 -1
    outer loop
      vertex 34.185819298028946 24.374025151133537 0
      vertex 34.09903810918331 24.549999997019768 0
      vertex 41.399999998509884 27.399999998509884 0
    endloop
  endfacet
  facet normal 0 0 -1
    outer loop
      vertex 32.79999999701977 25.299999997019768 0
      vertex 41.399999998509884 27.399999998509884 0
      vertex 32.99578928947449 25.28716728836298 0
    endloop
  endfacet
  facet normal 0 0 -1
    outer loop
      vertex 33.37402515113354 25.185819298028946 0
      vertex 41.399999998509884 27.399999998509884 0
      vertex 33.54999999701977 25.09903810918331 0
    endloop
  endfacet
  facet normal 0 0 -1
    outer loop
      vertex 33.18822856992483 25.248888738453388 0
      vertex 32.99578928947449 25.28716728836298 0
      vertex 41.399999998509884 27.399999998509884 0
    endloop
  endfacet
  facet normal 0 0 -1
    outer loop
      vertex 33.18822856992483 25.248888738453388 0
      vertex 41.399999998509884 27.399999998509884 0
      vertex 33.37402515113354 25.185819298028946 0
    endloop
  endfacet
  facet normal 0 0 -1
    outer loop
      vertex 33.860660172998905 24.860660172998905 0
      vertex 33.71314214169979 24.990030013024807 0
      vertex 41.399999998509884 27.399999998509884 0
    endloop
  endfacet
  facet normal 0 0 -1
    outer loop
      vertex 33.54999999701977 25.09903810918331 0
      vertex 41.399999998509884 27.399999998509884 0
      vertex 33.71314214169979 24.990030013024807 0
    endloop
  endfacet
  facet normal 0.9978589233184302 0.06540312801222276 0
    outer loop
      vertex 45.399999998509884 23.399999998509884 0
      vertex 45.36577944457531 23.92210476845503 0
      vertex 45.399999998509884 23.399999998509884 5
    endloop
  endfacet
  facet normal 0.06540312801222276 0.9978589233184302 0
    outer loop
      vertex 41.399999998509884 27.399999998509884 0
      vertex 41.92210476845503 27.36577944457531 5
      vertex 41.92210476845503 27.36577944457531 0
    endloop
  endfacet
  facet normal 0.1950903267663619 0.9807852794583501 0
    outer loop
      vertex 41.92210476845503 27.36577944457531 0
      vertex 42.43527618050575 27.263703301548958 5
      vertex 42.43527618050575 27.263703301548958 0
    endloop
  endfacet
  facet normal 0.9807852794583501 0.1950903267663619 0
    outer loop
      vertex 45.36577944457531 23.92210476845503 0
      vertex 45.26370330154896 24.435276180505753 0
      vertex 45.36577944457531 23.92210476845503 5
    endloop
  endfacet
  facet normal 0.9469301305271107 0.3214394622629726 0
    outer loop
      vertex 45.26370330154896 24.435276180505753 0
      vertex 45.09551812708378 24.930733732879162 0
      vertex 45.26370330154896 24.435276180505753 5
    endloop
  endfacet
  facet normal 0.8968727445130562 0.4422886841754128 0
    outer loop
      vertex 45.09551812708378 24.930733732879162 0
      vertex 44.864101618528366 25.399999998509884 0
      vertex 45.09551812708378 24.930733732879162 5
    endloop
  endfacet
  facet normal 0.8314696141679891 0.5555702302277682 0
    outer loop
      vertex 44.864101618528366 25.399999998509884 0
      vertex 44.573413364589214 25.835045717656612 0
      vertex 44.864101618528366 25.399999998509884 5
    endloop
  endfacet
  facet normal 0.4422886841754128 0.8968727445130562 0
    outer loop
      vertex 42.93073373287916 27.09551812708378 0
      vertex 43.399999998509884 26.864101618528366 5
      vertex 43.399999998509884 26.864101618528366 0
    endloop
  endfacet
  facet normal 0.3214394622629726 0.9469301305271107 0
    outer loop
      vertex 42.43527618050575 27.263703301548958 0
      vertex 42.93073373287916 27.09551812708378 5
      vertex 42.93073373287916 27.09551812708378 0
    endloop
  endfacet
  facet normal 0.5555702302277682 0.8314696141679891 0
    outer loop
      vertex 43.399999998509884 26.864101618528366 0
      vertex 43.83504571765661 26.573413364589214 5
      vertex 43.83504571765661 26.573413364589214 0
    endloop
  endfacet
  facet normal 0.7518398069017457 0.6593458157582754 0
    outer loop
      vertex 44.573413364589214 25.835045717656612 0
      vertex 44.22842712700367 26.22842712700367 0
      vertex 44.573413364589214 25.835045717656612 5
    endloop
  endfacet
  facet normal 0.6593458157582754 0.7518398069017457 0
    outer loop
      vertex 43.83504571765661 26.573413364589214 0
      vertex 44.22842712700367 26.22842712700367 5
      vertex 44.22842712700367 26.22842712700367 0
    endloop
  endfacet
  facet normal 0 0 1
    outer loop
      vertex -41.399999998509884 27.399999998509884 5
      vertex 41.899999998509884 25.399999998509884 5
      vertex 41.399999998509884 27.399999998509884 5
    endloop
  endfacet
  facet normal 1 0 0
    outer loop
      vertex 45.399999998509884 -23.399999998509884 5
      vertex 45.399999998509884 23.399999998509884 0
      vertex 45.399999998509884 23.399999998509884 5
    endloop
  endfacet
  facet normal 0 0 1
    outer loop
      vertex 43.399999998509884 23.899999998509884 5
      vertex 44.375910968165606 -26.060254037844388 5
      vertex 43.399999998509884 26.864101618528366 5
    endloop
  endfacet
  facet normal 0 0 1
    outer loop
      vertex 45.399999998509884 -23.399999998509884 5
      vertex 45.399999998509884 23.399999998509884 5
      vertex 45.36577944457531 23.92210476845503 5
    endloop
  endfacet
  facet normal 0 0 1
    outer loop
      vertex 45.09551812708378 -24.930733732879162 5
      vertex 45.09551812708378 24.930733732879162 5
      vertex 44.864101618528366 25.399999998509884 5
    endloop
  endfacet
  facet normal 0 0 1
    outer loop
      vertex 45.26370330154896 -24.435276180505753 5
      vertex 45.26370330154896 24.435276180505753 5
      vertex 45.09551812708378 24.930733732879162 5
    endloop
  endfacet
  facet normal 0 0 1
    outer loop
      vertex 45.36577944457531 -23.92210476845503 5
      vertex 45.36577944457531 23.92210476845503 5
      vertex 45.26370330154896 24.435276180505753 5
    endloop
  endfacet
  facet normal 0 0 1
    outer loop
      vertex 43.399999998509884 26.864101618528366 5
      vertex 44.375910968165606 -26.060254037844388 5
      vertex 43.83504571765661 26.573413364589214 5
    endloop
  endfacet
  facet normal 0 0 1
    outer loop
      vertex 43.83504571765661 26.573413364589214 5
      vertex 44.375910968165606 -26.060254037844388 5
      vertex 44.22842712700367 26.22842712700367 5
    endloop
  endfacet
  facet normal 0 0 1
    outer loop
      vertex 44.573413364589214 -25.835045717656612 5
      vertex 44.573413364589214 25.835045717656612 5
      vertex 44.22842712700367 26.22842712700367 5
    endloop
  endfacet
  facet normal 0 0 1
    outer loop
      vertex 44.864101618528366 -25.399999998509884 5
      vertex 44.864101618528366 25.399999998509884 5
      vertex 44.573413364589214 25.835045717656612 5
    endloop
  endfacet
  facet normal 0.9978589233184302 0.06540312801222276 0
    outer loop
      vertex 45.36577944457531 23.92210476845503 0
      vertex 45.36577944457531 23.92210476845503 5
      vertex 45.399999998509884 23.399999998509884 5
    endloop
  endfacet
  facet normal 0.06540312801222276 0.9978589233184302 0
    outer loop
      vertex 41.399999998509884 27.399999998509884 0
      vertex 41.399999998509884 27.399999998509884 5
      vertex 41.92210476845503 27.36577944457531 5
    endloop
  endfacet
  facet normal 0.1950903267663619 0.9807852794583501 0
    outer loop
      vertex 41.92210476845503 27.36577944457531 0
      vertex 41.92210476845503 27.36577944457531 5
      vertex 42.43527618050575 27.263703301548958 5
    endloop
  endfacet
  facet normal 0.9807852794583501 0.1950903267663619 0
    outer loop
      vertex 45.26370330154896 24.435276180505753 0
      vertex 45.26370330154896 24.435276180505753 5
      vertex 45.36577944457531 23.92210476845503 5
    endloop
  endfacet
  facet normal 0.9469301305271107 0.3214394622629726 0
    outer loop
      vertex 45.09551812708378 24.930733732879162 0
      vertex 45.09551812708378 24.930733732879162 5
      vertex 45.26370330154896 24.435276180505753 5
    endloop
  endfacet
  facet normal 0.8968727445130562 0.4422886841754128 0
    outer loop
      vertex 44.864101618528366 25.399999998509884 0
      vertex 44.864101618528366 25.399999998509884 5
      vertex 45.09551812708378 24.930733732879162 5
    endloop
  endfacet
  facet normal 0.6593458157582754 0.7518398069017457 0
    outer loop
      vertex 43.83504571765661 26.573413364589214 0
      vertex 43.83504571765661 26.573413364589214 5
      vertex 44.22842712700367 26.22842712700367 5
    endloop
  endfacet
  facet normal 0.3214394622629726 0.9469301305271107 0
    outer loop
      vertex 42.43527618050575 27.263703301548958 0
      vertex 42.43527618050575 27.263703301548958 5
      vertex 42.93073373287916 27.09551812708378 5
    endloop
  endfacet
  facet normal 0.4422886841754128 0.8968727445130562 0
    outer loop
      vertex 42.93073373287916 27.09551812708378 0
      vertex 42.93073373287916 27.09551812708378 5
      vertex 43.399999998509884 26.864101618528366 5
    endloop
  endfacet
  facet normal 0.5555702302277682 0.8314696141679891 0
    outer loop
      vertex 43.399999998509884 26.864101618528366 0
      vertex 43.399999998509884 26.864101618528366 5
      vertex 43.83504571765661 26.573413364589214 5
    endloop
  endfacet
  facet normal 0.8314696141679891 0.5555702302277682 0
    outer loop
      vertex 44.573413364589214 25.835045717656612 0
      vertex 44.573413364589214 25.835045717656612 5
      vertex 44.864101618528366 25.399999998509884 5
    endloop
  endfacet
  facet normal 0.7518398069017457 0.6593458157582754 0
    outer loop
      vertex 44.22842712700367 26.22842712700367 0
      vertex 44.22842712700367 26.22842712700367 5
      vertex 44.573413364589214 25.835045717656612 5
    endloop
  endfacet
  facet normal 0 0 1
    outer loop
      vertex 41.899999998509884 25.399999998509884 5
      vertex 42.0957892909646 25.387167289853096 5
      vertex 41.92210476845503 27.36577944457531 5
    endloop
  endfacet
  facet normal 0 0 1
    outer loop
      vertex 42.0957892909646 25.387167289853096 5
      vertex 42.28822856396437 25.348888739943504 5
      vertex 42.43527618050575 27.263703301548958 5
    endloop
  endfacet
  facet normal 0 0 1
    outer loop
      vertex 42.28822856396437 25.348888739943504 5
      vertex 42.47402514517307 25.285819299519062 5
      vertex 42.43527618050575 27.263703301548958 5
    endloop
  endfacet
  facet normal 0 0 1
    outer loop
      vertex 41.899999998509884 25.399999998509884 5
      vertex 41.92210476845503 27.36577944457531 5
      vertex 41.399999998509884 27.399999998509884 5
    endloop
  endfacet
  facet normal 0 0 1
    outer loop
      vertex 42.0957892909646 25.387167289853096 5
      vertex 42.43527618050575 27.263703301548958 5
      vertex 41.92210476845503 27.36577944457531 5
    endloop
  endfacet
  facet normal 0 0 1
    outer loop
      vertex 43.09003000706434 24.813142143189907 5
      vertex 43.19903810322285 24.649999998509884 5
      vertex 43.399999998509884 26.864101618528366 5
    endloop
  endfacet
  facet normal 0 0 1
    outer loop
      vertex 43.09003000706434 24.813142143189907 5
      vertex 43.399999998509884 26.864101618528366 5
      vertex 42.96066017448902 24.96066017448902 5
    endloop
  endfacet
  facet normal 0 0 1
    outer loop
      vertex 43.399999998509884 23.899999998509884 5
      vertex 43.399999998509884 26.864101618528366 5
      vertex 43.387167289853096 24.095789290964603 5
    endloop
  endfacet
  facet normal 0 0 1
    outer loop
      vertex 43.387167289853096 24.095789290964603 5
      vertex 43.399999998509884 26.864101618528366 5
      vertex 43.348888739943504 24.288228563964367 5
    endloop
  endfacet
  facet normal 0 0 1
    outer loop
      vertex 43.348888739943504 24.288228563964367 5
      vertex 43.399999998509884 26.864101618528366 5
      vertex 43.28581929951906 24.474025145173073 5
    endloop
  endfacet
  facet normal 0 0 1
    outer loop
      vertex 43.19903810322285 24.649999998509884 5
      vertex 43.28581929951906 24.474025145173073 5
      vertex 43.399999998509884 26.864101618528366 5
    endloop
  endfacet
  facet normal 0 0 1
    outer loop
      vertex 42.47402514517307 25.285819299519062 5
      vertex 42.649999998509884 25.199038103222847 5
      vertex 42.93073373287916 27.09551812708378 5
    endloop
  endfacet
  facet normal 0 0 1
    outer loop
      vertex 42.81314214318991 25.090030007064342 5
      vertex 42.96066017448902 24.96066017448902 5
      vertex 42.93073373287916 27.09551812708378 5
    endloop
  endfacet
  facet normal 0 0 1
    outer loop
      vertex 42.649999998509884 25.199038103222847 5
      vertex 42.81314214318991 25.090030007064342 5
      vertex 42.93073373287916 27.09551812708378 5
    endloop
  endfacet
  facet normal 0 0 1
    outer loop
      vertex 42.96066017448902 24.96066017448902 5
      vertex 43.399999998509884 26.864101618528366 5
      vertex 42.93073373287916 27.09551812708378 5
    endloop
  endfacet
  facet normal 0 0 1
    outer loop
      vertex 42.47402514517307 25.285819299519062 5
      vertex 42.93073373287916 27.09551812708378 5
      vertex 42.43527618050575 27.263703301548958 5
    endloop
  endfacet
  facet normal 0.659345811382388 0.7518398107392958 0
    outer loop
      vertex -34.860660172998905 -24.860660172998905 0
      vertex -34.860660172998905 -24.860660172998905 3.4
      vertex -34.71314214169979 -24.990030013024807 0
    endloop
  endfacet
  facet normal 0.19509030759446716 0.9807852832718772 0
    outer loop
      vertex -34.18822856992483 -25.248888738453388 0
      vertex -34.18822856992483 -25.248888738453388 3.4
      vertex -33.99578928947449 -25.28716728836298 0
    endloop
  endfacet
  facet normal 0.4422886840707282 0.896872744564681 0
    outer loop
      vertex -34.54999999701977 -25.09903810918331 0
      vertex -34.54999999701977 -25.09903810918331 3.4
      vertex -34.37402515113354 -25.185819298028946 0
    endloop
  endfacet
  facet normal 0.5555702335092735 0.8314696119753573 0
    outer loop
      vertex -34.54999999701977 -25.09903810918331 0
      vertex -34.71314214169979 -24.990030013024807 0
      vertex -34.71314214169979 -24.990030013024807 3.4
    endloop
  endfacet
  facet normal 0.3214394637077385 0.9469301300366789 0
    outer loop
      vertex -34.37402515113354 -25.185819298028946 0
      vertex -34.37402515113354 -25.185819298028946 3.4
      vertex -34.18822856992483 -25.248888738453388 0
    endloop
  endfacet
  facet normal 0.896872744564681 0.4422886840707282 0
    outer loop
      vertex -35.09903810918331 -24.549999997019768 0
      vertex -35.185819298028946 -24.374025151133537 0
      vertex -35.185819298028946 -24.374025151133537 3.4
    endloop
  endfacet
  facet normal 0.7518398107392958 0.659345811382388 0
    outer loop
      vertex -34.860660172998905 -24.860660172998905 0
      vertex -34.99003001302481 -24.71314214169979 0
      vertex -34.99003001302481 -24.71314214169979 3.4
    endloop
  endfacet
  facet normal 0.8314696119753573 0.5555702335092735 0
    outer loop
      vertex -34.99003001302481 -24.71314214169979 0
      vertex -35.09903810918331 -24.549999997019768 0
      vertex -35.09903810918331 -24.549999997019768 3.4
    endloop
  endfacet
  facet normal 0.9469301300366789 0.3214394637077385 0
    outer loop
      vertex -35.185819298028946 -24.374025151133537 0
      vertex -35.24888873845339 -24.18822856992483 0
      vertex -35.24888873845339 -24.18822856992483 3.4
    endloop
  endfacet
  facet normal 0.9807852832718772 0.19509030759446716 0
    outer loop
      vertex -35.24888873845339 -24.18822856992483 0
      vertex -35.28716728836298 -23.995789289474487 0
      vertex -35.28716728836298 -23.995789289474487 3.4
    endloop
  endfacet
  facet normal 0.9978589230898692 0.06540313149938919 0
    outer loop
      vertex -35.28716728836298 -23.995789289474487 0
      vertex -35.29999999701977 -23.799999997019768 0
      vertex -35.29999999701977 -23.799999997019768 3.4
    endloop
  endfacet
  facet normal 0.06540313149938919 0.9978589230898692 0
    outer loop
      vertex -33.99578928947449 -25.28716728836298 0
      vertex -33.99578928947449 -25.28716728836298 3.4
      vertex -33.79999999701977 -25.299999997019768 0
    endloop
  endfacet
  facet normal 0.659345811382388 0.7518398107392958 0
    outer loop
      vertex -34.71314214169979 -24.990030013024807 0
      vertex -34.860660172998905 -24.860660172998905 3.4
      vertex -34.71314214169979 -24.990030013024807 3.4
    endloop
  endfacet
  facet normal 0.19509030759446716 0.9807852832718772 0
    outer loop
      vertex -33.99578928947449 -25.28716728836298 0
      vertex -34.18822856992483 -25.248888738453388 3.4
      vertex -33.99578928947449 -25.28716728836298 3.4
    endloop
  endfacet
  facet normal 0.5555702335092735 0.8314696119753573 0
    outer loop
      vertex -34.54999999701977 -25.09903810918331 0
      vertex -34.71314214169979 -24.990030013024807 3.4
      vertex -34.54999999701977 -25.09903810918331 3.4
    endloop
  endfacet
  facet normal 0.4422886840707282 0.896872744564681 0
    outer loop
      vertex -34.37402515113354 -25.185819298028946 0
      vertex -34.54999999701977 -25.09903810918331 3.4
      vertex -34.37402515113354 -25.185819298028946 3.4
    endloop
  endfacet
  facet normal 0.3214394637077385 0.9469301300366789 0
    outer loop
      vertex -34.18822856992483 -25.248888738453388 0
      vertex -34.37402515113354 -25.185819298028946 3.4
      vertex -34.18822856992483 -25.248888738453388 3.4
    endloop
  endfacet
  facet normal 0.896872744564681 0.4422886840707282 0
    outer loop
      vertex -35.09903810918331 -24.549999997019768 0
      vertex -35.185819298028946 -24.374025151133537 3.4
      vertex -35.09903810918331 -24.549999997019768 3.4
    endloop
  endfacet
  facet normal 0.8314696119753573 0.5555702335092735 0
    outer loop
      vertex -34.99003001302481 -24.71314214169979 0
      vertex -35.09903810918331 -24.549999997019768 3.4
      vertex -34.99003001302481 -24.71314214169979 3.4
    endloop
  endfacet
  facet normal 0.7518398107392958 0.659345811382388 0
    outer loop
      vertex -34.860660172998905 -24.860660172998905 0
      vertex -34.99003001302481 -24.71314214169979 3.4
      vertex -34.860660172998905 -24.860660172998905 3.4
    endloop
  endfacet
  facet normal 0.9469301300366789 0.3214394637077385 0
    outer loop
      vertex -35.185819298028946 -24.374025151133537 0
      vertex -35.24888873845339 -24.18822856992483 3.4
      vertex -35.185819298028946 -24.374025151133537 3.4
    endloop
  endfacet
  facet normal 0.9807852832718772 0.19509030759446716 0
    outer loop
      vertex -35.24888873845339 -24.18822856992483 0
      vertex -35.28716728836298 -23.995789289474487 3.4
      vertex -35.24888873845339 -24.18822856992483 3.4
    endloop
  endfacet
  facet normal 0.9978589230898692 0.06540313149938919 0
    outer loop
      vertex -35.28716728836298 -23.995789289474487 0
      vertex -35.29999999701977 -23.799999997019768 3.4
      vertex -35.28716728836298 -23.995789289474487 3.4
    endloop
  endfacet
  facet normal 1 0 0
    outer loop
      vertex -35.29999999701977 -23.799999997019768 0
      vertex -35.29999999701977 6.119999999233652 3.4
      vertex -35.29999999701977 -23.799999997019768 3.4
    endloop
  endfacet
  facet normal 0.06540313149938919 0.9978589230898692 0
    outer loop
      vertex -33.79999999701977 -25.299999997019768 0
      vertex -33.99578928947449 -25.28716728836298 3.4
      vertex -33.79999999701977 -25.299999997019768 3.4
    endloop
  endfacet
  facet normal 0 1 0
    outer loop
      vertex -33.79999999701977 -25.299999997019768 0
      vertex -33.79999999701977 -25.299999997019768 3.4
      vertex 32.79999999701977 -25.299999997019768 0
    endloop
  endfacet
  facet normal 1 0 0
    outer loop
      vertex -35.29999999701977 -23.799999997019768 0
      vertex -35.29999999701977 23.799999997019768 0
      vertex -35.29999999701977 23.799999997019768 3.4
    endloop
  endfacet
  facet normal 1 0 0
    outer loop
      vertex -35.29999999701977 -23.799999997019768 0
      vertex -35.29999999701977 23.799999997019768 3.4
      vertex -35.29999999701977 6.119999999233652 3.4
    endloop
  endfacet
  facet normal 0.9978589230898692 -0.06540313149938919 0
    outer loop
      vertex -35.29999999701977 23.799999997019768 0
      vertex -35.28716728836298 23.995789289474487 0
      vertex -35.28716728836298 23.995789289474487 3.4
    endloop
  endfacet
  facet normal 0.9807852832718772 -0.19509030759446716 0
    outer loop
      vertex -35.28716728836298 23.995789289474487 0
      vertex -35.24888873845339 24.18822856992483 0
      vertex -35.24888873845339 24.18822856992483 3.4
    endloop
  endfacet
  facet normal 0.9469301300366789 -0.3214394637077385 0
    outer loop
      vertex -35.24888873845339 24.18822856992483 0
      vertex -35.185819298028946 24.374025151133537 0
      vertex -35.185819298028946 24.374025151133537 3.4
    endloop
  endfacet
  facet normal 0.896872744564681 -0.4422886840707282 0
    outer loop
      vertex -35.185819298028946 24.374025151133537 0
      vertex -35.09903810918331 24.549999997019768 0
      vertex -35.09903810918331 24.549999997019768 3.4
    endloop
  endfacet
  facet normal 0.8314696119753573 -0.5555702335092735 0
    outer loop
      vertex -35.09903810918331 24.549999997019768 0
      vertex -34.99003001302481 24.71314214169979 0
      vertex -34.99003001302481 24.71314214169979 3.4
    endloop
  endfacet
  facet normal 0.7518398107392958 -0.659345811382388 0
    outer loop
      vertex -34.99003001302481 24.71314214169979 0
      vertex -34.860660172998905 24.860660172998905 0
      vertex -34.860660172998905 24.860660172998905 3.4
    endloop
  endfacet
  facet normal 0.659345811382388 -0.7518398107392958 0
    outer loop
      vertex -34.860660172998905 24.860660172998905 0
      vertex -34.71314214169979 24.990030013024807 0
      vertex -34.71314214169979 24.990030013024807 3.4
    endloop
  endfacet
  facet normal 0.5555702335092735 -0.8314696119753573 0
    outer loop
      vertex -34.71314214169979 24.990030013024807 0
      vertex -34.54999999701977 25.09903810918331 0
      vertex -34.54999999701977 25.09903810918331 3.4
    endloop
  endfacet
  facet normal 0.4422886840707282 -0.896872744564681 0
    outer loop
      vertex -34.54999999701977 25.09903810918331 0
      vertex -34.37402515113354 25.185819298028946 0
      vertex -34.37402515113354 25.185819298028946 3.4
    endloop
  endfacet
  facet normal 0.3214394637077385 -0.9469301300366789 0
    outer loop
      vertex -34.37402515113354 25.185819298028946 0
      vertex -34.18822856992483 25.248888738453388 0
      vertex -34.18822856992483 25.248888738453388 3.4
    endloop
  endfacet
  facet normal 0.19509030759446716 -0.9807852832718772 0
    outer loop
      vertex -34.18822856992483 25.248888738453388 0
      vertex -33.99578928947449 25.28716728836298 0
      vertex -33.99578928947449 25.28716728836298 3.4
    endloop
  endfacet
  facet normal 0.06540313149938919 -0.9978589230898692 0
    outer loop
      vertex -33.99578928947449 25.28716728836298 0
      vertex -33.79999999701977 25.299999997019768 0
      vertex -33.79999999701977 25.299999997019768 3.4
    endloop
  endfacet
  facet normal 0.9978589230898692 -0.06540313149938919 0
    outer loop
      vertex -35.29999999701977 23.799999997019768 0
      vertex -35.28716728836298 23.995789289474487 3.4
      vertex -35.29999999701977 23.799999997019768 3.4
    endloop
  endfacet
  facet normal 0.9807852832718772 -0.19509030759446716 0
    outer loop
      vertex -35.28716728836298 23.995789289474487 0
      vertex -35.24888873845339 24.18822856992483 3.4
      vertex -35.28716728836298 23.995789289474487 3.4
    endloop
  endfacet
  facet normal 0.9469301300366789 -0.3214394637077385 0
    outer loop
      vertex -35.24888873845339 24.18822856992483 0
      vertex -35.185819298028946 24.374025151133537 3.4
      vertex -35.24888873845339 24.18822856992483 3.4
    endloop
  endfacet
  facet normal 0.896872744564681 -0.4422886840707282 0
    outer loop
      vertex -35.185819298028946 24.374025151133537 0
      vertex -35.09903810918331 24.549999997019768 3.4
      vertex -35.185819298028946 24.374025151133537 3.4
    endloop
  endfacet
  facet normal 0.8314696119753573 -0.5555702335092735 0
    outer loop
      vertex -35.09903810918331 24.549999997019768 0
      vertex -34.99003001302481 24.71314214169979 3.4
      vertex -35.09903810918331 24.549999997019768 3.4
    endloop
  endfacet
  facet normal 0.7518398107392958 -0.659345811382388 0
    outer loop
      vertex -34.99003001302481 24.71314214169979 0
      vertex -34.860660172998905 24.860660172998905 3.4
      vertex -34.99003001302481 24.71314214169979 3.4
    endloop
  endfacet
  facet normal 0.659345811382388 -0.7518398107392958 0
    outer loop
      vertex -34.860660172998905 24.860660172998905 0
      vertex -34.71314214169979 24.990030013024807 3.4
      vertex -34.860660172998905 24.860660172998905 3.4
    endloop
  endfacet
  facet normal 0.5555702335092735 -0.8314696119753573 0
    outer loop
      vertex -34.71314214169979 24.990030013024807 0
      vertex -34.54999999701977 25.09903810918331 3.4
      vertex -34.71314214169979 24.990030013024807 3.4
    endloop
  endfacet
  facet normal 0.4422886840707282 -0.896872744564681 0
    outer loop
      vertex -34.54999999701977 25.09903810918331 0
      vertex -34.37402515113354 25.185819298028946 3.4
      vertex -34.54999999701977 25.09903810918331 3.4
    endloop
  endfacet
  facet normal 0.3214394637077385 -0.9469301300366789 0
    outer loop
      vertex -34.37402515113354 25.185819298028946 0
      vertex -34.18822856992483 25.248888738453388 3.4
      vertex -34.37402515113354 25.185819298028946 3.4
    endloop
  endfacet
  facet normal 0.19509030759446716 -0.9807852832718772 0
    outer loop
      vertex -34.18822856992483 25.248888738453388 0
      vertex -33.99578928947449 25.28716728836298 3.4
      vertex -34.18822856992483 25.248888738453388 3.4
    endloop
  endfacet
  facet normal 0.06540313149938919 -0.9978589230898692 0
    outer loop
      vertex -33.99578928947449 25.28716728836298 0
      vertex -33.79999999701977 25.299999997019768 3.4
      vertex -33.99578928947449 25.28716728836298 3.4
    endloop
  endfacet
  facet normal 0 -1 0
    outer loop
      vertex -33.79999999701977 25.299999997019768 0
      vertex 32.79999999701977 25.299999997019768 3.4
      vertex -33.79999999701977 25.299999997019768 3.4
    endloop
  endfacet
  facet normal 0 1 0
    outer loop
      vertex -33.79999999701977 -25.299999997019768 3.4
      vertex 32.79999999701977 -25.299999997019768 3.4
      vertex 32.79999999701977 -25.299999997019768 0
    endloop
  endfacet
  facet normal -0.06540313149938919 0.9978589230898692 0
    outer loop
      vertex 32.79999999701977 -25.299999997019768 0
      vertex 32.79999999701977 -25.299999997019768 3.4
      vertex 32.99578928947449 -25.28716728836298 0
    endloop
  endfacet
  facet normal -0.19509030759446716 0.9807852832718772 0
    outer loop
      vertex 32.99578928947449 -25.28716728836298 0
      vertex 32.99578928947449 -25.28716728836298 3.4
      vertex 33.18822856992483 -25.248888738453388 0
    endloop
  endfacet
  facet normal -0.3214394637077385 0.9469301300366789 0
    outer loop
      vertex 33.18822856992483 -25.248888738453388 0
      vertex 33.18822856992483 -25.248888738453388 3.4
      vertex 33.37402515113354 -25.185819298028946 0
    endloop
  endfacet
  facet normal -0.4422886840707282 0.896872744564681 0
    outer loop
      vertex 33.37402515113354 -25.185819298028946 0
      vertex 33.37402515113354 -25.185819298028946 3.4
      vertex 33.54999999701977 -25.09903810918331 0
    endloop
  endfacet
  facet normal -0.5555702335092735 0.8314696119753573 0
    outer loop
      vertex 33.54999999701977 -25.09903810918331 0
      vertex 33.54999999701977 -25.09903810918331 3.4
      vertex 33.71314214169979 -24.990030013024807 0
    endloop
  endfacet
  facet normal -0.659345811382388 0.7518398107392958 0
    outer loop
      vertex 33.71314214169979 -24.990030013024807 0
      vertex 33.71314214169979 -24.990030013024807 3.4
      vertex 33.860660172998905 -24.860660172998905 0
    endloop
  endfacet
  facet normal -0.7518398107392958 0.659345811382388 0
    outer loop
      vertex 33.860660172998905 -24.860660172998905 0
      vertex 33.860660172998905 -24.860660172998905 3.4
      vertex 33.99003001302481 -24.71314214169979 0
    endloop
  endfacet
  facet normal -0.8314696119753573 0.5555702335092735 0
    outer loop
      vertex 33.99003001302481 -24.71314214169979 0
      vertex 33.99003001302481 -24.71314214169979 3.4
      vertex 34.09903810918331 -24.549999997019768 0
    endloop
  endfacet
  facet normal -0.896872744564681 0.4422886840707282 0
    outer loop
      vertex 34.09903810918331 -24.549999997019768 0
      vertex 34.09903810918331 -24.549999997019768 3.4
      vertex 34.185819298028946 -24.374025151133537 0
    endloop
  endfacet
  facet normal -0.9469301300366789 0.3214394637077385 0
    outer loop
      vertex 34.185819298028946 -24.374025151133537 0
      vertex 34.185819298028946 -24.374025151133537 3.4
      vertex 34.24888873845339 -24.18822856992483 0
    endloop
  endfacet
  facet normal -0.9807852832718772 0.19509030759446716 0
    outer loop
      vertex 34.24888873845339 -24.18822856992483 0
      vertex 34.24888873845339 -24.18822856992483 3.4
      vertex 34.28716728836298 -23.995789289474487 0
    endloop
  endfacet
  facet normal -0.9978589230898692 0.06540313149938919 0
    outer loop
      vertex 34.28716728836298 -23.995789289474487 0
      vertex 34.28716728836298 -23.995789289474487 3.4
      vertex 34.29999999701977 -23.799999997019768 0
    endloop
  endfacet
  facet normal -0.06540313149938919 0.9978589230898692 0
    outer loop
      vertex 32.99578928947449 -25.28716728836298 0
      vertex 32.79999999701977 -25.299999997019768 3.4
      vertex 32.99578928947449 -25.28716728836298 3.4
    endloop
  endfacet
  facet normal -0.19509030759446716 0.9807852832718772 0
    outer loop
      vertex 33.18822856992483 -25.248888738453388 0
      vertex 32.99578928947449 -25.28716728836298 3.4
      vertex 33.18822856992483 -25.248888738453388 3.4
    endloop
  endfacet
  facet normal -0.3214394637077385 0.9469301300366789 0
    outer loop
      vertex 33.37402515113354 -25.185819298028946 0
      vertex 33.18822856992483 -25.248888738453388 3.4
      vertex 33.37402515113354 -25.185819298028946 3.4
    endloop
  endfacet
  facet normal -0.4422886840707282 0.896872744564681 0
    outer loop
      vertex 33.54999999701977 -25.09903810918331 0
      vertex 33.37402515113354 -25.185819298028946 3.4
      vertex 33.54999999701977 -25.09903810918331 3.4
    endloop
  endfacet
  facet normal -0.5555702335092735 0.8314696119753573 0
    outer loop
      vertex 33.71314214169979 -24.990030013024807 0
      vertex 33.54999999701977 -25.09903810918331 3.4
      vertex 33.71314214169979 -24.990030013024807 3.4
    endloop
  endfacet
  facet normal -0.659345811382388 0.7518398107392958 0
    outer loop
      vertex 33.860660172998905 -24.860660172998905 0
      vertex 33.71314214169979 -24.990030013024807 3.4
      vertex 33.860660172998905 -24.860660172998905 3.4
    endloop
  endfacet
  facet normal -0.7518398107392958 0.659345811382388 0
    outer loop
      vertex 33.99003001302481 -24.71314214169979 0
      vertex 33.860660172998905 -24.860660172998905 3.4
      vertex 33.99003001302481 -24.71314214169979 3.4
    endloop
  endfacet
  facet normal -0.8314696119753573 0.5555702335092735 0
    outer loop
      vertex 34.09903810918331 -24.549999997019768 0
      vertex 33.99003001302481 -24.71314214169979 3.4
      vertex 34.09903810918331 -24.549999997019768 3.4
    endloop
  endfacet
  facet normal -0.896872744564681 0.4422886840707282 0
    outer loop
      vertex 34.185819298028946 -24.374025151133537 0
      vertex 34.09903810918331 -24.549999997019768 3.4
      vertex 34.185819298028946 -24.374025151133537 3.4
    endloop
  endfacet
  facet normal -0.9469301300366789 0.3214394637077385 0
    outer loop
      vertex 34.24888873845339 -24.18822856992483 0
      vertex 34.185819298028946 -24.374025151133537 3.4
      vertex 34.24888873845339 -24.18822856992483 3.4
    endloop
  endfacet
  facet normal -0.9807852832718772 0.19509030759446716 0
    outer loop
      vertex 34.28716728836298 -23.995789289474487 0
      vertex 34.24888873845339 -24.18822856992483 3.4
      vertex 34.28716728836298 -23.995789289474487 3.4
    endloop
  endfacet
  facet normal -0.9978589230898692 0.06540313149938919 0
    outer loop
      vertex 34.29999999701977 -23.799999997019768 0
      vertex 34.28716728836298 -23.995789289474487 3.4
      vertex 34.29999999701977 -23.799999997019768 3.4
    endloop
  endfacet
  facet normal -1 0 0
    outer loop
      vertex 34.29999999701977 -23.799999997019768 0
      vertex 34.29999999701977 -23.799999997019768 3.4
      vertex 34.29999999701977 23.799999997019768 0
    endloop
  endfacet
  facet normal -1 0 0
    outer loop
      vertex 34.29999999701977 -23.799999997019768 3.4
      vertex 34.29999999701977 -6.119999999233654 3.4
      vertex 34.29999999701977 23.799999997019768 0
    endloop
  endfacet
  facet normal 0 -1 0
    outer loop
      vertex -33.79999999701977 25.299999997019768 0
      vertex 32.79999999701977 25.299999997019768 0
      vertex 32.79999999701977 25.299999997019768 3.4
    endloop
  endfacet
  facet normal -0.7518398107392958 -0.659345811382388 0
    outer loop
      vertex 33.99003001302481 24.71314214169979 0
      vertex 33.99003001302481 24.71314214169979 3.4
      vertex 33.860660172998905 24.860660172998905 0
    endloop
  endfacet
  facet normal -0.3214394637077385 -0.9469301300366789 0
    outer loop
      vertex 33.18822856992483 25.248888738453388 0
      vertex 33.37402515113354 25.185819298028946 0
      vertex 33.37402515113354 25.185819298028946 3.4
    endloop
  endfacet
  facet normal -0.06540313149938919 -0.9978589230898692 0
    outer loop
      vertex 32.79999999701977 25.299999997019768 0
      vertex 32.99578928947449 25.28716728836298 0
      vertex 32.99578928947449 25.28716728836298 3.4
    endloop
  endfacet
  facet normal -0.19509030759446716 -0.9807852832718772 0
    outer loop
      vertex 33.18822856992483 25.248888738453388 0
      vertex 33.18822856992483 25.248888738453388 3.4
      vertex 32.99578928947449 25.28716728836298 0
    endloop
  endfacet
  facet normal -0.5555702335092735 -0.8314696119753573 0
    outer loop
      vertex 33.54999999701977 25.09903810918331 0
      vertex 33.71314214169979 24.990030013024807 0
      vertex 33.71314214169979 24.990030013024807 3.4
    endloop
  endfacet
  facet normal -0.4422886840707282 -0.896872744564681 0
    outer loop
      vertex 33.37402515113354 25.185819298028946 0
      vertex 33.54999999701977 25.09903810918331 0
      vertex 33.54999999701977 25.09903810918331 3.4
    endloop
  endfacet
  facet normal -0.659345811382388 -0.7518398107392958 0
    outer loop
      vertex 33.860660172998905 24.860660172998905 0
      vertex 33.860660172998905 24.860660172998905 3.4
      vertex 33.71314214169979 24.990030013024807 0
    endloop
  endfacet
  facet normal -0.9978589230898692 -0.06540313149938919 0
    outer loop
      vertex 34.29999999701977 23.799999997019768 0
      vertex 34.29999999701977 23.799999997019768 3.4
      vertex 34.28716728836298 23.995789289474487 0
    endloop
  endfacet
  facet normal -0.9807852832718772 -0.19509030759446716 0
    outer loop
      vertex 34.28716728836298 23.995789289474487 0
      vertex 34.28716728836298 23.995789289474487 3.4
      vertex 34.24888873845339 24.18822856992483 0
    endloop
  endfacet
  facet normal -0.9469301300366789 -0.3214394637077385 0
    outer loop
      vertex 34.24888873845339 24.18822856992483 0
      vertex 34.24888873845339 24.18822856992483 3.4
      vertex 34.185819298028946 24.374025151133537 0
    endloop
  endfacet
  facet normal -0.896872744564681 -0.4422886840707282 0
    outer loop
      vertex 34.185819298028946 24.374025151133537 0
      vertex 34.185819298028946 24.374025151133537 3.4
      vertex 34.09903810918331 24.549999997019768 0
    endloop
  endfacet
  facet normal -0.8314696119753573 -0.5555702335092735 0
    outer loop
      vertex 33.99003001302481 24.71314214169979 0
      vertex 34.09903810918331 24.549999997019768 0
      vertex 34.09903810918331 24.549999997019768 3.4
    endloop
  endfacet
  facet normal -0.8314696119753573 -0.5555702335092735 0
    outer loop
      vertex 33.99003001302481 24.71314214169979 0
      vertex 34.09903810918331 24.549999997019768 3.4
      vertex 33.99003001302481 24.71314214169979 3.4
    endloop
  endfacet
  facet normal -0.7518398107392958 -0.659345811382388 0
    outer loop
      vertex 33.860660172998905 24.860660172998905 0
      vertex 33.99003001302481 24.71314214169979 3.4
      vertex 33.860660172998905 24.860660172998905 3.4
    endloop
  endfacet
  facet normal -0.3214394637077385 -0.9469301300366789 0
    outer loop
      vertex 33.18822856992483 25.248888738453388 0
      vertex 33.37402515113354 25.185819298028946 3.4
      vertex 33.18822856992483 25.248888738453388 3.4
    endloop
  endfacet
  facet normal -0.06540313149938919 -0.9978589230898692 0
    outer loop
      vertex 32.79999999701977 25.299999997019768 0
      vertex 32.99578928947449 25.28716728836298 3.4
      vertex 32.79999999701977 25.299999997019768 3.4
    endloop
  endfacet
  facet normal -0.19509030759446716 -0.9807852832718772 0
    outer loop
      vertex 32.99578928947449 25.28716728836298 0
      vertex 33.18822856992483 25.248888738453388 3.4
      vertex 32.99578928947449 25.28716728836298 3.4
    endloop
  endfacet
  facet normal -0.4422886840707282 -0.896872744564681 0
    outer loop
      vertex 33.37402515113354 25.185819298028946 0
      vertex 33.54999999701977 25.09903810918331 3.4
      vertex 33.37402515113354 25.185819298028946 3.4
    endloop
  endfacet
  facet normal -0.5555702335092735 -0.8314696119753573 0
    outer loop
      vertex 33.54999999701977 25.09903810918331 0
      vertex 33.71314214169979 24.990030013024807 3.4
      vertex 33.54999999701977 25.09903810918331 3.4
    endloop
  endfacet
  facet normal -0.659345811382388 -0.7518398107392958 0
    outer loop
      vertex 33.71314214169979 24.990030013024807 0
      vertex 33.860660172998905 24.860660172998905 3.4
      vertex 33.71314214169979 24.990030013024807 3.4
    endloop
  endfacet
  facet normal -1 0 0
    outer loop
      vertex 34.29999999701977 -6.119999999233654 3.4
      vertex 34.29999999701977 23.799999997019768 3.4
      vertex 34.29999999701977 23.799999997019768 0
    endloop
  endfacet
  facet normal -0.9978589230898692 -0.06540313149938919 0
    outer loop
      vertex 34.28716728836298 23.995789289474487 0
      vertex 34.29999999701977 23.799999997019768 3.4
      vertex 34.28716728836298 23.995789289474487 3.4
    endloop
  endfacet
  facet normal -0.9807852832718772 -0.19509030759446716 0
    outer loop
      vertex 34.24888873845339 24.18822856992483 0
      vertex 34.28716728836298 23.995789289474487 3.4
      vertex 34.24888873845339 24.18822856992483 3.4
    endloop
  endfacet
  facet normal -0.9469301300366789 -0.3214394637077385 0
    outer loop
      vertex 34.185819298028946 24.374025151133537 0
      vertex 34.24888873845339 24.18822856992483 3.4
      vertex 34.185819298028946 24.374025151133537 3.4
    endloop
  endfacet
  facet normal -0.896872744564681 -0.4422886840707282 0
    outer loop
      vertex 34.09903810918331 24.549999997019768 0
      vertex 34.185819298028946 24.374025151133537 3.4
      vertex 34.09903810918331 24.549999997019768 3.4
    endloop
  endfacet
  facet normal 0 0 1
    outer loop
      vertex -41.899999998509884 -25.399999998509884 3.4
      vertex -34.860660172998905 -24.860660172998905 3.4
      vertex -34.99003001302481 -24.71314214169979 3.4
    endloop
  endfacet
  facet normal 0 0 1
    outer loop
      vertex -41.899999998509884 -25.399999998509884 3.4
      vertex -34.99003001302481 -24.71314214169979 3.4
      vertex -35.09903810918331 -24.549999997019768 3.4
    endloop
  endfacet
  facet normal 0 0 1
    outer loop
      vertex -41.899999998509884 -25.399999998509884 3.4
      vertex -34.71314214169979 -24.990030013024807 3.4
      vertex -34.860660172998905 -24.860660172998905 3.4
    endloop
  endfacet
  facet normal 0 0 1
    outer loop
      vertex -41.899999998509884 -25.399999998509884 3.4
      vertex -34.54999999701977 -25.09903810918331 3.4
      vertex -34.71314214169979 -24.990030013024807 3.4
    endloop
  endfacet
  facet normal 0 0 1
    outer loop
      vertex -41.899999998509884 -25.399999998509884 3.4
      vertex -34.37402515113354 -25.185819298028946 3.4
      vertex -34.54999999701977 -25.09903810918331 3.4
    endloop
  endfacet
  facet normal 0 0 1
    outer loop
      vertex -41.899999998509884 -25.399999998509884 3.4
      vertex -35.185819298028946 -24.374025151133537 3.4
      vertex -35.24888873845339 -24.18822856992483 3.4
    endloop
  endfacet
  facet normal 0 0 1
    outer loop
      vertex -41.899999998509884 -25.399999998509884 3.4
      vertex -35.09903810918331 -24.549999997019768 3.4
      vertex -35.185819298028946 -24.374025151133537 3.4
    endloop
  endfacet
  facet normal 0 0 1
    outer loop
      vertex -41.899999998509884 -25.399999998509884 3.4
      vertex -35.24888873845339 -24.18822856992483 3.4
      vertex -35.28716728836298 -23.995789289474487 3.4
    endloop
  endfacet
  facet normal 0 0 1
    outer loop
      vertex -41.899999998509884 -25.399999998509884 3.4
      vertex -35.28716728836298 -23.995789289474487 3.4
      vertex -35.29999999701977 -23.799999997019768 3.4
    endloop
  endfacet
  facet normal 0 0 1
    outer loop
      vertex -41.899999998509884 -25.399999998509884 3.4
      vertex -34.18822856992483 -25.248888738453388 3.4
      vertex -34.37402515113354 -25.185819298028946 3.4
    endloop
  endfacet
  facet normal 0 0 1
    outer loop
      vertex -41.899999998509884 -25.399999998509884 3.4
      vertex -33.99578928947449 -25.28716728836298 3.4
      vertex -34.18822856992483 -25.248888738453388 3.4
    endloop
  endfacet
  facet normal 0 0 1
    outer loop
      vertex -41.899999998509884 -25.399999998509884 3.4
      vertex -33.79999999701977 -25.299999997019768 3.4
      vertex -33.99578928947449 -25.28716728836298 3.4
    endloop
  endfacet
  facet normal 0 0 1
    outer loop
      vertex -41.899999998509884 -25.399999998509884 3.4
      vertex -35.29999999701977 -23.799999997019768 3.4
      vertex -38.429404794730814 -12.650561835020653 3.4
    endloop
  endfacet
  facet normal 0 0 1
    outer loop
      vertex -41.899999998509884 -25.399999998509884 3.4
      vertex -40.85 -13.472243186433545 3.4
      vertex -41.034894429314825 -13.3487006784951 3.4
    endloop
  endfacet
  facet normal 0 0 1
    outer loop
      vertex -41.899999998509884 -25.399999998509884 3.4
      vertex -41.034894429314825 -13.3487006784951 3.4
      vertex -41.20208152801713 -13.20208152801713 3.4
    endloop
  endfacet
  facet normal 0 0 1
    outer loop
      vertex -41.899999998509884 -25.399999998509884 3.4
      vertex -41.20208152801713 -13.20208152801713 3.4
      vertex -41.3487006784951 -13.034894429314825 3.4
    endloop
  endfacet
  facet normal 0 0 1
    outer loop
      vertex -41.899999998509884 -25.399999998509884 3.4
      vertex -40.221894526774086 -13.685456264335478 3.4
      vertex -40.43999237667428 -13.642073904691417 3.4
    endloop
  endfacet
  facet normal 0 0 1
    outer loop
      vertex -41.899999998509884 -25.399999998509884 3.4
      vertex -40 -13.7 3.4
      vertex -40.221894526774086 -13.685456264335478 3.4
    endloop
  endfacet
  facet normal 0 0 1
    outer loop
      vertex -41.899999998509884 -25.399999998509884 3.4
      vertex -39.778105473225914 -13.685456264335478 3.4
      vertex -40 -13.7 3.4
    endloop
  endfacet
  facet normal 0 0 1
    outer loop
      vertex -41.899999998509884 -25.399999998509884 3.4
      vertex -40.65056183502065 -13.570595205269187 3.4
      vertex -40.85 -13.472243186433545 3.4
    endloop
  endfacet
  facet normal 0 0 1
    outer loop
      vertex -41.899999998509884 -25.399999998509884 3.4
      vertex -40.43999237667428 -13.642073904691417 3.4
      vertex -40.65056183502065 -13.570595205269187 3.4
    endloop
  endfacet
  facet normal 0 0 1
    outer loop
      vertex -41.899999998509884 -25.399999998509884 3.4
      vertex -39.56000762332572 -13.642073904691417 3.4
      vertex -39.778105473225914 -13.685456264335478 3.4
    endloop
  endfacet
  facet normal 0 0 1
    outer loop
      vertex -41.899999998509884 -25.399999998509884 3.4
      vertex -39.34943816497935 -13.570595205269187 3.4
      vertex -39.56000762332572 -13.642073904691417 3.4
    endloop
  endfacet
  facet normal 0 0 1
    outer loop
      vertex -41.899999998509884 -25.399999998509884 3.4
      vertex -39.15 -13.472243186433545 3.4
      vertex -39.34943816497935 -13.570595205269187 3.4
    endloop
  endfacet
  facet normal 0 0 1
    outer loop
      vertex -41.899999998509884 -25.399999998509884 3.4
      vertex -38.965105570685175 -13.3487006784951 3.4
      vertex -39.15 -13.472243186433545 3.4
    endloop
  endfacet
  facet normal 0 0 1
    outer loop
      vertex -41.899999998509884 -25.399999998509884 3.4
      vertex -38.79791847198287 -13.20208152801713 3.4
      vertex -38.965105570685175 -13.3487006784951 3.4
    endloop
  endfacet
  facet normal 0 0 1
    outer loop
      vertex -41.899999998509884 -25.399999998509884 3.4
      vertex -38.6512993215049 -13.034894429314825 3.4
      vertex -38.79791847198287 -13.20208152801713 3.4
    endloop
  endfacet
  facet normal 0 0 1
    outer loop
      vertex -41.899999998509884 -25.399999998509884 3.4
      vertex -41.3487006784951 -13.034894429314825 3.4
      vertex -41.472243186433545 -12.85 3.4
    endloop
  endfacet
  facet normal 0 0 1
    outer loop
      vertex -41.899999998509884 -25.399999998509884 3.4
      vertex -41.472243186433545 -12.85 3.4
      vertex -41.570595205269186 -12.650561835020653 3.4
    endloop
  endfacet
  facet normal 0 0 1
    outer loop
      vertex -41.899999998509884 -25.399999998509884 3.4
      vertex -41.570595205269186 -12.650561835020653 3.4
      vertex -41.642073904691415 -12.439992376674285 3.4
    endloop
  endfacet
  facet normal 0 0 1
    outer loop
      vertex -41.899999998509884 -25.399999998509884 3.4
      vertex -41.642073904691415 -12.439992376674285 3.4
      vertex -41.68545626433548 -12.221894526774088 3.4
    endloop
  endfacet
  facet normal 0 0 1
    outer loop
      vertex -41.899999998509884 -25.399999998509884 3.4
      vertex -41.68545626433548 -12.221894526774088 3.4
      vertex -41.7 -12 3.4
    endloop
  endfacet
  facet normal 0 0 1
    outer loop
      vertex -41.899999998509884 -25.399999998509884 3.4
      vertex -38.527756813566455 -12.85 3.4
      vertex -38.6512993215049 -13.034894429314825 3.4
    endloop
  endfacet
  facet normal 0 0 1
    outer loop
      vertex -41.899999998509884 -25.399999998509884 3.4
      vertex -38.429404794730814 -12.650561835020653 3.4
      vertex -38.527756813566455 -12.85 3.4
    endloop
  endfacet
  facet normal 0 0 1
    outer loop
      vertex -35.29999999701977 -23.799999997019768 3.4
      vertex -38.357926095308585 -12.439992376674285 3.4
      vertex -38.429404794730814 -12.650561835020653 3.4
    endloop
  endfacet
  facet normal 0 0 1
    outer loop
      vertex -35.29999999701977 -23.799999997019768 3.4
      vertex -38.31454373566452 -12.221894526774088 3.4
      vertex -38.357926095308585 -12.439992376674285 3.4
    endloop
  endfacet
  facet normal 0 0 1
    outer loop
      vertex -35.29999999701977 -23.799999997019768 3.4
      vertex -38.3 -12 3.4
      vertex -38.31454373566452 -12.221894526774088 3.4
    endloop
  endfacet
  facet normal 0 0 1
    outer loop
      vertex -35.29999999701977 -23.799999997019768 3.4
      vertex -38.31454373566452 -11.778105473225912 3.4
      vertex -38.3 -12 3.4
    endloop
  endfacet
  facet normal 0 0 1
    outer loop
      vertex -35.29999999701977 -23.799999997019768 3.4
      vertex -38.357926095308585 -11.560007623325715 3.4
      vertex -38.31454373566452 -11.778105473225912 3.4
    endloop
  endfacet
  facet normal 0.7518398295631653 0.659345789917878 0
    outer loop
      vertex -42.96066017448902 -24.96066017448902 3.4
      vertex -43.09003000706434 -24.813142143189907 3.4
      vertex -43.09003000706434 -24.813142143189907 5
    endloop
  endfacet
  facet normal 0.5555702335092735 0.8314696119753574 0
    outer loop
      vertex -42.81314214318991 -25.090030007064342 3.4
      vertex -42.81314214318991 -25.090030007064342 5
      vertex -42.649999998509884 -25.199038103222847 3.4
    endloop
  endfacet
  facet normal 0.44228869955231076 0.8968727369300092 0
    outer loop
      vertex -42.649999998509884 -25.199038103222847 3.4
      vertex -42.649999998509884 -25.199038103222847 5
      vertex -42.47402514517307 -25.285819299519062 3.4
    endloop
  endfacet
  facet normal 0.659345789917878 0.7518398295631653 0
    outer loop
      vertex -42.96066017448902 -24.96066017448902 3.4
      vertex -42.96066017448902 -24.96066017448902 5
      vertex -42.81314214318991 -25.090030007064342 3.4
    endloop
  endfacet
  facet normal 0.9469301300366787 0.32143946370773846 0
    outer loop
      vertex -43.28581929951906 -24.474025145173073 3.4
      vertex -43.348888739943504 -24.288228563964367 3.4
      vertex -43.348888739943504 -24.288228563964367 5
    endloop
  endfacet
  facet normal 0.9807852818266312 0.1950903148602093 0
    outer loop
      vertex -43.348888739943504 -24.288228563964367 3.4
      vertex -43.387167289853096 -24.095789290964603 3.4
      vertex -43.387167289853096 -24.095789290964603 5
    endloop
  endfacet
  facet normal 0.8314696119753574 0.5555702335092735 0
    outer loop
      vertex -43.19903810322285 -24.649999998509884 3.4
      vertex -43.19903810322285 -24.649999998509884 5
      vertex -43.09003000706434 -24.813142143189907 3.4
    endloop
  endfacet
  facet normal 0.8968727369300092 0.44228869955231076 0
    outer loop
      vertex -43.28581929951906 -24.474025145173073 3.4
      vertex -43.28581929951906 -24.474025145173073 5
      vertex -43.19903810322285 -24.649999998509884 3.4
    endloop
  endfacet
  facet normal 0.32143946370773846 0.9469301300366787 0
    outer loop
      vertex -42.47402514517307 -25.285819299519062 3.4
      vertex -42.47402514517307 -25.285819299519062 5
      vertex -42.28822856396437 -25.348888739943504 3.4
    endloop
  endfacet
  facet normal 0.1950903148602093 0.9807852818266312 0
    outer loop
      vertex -42.28822856396437 -25.348888739943504 3.4
      vertex -42.28822856396437 -25.348888739943504 5
      vertex -42.0957892909646 -25.387167289853096 3.4
    endloop
  endfacet
  facet normal 0.06540313149938919 0.9978589230898693 0
    outer loop
      vertex -42.0957892909646 -25.387167289853096 3.4
      vertex -42.0957892909646 -25.387167289853096 5
      vertex -41.899999998509884 -25.399999998509884 3.4
    endloop
  endfacet
  facet normal 0.9978589230898693 0.06540313149938919 0
    outer loop
      vertex -43.387167289853096 -24.095789290964603 3.4
      vertex -43.399999998509884 -23.899999998509884 3.4
      vertex -43.399999998509884 -23.899999998509884 5
    endloop
  endfacet
  facet normal 0.7518398295631653 0.659345789917878 0
    outer loop
      vertex -42.96066017448902 -24.96066017448902 3.4
      vertex -43.09003000706434 -24.813142143189907 5
      vertex -42.96066017448902 -24.96066017448902 5
    endloop
  endfacet
  facet normal 0.659345789917878 0.7518398295631653 0
    outer loop
      vertex -42.81314214318991 -25.090030007064342 3.4
      vertex -42.96066017448902 -24.96066017448902 5
      vertex -42.81314214318991 -25.090030007064342 5
    endloop
  endfacet
  facet normal 0.5555702335092735 0.8314696119753574 0
    outer loop
      vertex -42.649999998509884 -25.199038103222847 3.4
      vertex -42.81314214318991 -25.090030007064342 5
      vertex -42.649999998509884 -25.199038103222847 5
    endloop
  endfacet
  facet normal 0.9469301300366787 0.32143946370773846 0
    outer loop
      vertex -43.28581929951906 -24.474025145173073 3.4
      vertex -43.348888739943504 -24.288228563964367 5
      vertex -43.28581929951906 -24.474025145173073 5
    endloop
  endfacet
  facet normal 0.9807852818266312 0.1950903148602093 0
    outer loop
      vertex -43.348888739943504 -24.288228563964367 3.4
      vertex -43.387167289853096 -24.095789290964603 5
      vertex -43.348888739943504 -24.288228563964367 5
    endloop
  endfacet
  facet normal 0.9978589230898693 0.06540313149938919 0
    outer loop
      vertex -43.387167289853096 -24.095789290964603 3.4
      vertex -43.399999998509884 -23.899999998509884 5
      vertex -43.387167289853096 -24.095789290964603 5
    endloop
  endfacet
  facet normal 0.8314696119753574 0.5555702335092735 0
    outer loop
      vertex -43.09003000706434 -24.813142143189907 3.4
      vertex -43.19903810322285 -24.649999998509884 5
      vertex -43.09003000706434 -24.813142143189907 5
    endloop
  endfacet
  facet normal 0.8968727369300092 0.44228869955231076 0
    outer loop
      vertex -43.19903810322285 -24.649999998509884 3.4
      vertex -43.28581929951906 -24.474025145173073 5
      vertex -43.19903810322285 -24.649999998509884 5
    endloop
  endfacet
  facet normal 0.32143946370773846 0.9469301300366787 0
    outer loop
      vertex -42.28822856396437 -25.348888739943504 3.4
      vertex -42.47402514517307 -25.285819299519062 5
      vertex -42.28822856396437 -25.348888739943504 5
    endloop
  endfacet
  facet normal 0.1950903148602093 0.9807852818266312 0
    outer loop
      vertex -42.0957892909646 -25.387167289853096 3.4
      vertex -42.28822856396437 -25.348888739943504 5
      vertex -42.0957892909646 -25.387167289853096 5
    endloop
  endfacet
  facet normal 0.06540313149938919 0.9978589230898693 0
    outer loop
      vertex -41.899999998509884 -25.399999998509884 3.4
      vertex -42.0957892909646 -25.387167289853096 5
      vertex -41.899999998509884 -25.399999998509884 5
    endloop
  endfacet
  facet normal 0.44228869955231076 0.8968727369300092 0
    outer loop
      vertex -42.47402514517307 -25.285819299519062 3.4
      vertex -42.649999998509884 -25.199038103222847 5
      vertex -42.47402514517307 -25.285819299519062 5
    endloop
  endfacet
  facet normal 0 0 1
    outer loop
      vertex -43.28581929951906 -24.474025145173073 3.4
      vertex -43.348888739943504 24.288228563964367 3.4
      vertex -43.348888739943504 -24.288228563964367 3.4
    endloop
  endfacet
  facet normal 0 0 1
    outer loop
      vertex -43.348888739943504 -24.288228563964367 3.4
      vertex -43.387167289853096 24.095789290964603 3.4
      vertex -43.387167289853096 -24.095789290964603 3.4
    endloop
  endfacet
  facet normal 0 0 1
    outer loop
      vertex -43.387167289853096 -24.095789290964603 3.4
      vertex -43.399999998509884 23.899999998509884 3.4
      vertex -43.399999998509884 -23.899999998509884 3.4
    endloop
  endfacet
  facet normal 0 0 1
    outer loop
      vertex -43.19903810322285 -24.649999998509884 3.4
      vertex -43.09003000706434 -24.813142143189907 3.4
      vertex -43.19903810322285 24.649999998509884 3.4
    endloop
  endfacet
  facet normal 0 0 1
    outer loop
      vertex -43.28581929951906 -24.474025145173073 3.4
      vertex -43.19903810322285 -24.649999998509884 3.4
      vertex -43.28581929951906 24.474025145173073 3.4
    endloop
  endfacet
  facet normal 0 0 1
    outer loop
      vertex -42.96066017448902 -24.96066017448902 3.4
      vertex -43.09003000706434 24.813142143189907 3.4
      vertex -43.09003000706434 -24.813142143189907 3.4
    endloop
  endfacet
  facet normal 0 0 1
    outer loop
      vertex -42.96066017448902 -24.96066017448902 3.4
      vertex -42.81314214318991 -25.090030007064342 3.4
      vertex -42.96066017448902 24.96066017448902 3.4
    endloop
  endfacet
  facet normal 0 0 1
    outer loop
      vertex -42.81314214318991 -25.090030007064342 3.4
      vertex -42.649999998509884 -25.199038103222847 3.4
      vertex -42.81314214318991 25.090030007064342 3.4
    endloop
  endfacet
  facet normal 0 0 1
    outer loop
      vertex -42.649999998509884 -25.199038103222847 3.4
      vertex -42.47402514517307 -25.285819299519062 3.4
      vertex -42.649999998509884 25.199038103222847 3.4
    endloop
  endfacet
  facet normal 0 0 1
    outer loop
      vertex -42.47402514517307 -25.285819299519062 3.4
      vertex -42.28822856396437 -25.348888739943504 3.4
      vertex -42.47402514517307 25.285819299519062 3.4
    endloop
  endfacet
  facet normal 0 0 1
    outer loop
      vertex -42.28822856396437 -25.348888739943504 3.4
      vertex -42.0957892909646 -25.387167289853096 3.4
      vertex -42.28822856396437 25.348888739943504 3.4
    endloop
  endfacet
  facet normal 0 0 1
    outer loop
      vertex -42.0957892909646 -25.387167289853096 3.4
      vertex -41.899999998509884 -25.399999998509884 3.4
      vertex -42.0957892909646 25.387167289853096 3.4
    endloop
  endfacet
  facet normal 0 0 1
    outer loop
      vertex -41.899999998509884 -25.399999998509884 3.4
      vertex -41.7 -12 3.4
      vertex -41.7 12 3.4
    endloop
  endfacet
  facet normal 0 0 1
    outer loop
      vertex -35.29999999701977 -23.799999997019768 3.4
      vertex -41.472243186433545 11.15 3.4
      vertex -38.357926095308585 -11.560007623325715 3.4
    endloop
  endfacet
  facet normal 0 0 1
    outer loop
      vertex -41.7 -12 3.4
      vertex -41.68545626433548 -11.778105473225912 3.4
      vertex -41.7 12 3.4
    endloop
  endfacet
  facet normal 0 0 1
    outer loop
      vertex -41.68545626433548 -11.778105473225912 3.4
      vertex -41.642073904691415 -11.560007623325715 3.4
      vertex -41.7 12 3.4
    endloop
  endfacet
  facet normal 0 0 1
    outer loop
      vertex -41.642073904691415 -11.560007623325715 3.4
      vertex -41.570595205269186 -11.349438164979347 3.4
      vertex -41.7 12 3.4
    endloop
  endfacet
  facet normal 0 0 1
    outer loop
      vertex -41.570595205269186 -11.349438164979347 3.4
      vertex -41.472243186433545 -11.15 3.4
      vertex -41.7 12 3.4
    endloop
  endfacet
  facet normal 0 0 1
    outer loop
      vertex -38.79791847198287 -10.79791847198287 3.4
      vertex -41.472243186433545 11.15 3.4
      vertex -38.965105570685175 -10.6512993215049 3.4
    endloop
  endfacet
  facet normal 0 0 1
    outer loop
      vertex -41.472243186433545 -11.15 3.4
      vertex -41.3487006784951 -10.965105570685175 3.4
      vertex -41.7 12 3.4
    endloop
  endfacet
  facet normal 0 0 1
    outer loop
      vertex -41.3487006784951 -10.965105570685175 3.4
      vertex -41.20208152801713 -10.79791847198287 3.4
      vertex -41.68545626433548 11.778105473225912 3.4
    endloop
  endfacet
  facet normal 0 0 1
    outer loop
      vertex -41.20208152801713 -10.79791847198287 3.4
      vertex -41.034894429314825 -10.6512993215049 3.4
      vertex -41.642073904691415 11.560007623325715 3.4
    endloop
  endfacet
  facet normal 0 0 1
    outer loop
      vertex -41.034894429314825 -10.6512993215049 3.4
      vertex -40.85 -10.527756813566455 3.4
      vertex -41.642073904691415 11.560007623325715 3.4
    endloop
  endfacet
  facet normal 0 0 1
    outer loop
      vertex -40.85 -10.527756813566455 3.4
      vertex -40.65056183502065 -10.429404794730813 3.4
      vertex -41.570595205269186 11.349438164979347 3.4
    endloop
  endfacet
  facet normal 0 0 1
    outer loop
      vertex -40.65056183502065 -10.429404794730813 3.4
      vertex -40.43999237667428 -10.357926095308583 3.4
      vertex -41.570595205269186 11.349438164979347 3.4
    endloop
  endfacet
  facet normal 0 0 1
    outer loop
      vertex -40.43999237667428 -10.357926095308583 3.4
      vertex -40.221894526774086 -10.314543735664522 3.4
      vertex -41.472243186433545 11.15 3.4
    endloop
  endfacet
  facet normal 0 0 1
    outer loop
      vertex -40.221894526774086 -10.314543735664522 3.4
      vertex -40 -10.3 3.4
      vertex -41.472243186433545 11.15 3.4
    endloop
  endfacet
  facet normal 0 0 1
    outer loop
      vertex -39.56000762332572 -10.357926095308583 3.4
      vertex -39.34943816497935 -10.429404794730813 3.4
      vertex -41.472243186433545 11.15 3.4
    endloop
  endfacet
  facet normal 0 0 1
    outer loop
      vertex -40 -10.3 3.4
      vertex -39.778105473225914 -10.314543735664522 3.4
      vertex -41.472243186433545 11.15 3.4
    endloop
  endfacet
  facet normal 0 0 1
    outer loop
      vertex -39.778105473225914 -10.314543735664522 3.4
      vertex -39.56000762332572 -10.357926095308583 3.4
      vertex -41.472243186433545 11.15 3.4
    endloop
  endfacet
  facet normal 0 0 1
    outer loop
      vertex -39.15 -10.527756813566455 3.4
      vertex -41.472243186433545 11.15 3.4
      vertex -39.34943816497935 -10.429404794730813 3.4
    endloop
  endfacet
  facet normal 0 0 1
    outer loop
      vertex -39.15 -10.527756813566455 3.4
      vertex -38.965105570685175 -10.6512993215049 3.4
      vertex -41.472243186433545 11.15 3.4
    endloop
  endfacet
  facet normal 0 0 1
    outer loop
      vertex -38.357926095308585 -11.560007623325715 3.4
      vertex -41.472243186433545 11.15 3.4
      vertex -38.429404794730814 -11.349438164979347 3.4
    endloop
  endfacet
  facet normal 0 0 1
    outer loop
      vertex -38.527756813566455 -11.15 3.4
      vertex -41.472243186433545 11.15 3.4
      vertex -38.6512993215049 -10.965105570685175 3.4
    endloop
  endfacet
  facet normal 0 0 1
    outer loop
      vertex -38.429404794730814 -11.349438164979347 3.4
      vertex -41.472243186433545 11.15 3.4
      vertex -38.527756813566455 -11.15 3.4
    endloop
  endfacet
  facet normal 0 0 1
    outer loop
      vertex -38.79791847198287 -10.79791847198287 3.4
      vertex -38.6512993215049 -10.965105570685175 3.4
      vertex -41.472243186433545 11.15 3.4
    endloop
  endfacet
  facet normal 0 0 1
    outer loop
      vertex -35.29999999701977 -23.799999997019768 3.4
      vertex -35.29999999701977 6.119999999233652 3.4
      vertex -40.65056183502065 10.429404794730813 3.4
    endloop
  endfacet
  facet normal 0 0 1
    outer loop
      vertex -35.29999999701977 -23.799999997019768 3.4
      vertex -40.85 10.527756813566455 3.4
      vertex -41.034894429314825 10.6512993215049 3.4
    endloop
  endfacet
  facet normal 0 0 1
    outer loop
      vertex -35.29999999701977 -23.799999997019768 3.4
      vertex -40.65056183502065 10.429404794730813 3.4
      vertex -40.85 10.527756813566455 3.4
    endloop
  endfacet
  facet normal 0 0 1
    outer loop
      vertex -35.29999999701977 -23.799999997019768 3.4
      vertex -41.3487006784951 10.965105570685175 3.4
      vertex -41.472243186433545 11.15 3.4
    endloop
  endfacet
  facet normal 0 0 1
    outer loop
      vertex -35.29999999701977 -23.799999997019768 3.4
      vertex -41.20208152801713 10.79791847198287 3.4
      vertex -41.3487006784951 10.965105570685175 3.4
    endloop
  endfacet
  facet normal 0 0 1
    outer loop
      vertex -35.29999999701977 -23.799999997019768 3.4
      vertex -41.034894429314825 10.6512993215049 3.4
      vertex -41.20208152801713 10.79791847198287 3.4
    endloop
  endfacet
  facet normal 1 0 0
    outer loop
      vertex -43.399999998509884 -23.899999998509884 3.4
      vertex -43.399999998509884 23.899999998509884 5
      vertex -43.399999998509884 -23.899999998509884 5
    endloop
  endfacet
  facet normal 0 0 1
    outer loop
      vertex -41.899999998509884 -25.399999998509884 3.4
      vertex 41.899999998509884 -25.399999998509884 3.4
      vertex -33.79999999701977 -25.299999997019768 3.4
    endloop
  endfacet
  facet normal 0 1 0
    outer loop
      vertex -41.899999998509884 -25.399999998509884 3.4
      vertex -41.899999998509884 -25.399999998509884 5
      vertex 41.899999998509884 -25.399999998509884 3.4
    endloop
  endfacet
  facet normal 0 0 1
    outer loop
      vertex -41.899999998509884 -25.399999998509884 3.4
      vertex -41.7 12 3.4
      vertex -41.899999998509884 25.399999998509884 3.4
    endloop
  endfacet
  facet normal 0 0 1
    outer loop
      vertex -41.20208152801713 -10.79791847198287 3.4
      vertex -41.642073904691415 11.560007623325715 3.4
      vertex -41.68545626433548 11.778105473225912 3.4
    endloop
  endfacet
  facet normal 0 0 1
    outer loop
      vertex -41.3487006784951 -10.965105570685175 3.4
      vertex -41.68545626433548 11.778105473225912 3.4
      vertex -41.7 12 3.4
    endloop
  endfacet
  facet normal 0 0 1
    outer loop
      vertex -40.43999237667428 -10.357926095308583 3.4
      vertex -41.472243186433545 11.15 3.4
      vertex -41.570595205269186 11.349438164979347 3.4
    endloop
  endfacet
  facet normal 0 0 1
    outer loop
      vertex -40.85 -10.527756813566455 3.4
      vertex -41.570595205269186 11.349438164979347 3.4
      vertex -41.642073904691415 11.560007623325715 3.4
    endloop
  endfacet
  facet normal 0 0 1
    outer loop
      vertex -43.387167289853096 -24.095789290964603 3.4
      vertex -43.387167289853096 24.095789290964603 3.4
      vertex -43.399999998509884 23.899999998509884 3.4
    endloop
  endfacet
  facet normal 0 0 1
    outer loop
      vertex -43.348888739943504 -24.288228563964367 3.4
      vertex -43.348888739943504 24.288228563964367 3.4
      vertex -43.387167289853096 24.095789290964603 3.4
    endloop
  endfacet
  facet normal 0 0 1
    outer loop
      vertex -43.28581929951906 -24.474025145173073 3.4
      vertex -43.28581929951906 24.474025145173073 3.4
      vertex -43.348888739943504 24.288228563964367 3.4
    endloop
  endfacet
  facet normal 0 0 1
    outer loop
      vertex -43.19903810322285 -24.649999998509884 3.4
      vertex -43.19903810322285 24.649999998509884 3.4
      vertex -43.28581929951906 24.474025145173073 3.4
    endloop
  endfacet
  facet normal 0 0 1
    outer loop
      vertex -43.09003000706434 -24.813142143189907 3.4
      vertex -43.09003000706434 24.813142143189907 3.4
      vertex -43.19903810322285 24.649999998509884 3.4
    endloop
  endfacet
  facet normal 0 0 1
    outer loop
      vertex -42.96066017448902 -24.96066017448902 3.4
      vertex -42.96066017448902 24.96066017448902 3.4
      vertex -43.09003000706434 24.813142143189907 3.4
    endloop
  endfacet
  facet normal 0 0 1
    outer loop
      vertex -42.81314214318991 -25.090030007064342 3.4
      vertex -42.81314214318991 25.090030007064342 3.4
      vertex -42.96066017448902 24.96066017448902 3.4
    endloop
  endfacet
  facet normal 0 0 1
    outer loop
      vertex -42.649999998509884 -25.199038103222847 3.4
      vertex -42.649999998509884 25.199038103222847 3.4
      vertex -42.81314214318991 25.090030007064342 3.4
    endloop
  endfacet
  facet normal 0 0 1
    outer loop
      vertex -42.47402514517307 -25.285819299519062 3.4
      vertex -42.47402514517307 25.285819299519062 3.4
      vertex -42.649999998509884 25.199038103222847 3.4
    endloop
  endfacet
  facet normal 0 0 1
    outer loop
      vertex -42.28822856396437 -25.348888739943504 3.4
      vertex -42.28822856396437 25.348888739943504 3.4
      vertex -42.47402514517307 25.285819299519062 3.4
    endloop
  endfacet
  facet normal 0 0 1
    outer loop
      vertex -42.0957892909646 -25.387167289853096 3.4
      vertex -42.0957892909646 25.387167289853096 3.4
      vertex -42.28822856396437 25.348888739943504 3.4
    endloop
  endfacet
  facet normal 0 0 1
    outer loop
      vertex -41.899999998509884 -25.399999998509884 3.4
      vertex -41.899999998509884 25.399999998509884 3.4
      vertex -42.0957892909646 25.387167289853096 3.4
    endloop
  endfacet
  facet normal 0 0 1
    outer loop
      vertex -35.29999999701977 6.119999999233652 3.4
      vertex -40.43999237667428 10.357926095308583 3.4
      vertex -40.65056183502065 10.429404794730813 3.4
    endloop
  endfacet
  facet normal 0 0 1
    outer loop
      vertex -35.29999999701977 6.119999999233652 3.4
      vertex -40.221894526774086 10.314543735664522 3.4
      vertex -40.43999237667428 10.357926095308583 3.4
    endloop
  endfacet
  facet normal 0 0 1
    outer loop
      vertex -35.29999999701977 6.119999999233652 3.4
      vertex -40 10.3 3.4
      vertex -40.221894526774086 10.314543735664522 3.4
    endloop
  endfacet
  facet normal 0 0 1
    outer loop
      vertex -35.29999999701977 6.119999999233652 3.4
      vertex -39.778105473225914 10.314543735664522 3.4
      vertex -40 10.3 3.4
    endloop
  endfacet
  facet normal 0 0 1
    outer loop
      vertex -35.29999999701977 6.119999999233652 3.4
      vertex -39.56000762332572 10.357926095308583 3.4
      vertex -39.778105473225914 10.314543735664522 3.4
    endloop
  endfacet
  facet normal 0 0 1
    outer loop
      vertex -35.29999999701977 6.119999999233652 3.4
      vertex -39.34943816497935 10.429404794730813 3.4
      vertex -39.56000762332572 10.357926095308583 3.4
    endloop
  endfacet
  facet normal 0 0 1
    outer loop
      vertex -35.29999999701977 6.119999999233652 3.4
      vertex -39.15 10.527756813566455 3.4
      vertex -39.34943816497935 10.429404794730813 3.4
    endloop
  endfacet
  facet normal 0 0 1
    outer loop
      vertex -35.29999999701977 6.119999999233652 3.4
      vertex -38.965105570685175 10.6512993215049 3.4
      vertex -39.15 10.527756813566455 3.4
    endloop
  endfacet
  facet normal 0 0 1
    outer loop
      vertex -35.29999999701977 6.119999999233652 3.4
      vertex -38.79791847198287 10.79791847198287 3.4
      vertex -38.965105570685175 10.6512993215049 3.4
    endloop
  endfacet
  facet normal 0 0 1
    outer loop
      vertex -35.29999999701977 6.119999999233652 3.4
      vertex -38.6512993215049 10.965105570685175 3.4
      vertex -38.79791847198287 10.79791847198287 3.4
    endloop
  endfacet
  facet normal 0 0 1
    outer loop
      vertex -35.29999999701977 6.119999999233652 3.4
      vertex -38.527756813566455 11.15 3.4
      vertex -38.6512993215049 10.965105570685175 3.4
    endloop
  endfacet
  facet normal 0 0 1
    outer loop
      vertex -35.29999999701977 6.119999999233652 3.4
      vertex -38.429404794730814 11.349438164979347 3.4
      vertex -38.527756813566455 11.15 3.4
    endloop
  endfacet
  facet normal 0 0 1
    outer loop
      vertex -35.29999999701977 6.119999999233652 3.4
      vertex -38.357926095308585 11.560007623325715 3.4
      vertex -38.429404794730814 11.349438164979347 3.4
    endloop
  endfacet
  facet normal 0 0 1
    outer loop
      vertex -35.29999999701977 6.119999999233652 3.4
      vertex -38.31454373566452 11.778105473225912 3.4
      vertex -38.357926095308585 11.560007623325715 3.4
    endloop
  endfacet
  facet normal 0 0 1
    outer loop
      vertex -35.29999999701977 6.119999999233652 3.4
      vertex -38.3 12 3.4
      vertex -38.31454373566452 11.778105473225912 3.4
    endloop
  endfacet
  facet normal 0 0 1
    outer loop
      vertex -35.29999999701977 6.119999999233652 3.4
      vertex -38.31454373566452 12.221894526774088 3.4
      vertex -38.3 12 3.4
    endloop
  endfacet
  facet normal 0 0 1
    outer loop
      vertex -35.29999999701977 6.119999999233652 3.4
      vertex -38.357926095308585 12.439992376674285 3.4
      vertex -38.31454373566452 12.221894526774088 3.4
    endloop
  endfacet
  facet normal 0 0 1
    outer loop
      vertex -35.29999999701977 6.119999999233652 3.4
      vertex -38.429404794730814 12.650561835020653 3.4
      vertex -38.357926095308585 12.439992376674285 3.4
    endloop
  endfacet
  facet normal 1 0 0
    outer loop
      vertex -43.399999998509884 -23.899999998509884 3.4
      vertex -43.399999998509884 23.899999998509884 3.4
      vertex -43.399999998509884 23.899999998509884 5
    endloop
  endfacet
  facet normal 0 0 1
    outer loop
      vertex -41.7 12 3.4
      vertex -41.68545626433548 12.221894526774088 3.4
      vertex -41.899999998509884 25.399999998509884 3.4
    endloop
  endfacet
  facet normal 0 0 1
    outer loop
      vertex -41.68545626433548 12.221894526774088 3.4
      vertex -41.642073904691415 12.439992376674285 3.4
      vertex -41.899999998509884 25.399999998509884 3.4
    endloop
  endfacet
  facet normal 0 0 1
    outer loop
      vertex -41.642073904691415 12.439992376674285 3.4
      vertex -41.570595205269186 12.650561835020653 3.4
      vertex -41.899999998509884 25.399999998509884 3.4
    endloop
  endfacet
  facet normal 0 0 1
    outer loop
      vertex -41.570595205269186 12.650561835020653 3.4
      vertex -41.472243186433545 12.85 3.4
      vertex -41.899999998509884 25.399999998509884 3.4
    endloop
  endfacet
  facet normal 0 0 1
    outer loop
      vertex -41.472243186433545 12.85 3.4
      vertex -41.3487006784951 13.034894429314825 3.4
      vertex -41.899999998509884 25.399999998509884 3.4
    endloop
  endfacet
  facet normal 0 0 1
    outer loop
      vertex -41.3487006784951 13.034894429314825 3.4
      vertex -41.20208152801713 13.20208152801713 3.4
      vertex -41.899999998509884 25.399999998509884 3.4
    endloop
  endfacet
  facet normal 0 0 1
    outer loop
      vertex -41.20208152801713 13.20208152801713 3.4
      vertex -41.034894429314825 13.3487006784951 3.4
      vertex -41.899999998509884 25.399999998509884 3.4
    endloop
  endfacet
  facet normal 0 0 1
    outer loop
      vertex -41.034894429314825 13.3487006784951 3.4
      vertex -40.85 13.472243186433545 3.4
      vertex -41.899999998509884 25.399999998509884 3.4
    endloop
  endfacet
  facet normal 0 0 1
    outer loop
      vertex -40.85 13.472243186433545 3.4
      vertex -40.65056183502065 13.570595205269187 3.4
      vertex -41.899999998509884 25.399999998509884 3.4
    endloop
  endfacet
  facet normal 0 0 1
    outer loop
      vertex -40.65056183502065 13.570595205269187 3.4
      vertex -40.43999237667428 13.642073904691417 3.4
      vertex -41.899999998509884 25.399999998509884 3.4
    endloop
  endfacet
  facet normal 0 0 1
    outer loop
      vertex -40.43999237667428 13.642073904691417 3.4
      vertex -40.221894526774086 13.685456264335478 3.4
      vertex -41.899999998509884 25.399999998509884 3.4
    endloop
  endfacet
  facet normal 0 0 1
    outer loop
      vertex -40.221894526774086 13.685456264335478 3.4
      vertex -40 13.7 3.4
      vertex -41.899999998509884 25.399999998509884 3.4
    endloop
  endfacet
  facet normal 0 0 1
    outer loop
      vertex -39.778105473225914 13.685456264335478 3.4
      vertex -35.29999999701977 23.799999997019768 3.4
      vertex -40 13.7 3.4
    endloop
  endfacet
  facet normal 0 0 1
    outer loop
      vertex -39.778105473225914 13.685456264335478 3.4
      vertex -39.56000762332572 13.642073904691417 3.4
      vertex -35.29999999701977 23.799999997019768 3.4
    endloop
  endfacet
  facet normal 0 0 1
    outer loop
      vertex -39.56000762332572 13.642073904691417 3.4
      vertex -39.34943816497935 13.570595205269187 3.4
      vertex -35.29999999701977 23.799999997019768 3.4
    endloop
  endfacet
  facet normal 0 0 1
    outer loop
      vertex -39.15 13.472243186433545 3.4
      vertex -38.965105570685175 13.3487006784951 3.4
      vertex -35.29999999701977 23.799999997019768 3.4
    endloop
  endfacet
  facet normal 0 0 1
    outer loop
      vertex -38.79791847198287 13.20208152801713 3.4
      vertex -35.29999999701977 23.799999997019768 3.4
      vertex -38.965105570685175 13.3487006784951 3.4
    endloop
  endfacet
  facet normal 0 0 1
    outer loop
      vertex -39.15 13.472243186433545 3.4
      vertex -35.29999999701977 23.799999997019768 3.4
      vertex -39.34943816497935 13.570595205269187 3.4
    endloop
  endfacet
  facet normal 0 0 1
    outer loop
      vertex -38.429404794730814 12.650561835020653 3.4
      vertex -35.29999999701977 23.799999997019768 3.4
      vertex -38.527756813566455 12.85 3.4
    endloop
  endfacet
  facet normal 0 0 1
    outer loop
      vertex -38.527756813566455 12.85 3.4
      vertex -35.29999999701977 23.799999997019768 3.4
      vertex -38.6512993215049 13.034894429314825 3.4
    endloop
  endfacet
  facet normal 0 0 1
    outer loop
      vertex -38.79791847198287 13.20208152801713 3.4
      vertex -38.6512993215049 13.034894429314825 3.4
      vertex -35.29999999701977 23.799999997019768 3.4
    endloop
  endfacet
  facet normal 0 0 1
    outer loop
      vertex -35.29999999701977 6.119999999233652 3.4
      vertex -35.29999999701977 23.799999997019768 3.4
      vertex -38.429404794730814 12.650561835020653 3.4
    endloop
  endfacet
  facet normal 0 0 1
    outer loop
      vertex -40 13.7 3.4
      vertex -35.29999999701977 23.799999997019768 3.4
      vertex -41.899999998509884 25.399999998509884 3.4
    endloop
  endfacet
  facet normal 0 0 1
    outer loop
      vertex -41.899999998509884 25.399999998509884 3.4
      vertex -35.29999999701977 23.799999997019768 3.4
      vertex -35.28716728836298 23.995789289474487 3.4
    endloop
  endfacet
  facet normal 0 0 1
    outer loop
      vertex -41.899999998509884 25.399999998509884 3.4
      vertex -35.28716728836298 23.995789289474487 3.4
      vertex -35.24888873845339 24.18822856992483 3.4
    endloop
  endfacet
  facet normal 0 0 1
    outer loop
      vertex -41.899999998509884 25.399999998509884 3.4
      vertex -35.24888873845339 24.18822856992483 3.4
      vertex -35.185819298028946 24.374025151133537 3.4
    endloop
  endfacet
  facet normal 0 0 1
    outer loop
      vertex -41.899999998509884 25.399999998509884 3.4
      vertex -35.185819298028946 24.374025151133537 3.4
      vertex -35.09903810918331 24.549999997019768 3.4
    endloop
  endfacet
  facet normal 0 0 1
    outer loop
      vertex -41.899999998509884 25.399999998509884 3.4
      vertex -35.09903810918331 24.549999997019768 3.4
      vertex -34.99003001302481 24.71314214169979 3.4
    endloop
  endfacet
  facet normal 0 0 1
    outer loop
      vertex -41.899999998509884 25.399999998509884 3.4
      vertex -34.99003001302481 24.71314214169979 3.4
      vertex -34.860660172998905 24.860660172998905 3.4
    endloop
  endfacet
  facet normal 0 0 1
    outer loop
      vertex -41.899999998509884 25.399999998509884 3.4
      vertex -34.860660172998905 24.860660172998905 3.4
      vertex -34.71314214169979 24.990030013024807 3.4
    endloop
  endfacet
  facet normal 0 0 1
    outer loop
      vertex -41.899999998509884 25.399999998509884 3.4
      vertex -34.71314214169979 24.990030013024807 3.4
      vertex -34.54999999701977 25.09903810918331 3.4
    endloop
  endfacet
  facet normal 0 0 1
    outer loop
      vertex -41.899999998509884 25.399999998509884 3.4
      vertex -34.54999999701977 25.09903810918331 3.4
      vertex -34.37402515113354 25.185819298028946 3.4
    endloop
  endfacet
  facet normal 0 0 1
    outer loop
      vertex -41.899999998509884 25.399999998509884 3.4
      vertex -34.37402515113354 25.185819298028946 3.4
      vertex -34.18822856992483 25.248888738453388 3.4
    endloop
  endfacet
  facet normal 0 0 1
    outer loop
      vertex -41.899999998509884 25.399999998509884 3.4
      vertex -34.18822856992483 25.248888738453388 3.4
      vertex -33.99578928947449 25.28716728836298 3.4
    endloop
  endfacet
  facet normal 0 0 1
    outer loop
      vertex -41.899999998509884 25.399999998509884 3.4
      vertex -33.99578928947449 25.28716728836298 3.4
      vertex -33.79999999701977 25.299999997019768 3.4
    endloop
  endfacet
  facet normal 0.9978589230898693 -0.06540313149938919 0
    outer loop
      vertex -43.399999998509884 23.899999998509884 3.4
      vertex -43.387167289853096 24.095789290964603 3.4
      vertex -43.387167289853096 24.095789290964603 5
    endloop
  endfacet
  facet normal 0.9807852818266312 -0.1950903148602093 0
    outer loop
      vertex -43.387167289853096 24.095789290964603 3.4
      vertex -43.348888739943504 24.288228563964367 3.4
      vertex -43.348888739943504 24.288228563964367 5
    endloop
  endfacet
  facet normal 0.9469301300366787 -0.32143946370773846 0
    outer loop
      vertex -43.348888739943504 24.288228563964367 3.4
      vertex -43.28581929951906 24.474025145173073 3.4
      vertex -43.28581929951906 24.474025145173073 5
    endloop
  endfacet
  facet normal 0.8968727369300092 -0.44228869955231076 0
    outer loop
      vertex -43.28581929951906 24.474025145173073 3.4
      vertex -43.19903810322285 24.649999998509884 3.4
      vertex -43.19903810322285 24.649999998509884 5
    endloop
  endfacet
  facet normal 0.8314696119753574 -0.5555702335092735 0
    outer loop
      vertex -43.19903810322285 24.649999998509884 3.4
      vertex -43.09003000706434 24.813142143189907 3.4
      vertex -43.09003000706434 24.813142143189907 5
    endloop
  endfacet
  facet normal 0.7518398295631653 -0.659345789917878 0
    outer loop
      vertex -43.09003000706434 24.813142143189907 3.4
      vertex -42.96066017448902 24.96066017448902 3.4
      vertex -42.96066017448902 24.96066017448902 5
    endloop
  endfacet
  facet normal 0.659345789917878 -0.7518398295631653 0
    outer loop
      vertex -42.96066017448902 24.96066017448902 3.4
      vertex -42.81314214318991 25.090030007064342 3.4
      vertex -42.81314214318991 25.090030007064342 5
    endloop
  endfacet
  facet normal 0.5555702335092735 -0.8314696119753574 0
    outer loop
      vertex -42.81314214318991 25.090030007064342 3.4
      vertex -42.649999998509884 25.199038103222847 3.4
      vertex -42.649999998509884 25.199038103222847 5
    endloop
  endfacet
  facet normal 0.44228869955231076 -0.8968727369300092 0
    outer loop
      vertex -42.649999998509884 25.199038103222847 3.4
      vertex -42.47402514517307 25.285819299519062 3.4
      vertex -42.47402514517307 25.285819299519062 5
    endloop
  endfacet
  facet normal 0.32143946370773846 -0.9469301300366787 0
    outer loop
      vertex -42.47402514517307 25.285819299519062 3.4
      vertex -42.28822856396437 25.348888739943504 3.4
      vertex -42.28822856396437 25.348888739943504 5
    endloop
  endfacet
  facet normal 0.1950903148602093 -0.9807852818266312 0
    outer loop
      vertex -42.28822856396437 25.348888739943504 3.4
      vertex -42.0957892909646 25.387167289853096 3.4
      vertex -42.0957892909646 25.387167289853096 5
    endloop
  endfacet
  facet normal 0.06540313149938919 -0.9978589230898693 0
    outer loop
      vertex -42.0957892909646 25.387167289853096 3.4
      vertex -41.899999998509884 25.399999998509884 3.4
      vertex -41.899999998509884 25.399999998509884 5
    endloop
  endfacet
  facet normal 0.9978589230898693 -0.06540313149938919 0
    outer loop
      vertex -43.399999998509884 23.899999998509884 3.4
      vertex -43.387167289853096 24.095789290964603 5
      vertex -43.399999998509884 23.899999998509884 5
    endloop
  endfacet
  facet normal 0.9807852818266312 -0.1950903148602093 0
    outer loop
      vertex -43.387167289853096 24.095789290964603 3.4
      vertex -43.348888739943504 24.288228563964367 5
      vertex -43.387167289853096 24.095789290964603 5
    endloop
  endfacet
  facet normal 0.9469301300366787 -0.32143946370773846 0
    outer loop
      vertex -43.348888739943504 24.288228563964367 3.4
      vertex -43.28581929951906 24.474025145173073 5
      vertex -43.348888739943504 24.288228563964367 5
    endloop
  endfacet
  facet normal 0.8968727369300092 -0.44228869955231076 0
    outer loop
      vertex -43.28581929951906 24.474025145173073 3.4
      vertex -43.19903810322285 24.649999998509884 5
      vertex -43.28581929951906 24.474025145173073 5
    endloop
  endfacet
  facet normal 0.8314696119753574 -0.5555702335092735 0
    outer loop
      vertex -43.19903810322285 24.649999998509884 3.4
      vertex -43.09003000706434 24.813142143189907 5
      vertex -43.19903810322285 24.649999998509884 5
    endloop
  endfacet
  facet normal 0.7518398295631653 -0.659345789917878 0
    outer loop
      vertex -43.09003000706434 24.813142143189907 3.4
      vertex -42.96066017448902 24.96066017448902 5
      vertex -43.09003000706434 24.813142143189907 5
    endloop
  endfacet
  facet normal 0.659345789917878 -0.7518398295631653 0
    outer loop
      vertex -42.96066017448902 24.96066017448902 3.4
      vertex -42.81314214318991 25.090030007064342 5
      vertex -42.96066017448902 24.96066017448902 5
    endloop
  endfacet
  facet normal 0.5555702335092735 -0.8314696119753574 0
    outer loop
      vertex -42.81314214318991 25.090030007064342 3.4
      vertex -42.649999998509884 25.199038103222847 5
      vertex -42.81314214318991 25.090030007064342 5
    endloop
  endfacet
  facet normal 0.44228869955231076 -0.8968727369300092 0
    outer loop
      vertex -42.649999998509884 25.199038103222847 3.4
      vertex -42.47402514517307 25.285819299519062 5
      vertex -42.649999998509884 25.199038103222847 5
    endloop
  endfacet
  facet normal 0.32143946370773846 -0.9469301300366787 0
    outer loop
      vertex -42.47402514517307 25.285819299519062 3.4
      vertex -42.28822856396437 25.348888739943504 5
      vertex -42.47402514517307 25.285819299519062 5
    endloop
  endfacet
  facet normal 0.1950903148602093 -0.9807852818266312 0
    outer loop
      vertex -42.28822856396437 25.348888739943504 3.4
      vertex -42.0957892909646 25.387167289853096 5
      vertex -42.28822856396437 25.348888739943504 5
    endloop
  endfacet
  facet normal 0.06540313149938919 -0.9978589230898693 0
    outer loop
      vertex -42.0957892909646 25.387167289853096 3.4
      vertex -41.899999998509884 25.399999998509884 5
      vertex -42.0957892909646 25.387167289853096 5
    endloop
  endfacet
  facet normal 0 0 1
    outer loop
      vertex -41.899999998509884 25.399999998509884 3.4
      vertex -33.79999999701977 25.299999997019768 3.4
      vertex 41.899999998509884 25.399999998509884 3.4
    endloop
  endfacet
  facet normal 0 -1 0
    outer loop
      vertex -41.899999998509884 25.399999998509884 3.4
      vertex 41.899999998509884 25.399999998509884 5
      vertex -41.899999998509884 25.399999998509884 5
    endloop
  endfacet
  facet normal 0 0 1
    outer loop
      vertex -33.79999999701977 -25.299999997019768 3.4
      vertex 41.899999998509884 -25.399999998509884 3.4
      vertex 32.79999999701977 -25.299999997019768 3.4
    endloop
  endfacet
  facet normal 0 1 0
    outer loop
      vertex -41.899999998509884 -25.399999998509884 5
      vertex 41.899999998509884 -25.399999998509884 5
      vertex 41.899999998509884 -25.399999998509884 3.4
    endloop
  endfacet
  facet normal 0 0 1
    outer loop
      vertex 32.79999999701977 -25.299999997019768 3.4
      vertex 41.899999998509884 -25.399999998509884 3.4
      vertex 32.99578928947449 -25.28716728836298 3.4
    endloop
  endfacet
  facet normal 0 0 1
    outer loop
      vertex 32.99578928947449 -25.28716728836298 3.4
      vertex 41.899999998509884 -25.399999998509884 3.4
      vertex 33.18822856992483 -25.248888738453388 3.4
    endloop
  endfacet
  facet normal 0 0 1
    outer loop
      vertex 33.18822856992483 -25.248888738453388 3.4
      vertex 41.899999998509884 -25.399999998509884 3.4
      vertex 33.37402515113354 -25.185819298028946 3.4
    endloop
  endfacet
  facet normal 0 0 1
    outer loop
      vertex 33.37402515113354 -25.185819298028946 3.4
      vertex 41.899999998509884 -25.399999998509884 3.4
      vertex 33.54999999701977 -25.09903810918331 3.4
    endloop
  endfacet
  facet normal 0 0 1
    outer loop
      vertex 33.54999999701977 -25.09903810918331 3.4
      vertex 41.899999998509884 -25.399999998509884 3.4
      vertex 33.71314214169979 -24.990030013024807 3.4
    endloop
  endfacet
  facet normal 0 0 1
    outer loop
      vertex 33.71314214169979 -24.990030013024807 3.4
      vertex 41.899999998509884 -25.399999998509884 3.4
      vertex 33.860660172998905 -24.860660172998905 3.4
    endloop
  endfacet
  facet normal 0 0 1
    outer loop
      vertex 33.860660172998905 -24.860660172998905 3.4
      vertex 41.899999998509884 -25.399999998509884 3.4
      vertex 33.99003001302481 -24.71314214169979 3.4
    endloop
  endfacet
  facet normal 0 0 1
    outer loop
      vertex 33.99003001302481 -24.71314214169979 3.4
      vertex 41.899999998509884 -25.399999998509884 3.4
      vertex 34.09903810918331 -24.549999997019768 3.4
    endloop
  endfacet
  facet normal 0 0 1
    outer loop
      vertex 34.09903810918331 -24.549999997019768 3.4
      vertex 41.899999998509884 -25.399999998509884 3.4
      vertex 34.185819298028946 -24.374025151133537 3.4
    endloop
  endfacet
  facet normal 0 0 1
    outer loop
      vertex 34.185819298028946 -24.374025151133537 3.4
      vertex 41.899999998509884 -25.399999998509884 3.4
      vertex 34.24888873845339 -24.18822856992483 3.4
    endloop
  endfacet
  facet normal 0 0 1
    outer loop
      vertex 34.24888873845339 -24.18822856992483 3.4
      vertex 41.899999998509884 -25.399999998509884 3.4
      vertex 34.28716728836298 -23.995789289474487 3.4
    endloop
  endfacet
  facet normal 0 0 1
    outer loop
      vertex 34.28716728836298 -23.995789289474487 3.4
      vertex 41.899999998509884 -25.399999998509884 3.4
      vertex 34.29999999701977 -23.799999997019768 3.4
    endloop
  endfacet
  facet normal 0 0 1
    outer loop
      vertex 34.29999999701977 -23.799999997019768 3.4
      vertex 41.899999998509884 -25.399999998509884 3.4
      vertex 39.15 -13.472243186433545 3.4
    endloop
  endfacet
  facet normal 0 0 1
    outer loop
      vertex 34.29999999701977 -23.799999997019768 3.4
      vertex 38.3 -12 3.4
      vertex 34.29999999701977 -6.119999999233654 3.4
    endloop
  endfacet
  facet normal 0 0 1
    outer loop
      vertex 34.29999999701977 -23.799999997019768 3.4
      vertex 38.965105570685175 -13.3487006784951 3.4
      vertex 38.79791847198287 -13.20208152801713 3.4
    endloop
  endfacet
  facet normal 0 0 1
    outer loop
      vertex 34.29999999701977 -23.799999997019768 3.4
      vertex 39.15 -13.472243186433545 3.4
      vertex 38.965105570685175 -13.3487006784951 3.4
    endloop
  endfacet
  facet normal 0 0 1
    outer loop
      vertex 34.29999999701977 -23.799999997019768 3.4
      vertex 38.6512993215049 -13.034894429314825 3.4
      vertex 38.527756813566455 -12.85 3.4
    endloop
  endfacet
  facet normal 0 0 1
    outer loop
      vertex 34.29999999701977 -23.799999997019768 3.4
      vertex 38.429404794730814 -12.650561835020653 3.4
      vertex 38.357926095308585 -12.439992376674285 3.4
    endloop
  endfacet
  facet normal 0 0 1
    outer loop
      vertex 34.29999999701977 -23.799999997019768 3.4
      vertex 38.527756813566455 -12.85 3.4
      vertex 38.429404794730814 -12.650561835020653 3.4
    endloop
  endfacet
  facet normal 0 0 1
    outer loop
      vertex 34.29999999701977 -23.799999997019768 3.4
      vertex 38.79791847198287 -13.20208152801713 3.4
      vertex 38.6512993215049 -13.034894429314825 3.4
    endloop
  endfacet
  facet normal 0 0 1
    outer loop
      vertex 34.29999999701977 -23.799999997019768 3.4
      vertex 38.357926095308585 -12.439992376674285 3.4
      vertex 38.31454373566452 -12.221894526774088 3.4
    endloop
  endfacet
  facet normal 0 0 1
    outer loop
      vertex 34.29999999701977 -23.799999997019768 3.4
      vertex 38.31454373566452 -12.221894526774088 3.4
      vertex 38.3 -12 3.4
    endloop
  endfacet
  facet normal 0 0 1
    outer loop
      vertex 41.899999998509884 -25.399999998509884 3.4
      vertex 39.778105473225914 -13.685456264335478 3.4
      vertex 39.56000762332572 -13.642073904691417 3.4
    endloop
  endfacet
  facet normal 0 0 1
    outer loop
      vertex 41.899999998509884 -25.399999998509884 3.4
      vertex 39.34943816497935 -13.570595205269187 3.4
      vertex 39.15 -13.472243186433545 3.4
    endloop
  endfacet
  facet normal 0 0 1
    outer loop
      vertex 41.899999998509884 -25.399999998509884 3.4
      vertex 39.56000762332572 -13.642073904691417 3.4
      vertex 39.34943816497935 -13.570595205269187 3.4
    endloop
  endfacet
  facet normal 0 0 1
    outer loop
      vertex 41.899999998509884 -25.399999998509884 3.4
      vertex 40 -13.7 3.4
      vertex 39.778105473225914 -13.685456264335478 3.4
    endloop
  endfacet
  facet normal 0 0 1
    outer loop
      vertex 41.899999998509884 -25.399999998509884 3.4
      vertex 40.221894526774086 -13.685456264335478 3.4
      vertex 40 -13.7 3.4
    endloop
  endfacet
  facet normal 0 0 1
    outer loop
      vertex 41.899999998509884 -25.399999998509884 3.4
      vertex 40.43999237667428 -13.642073904691417 3.4
      vertex 40.221894526774086 -13.685456264335478 3.4
    endloop
  endfacet
  facet normal 0 0 1
    outer loop
      vertex 41.899999998509884 -25.399999998509884 3.4
      vertex 40.65056183502065 -13.570595205269187 3.4
      vertex 40.43999237667428 -13.642073904691417 3.4
    endloop
  endfacet
  facet normal 0 0 1
    outer loop
      vertex 41.899999998509884 -25.399999998509884 3.4
      vertex 40.85 -13.472243186433545 3.4
      vertex 40.65056183502065 -13.570595205269187 3.4
    endloop
  endfacet
  facet normal 0 0 1
    outer loop
      vertex 41.899999998509884 -25.399999998509884 3.4
      vertex 41.034894429314825 -13.3487006784951 3.4
      vertex 40.85 -13.472243186433545 3.4
    endloop
  endfacet
  facet normal 0 0 1
    outer loop
      vertex 41.899999998509884 -25.399999998509884 3.4
      vertex 41.20208152801713 -13.20208152801713 3.4
      vertex 41.034894429314825 -13.3487006784951 3.4
    endloop
  endfacet
  facet normal 0 0 1
    outer loop
      vertex 41.899999998509884 -25.399999998509884 3.4
      vertex 41.3487006784951 -13.034894429314825 3.4
      vertex 41.20208152801713 -13.20208152801713 3.4
    endloop
  endfacet
  facet normal 0 0 1
    outer loop
      vertex 41.899999998509884 -25.399999998509884 3.4
      vertex 41.472243186433545 -12.85 3.4
      vertex 41.3487006784951 -13.034894429314825 3.4
    endloop
  endfacet
  facet normal 0 0 1
    outer loop
      vertex 41.899999998509884 -25.399999998509884 3.4
      vertex 41.570595205269186 -12.650561835020653 3.4
      vertex 41.472243186433545 -12.85 3.4
    endloop
  endfacet
  facet normal 0 0 1
    outer loop
      vertex 41.899999998509884 -25.399999998509884 3.4
      vertex 41.642073904691415 -12.439992376674285 3.4
      vertex 41.570595205269186 -12.650561835020653 3.4
    endloop
  endfacet
  facet normal 0 0 1
    outer loop
      vertex 41.899999998509884 -25.399999998509884 3.4
      vertex 41.68545626433548 -12.221894526774088 3.4
      vertex 41.642073904691415 -12.439992376674285 3.4
    endloop
  endfacet
  facet normal 0 0 1
    outer loop
      vertex 41.899999998509884 -25.399999998509884 3.4
      vertex 41.7 -12 3.4
      vertex 41.68545626433548 -12.221894526774088 3.4
    endloop
  endfacet
  facet normal -0.06540313149938919 0.9978589230898693 0
    outer loop
      vertex 41.899999998509884 -25.399999998509884 3.4
      vertex 41.899999998509884 -25.399999998509884 5
      vertex 42.0957892909646 -25.387167289853096 3.4
    endloop
  endfacet
  facet normal -0.1950903148602093 0.9807852818266312 0
    outer loop
      vertex 42.0957892909646 -25.387167289853096 3.4
      vertex 42.0957892909646 -25.387167289853096 5
      vertex 42.28822856396437 -25.348888739943504 3.4
    endloop
  endfacet
  facet normal -0.32143946370773846 0.9469301300366787 0
    outer loop
      vertex 42.28822856396437 -25.348888739943504 3.4
      vertex 42.28822856396437 -25.348888739943504 5
      vertex 42.47402514517307 -25.285819299519062 3.4
    endloop
  endfacet
  facet normal -0.44228869955231076 0.8968727369300092 0
    outer loop
      vertex 42.47402514517307 -25.285819299519062 3.4
      vertex 42.47402514517307 -25.285819299519062 5
      vertex 42.649999998509884 -25.199038103222847 3.4
    endloop
  endfacet
  facet normal -0.5555702335092735 0.8314696119753574 0
    outer loop
      vertex 42.649999998509884 -25.199038103222847 3.4
      vertex 42.649999998509884 -25.199038103222847 5
      vertex 42.81314214318991 -25.090030007064342 3.4
    endloop
  endfacet
  facet normal -0.659345789917878 0.7518398295631653 0
    outer loop
      vertex 42.81314214318991 -25.090030007064342 3.4
      vertex 42.81314214318991 -25.090030007064342 5
      vertex 42.96066017448902 -24.96066017448902 3.4
    endloop
  endfacet
  facet normal -0.7518398295631653 0.659345789917878 0
    outer loop
      vertex 42.96066017448902 -24.96066017448902 3.4
      vertex 42.96066017448902 -24.96066017448902 5
      vertex 43.09003000706434 -24.813142143189907 3.4
    endloop
  endfacet
  facet normal -0.8314696119753574 0.5555702335092735 0
    outer loop
      vertex 43.09003000706434 -24.813142143189907 3.4
      vertex 43.09003000706434 -24.813142143189907 5
      vertex 43.19903810322285 -24.649999998509884 3.4
    endloop
  endfacet
  facet normal -0.8968727369300092 0.44228869955231076 0
    outer loop
      vertex 43.19903810322285 -24.649999998509884 3.4
      vertex 43.19903810322285 -24.649999998509884 5
      vertex 43.28581929951906 -24.474025145173073 3.4
    endloop
  endfacet
  facet normal -0.9469301300366787 0.32143946370773846 0
    outer loop
      vertex 43.28581929951906 -24.474025145173073 3.4
      vertex 43.28581929951906 -24.474025145173073 5
      vertex 43.348888739943504 -24.288228563964367 3.4
    endloop
  endfacet
  facet normal -0.9807852818266312 0.1950903148602093 0
    outer loop
      vertex 43.348888739943504 -24.288228563964367 3.4
      vertex 43.348888739943504 -24.288228563964367 5
      vertex 43.387167289853096 -24.095789290964603 3.4
    endloop
  endfacet
  facet normal -0.9978589230898693 0.06540313149938919 0
    outer loop
      vertex 43.387167289853096 -24.095789290964603 3.4
      vertex 43.387167289853096 -24.095789290964603 5
      vertex 43.399999998509884 -23.899999998509884 3.4
    endloop
  endfacet
  facet normal -0.06540313149938919 0.9978589230898693 0
    outer loop
      vertex 42.0957892909646 -25.387167289853096 3.4
      vertex 41.899999998509884 -25.399999998509884 5
      vertex 42.0957892909646 -25.387167289853096 5
    endloop
  endfacet
  facet normal -0.1950903148602093 0.9807852818266312 0
    outer loop
      vertex 42.28822856396437 -25.348888739943504 3.4
      vertex 42.0957892909646 -25.387167289853096 5
      vertex 42.28822856396437 -25.348888739943504 5
    endloop
  endfacet
  facet normal -0.32143946370773846 0.9469301300366787 0
    outer loop
      vertex 42.47402514517307 -25.285819299519062 3.4
      vertex 42.28822856396437 -25.348888739943504 5
      vertex 42.47402514517307 -25.285819299519062 5
    endloop
  endfacet
  facet normal -0.44228869955231076 0.8968727369300092 0
    outer loop
      vertex 42.649999998509884 -25.199038103222847 3.4
      vertex 42.47402514517307 -25.285819299519062 5
      vertex 42.649999998509884 -25.199038103222847 5
    endloop
  endfacet
  facet normal -0.5555702335092735 0.8314696119753574 0
    outer loop
      vertex 42.81314214318991 -25.090030007064342 3.4
      vertex 42.649999998509884 -25.199038103222847 5
      vertex 42.81314214318991 -25.090030007064342 5
    endloop
  endfacet
  facet normal -0.659345789917878 0.7518398295631653 0
    outer loop
      vertex 42.96066017448902 -24.96066017448902 3.4
      vertex 42.81314214318991 -25.090030007064342 5
      vertex 42.96066017448902 -24.96066017448902 5
    endloop
  endfacet
  facet normal -0.7518398295631653 0.659345789917878 0
    outer loop
      vertex 43.09003000706434 -24.813142143189907 3.4
      vertex 42.96066017448902 -24.96066017448902 5
      vertex 43.09003000706434 -24.813142143189907 5
    endloop
  endfacet
  facet normal -0.8314696119753574 0.5555702335092735 0
    outer loop
      vertex 43.19903810322285 -24.649999998509884 3.4
      vertex 43.09003000706434 -24.813142143189907 5
      vertex 43.19903810322285 -24.649999998509884 5
    endloop
  endfacet
  facet normal -0.8968727369300092 0.44228869955231076 0
    outer loop
      vertex 43.28581929951906 -24.474025145173073 3.4
      vertex 43.19903810322285 -24.649999998509884 5
      vertex 43.28581929951906 -24.474025145173073 5
    endloop
  endfacet
  facet normal -0.9469301300366787 0.32143946370773846 0
    outer loop
      vertex 43.348888739943504 -24.288228563964367 3.4
      vertex 43.28581929951906 -24.474025145173073 5
      vertex 43.348888739943504 -24.288228563964367 5
    endloop
  endfacet
  facet normal -0.9807852818266312 0.1950903148602093 0
    outer loop
      vertex 43.387167289853096 -24.095789290964603 3.4
      vertex 43.348888739943504 -24.288228563964367 5
      vertex 43.387167289853096 -24.095789290964603 5
    endloop
  endfacet
  facet normal -0.9978589230898693 0.06540313149938919 0
    outer loop
      vertex 43.399999998509884 -23.899999998509884 3.4
      vertex 43.387167289853096 -24.095789290964603 5
      vertex 43.399999998509884 -23.899999998509884 5
    endloop
  endfacet
  facet normal 0 0 1
    outer loop
      vertex 38.3 -12 3.4
      vertex 38.31454373566452 -11.778105473225912 3.4
      vertex 34.29999999701977 -6.119999999233654 3.4
    endloop
  endfacet
  facet normal 0 0 1
    outer loop
      vertex 38.31454373566452 -11.778105473225912 3.4
      vertex 38.357926095308585 -11.560007623325715 3.4
      vertex 34.29999999701977 -6.119999999233654 3.4
    endloop
  endfacet
  facet normal 0 0 1
    outer loop
      vertex 38.357926095308585 -11.560007623325715 3.4
      vertex 38.429404794730814 -11.349438164979347 3.4
      vertex 34.29999999701977 -6.119999999233654 3.4
    endloop
  endfacet
  facet normal 0 0 1
    outer loop
      vertex 38.429404794730814 -11.349438164979347 3.4
      vertex 38.527756813566455 -11.15 3.4
      vertex 34.29999999701977 -6.119999999233654 3.4
    endloop
  endfacet
  facet normal 0 0 1
    outer loop
      vertex 38.527756813566455 -11.15 3.4
      vertex 38.6512993215049 -10.965105570685175 3.4
      vertex 34.29999999701977 -6.119999999233654 3.4
    endloop
  endfacet
  facet normal 0 0 1
    outer loop
      vertex 38.6512993215049 -10.965105570685175 3.4
      vertex 38.79791847198287 -10.79791847198287 3.4
      vertex 34.29999999701977 -6.119999999233654 3.4
    endloop
  endfacet
  facet normal 0 0 1
    outer loop
      vertex 38.79791847198287 -10.79791847198287 3.4
      vertex 38.965105570685175 -10.6512993215049 3.4
      vertex 34.29999999701977 -6.119999999233654 3.4
    endloop
  endfacet
  facet normal 0 0 1
    outer loop
      vertex 38.965105570685175 -10.6512993215049 3.4
      vertex 39.15 -10.527756813566455 3.4
      vertex 34.29999999701977 -6.119999999233654 3.4
    endloop
  endfacet
  facet normal 0 0 1
    outer loop
      vertex 39.15 -10.527756813566455 3.4
      vertex 39.34943816497935 -10.429404794730813 3.4
      vertex 34.29999999701977 -6.119999999233654 3.4
    endloop
  endfacet
  facet normal 0 0 1
    outer loop
      vertex 41.899999998509884 -25.399999998509884 3.4
      vertex 42.0957892909646 -25.387167289853096 3.4
      vertex 41.899999998509884 25.399999998509884 3.4
    endloop
  endfacet
  facet normal 0 0 1
    outer loop
      vertex 42.0957892909646 -25.387167289853096 3.4
      vertex 42.28822856396437 -25.348888739943504 3.4
      vertex 42.0957892909646 25.387167289853096 3.4
    endloop
  endfacet
  facet normal 0 0 1
    outer loop
      vertex 42.28822856396437 -25.348888739943504 3.4
      vertex 42.47402514517307 -25.285819299519062 3.4
      vertex 42.28822856396437 25.348888739943504 3.4
    endloop
  endfacet
  facet normal 0 0 1
    outer loop
      vertex 42.47402514517307 -25.285819299519062 3.4
      vertex 42.649999998509884 -25.199038103222847 3.4
      vertex 42.47402514517307 25.285819299519062 3.4
    endloop
  endfacet
  facet normal 0 0 1
    outer loop
      vertex 42.649999998509884 -25.199038103222847 3.4
      vertex 42.81314214318991 -25.090030007064342 3.4
      vertex 42.649999998509884 25.199038103222847 3.4
    endloop
  endfacet
  facet normal 0 0 1
    outer loop
      vertex 42.81314214318991 -25.090030007064342 3.4
      vertex 42.96066017448902 -24.96066017448902 3.4
      vertex 42.81314214318991 25.090030007064342 3.4
    endloop
  endfacet
  facet normal 0 0 1
    outer loop
      vertex 42.96066017448902 -24.96066017448902 3.4
      vertex 43.09003000706434 -24.813142143189907 3.4
      vertex 42.96066017448902 24.96066017448902 3.4
    endloop
  endfacet
  facet normal 0 0 1
    outer loop
      vertex 43.09003000706434 -24.813142143189907 3.4
      vertex 43.19903810322285 -24.649999998509884 3.4
      vertex 43.09003000706434 24.813142143189907 3.4
    endloop
  endfacet
  facet normal 0 0 1
    outer loop
      vertex 43.19903810322285 -24.649999998509884 3.4
      vertex 43.28581929951906 -24.474025145173073 3.4
      vertex 43.19903810322285 24.649999998509884 3.4
    endloop
  endfacet
  facet normal 0 0 1
    outer loop
      vertex 43.28581929951906 -24.474025145173073 3.4
      vertex 43.348888739943504 -24.288228563964367 3.4
      vertex 43.28581929951906 24.474025145173073 3.4
    endloop
  endfacet
  facet normal 0 0 1
    outer loop
      vertex 43.348888739943504 -24.288228563964367 3.4
      vertex 43.387167289853096 -24.095789290964603 3.4
      vertex 43.348888739943504 24.288228563964367 3.4
    endloop
  endfacet
  facet normal 0 0 1
    outer loop
      vertex 43.387167289853096 -24.095789290964603 3.4
      vertex 43.399999998509884 -23.899999998509884 3.4
      vertex 43.387167289853096 24.095789290964603 3.4
    endloop
  endfacet
  facet normal 0 0 1
    outer loop
      vertex 39.34943816497935 -10.429404794730813 3.4
      vertex 39.56000762332572 -10.357926095308583 3.4
      vertex 40 10.3 3.4
    endloop
  endfacet
  facet normal 0 0 1
    outer loop
      vertex 39.34943816497935 -10.429404794730813 3.4
      vertex 40 10.3 3.4
      vertex 34.29999999701977 -6.119999999233654 3.4
    endloop
  endfacet
  facet normal 0 0 1
    outer loop
      vertex 39.56000762332572 -10.357926095308583 3.4
      vertex 39.778105473225914 -10.314543735664522 3.4
      vertex 40 10.3 3.4
    endloop
  endfacet
  facet normal 0 0 1
    outer loop
      vertex 39.778105473225914 -10.314543735664522 3.4
      vertex 40 -10.3 3.4
      vertex 40 10.3 3.4
    endloop
  endfacet
  facet normal 0 0 1
    outer loop
      vertex 40 -10.3 3.4
      vertex 40.221894526774086 -10.314543735664522 3.4
      vertex 40 10.3 3.4
    endloop
  endfacet
  facet normal 0 0 1
    outer loop
      vertex 40.221894526774086 -10.314543735664522 3.4
      vertex 40.43999237667428 -10.357926095308583 3.4
      vertex 40.221894526774086 10.314543735664522 3.4
    endloop
  endfacet
  facet normal 0 0 1
    outer loop
      vertex 40.43999237667428 -10.357926095308583 3.4
      vertex 40.65056183502065 -10.429404794730813 3.4
      vertex 40.43999237667428 10.357926095308583 3.4
    endloop
  endfacet
  facet normal 0 0 1
    outer loop
      vertex 40.65056183502065 -10.429404794730813 3.4
      vertex 40.85 -10.527756813566455 3.4
      vertex 40.65056183502065 10.429404794730813 3.4
    endloop
  endfacet
  facet normal 0 0 1
    outer loop
      vertex 40.85 -10.527756813566455 3.4
      vertex 41.034894429314825 -10.6512993215049 3.4
      vertex 40.85 10.527756813566455 3.4
    endloop
  endfacet
  facet normal 0 0 1
    outer loop
      vertex 41.034894429314825 -10.6512993215049 3.4
      vertex 41.20208152801713 -10.79791847198287 3.4
      vertex 41.034894429314825 10.6512993215049 3.4
    endloop
  endfacet
  facet normal 0 0 1
    outer loop
      vertex 41.68545626433548 -11.778105473225912 3.4
      vertex 41.642073904691415 11.560007623325715 3.4
      vertex 41.642073904691415 -11.560007623325715 3.4
    endloop
  endfacet
  facet normal 0 0 1
    outer loop
      vertex 41.642073904691415 -11.560007623325715 3.4
      vertex 41.570595205269186 11.349438164979347 3.4
      vertex 41.570595205269186 -11.349438164979347 3.4
    endloop
  endfacet
  facet normal 0 0 1
    outer loop
      vertex 41.899999998509884 -25.399999998509884 3.4
      vertex 41.899999998509884 25.399999998509884 3.4
      vertex 41.7 -12 3.4
    endloop
  endfacet
  facet normal 0 0 1
    outer loop
      vertex 41.3487006784951 -10.965105570685175 3.4
      vertex 41.20208152801713 10.79791847198287 3.4
      vertex 41.20208152801713 -10.79791847198287 3.4
    endloop
  endfacet
  facet normal 0 0 1
    outer loop
      vertex 41.472243186433545 -11.15 3.4
      vertex 41.3487006784951 10.965105570685175 3.4
      vertex 41.3487006784951 -10.965105570685175 3.4
    endloop
  endfacet
  facet normal 0 0 1
    outer loop
      vertex 41.472243186433545 -11.15 3.4
      vertex 41.570595205269186 -11.349438164979347 3.4
      vertex 41.472243186433545 11.15 3.4
    endloop
  endfacet
  facet normal -1 0 0
    outer loop
      vertex 43.399999998509884 -23.899999998509884 3.4
      vertex 43.399999998509884 -23.899999998509884 5
      vertex 43.399999998509884 23.899999998509884 3.4
    endloop
  endfacet
  facet normal 0 0 1
    outer loop
      vertex -33.79999999701977 25.299999997019768 3.4
      vertex 32.79999999701977 25.299999997019768 3.4
      vertex 41.899999998509884 25.399999998509884 3.4
    endloop
  endfacet
  facet normal 0 -1 0
    outer loop
      vertex -41.899999998509884 25.399999998509884 3.4
      vertex 41.899999998509884 25.399999998509884 3.4
      vertex 41.899999998509884 25.399999998509884 5
    endloop
  endfacet
  facet normal 0 0 1
    outer loop
      vertex 34.29999999701977 -6.119999999233654 3.4
      vertex 38.965105570685175 10.6512993215049 3.4
      vertex 38.79791847198287 10.79791847198287 3.4
    endloop
  endfacet
  facet normal 0 0 1
    outer loop
      vertex 34.29999999701977 -6.119999999233654 3.4
      vertex 39.15 10.527756813566455 3.4
      vertex 38.965105570685175 10.6512993215049 3.4
    endloop
  endfacet
  facet normal 0 0 1
    outer loop
      vertex 34.29999999701977 -6.119999999233654 3.4
      vertex 39.56000762332572 10.357926095308583 3.4
      vertex 39.34943816497935 10.429404794730813 3.4
    endloop
  endfacet
  facet normal 0 0 1
    outer loop
      vertex 34.29999999701977 -6.119999999233654 3.4
      vertex 39.778105473225914 10.314543735664522 3.4
      vertex 39.56000762332572 10.357926095308583 3.4
    endloop
  endfacet
  facet normal 0 0 1
    outer loop
      vertex 34.29999999701977 -6.119999999233654 3.4
      vertex 39.34943816497935 10.429404794730813 3.4
      vertex 39.15 10.527756813566455 3.4
    endloop
  endfacet
  facet normal 0 0 1
    outer loop
      vertex 34.29999999701977 -6.119999999233654 3.4
      vertex 40 10.3 3.4
      vertex 39.778105473225914 10.314543735664522 3.4
    endloop
  endfacet
  facet normal 0 0 1
    outer loop
      vertex 34.29999999701977 -6.119999999233654 3.4
      vertex 38.6512993215049 10.965105570685175 3.4
      vertex 38.527756813566455 11.15 3.4
    endloop
  endfacet
  facet normal 0 0 1
    outer loop
      vertex 34.29999999701977 -6.119999999233654 3.4
      vertex 38.527756813566455 11.15 3.4
      vertex 38.429404794730814 11.349438164979347 3.4
    endloop
  endfacet
  facet normal 0 0 1
    outer loop
      vertex 34.29999999701977 -6.119999999233654 3.4
      vertex 38.79791847198287 10.79791847198287 3.4
      vertex 38.6512993215049 10.965105570685175 3.4
    endloop
  endfacet
  facet normal 0 0 1
    outer loop
      vertex 34.29999999701977 -6.119999999233654 3.4
      vertex 38.429404794730814 11.349438164979347 3.4
      vertex 38.357926095308585 11.560007623325715 3.4
    endloop
  endfacet
  facet normal 0 0 1
    outer loop
      vertex 34.29999999701977 -6.119999999233654 3.4
      vertex 38.357926095308585 11.560007623325715 3.4
      vertex 38.31454373566452 11.778105473225912 3.4
    endloop
  endfacet
  facet normal 0 0 1
    outer loop
      vertex 34.29999999701977 -6.119999999233654 3.4
      vertex 38.31454373566452 11.778105473225912 3.4
      vertex 38.3 12 3.4
    endloop
  endfacet
  facet normal 0 0 1
    outer loop
      vertex 41.7 -12 3.4
      vertex 41.899999998509884 25.399999998509884 3.4
      vertex 41.68545626433548 -11.778105473225912 3.4
    endloop
  endfacet
  facet normal 0 0 1
    outer loop
      vertex 40.221894526774086 -10.314543735664522 3.4
      vertex 40.221894526774086 10.314543735664522 3.4
      vertex 40 10.3 3.4
    endloop
  endfacet
  facet normal 0 0 1
    outer loop
      vertex 40.43999237667428 -10.357926095308583 3.4
      vertex 40.43999237667428 10.357926095308583 3.4
      vertex 40.221894526774086 10.314543735664522 3.4
    endloop
  endfacet
  facet normal 0 0 1
    outer loop
      vertex 40.65056183502065 -10.429404794730813 3.4
      vertex 40.65056183502065 10.429404794730813 3.4
      vertex 40.43999237667428 10.357926095308583 3.4
    endloop
  endfacet
  facet normal 0 0 1
    outer loop
      vertex 40.85 -10.527756813566455 3.4
      vertex 40.85 10.527756813566455 3.4
      vertex 40.65056183502065 10.429404794730813 3.4
    endloop
  endfacet
  facet normal 0 0 1
    outer loop
      vertex 41.034894429314825 -10.6512993215049 3.4
      vertex 41.034894429314825 10.6512993215049 3.4
      vertex 40.85 10.527756813566455 3.4
    endloop
  endfacet
  facet normal 0 0 1
    outer loop
      vertex 41.20208152801713 -10.79791847198287 3.4
      vertex 41.20208152801713 10.79791847198287 3.4
      vertex 41.034894429314825 10.6512993215049 3.4
    endloop
  endfacet
  facet normal 0 0 1
    outer loop
      vertex 41.3487006784951 -10.965105570685175 3.4
      vertex 41.3487006784951 10.965105570685175 3.4
      vertex 41.20208152801713 10.79791847198287 3.4
    endloop
  endfacet
  facet normal 0 0 1
    outer loop
      vertex 41.472243186433545 -11.15 3.4
      vertex 41.472243186433545 11.15 3.4
      vertex 41.3487006784951 10.965105570685175 3.4
    endloop
  endfacet
  facet normal 0 0 1
    outer loop
      vertex 41.570595205269186 -11.349438164979347 3.4
      vertex 41.570595205269186 11.349438164979347 3.4
      vertex 41.472243186433545 11.15 3.4
    endloop
  endfacet
  facet normal 0 0 1
    outer loop
      vertex 41.642073904691415 -11.560007623325715 3.4
      vertex 41.642073904691415 11.560007623325715 3.4
      vertex 41.570595205269186 11.349438164979347 3.4
    endloop
  endfacet
  facet normal 0 0 1
    outer loop
      vertex 41.68545626433548 -11.778105473225912 3.4
      vertex 41.68545626433548 11.778105473225912 3.4
      vertex 41.642073904691415 11.560007623325715 3.4
    endloop
  endfacet
  facet normal 0 0 1
    outer loop
      vertex 41.68545626433548 -11.778105473225912 3.4
      vertex 41.7 12 3.4
      vertex 41.68545626433548 11.778105473225912 3.4
    endloop
  endfacet
  facet normal 0 0 1
    outer loop
      vertex 34.29999999701977 -6.119999999233654 3.4
      vertex 38.3 12 3.4
      vertex 34.29999999701977 23.799999997019768 3.4
    endloop
  endfacet
  facet normal 0 0 1
    outer loop
      vertex 41.68545626433548 -11.778105473225912 3.4
      vertex 41.899999998509884 25.399999998509884 3.4
      vertex 41.7 12 3.4
    endloop
  endfacet
  facet normal 0 0 1
    outer loop
      vertex 42.0957892909646 -25.387167289853096 3.4
      vertex 42.0957892909646 25.387167289853096 3.4
      vertex 41.899999998509884 25.399999998509884 3.4
    endloop
  endfacet
  facet normal 0 0 1
    outer loop
      vertex 42.28822856396437 -25.348888739943504 3.4
      vertex 42.28822856396437 25.348888739943504 3.4
      vertex 42.0957892909646 25.387167289853096 3.4
    endloop
  endfacet
  facet normal 0 0 1
    outer loop
      vertex 42.47402514517307 -25.285819299519062 3.4
      vertex 42.47402514517307 25.285819299519062 3.4
      vertex 42.28822856396437 25.348888739943504 3.4
    endloop
  endfacet
  facet normal 0 0 1
    outer loop
      vertex 42.649999998509884 -25.199038103222847 3.4
      vertex 42.649999998509884 25.199038103222847 3.4
      vertex 42.47402514517307 25.285819299519062 3.4
    endloop
  endfacet
  facet normal 0 0 1
    outer loop
      vertex 42.81314214318991 -25.090030007064342 3.4
      vertex 42.81314214318991 25.090030007064342 3.4
      vertex 42.649999998509884 25.199038103222847 3.4
    endloop
  endfacet
  facet normal 0 0 1
    outer loop
      vertex 42.96066017448902 -24.96066017448902 3.4
      vertex 42.96066017448902 24.96066017448902 3.4
      vertex 42.81314214318991 25.090030007064342 3.4
    endloop
  endfacet
  facet normal 0 0 1
    outer loop
      vertex 43.09003000706434 -24.813142143189907 3.4
      vertex 43.09003000706434 24.813142143189907 3.4
      vertex 42.96066017448902 24.96066017448902 3.4
    endloop
  endfacet
  facet normal 0 0 1
    outer loop
      vertex 43.28581929951906 -24.474025145173073 3.4
      vertex 43.28581929951906 24.474025145173073 3.4
      vertex 43.19903810322285 24.649999998509884 3.4
    endloop
  endfacet
  facet normal 0 0 1
    outer loop
      vertex 43.19903810322285 -24.649999998509884 3.4
      vertex 43.19903810322285 24.649999998509884 3.4
      vertex 43.09003000706434 24.813142143189907 3.4
    endloop
  endfacet
  facet normal 0 0 1
    outer loop
      vertex 43.399999998509884 -23.899999998509884 3.4
      vertex 43.399999998509884 23.899999998509884 3.4
      vertex 43.387167289853096 24.095789290964603 3.4
    endloop
  endfacet
  facet normal 0 0 1
    outer loop
      vertex 43.387167289853096 -24.095789290964603 3.4
      vertex 43.387167289853096 24.095789290964603 3.4
      vertex 43.348888739943504 24.288228563964367 3.4
    endloop
  endfacet
  facet normal 0 0 1
    outer loop
      vertex 43.348888739943504 -24.288228563964367 3.4
      vertex 43.348888739943504 24.288228563964367 3.4
      vertex 43.28581929951906 24.474025145173073 3.4
    endloop
  endfacet
  facet normal -1 0 0
    outer loop
      vertex 43.399999998509884 -23.899999998509884 5
      vertex 43.399999998509884 23.899999998509884 5
      vertex 43.399999998509884 23.899999998509884 3.4
    endloop
  endfacet
  facet normal 0 0 1
    outer loop
      vertex 38.3 12 3.4
      vertex 38.31454373566452 12.221894526774088 3.4
      vertex 34.29999999701977 23.799999997019768 3.4
    endloop
  endfacet
  facet normal 0 0 1
    outer loop
      vertex 38.31454373566452 12.221894526774088 3.4
      vertex 38.357926095308585 12.439992376674285 3.4
      vertex 34.29999999701977 23.799999997019768 3.4
    endloop
  endfacet
  facet normal 0 0 1
    outer loop
      vertex 38.357926095308585 12.439992376674285 3.4
      vertex 38.429404794730814 12.650561835020653 3.4
      vertex 34.29999999701977 23.799999997019768 3.4
    endloop
  endfacet
  facet normal 0 0 1
    outer loop
      vertex 38.429404794730814 12.650561835020653 3.4
      vertex 38.527756813566455 12.85 3.4
      vertex 34.29999999701977 23.799999997019768 3.4
    endloop
  endfacet
  facet normal 0 0 1
    outer loop
      vertex 38.527756813566455 12.85 3.4
      vertex 38.6512993215049 13.034894429314825 3.4
      vertex 34.29999999701977 23.799999997019768 3.4
    endloop
  endfacet
  facet normal 0 0 1
    outer loop
      vertex 38.6512993215049 13.034894429314825 3.4
      vertex 38.79791847198287 13.20208152801713 3.4
      vertex 34.29999999701977 23.799999997019768 3.4
    endloop
  endfacet
  facet normal 0 0 1
    outer loop
      vertex 38.79791847198287 13.20208152801713 3.4
      vertex 38.965105570685175 13.3487006784951 3.4
      vertex 34.29999999701977 23.799999997019768 3.4
    endloop
  endfacet
  facet normal 0 0 1
    outer loop
      vertex 38.965105570685175 13.3487006784951 3.4
      vertex 39.15 13.472243186433545 3.4
      vertex 34.29999999701977 23.799999997019768 3.4
    endloop
  endfacet
  facet normal 0 0 1
    outer loop
      vertex 39.15 13.472243186433545 3.4
      vertex 39.34943816497935 13.570595205269187 3.4
      vertex 34.29999999701977 23.799999997019768 3.4
    endloop
  endfacet
  facet normal 0 0 1
    outer loop
      vertex 39.34943816497935 13.570595205269187 3.4
      vertex 39.56000762332572 13.642073904691417 3.4
      vertex 34.29999999701977 23.799999997019768 3.4
    endloop
  endfacet
  facet normal 0 0 1
    outer loop
      vertex 39.56000762332572 13.642073904691417 3.4
      vertex 39.778105473225914 13.685456264335478 3.4
      vertex 34.29999999701977 23.799999997019768 3.4
    endloop
  endfacet
  facet normal 0 0 1
    outer loop
      vertex 39.778105473225914 13.685456264335478 3.4
      vertex 40 13.7 3.4
      vertex 34.29999999701977 23.799999997019768 3.4
    endloop
  endfacet
  facet normal 0 0 1
    outer loop
      vertex 40.221894526774086 13.685456264335478 3.4
      vertex 34.29999999701977 23.799999997019768 3.4
      vertex 40 13.7 3.4
    endloop
  endfacet
  facet normal 0 0 1
    outer loop
      vertex 40.43999237667428 13.642073904691417 3.4
      vertex 40.65056183502065 13.570595205269187 3.4
      vertex 34.29999999701977 23.799999997019768 3.4
    endloop
  endfacet
  facet normal 0 0 1
    outer loop
      vertex 40.221894526774086 13.685456264335478 3.4
      vertex 40.43999237667428 13.642073904691417 3.4
      vertex 34.29999999701977 23.799999997019768 3.4
    endloop
  endfacet
  facet normal 0 0 1
    outer loop
      vertex 40.65056183502065 13.570595205269187 3.4
      vertex 40.85 13.472243186433545 3.4
      vertex 34.29999999701977 23.799999997019768 3.4
    endloop
  endfacet
  facet normal 0 0 1
    outer loop
      vertex 41.3487006784951 13.034894429314825 3.4
      vertex 34.185819298028946 24.374025151133537 3.4
      vertex 41.20208152801713 13.20208152801713 3.4
    endloop
  endfacet
  facet normal 0 0 1
    outer loop
      vertex 40.85 13.472243186433545 3.4
      vertex 41.034894429314825 13.3487006784951 3.4
      vertex 34.28716728836298 23.995789289474487 3.4
    endloop
  endfacet
  facet normal 0 0 1
    outer loop
      vertex 41.034894429314825 13.3487006784951 3.4
      vertex 41.20208152801713 13.20208152801713 3.4
      vertex 34.24888873845339 24.18822856992483 3.4
    endloop
  endfacet
  facet normal 0 0 1
    outer loop
      vertex 40.85 13.472243186433545 3.4
      vertex 34.28716728836298 23.995789289474487 3.4
      vertex 34.29999999701977 23.799999997019768 3.4
    endloop
  endfacet
  facet normal 0 0 1
    outer loop
      vertex 41.034894429314825 13.3487006784951 3.4
      vertex 34.24888873845339 24.18822856992483 3.4
      vertex 34.28716728836298 23.995789289474487 3.4
    endloop
  endfacet
  facet normal 0 0 1
    outer loop
      vertex 41.7 12 3.4
      vertex 41.899999998509884 25.399999998509884 3.4
      vertex 41.68545626433548 12.221894526774088 3.4
    endloop
  endfacet
  facet normal 0 0 1
    outer loop
      vertex 41.68545626433548 12.221894526774088 3.4
      vertex 41.899999998509884 25.399999998509884 3.4
      vertex 41.642073904691415 12.439992376674285 3.4
    endloop
  endfacet
  facet normal 0 0 1
    outer loop
      vertex 41.642073904691415 12.439992376674285 3.4
      vertex 41.899999998509884 25.399999998509884 3.4
      vertex 41.570595205269186 12.650561835020653 3.4
    endloop
  endfacet
  facet normal 0 0 1
    outer loop
      vertex 41.570595205269186 12.650561835020653 3.4
      vertex 41.899999998509884 25.399999998509884 3.4
      vertex 41.472243186433545 12.85 3.4
    endloop
  endfacet
  facet normal 0 0 1
    outer loop
      vertex 41.472243186433545 12.85 3.4
      vertex 41.899999998509884 25.399999998509884 3.4
      vertex 41.3487006784951 13.034894429314825 3.4
    endloop
  endfacet
  facet normal 0 0 1
    outer loop
      vertex 41.20208152801713 13.20208152801713 3.4
      vertex 34.185819298028946 24.374025151133537 3.4
      vertex 34.24888873845339 24.18822856992483 3.4
    endloop
  endfacet
  facet normal 0 0 1
    outer loop
      vertex 41.3487006784951 13.034894429314825 3.4
      vertex 34.09903810918331 24.549999997019768 3.4
      vertex 34.185819298028946 24.374025151133537 3.4
    endloop
  endfacet
  facet normal 0 0 1
    outer loop
      vertex 41.3487006784951 13.034894429314825 3.4
      vertex 41.899999998509884 25.399999998509884 3.4
      vertex 34.09903810918331 24.549999997019768 3.4
    endloop
  endfacet
  facet normal 0 0 1
    outer loop
      vertex 32.79999999701977 25.299999997019768 3.4
      vertex 32.99578928947449 25.28716728836298 3.4
      vertex 41.899999998509884 25.399999998509884 3.4
    endloop
  endfacet
  facet normal 0 0 1
    outer loop
      vertex 33.18822856992483 25.248888738453388 3.4
      vertex 41.899999998509884 25.399999998509884 3.4
      vertex 32.99578928947449 25.28716728836298 3.4
    endloop
  endfacet
  facet normal 0 0 1
    outer loop
      vertex 33.18822856992483 25.248888738453388 3.4
      vertex 33.37402515113354 25.185819298028946 3.4
      vertex 41.899999998509884 25.399999998509884 3.4
    endloop
  endfacet
  facet normal 0 0 1
    outer loop
      vertex 33.37402515113354 25.185819298028946 3.4
      vertex 33.54999999701977 25.09903810918331 3.4
      vertex 41.899999998509884 25.399999998509884 3.4
    endloop
  endfacet
  facet normal 0 0 1
    outer loop
      vertex 33.860660172998905 24.860660172998905 3.4
      vertex 41.899999998509884 25.399999998509884 3.4
      vertex 33.71314214169979 24.990030013024807 3.4
    endloop
  endfacet
  facet normal 0 0 1
    outer loop
      vertex 33.54999999701977 25.09903810918331 3.4
      vertex 33.71314214169979 24.990030013024807 3.4
      vertex 41.899999998509884 25.399999998509884 3.4
    endloop
  endfacet
  facet normal 0 0 1
    outer loop
      vertex 33.99003001302481 24.71314214169979 3.4
      vertex 34.09903810918331 24.549999997019768 3.4
      vertex 41.899999998509884 25.399999998509884 3.4
    endloop
  endfacet
  facet normal 0 0 1
    outer loop
      vertex 33.99003001302481 24.71314214169979 3.4
      vertex 41.899999998509884 25.399999998509884 3.4
      vertex 33.860660172998905 24.860660172998905 3.4
    endloop
  endfacet
  facet normal -0.9978589230898693 -0.06540313149938919 0
    outer loop
      vertex 43.399999998509884 23.899999998509884 3.4
      vertex 43.399999998509884 23.899999998509884 5
      vertex 43.387167289853096 24.095789290964603 3.4
    endloop
  endfacet
  facet normal -0.06540313149938919 -0.9978589230898693 0
    outer loop
      vertex 41.899999998509884 25.399999998509884 3.4
      vertex 42.0957892909646 25.387167289853096 3.4
      vertex 42.0957892909646 25.387167289853096 5
    endloop
  endfacet
  facet normal -0.1950903148602093 -0.9807852818266312 0
    outer loop
      vertex 42.0957892909646 25.387167289853096 3.4
      vertex 42.28822856396437 25.348888739943504 3.4
      vertex 42.28822856396437 25.348888739943504 5
    endloop
  endfacet
  facet normal -0.32143946370773846 -0.9469301300366787 0
    outer loop
      vertex 42.28822856396437 25.348888739943504 3.4
      vertex 42.47402514517307 25.285819299519062 3.4
      vertex 42.47402514517307 25.285819299519062 5
    endloop
  endfacet
  facet normal -0.8968727369300092 -0.44228869955231076 0
    outer loop
      vertex 43.19903810322285 24.649999998509884 3.4
      vertex 43.28581929951906 24.474025145173073 3.4
      vertex 43.28581929951906 24.474025145173073 5
    endloop
  endfacet
  facet normal -0.8314696119753574 -0.5555702335092735 0
    outer loop
      vertex 43.09003000706434 24.813142143189907 3.4
      vertex 43.19903810322285 24.649999998509884 3.4
      vertex 43.19903810322285 24.649999998509884 5
    endloop
  endfacet
  facet normal -0.9807852818266312 -0.1950903148602093 0
    outer loop
      vertex 43.387167289853096 24.095789290964603 3.4
      vertex 43.387167289853096 24.095789290964603 5
      vertex 43.348888739943504 24.288228563964367 3.4
    endloop
  endfacet
  facet normal -0.9469301300366787 -0.32143946370773846 0
    outer loop
      vertex 43.348888739943504 24.288228563964367 3.4
      vertex 43.348888739943504 24.288228563964367 5
      vertex 43.28581929951906 24.474025145173073 3.4
    endloop
  endfacet
  facet normal -0.659345789917878 -0.7518398295631653 0
    outer loop
      vertex 42.81314214318991 25.090030007064342 3.4
      vertex 42.96066017448902 24.96066017448902 3.4
      vertex 42.96066017448902 24.96066017448902 5
    endloop
  endfacet
  facet normal -0.44228869955231076 -0.8968727369300092 0
    outer loop
      vertex 42.47402514517307 25.285819299519062 3.4
      vertex 42.649999998509884 25.199038103222847 3.4
      vertex 42.649999998509884 25.199038103222847 5
    endloop
  endfacet
  facet normal -0.5555702335092735 -0.8314696119753574 0
    outer loop
      vertex 42.649999998509884 25.199038103222847 3.4
      vertex 42.81314214318991 25.090030007064342 3.4
      vertex 42.81314214318991 25.090030007064342 5
    endloop
  endfacet
  facet normal -0.7518398295631653 -0.659345789917878 0
    outer loop
      vertex 43.09003000706434 24.813142143189907 3.4
      vertex 43.09003000706434 24.813142143189907 5
      vertex 42.96066017448902 24.96066017448902 3.4
    endloop
  endfacet
  facet normal -0.44228869955231076 -0.8968727369300092 0
    outer loop
      vertex 42.47402514517307 25.285819299519062 3.4
      vertex 42.649999998509884 25.199038103222847 5
      vertex 42.47402514517307 25.285819299519062 5
    endloop
  endfacet
  facet normal -0.06540313149938919 -0.9978589230898693 0
    outer loop
      vertex 41.899999998509884 25.399999998509884 3.4
      vertex 42.0957892909646 25.387167289853096 5
      vertex 41.899999998509884 25.399999998509884 5
    endloop
  endfacet
  facet normal -0.1950903148602093 -0.9807852818266312 0
    outer loop
      vertex 42.0957892909646 25.387167289853096 3.4
      vertex 42.28822856396437 25.348888739943504 5
      vertex 42.0957892909646 25.387167289853096 5
    endloop
  endfacet
  facet normal -0.32143946370773846 -0.9469301300366787 0
    outer loop
      vertex 42.28822856396437 25.348888739943504 3.4
      vertex 42.47402514517307 25.285819299519062 5
      vertex 42.28822856396437 25.348888739943504 5
    endloop
  endfacet
  facet normal -0.8968727369300092 -0.44228869955231076 0
    outer loop
      vertex 43.19903810322285 24.649999998509884 3.4
      vertex 43.28581929951906 24.474025145173073 5
      vertex 43.19903810322285 24.649999998509884 5
    endloop
  endfacet
  facet normal -0.8314696119753574 -0.5555702335092735 0
    outer loop
      vertex 43.09003000706434 24.813142143189907 3.4
      vertex 43.19903810322285 24.649999998509884 5
      vertex 43.09003000706434 24.813142143189907 5
    endloop
  endfacet
  facet normal -0.9978589230898693 -0.06540313149938919 0
    outer loop
      vertex 43.387167289853096 24.095789290964603 3.4
      vertex 43.399999998509884 23.899999998509884 5
      vertex 43.387167289853096 24.095789290964603 5
    endloop
  endfacet
  facet normal -0.9807852818266312 -0.1950903148602093 0
    outer loop
      vertex 43.348888739943504 24.288228563964367 3.4
      vertex 43.387167289853096 24.095789290964603 5
      vertex 43.348888739943504 24.288228563964367 5
    endloop
  endfacet
  facet normal -0.9469301300366787 -0.32143946370773846 0
    outer loop
      vertex 43.28581929951906 24.474025145173073 3.4
      vertex 43.348888739943504 24.288228563964367 5
      vertex 43.28581929951906 24.474025145173073 5
    endloop
  endfacet
  facet normal -0.5555702335092735 -0.8314696119753574 0
    outer loop
      vertex 42.649999998509884 25.199038103222847 3.4
      vertex 42.81314214318991 25.090030007064342 5
      vertex 42.649999998509884 25.199038103222847 5
    endloop
  endfacet
  facet normal -0.659345789917878 -0.7518398295631653 0
    outer loop
      vertex 42.81314214318991 25.090030007064342 3.4
      vertex 42.96066017448902 24.96066017448902 5
      vertex 42.81314214318991 25.090030007064342 5
    endloop
  endfacet
  facet normal -0.7518398295631653 -0.659345789917878 0
    outer loop
      vertex 42.96066017448902 24.96066017448902 3.4
      vertex 43.09003000706434 24.813142143189907 5
      vertex 42.96066017448902 24.96066017448902 5
    endloop
  endfacet
  facet normal 3.2207761276444224e-15 -0.9659258262890825 0.2588190451024677
    outer loop
      vertex -41.92210476845503 -27.36577944457531 0.12771285150817846
      vertex -41.399999998509884 -27.399999998509884 5.5611621974094305e-9
      vertex 44.375910968165606 -26.060254037844388 5
    endloop
  endfacet
  facet normal -2.5674600638959526e-16 -0.965925826289067 0.2588190451025251
    outer loop
      vertex -42.43527618050575 -27.263703301548958 0.5086662035231839
      vertex -41.92210476845503 -27.36577944457531 0.12771285150817846
      vertex 44.375910968165606 -26.060254037844388 5
    endloop
  endfacet
  facet normal -4.348188414389596e-16 -0.9659258262890663 0.2588190451025284
    outer loop
      vertex -42.93073373287916 -27.09551812708378 1.1363418197070487
      vertex -42.43527618050575 -27.263703301548958 0.5086662035231839
      vertex 44.375910968165606 -26.060254037844388 5
    endloop
  endfacet
  facet normal 4.773904367537866e-15 -0.9659258262890675 0.25881904510252335
    outer loop
      vertex -44.22842712700367 -26.22842712700367 4.372369486791726
      vertex -43.83504571765661 -26.573413364589214 3.0848633202104523
      vertex -44.375910968165606 -26.06025403784438 5
    endloop
  endfacet
  facet normal 2.7963358173807733e-16 -0.9659258262890702 0.2588190451025133
    outer loop
      vertex -43.399999998509884 -26.864101618528366 1.9999999873460723
      vertex -42.93073373287916 -27.09551812708378 1.1363418197070487
      vertex 44.375910968165606 -26.060254037844388 5
    endloop
  endfacet
  facet normal -1.4055585241484892e-16 -0.9659258262890673 0.2588190451025248
    outer loop
      vertex -43.83504571765661 -26.573413364589214 3.0848633202104523
      vertex -43.399999998509884 -26.864101618528366 1.9999999873460723
      vertex 44.375910968165606 -26.060254037844388 5
    endloop
  endfacet
  facet normal -7.764667391521829e-17 -0.965925826289068 0.258819045102522
    outer loop
      vertex -43.83504571765661 -26.573413364589214 3.0848633202104523
      vertex 44.375910968165606 -26.060254037844388 5
      vertex -44.375910968165606 -26.06025403784438 5
    endloop
  endfacet
  facet normal -1.3326231331926195e-16 -0.9659258262890681 0.25881904510252135
    outer loop
      vertex -41.399999998509884 -27.399999998509884 5.5611621974094305e-9
      vertex 41.399999998509884 -27.399999998509884 5.561204829973576e-9
      vertex 44.375910968165606 -26.060254037844388 5
    endloop
  endfacet
  facet normal 2.100298163793388e-14 -0.9659258262890713 0.25881904510250964
    outer loop
      vertex 41.399999998509884 -27.399999998509884 5.561204829973576e-9
      vertex 41.92210476845503 -27.36577944457531 0.12771285150815004
      vertex 44.375910968165606 -26.060254037844388 5
    endloop
  endfacet
  facet normal -3.835813418072006e-15 -0.9659258262890682 0.25881904510252135
    outer loop
      vertex 41.92210476845503 -27.36577944457531 0.12771285150815004
      vertex 42.43527618050575 -27.263703301548958 0.5086662035231697
      vertex 44.375910968165606 -26.060254037844388 5
    endloop
  endfacet
  facet normal -3.057257028211417e-14 -0.9659258262890653 0.2588190451025321
    outer loop
      vertex 42.43527618050575 -27.263703301548958 0.5086662035231697
      vertex 42.93073373287916 -27.09551812708378 1.1363418197070843
      vertex 44.375910968165606 -26.060254037844388 5
    endloop
  endfacet
  facet normal 4.832128563558837e-14 -0.9659258262890726 0.2588190451025046
    outer loop
      vertex 42.93073373287916 -27.09551812708378 1.1363418197070843
      vertex 43.399999998509884 -26.864101618528366 1.999999987346051
      vertex 44.375910968165606 -26.060254037844388 5
    endloop
  endfacet
  facet normal -1.0239903578652276e-14 -0.9659258262890679 0.25881904510252224
    outer loop
      vertex 43.399999998509884 -26.864101618528366 1.999999987346051
      vertex 43.83504571765661 -26.573413364589214 3.0848633202104594
      vertex 44.375910968165606 -26.060254037844388 5
    endloop
  endfacet
  facet normal -1.543535737433551e-14 -0.9659258262890674 0.2588190451025237
    outer loop
      vertex 43.83504571765661 -26.573413364589214 3.0848633202104594
      vertex 44.22842712700367 -26.22842712700367 4.372369486791747
      vertex 44.375910968165606 -26.060254037844388 5
    endloop
  endfacet
endsolid OpenSCAD_Model
