/* Generated by tools/encode_bootanim.py -- do not edit.
 * tools/encode_bootanim.py --frames build/bootanim-frames --fps 12 --threshold 0 --bg 253,250,241 --out firmware/src/bootanim.h
 * 27 frames @ 12 fps; clip 37214 bytes, last frame 13491 bytes. */
#pragma once
#include <stdint.h>

#define BOOTANIM_BG_RGB 0xfdfaf1

static const uint8_t bootanim_blob[37214] = {
	0x42, 0x41, 0x4e, 0x31, 0x40, 0x01, 0xf0, 0x00, 0x0c, 0x01, 0x1b, 0x00, 0x01, 0x00, 0x00, 0x00,
	0x00, 0x40, 0x01, 0xf0, 0x00, 0xfc, 0x06, 0x00, 0x00, 0xff, 0xff, 0xde, 0xff, 0xff, 0xde, 0xff,
	0xff, 0xde, 0xff, 0xff, 0xde, 0xff, 0xff, 0xde, 0xff, 0xff, 0xde, 0xff, 0xff, 0xde, 0xff, 0xff,
	0xde, 0xff, 0xff, 0xde, 0xff, 0xff, 0xde, 0xff, 0xff, 0xde, 0xff, 0xff, 0xde, 0xff, 0xff, 0xde,
	0xff, 0xff, 0xde, 0xff, 0xff, 0xde, 0xff, 0xff, 0xde, 0xff, 0xff, 0xde, 0xff, 0xff, 0xde, 0xff,
	0xff, 0xde, 0xff, 0xff, 0xde, 0xff, 0xff, 0xde, 0xff, 0xff, 0xde, 0xff, 0xff, 0xde, 0xff, 0xff,
	0xde, 0xff, 0xff, 0xde, 0xff, 0xff, 0xde, 0xff, 0xff, 0xde, 0xff, 0xff, 0xde, 0xff, 0xff, 0xde,
	0xff, 0xff, 0xde, 0xff, 0xff, 0xde, 0xff, 0xff, 0xde, 0xff, 0xff, 0xde, 0xff, 0xff, 0xde, 0xff,
	0xff, 0xde, 0xff, 0xff, 0xde, 0xff, 0xff, 0xde, 0xff, 0xff, 0xde, 0xff, 0xff, 0xde, 0xff, 0xff,
	0xde, 0xff, 0xff, 0xde, 0xff, 0xff, 0xde, 0xff, 0xff, 0xde, 0xff, 0xff, 0xde, 0xff, 0xff, 0xde,
	0xff, 0xff, 0xde, 0xff, 0xff, 0xde, 0xff, 0xff, 0xde, 0xff, 0xff, 0xde, 0xff, 0xff, 0xde, 0xff,
	0xff, 0xde, 0xff, 0xff, 0xde, 0xff, 0xff, 0xde, 0xff, 0xff, 0xde, 0xff, 0xff, 0xde, 0xff, 0xff,
	0xde, 0xff, 0xff, 0xde, 0xff, 0xff, 0xde, 0xff, 0xff, 0xde, 0xff, 0xff, 0xde, 0xff, 0xff, 0xde,
	0xff, 0xff, 0xde, 0xff, 0xff, 0xde, 0xff, 0xff, 0xde, 0xff, 0xff, 0xde, 0xff, 0xff, 0xde, 0xff,
	0xff, 0xde, 0xff, 0xff, 0xde, 0xff, 0xff, 0xde, 0xff, 0xff, 0xde, 0xff, 0xff, 0xde, 0xff, 0xff,
	0xde, 0xff, 0xff, 0xde, 0xff, 0xff, 0xde, 0xff, 0xff, 0xde, 0xff, 0xff, 0xde, 0xff, 0xff, 0xde,
	0xff, 0xff, 0xde, 0xff, 0xff, 0xde, 0xff, 0xff, 0xde, 0xff, 0xff, 0xde, 0xff, 0xff, 0xde, 0xff,
	0xff, 0xde, 0xff, 0xff, 0xde, 0xff, 0xff, 0xde, 0xff, 0xff, 0xde, 0xff, 0xff, 0xde, 0xff, 0xff,
	0xde, 0xff, 0xff, 0xde, 0xff, 0xff, 0xde, 0xff, 0xff, 0xde, 0xff, 0xff, 0xde, 0xff, 0xff, 0xde,
	0xff, 0xff, 0xde, 0xff, 0xff, 0xde, 0xff, 0xff, 0xde, 0xff, 0xff, 0xde, 0xff, 0xff, 0xde, 0xff,
	0xff, 0xde, 0xff, 0xff, 0xde, 0xff, 0xff, 0xde, 0xff, 0xff, 0xde, 0xff, 0xff, 0xde, 0xff, 0xff,
	0xde, 0xff, 0xff, 0xde, 0xff, 0xff, 0xde, 0xff, 0xff, 0xde, 0xff, 0xff, 0xde, 0xff, 0xff, 0xde,
	0xff, 0xff, 0xde, 0xff, 0xff, 0xde, 0xff, 0xff, 0xde, 0xff, 0xff, 0xde, 0xff, 0xff, 0xde, 0xff,
	0xff, 0xde, 0xff, 0xff, 0xde, 0xff, 0xff, 0xde, 0xff, 0xff, 0xde, 0xff, 0xff, 0xde, 0xff, 0xff,
	0xde, 0xff, 0xff, 0xde, 0xff, 0xff, 0xde, 0xff, 0xff, 0xde, 0xff, 0xff, 0xde, 0xff, 0xff, 0xde,
	0xff, 0xff, 0xde, 0xff, 0xff, 0xde, 0xff, 0xff, 0xde, 0xff, 0xff, 0xde, 0xff, 0xff, 0xde, 0xff,
	0xff, 0xde, 0xff, 0xff, 0xde, 0xff, 0xff, 0xde, 0xff, 0xff, 0xde, 0xff, 0xff, 0xde, 0xff, 0xff,
	0xde, 0xff, 0xff, 0xde, 0xff, 0xff, 0xde, 0xff, 0xff, 0xde, 0xff, 0xff, 0xde, 0xff, 0xff, 0xde,
	0xff, 0xff, 0xde, 0xff, 0xff, 0xde, 0xff, 0xff, 0xde, 0xff, 0xff, 0xde, 0xff, 0xff, 0xde, 0xff,
	0xff, 0xde, 0xff, 0xff, 0xde, 0xff, 0xff, 0xde, 0xff, 0xff, 0xde, 0xff, 0xff, 0xde, 0xff, 0xff,
	0xde, 0xff, 0xff, 0xde, 0xff, 0xff, 0xde, 0xff, 0xff, 0xde, 0xff, 0xff, 0xde, 0xff, 0xff, 0xde,
	0xff, 0xff, 0xde, 0xff, 0xff, 0xde, 0xff, 0xff, 0xde, 0xff, 0xff, 0xde, 0xff, 0xff, 0xde, 0xff,
	0xff, 0xde, 0xff, 0xff, 0xde, 0xff, 0xff, 0xde, 0xff, 0xff, 0xde, 0xff, 0xff, 0xde, 0xff, 0xff,
	0xde, 0xff, 0xff, 0xde, 0xff, 0xff, 0xde, 0xff, 0xff, 0xde, 0xff, 0xff, 0xde, 0xff, 0xff, 0xde,
	0xff, 0xff, 0xde, 0xff, 0xff, 0xde, 0xff, 0xff, 0xde, 0xff, 0xff, 0xde, 0xff, 0xff, 0xde, 0xff,
	0xff, 0xde, 0xff, 0xff, 0xde, 0xff, 0xff, 0xde, 0xff, 0xff, 0xde, 0xff, 0xff, 0xde, 0xff, 0xff,
	0xde, 0xff, 0xff, 0xde, 0xff, 0xff, 0xde, 0xff, 0xff, 0xde, 0xff, 0xff, 0xde, 0xff, 0xff, 0xde,
	0xff, 0xff, 0xde, 0xff, 0xff, 0xde, 0xff, 0xff, 0xde, 0xff, 0xff, 0xde, 0xff, 0xff, 0xde, 0xff,
	0xff, 0xde, 0xff, 0xff, 0xde, 0xff, 0xff, 0xde, 0xff, 0xff, 0xde, 0xff, 0xff, 0xde, 0xff, 0xff,
	0xde, 0xff, 0xff, 0xde, 0xff, 0xff, 0xde, 0xff, 0xff, 0xde, 0xff, 0xff, 0xde, 0xff, 0xff, 0xde,
	0xff, 0xff, 0xde, 0xff, 0xff, 0xde, 0xff, 0xff, 0xde, 0xff, 0xff, 0xde, 0xff, 0xff, 0xde, 0xff,
	0xff, 0xde, 0xff, 0xff, 0xde, 0xff, 0xff, 0xde, 0xff, 0xff, 0xde, 0xff, 0xff, 0xde, 0xff, 0xff,
	0xde, 0xff, 0xff, 0xde, 0xff, 0xff, 0xde, 0xff, 0xff, 0xde, 0xff, 0xff, 0xde, 0xff, 0xff, 0xde,
	0xff, 0xff, 0xde, 0xff, 0xff, 0xde, 0xff, 0xff, 0xde, 0xff, 0xff, 0xde, 0xff, 0xff, 0xde, 0xff,
	0xff, 0xde, 0xff, 0xff, 0xde, 0xff, 0xff, 0xde, 0xff, 0xff, 0xde, 0xff, 0xff, 0xde, 0xff, 0xff,
	0xde, 0xff, 0xff, 0xde, 0xff, 0xff, 0xde, 0xff, 0xff, 0xde, 0xff, 0xff, 0xde, 0xff, 0xff, 0xde,
	0xff, 0xff, 0xde, 0xff, 0xff, 0xde, 0xff, 0xff, 0xde, 0xff, 0xff, 0xde, 0xff, 0xff, 0xde, 0xff,
	0xff, 0xde, 0xff, 0xff, 0xde, 0xff, 0xff, 0xde, 0xff, 0xff, 0xde, 0xff, 0xff, 0xde, 0xff, 0xff,
	0xde, 0xff, 0xff, 0xde, 0xff, 0xff, 0xde, 0xff, 0xff, 0xde, 0xff, 0xff, 0xde, 0xff, 0xff, 0xde,
	0xff, 0xff, 0xde, 0xff, 0xff, 0xde, 0xff, 0xff, 0xde, 0xff, 0xff, 0xde, 0xff, 0xff, 0xde, 0xff,
	0xff, 0xde, 0xff, 0xff, 0xde, 0xff, 0xff, 0xde, 0xff, 0xff, 0xde, 0xff, 0xff, 0xde, 0xff, 0xff,
	0xde, 0xff, 0xff, 0xde, 0xff, 0xff, 0xde, 0xff, 0xff, 0xde, 0xff, 0xff, 0xde, 0xff, 0xff, 0xde,
	0xff, 0xff, 0xde, 0xff, 0xff, 0xde, 0xff, 0xff, 0xde, 0xff, 0xff, 0xde, 0xff, 0xff, 0xde, 0xff,
	0xff, 0xde, 0xff, 0xff, 0xde, 0xff, 0xff, 0xde, 0xff, 0xff, 0xde, 0xff, 0xff, 0xde, 0xff, 0xff,
	0xde, 0xff, 0xff, 0xde, 0xff, 0xff, 0xde, 0xff, 0xff, 0xde, 0xff, 0xff, 0xde, 0xff, 0xff, 0xde,
	0xff, 0xff, 0xde, 0xff, 0xff, 0xde, 0xff, 0xff, 0xde, 0xff, 0xff, 0xde, 0xff, 0xff, 0xde, 0xff,
	0xff, 0xde, 0xff, 0xff, 0xde, 0xff, 0xff, 0xde, 0xff, 0xff, 0xde, 0xff, 0xff, 0xde, 0xff, 0xff,
	0xde, 0xff, 0xff, 0xde, 0xff, 0xff, 0xde, 0xff, 0xff, 0xde, 0xff, 0xff, 0xde, 0xff, 0xff, 0xde,
	0xff, 0xff, 0xde, 0xff, 0xff, 0xde, 0xff, 0xff, 0xde, 0xff, 0xff, 0xde, 0xff, 0xff, 0xde, 0xff,
	0xff, 0xde, 0xff, 0xff, 0xde, 0xff, 0xff, 0xde, 0xff, 0xff, 0xde, 0xff, 0xff, 0xde, 0xff, 0xff,
	0xde, 0xff, 0xff, 0xde, 0xff, 0xff, 0xde, 0xff, 0xff, 0xde, 0xff, 0xff, 0xde, 0xff, 0xff, 0xde,
	0xff, 0xff, 0xde, 0xff, 0xff, 0xde, 0xff, 0xff, 0xde, 0xff, 0xff, 0xde, 0xff, 0xff, 0xde, 0xff,
	0xff, 0xde, 0xff, 0xff, 0xde, 0xff, 0xff, 0xde, 0xff, 0xff, 0xde, 0xff, 0xff, 0xde, 0xff, 0xff,
	0xde, 0xff, 0xff, 0xde, 0xff, 0xff, 0xde, 0xff, 0xff, 0xde, 0xff, 0xff, 0xde, 0xff, 0xff, 0xde,
	0xff, 0xff, 0xde, 0xff, 0xff, 0xde, 0xff, 0xff, 0xde, 0xff, 0xff, 0xde, 0xff, 0xff, 0xde, 0xff,
	0xff, 0xde, 0xff, 0xff, 0xde, 0xff, 0xff, 0xde, 0xff, 0xff, 0xde, 0xff, 0xff, 0xde, 0xff, 0xff,
	0xde, 0xff, 0xff, 0xde, 0xff, 0xff, 0xde, 0xff, 0xff, 0xde, 0xff, 0xff, 0xde, 0xff, 0xff, 0xde,
	0xff, 0xff, 0xde, 0xff, 0xff, 0xde, 0xff, 0xff, 0xde, 0xff, 0xff, 0xde, 0xff, 0xff, 0xde, 0xff,
	0xff, 0xde, 0xff, 0xff, 0xde, 0xff, 0xff, 0xde, 0xff, 0xff, 0xde, 0xff, 0xff, 0xde, 0xff, 0xff,
	0xde, 0xff, 0xff, 0xde, 0xff, 0xff, 0xde, 0xff, 0xff, 0xde, 0xff, 0xff, 0xde, 0xff, 0xff, 0xde,
	0xff, 0xff, 0xde, 0xff, 0xff, 0xde, 0xff, 0xff, 0xde, 0xff, 0xff, 0xde, 0xff, 0xff, 0xde, 0xff,
	0xff, 0xde, 0xff, 0xff, 0xde, 0xff, 0xff, 0xde, 0xff, 0xff, 0xde, 0xff, 0xff, 0xde, 0xff, 0xff,
	0xde, 0xff, 0xff, 0xde, 0xff, 0xff, 0xde, 0xff, 0xff, 0xde, 0xff, 0xff, 0xde, 0xff, 0xff, 0xde,
	0xff, 0xff, 0xde, 0xff, 0xff, 0xde, 0xff, 0xff, 0xde, 0xff, 0xff, 0xde, 0xff, 0xff, 0xde, 0xff,
	0xff, 0xde, 0xff, 0xff, 0xde, 0xff, 0xff, 0xde, 0xff, 0xff, 0xde, 0xff, 0xff, 0xde, 0xff, 0xff,
	0xde, 0xff, 0xff, 0xde, 0xff, 0xff, 0xde, 0xff, 0xff, 0xde, 0xff, 0xff, 0xde, 0xff, 0xff, 0xde,
	0xff, 0xff, 0xde, 0xff, 0xff, 0xde, 0xff, 0xff, 0xde, 0xff, 0xff, 0xde, 0xff, 0xff, 0xde, 0xff,
	0xff, 0xde, 0xff, 0xff, 0xde, 0xff, 0xff, 0xde, 0xff, 0xff, 0xde, 0xff, 0xff, 0xde, 0xff, 0xff,
	0xde, 0xff, 0xff, 0xde, 0xff, 0xff, 0xde, 0xff, 0xff, 0xde, 0xff, 0xff, 0xde, 0xff, 0xff, 0xde,
	0xff, 0xff, 0xde, 0xff, 0xff, 0xde, 0xff, 0xff, 0xde, 0xff, 0xff, 0xde, 0xff, 0xff, 0xde, 0xff,
	0xff, 0xde, 0xff, 0xff, 0xde, 0xff, 0xff, 0xde, 0xff, 0xff, 0xde, 0xff, 0xff, 0xde, 0xff, 0xff,
	0xde, 0xff, 0xff, 0xde, 0xff, 0xff, 0xde, 0xff, 0xff, 0xde, 0xff, 0xff, 0xde, 0xff, 0xff, 0xde,
	0xff, 0xff, 0xde, 0xff, 0xff, 0xde, 0xff, 0xff, 0xde, 0xff, 0xff, 0xde, 0xff, 0xff, 0xde, 0xff,
	0xff, 0xde, 0xff, 0xff, 0xde, 0xff, 0xff, 0xde, 0xff, 0xff, 0xde, 0xff, 0xff, 0xde, 0xff, 0xff,
	0xde, 0xff, 0xff, 0xde, 0xff, 0xff, 0xde, 0xff, 0xff, 0xde, 0xff, 0xff, 0xde, 0xff, 0xff, 0xde,
	0xff, 0xff, 0xde, 0xff, 0xff, 0xde, 0xff, 0xff, 0xde, 0xff, 0xff, 0xde, 0xff, 0xff, 0xde, 0xff,
	0xff, 0xde, 0xff, 0xff, 0xde, 0xff, 0xff, 0xde, 0xff, 0xff, 0xde, 0xff, 0xff, 0xde, 0xff, 0xff,
	0xde, 0xff, 0xff, 0xde, 0xff, 0xff, 0xde, 0xff, 0xff, 0xde, 0xff, 0xff, 0xde, 0xff, 0xff, 0xde,
	0xff, 0xff, 0xde, 0xff, 0xff, 0xde, 0xff, 0xff, 0xde, 0xff, 0xff, 0xde, 0xff, 0xff, 0xde, 0xff,
	0xff, 0xde, 0xff, 0xff, 0xde, 0xff, 0xff, 0xde, 0xff, 0xff, 0xde, 0xff, 0xff, 0xde, 0xff, 0xff,
	0xde, 0xff, 0xff, 0xde, 0xff, 0xff, 0xde, 0xff, 0xff, 0xde, 0xff, 0xff, 0xde, 0xff, 0xff, 0xde,
	0xff, 0xff, 0xde, 0xff, 0xff, 0xde, 0xff, 0xff, 0xde, 0xff, 0xff, 0xde, 0xff, 0xff, 0xde, 0xff,
	0xff, 0xde, 0xff, 0xff, 0xde, 0xff, 0xff, 0xde, 0xff, 0xff, 0xde, 0xff, 0xff, 0xde, 0xff, 0xff,
	0xde, 0xff, 0xff, 0xde, 0xff, 0xff, 0xde, 0xff, 0xff, 0xde, 0xff, 0xff, 0xde, 0xff, 0xff, 0xde,
	0xff, 0xff, 0xde, 0xff, 0xff, 0xde, 0xff, 0xff, 0xde, 0xff, 0xff, 0xde, 0xff, 0xff, 0xde, 0xff,
	0xff, 0xde, 0xff, 0xff, 0xde, 0xff, 0xff, 0xde, 0xff, 0xff, 0xde, 0xff, 0xff, 0xde, 0xff, 0xff,
	0xde, 0xff, 0xff, 0xde, 0xff, 0xff, 0xde, 0xff, 0xff, 0xde, 0xff, 0xff, 0xde, 0xff, 0xff, 0xde,
	0xff, 0xff, 0xde, 0xff, 0xff, 0xde, 0xff, 0xff, 0xde, 0xff, 0xff, 0xde, 0xff, 0xff, 0xde, 0xff,
	0xff, 0xde, 0xff, 0xff, 0xde, 0xff, 0xff, 0xde, 0xff, 0xff, 0xde, 0xff, 0xff, 0xde, 0xff, 0xff,
	0xde, 0xff, 0xff, 0xde, 0xff, 0xff, 0xde, 0xff, 0xff, 0xde, 0xff, 0xff, 0xde, 0xff, 0xff, 0xde,
	0xff, 0xff, 0xde, 0xff, 0xff, 0xde, 0xff, 0xff, 0xde, 0xff, 0xff, 0xde, 0xff, 0xff, 0xde, 0xff,
	0xff, 0xde, 0xff, 0xff, 0xde, 0xff, 0xff, 0xde, 0xff, 0xff, 0xde, 0xff, 0xff, 0xde, 0xff, 0xff,
	0xde, 0xff, 0xff, 0xde, 0xff, 0xff, 0xde, 0xff, 0xff, 0xde, 0xff, 0xff, 0xde, 0xff, 0xff, 0xde,
	0xff, 0xff, 0xde, 0xff, 0xff, 0xde, 0xff, 0xff, 0xde, 0xff, 0xff, 0xde, 0xff, 0xff, 0xde, 0xff,
	0xff, 0xde, 0xff, 0xff, 0xde, 0xff, 0xff, 0xde, 0xff, 0xff, 0xde, 0xff, 0xff, 0xde, 0xff, 0xff,
	0xde, 0xff, 0xff, 0xde, 0xff, 0xff, 0xde, 0xff, 0xff, 0xde, 0xff, 0xff, 0xde, 0xff, 0xff, 0xde,
	0xff, 0xff, 0xde, 0xff, 0xff, 0xde, 0xff, 0xff, 0xde, 0xff, 0xff, 0xde, 0xff, 0xff, 0xde, 0xff,
	0xff, 0xde, 0xff, 0xff, 0xde, 0xff, 0xff, 0xde, 0xff, 0xff, 0xde, 0xff, 0xff, 0xde, 0xff, 0xff,
	0xde, 0xff, 0xff, 0xde, 0xff, 0xff, 0xde, 0xff, 0xff, 0xde, 0xff, 0xff, 0xde, 0xff, 0xff, 0xde,
	0xff, 0xff, 0xde, 0xff, 0xff, 0xde, 0xff, 0xff, 0xde, 0xff, 0xff, 0xde, 0xff, 0xff, 0xde, 0xff,
	0xff, 0xde, 0xff, 0xff, 0xde, 0xff, 0xff, 0xde, 0xff, 0xff, 0xde, 0xff, 0xff, 0xde, 0xff, 0xff,
	0xde, 0xff, 0xff, 0xde, 0xff, 0xff, 0xde, 0xff, 0xff, 0xde, 0xff, 0xff, 0xde, 0xff, 0xff, 0xde,
	0xff, 0xff, 0xde, 0xff, 0xff, 0xde, 0xff, 0xff, 0xde, 0xff, 0xff, 0xde, 0xff, 0xff, 0xde, 0xff,
	0xff, 0xde, 0xab, 0xff, 0xde, 0x01, 0x85, 0x00, 0x68, 0x00, 0x35, 0x00, 0x6d, 0x00, 0x5f, 0x10,
	0x00, 0x00, 0x8e, 0xff, 0xde, 0x81, 0xff, 0x3b, 0x80, 0xff, 0x1a, 0x00, 0xf6, 0xfa, 0x81, 0xf7,
	0x1a, 0x00, 0xff, 0x1a, 0x82, 0xf7, 0x1a, 0x06, 0xf6, 0xfa, 0xf7, 0x1a, 0xff, 0x1a, 0xff, 0x3a,
	0xff, 0x3b, 0xff, 0x1a, 0xff, 0x3b, 0x9d, 0xff, 0xde, 0x04, 0xff, 0xbd, 0xf6, 0x77, 0xfe, 0x57,
	0xfe, 0x77, 0xf6, 0x57, 0x89, 0xf6, 0x56, 0x06, 0xf6, 0x57, 0xf6, 0x77, 0xfe, 0x77, 0xfe, 0x77,
	0xf6, 0x56, 0xf6, 0x77, 0xff, 0xdd, 0x9c, 0xff, 0xde, 0x01, 0xff, 0xbd, 0xf6, 0x57, 0x8e, 0xf6,
	0x56, 0x80, 0xf6, 0x57, 0x02, 0xf6, 0x36, 0xf6, 0x57, 0xff, 0xbd, 0x9c, 0xff, 0xde, 0x04, 0xff,
	0x7c, 0xfe, 0x77, 0xf6, 0x56, 0xf6, 0x36, 0xf6, 0x36, 0x84, 0xf6, 0x56, 0x00, 0xf6, 0x36, 0x87,
	0xf6, 0x56, 0x01, 0xf6, 0x77, 0xff, 0x9d, 0x9c, 0xff, 0xde, 0x04, 0xff, 0x5b, 0xf6, 0x57, 0xf6,
	0x56, 0xf6, 0x36, 0xf6, 0x36, 0x83, 0xf6, 0x56, 0x81, 0xf6, 0x36, 0x83, 0xf6, 0x56, 0x80, 0xf6,
	0x36, 0x02, 0xf6, 0x56, 0xfe, 0x77, 0xff, 0x7c, 0x9c, 0xff, 0xde, 0x00, 0xff, 0x1a, 0x87, 0xf6,
	0x56, 0x00, 0xf6, 0x36, 0x85, 0xf6, 0x56, 0x04, 0xf6, 0x36, 0xf6, 0x56, 0xf6, 0x56, 0xfe, 0x77,
	0xff, 0x5b, 0x9c, 0xff, 0xde, 0x02, 0xf6, 0xd9, 0xf6, 0x56, 0xf6, 0x57, 0x84, 0xf6, 0x56, 0x81,
	0xf6, 0x36, 0x86, 0xf6, 0x56, 0x02, 0xf6, 0x57, 0xfe, 0x77, 0xff, 0x1a, 0x9c, 0xff, 0xde, 0x00,
	0xf6, 0xb8, 0x83, 0xf6, 0x56, 0x81, 0xf6, 0x36, 0x05, 0xf6, 0x56, 0xf6, 0x36, 0xf6, 0x56, 0xf6,
	0x36, 0xf6, 0x56, 0xf6, 0x36, 0x84, 0xf6, 0x56, 0x01, 0xf6, 0x57, 0xf6, 0xd9, 0x9c, 0xff, 0xde,
	0x00, 0xf6, 0x98, 0x84, 0xf6, 0x56, 0x80, 0xf6, 0x36, 0x03, 0xf6, 0x56, 0xf6, 0x36, 0xf6, 0x56,
	0xf6, 0x36, 0x85, 0xf6, 0x56, 0x02, 0xf6, 0x57, 0xf6, 0x56, 0xf6, 0x98, 0x9b, 0xff, 0xde, 0x01,
	0xff, 0xbd, 0xf6, 0x77, 0x83, 0xf6, 0x56, 0x82, 0xf6, 0x36, 0x82, 0xf6, 0x56, 0x80, 0xf6, 0x36,
	0x82, 0xf6, 0x56, 0x02, 0xf6, 0x57, 0xf6, 0x56, 0xf6, 0x77, 0x9b, 0xff, 0xde, 0x03, 0xff, 0x9d,
	0xf6, 0x77, 0xf6, 0x56, 0xf6, 0x56, 0x85, 0xf6, 0x36, 0x82, 0xf6, 0x56, 0x00, 0xf6, 0x36, 0x85,
	0xf6, 0x56, 0x01, 0xf6, 0x77, 0xff, 0xbd, 0x9a, 0xff, 0xde, 0x03, 0xff, 0x7c, 0xf6, 0x57, 0xf6,
	0x56, 0xf6, 0x56, 0x84, 0xf6, 0x36, 0x05, 0xf6, 0x56, 0xf6, 0x36, 0xf6, 0x56, 0xf6, 0x56, 0xf6,
	0x36, 0xf6, 0x36, 0x85, 0xf6, 0x56, 0x01, 0xf6, 0x57, 0xff, 0x9c, 0x9a, 0xff, 0xde, 0x02, 0xff,
	0x5b, 0xfe, 0x77, 0xf6, 0x56, 0x84, 0xf6, 0x36, 0x80, 0xf6, 0x56, 0x04, 0xf6, 0x36, 0xf6, 0x56,
	0xf6, 0x36, 0xf6, 0x56, 0xf6, 0x36, 0x84, 0xf6, 0x56, 0x02, 0xf6, 0x57, 0xfe, 0x77, 0xff, 0x5b,
	0x9a, 0xff, 0xde, 0x02, 0xff, 0x1a, 0xfe, 0x56, 0xf6, 0x56, 0x84, 0xf6, 0x36, 0x04, 0xf6, 0x56,
	0xf6, 0x36, 0xf6, 0x56, 0xf6, 0x36, 0xf6, 0x36, 0x86, 0xf6, 0x56, 0x02, 0xf6, 0x57, 0xfe, 0x77,
	0xff, 0x3b, 0x9a, 0xff, 0xde, 0x02, 0xf6, 0xd9, 0xf6, 0x56, 0xf6, 0x56, 0x81, 0xf6, 0x36, 0x80,
	0xf6, 0x56, 0x80, 0xf6, 0x36, 0x8b, 0xf6, 0x56, 0x01, 0xfe, 0x77, 0xff, 0x1a, 0x9a, 0xff, 0xde,
	0x02, 0xf6, 0xb8, 0xf6, 0x56, 0xf6, 0x56, 0x81, 0xf6, 0x36, 0x8f, 0xf6, 0x56, 0x01, 0xf6, 0x77,
	0xf6, 0xd9, 0x9a, 0xff, 0xde, 0x03, 0xf6, 0x77, 0xf6, 0x36, 0xf6, 0x56, 0xf6, 0x36, 0x83, 0xf6,
	0x56, 0x00, 0xf6, 0x36, 0x8b, 0xf6, 0x56, 0x01, 0xf6, 0x57, 0xf6, 0xb8, 0x99, 0xff, 0xde, 0x01,
	0xff, 0xbd, 0xf6, 0x57, 0x87, 0xf6, 0x56, 0x00, 0xf6, 0x36, 0x8b, 0xf6, 0x56, 0x00, 0xf6, 0x97,
	0x99, 0xff, 0xde, 0x01, 0xff, 0x9c, 0xf6, 0x77, 0x8e, 0xf6, 0x56, 0x80, 0xf6, 0x36, 0x83, 0xf6,
	0x56, 0x01, 0xf6, 0x77, 0xff, 0xbd, 0x98, 0xff, 0xde, 0x01, 0xff, 0x7c, 0xf6, 0x57, 0x8e, 0xf6,
	0x56, 0x80, 0xf6, 0x36, 0x83, 0xf6, 0x56, 0x01, 0xfe, 0x77, 0xff, 0x9c, 0x98, 0xff, 0xde, 0x01,
	0xff, 0x3b, 0xfe, 0x77, 0x8f, 0xf6, 0x56, 0x00, 0xf6, 0x36, 0x83, 0xf6, 0x56, 0x01, 0xf6, 0x57,
	0xff, 0x5b, 0x98, 0xff, 0xde, 0x06, 0xf7, 0x1a, 0xfe, 0x57, 0xf6, 0x57, 0xf6, 0x56, 0xf6, 0x56,
	0xf6, 0x36, 0xf6, 0x36, 0x84, 0xf6, 0x56, 0x00, 0xf6, 0x36, 0x83, 0xf6, 0x56, 0x00, 0xf6, 0x36,
	0x83, 0xf6, 0x56, 0x01, 0xfe, 0x57, 0xff, 0x3a, 0x98, 0xff, 0xde, 0x00, 0xf6, 0xd9, 0x82, 0xf6,
	0x56, 0x81, 0xf6, 0x36, 0x83, 0xf6, 0x56, 0x00, 0xf6, 0x36, 0x84, 0xf6, 0x56, 0x00, 0xf6, 0x36,
	0x83, 0xf6, 0x56, 0x00, 0xf6, 0xfa, 0x98, 0xff, 0xde, 0x01, 0xf6, 0xb8, 0xf6, 0x57, 0x81, 0xf6,
	0x56, 0x81, 0xf6, 0x36, 0x86, 0xf6, 0x56, 0x00, 0xf6, 0x36, 0x87, 0xf6, 0x56, 0x00, 0xf6, 0xd9,
	0x97, 0xff, 0xde, 0x01, 0xff, 0xdd, 0xf6, 0x77, 0x81, 0xf6, 0x56, 0x00, 0xf6, 0x36, 0x85, 0xf6,
	0x56, 0x04, 0xf6, 0x36, 0xf6, 0x56, 0xf6, 0x56, 0xf6, 0x36, 0xf6, 0x36, 0x82, 0xf6, 0x56, 0x05,
	0xf6, 0x36, 0xf6, 0x56, 0xf6, 0x36, 0xf6, 0x56, 0xf6, 0x56, 0xf6, 0x98, 0x97, 0xff, 0xde, 0x01,
	0xff, 0xbd, 0xf6, 0x57, 0x81, 0xf6, 0x56, 0x00, 0xf6, 0x36, 0x82, 0xf6, 0x56, 0x80, 0xf6, 0x36,
	0x83, 0xf6, 0x56, 0x00, 0xf6, 0x36, 0x83, 0xf6, 0x56, 0x00, 0xf6, 0x36, 0x81, 0xf6, 0x56, 0x01,
	0xf6, 0x77, 0xff, 0xbd, 0x96, 0xff, 0xde, 0x03, 0xff, 0x7c, 0xfe, 0x77, 0xf6, 0x56, 0xf6, 0x36,
	0x84, 0xf6, 0x56, 0x81, 0xf6, 0x36, 0x85, 0xf6, 0x56, 0x00, 0xf6, 0x36, 0x84, 0xf6, 0x56, 0x01,
	0xf6, 0x77, 0xff, 0xbd, 0x96, 0xff, 0xde, 0x03, 0xff, 0x5b, 0xfe, 0x57, 0xf6, 0x56, 0xf6, 0x36,
	0x85, 0xf6, 0x56, 0x80, 0xf6, 0x36, 0x82, 0xf6, 0x56, 0x81, 0xf6, 0x36, 0x84, 0xf6, 0x56, 0x02,
	0xf6, 0x57, 0xfe, 0x77, 0xff, 0x7c, 0x96, 0xff, 0xde, 0x03, 0xff, 0x1a, 0xf6, 0x56, 0xf6, 0x56,
	0xf6, 0x36, 0x8a, 0xf6, 0x56, 0x05, 0xf6, 0x36, 0xf6, 0x56, 0xf6, 0x36, 0xf6, 0x56, 0xf6, 0x36,
	0xf6, 0x36, 0x82, 0xf6, 0x56, 0x02, 0xf6, 0x57, 0xfe, 0x77, 0xff, 0x5b, 0x96, 0xff, 0xde, 0x00,
	0xf6, 0xf9, 0x91, 0xf6, 0x56, 0x80, 0xf6, 0x36, 0x82, 0xf6, 0x56, 0x02, 0xf6, 0x57, 0xfe, 0x77,
	0xff, 0x1a, 0x96, 0xff, 0xde, 0x00, 0xf6, 0xb8, 0x92, 0xf6, 0x56, 0x00, 0xf6, 0x36, 0x84, 0xf6,
	0x56, 0x00, 0xf6, 0xd9, 0x96, 0xff, 0xde, 0x00, 0xf6, 0x98, 0x82, 0xf6, 0x56, 0x80, 0xf6, 0x36,
	0x93, 0xf6, 0x56, 0x00, 0xf6, 0x98, 0x95, 0xff, 0xde, 0x01, 0xff, 0xbd, 0xf6, 0x77, 0x81, 0xf6,
	0x56, 0x02, 0xf6, 0x36, 0xf6, 0x56, 0xf6, 0x36, 0x93, 0xf6, 0x56, 0x01, 0xf6, 0x77, 0xff, 0xdd,
	0x94, 0xff, 0xde, 0x01, 0xff, 0x9d, 0xf6, 0x57, 0x81, 0xf6, 0x56, 0x81, 0xf6, 0x36, 0x93, 0xf6,
	0x56, 0x01, 0xf6, 0x77, 0xff, 0xbd, 0x94, 0xff, 0xde, 0x03, 0xff, 0x7c, 0xfe, 0x57, 0xf6, 0x56,
	0xf6, 0x56, 0x81, 0xf6, 0x36, 0x91, 0xf6, 0x56, 0x04, 0xf6, 0x36, 0xf6, 0x56, 0xf6, 0x56, 0xf6,
	0x57, 0xff, 0x9c, 0x94, 0xff, 0xde, 0x02, 0xff, 0x3b, 0xfe, 0x77, 0xf6, 0x56, 0x82, 0xf6, 0x36,
	0x8f, 0xf6, 0x56, 0x00, 0xf6, 0x36, 0x82, 0xf6, 0x56, 0x01, 0xfe, 0x77, 0xff, 0x5b, 0x94, 0xff,
	0xde, 0x02, 0xfe, 0xfa, 0xf6, 0x57, 0xf6, 0x56, 0x81, 0xf6, 0x36, 0x00, 0xf6, 0x56, 0x81, 0xf6,
	0x36, 0x01, 0xf6, 0x56, 0xf6, 0x36, 0x89, 0xf6, 0x56, 0x81, 0xf6, 0x36, 0x04, 0xf6, 0x56, 0xf6,
	0x36, 0xf6, 0x56, 0xfe, 0x57, 0xff, 0x1a, 0x94, 0xff, 0xde, 0x02, 0xf6, 0xb9, 0xf6, 0x56, 0xf6,
	0x56, 0x82, 0xf6, 0x36, 0x80, 0xf6, 0x56, 0x81, 0xf6, 0x36, 0x88, 0xf6, 0x56, 0x01, 0xf6, 0x36,
	0xf6, 0x56, 0x81, 0xf6, 0x36, 0x80, 0xf6, 0x56, 0x01, 0xf6, 0x57, 0xf6, 0xf9, 0x94, 0xff, 0xde,
	0x02, 0xf6, 0x98, 0xf6, 0x36, 0xf6, 0x56, 0x86, 0xf6, 0x36, 0x01, 0xf6, 0x56, 0xf6, 0x36, 0x87,
	0xf6, 0x56, 0x82, 0xf6, 0x36, 0x82, 0xf6, 0x56, 0x00, 0xf6, 0xb8, 0x93, 0xff, 0xde, 0x01, 0xff,
	0xdd, 0xf6, 0x77, 0x86, 0xf6, 0x36, 0x80, 0xf6, 0x56, 0x00, 0xf6, 0x36, 0x89, 0xf6, 0x56, 0x81,
	0xf6, 0x36, 0x82, 0xf6, 0x56, 0x00, 0xf6, 0x77, 0x93, 0xff, 0xde, 0x01, 0xff, 0x9c, 0xf6, 0x77,
	0x8d, 0xf6, 0x36, 0x84, 0xf6, 0x56, 0x00, 0xf6, 0x36, 0x81, 0xf6, 0x56, 0x00, 0xf6, 0x36, 0x81,
	0xf6, 0x56, 0x01, 0xf6, 0x77, 0xff, 0xbd, 0x92, 0xff, 0xde, 0x02, 0xff, 0x7c, 0xf6, 0x56, 0xf6,
	0x56, 0x82, 0xf6, 0x36, 0x0c, 0xf6, 0x56, 0xf6, 0x36, 0xf6, 0x56, 0xf6, 0x36, 0xf6, 0x36, 0xf6,
	0x56, 0xf6, 0x36, 0xf6, 0x36, 0xf6, 0x56, 0xf6, 0x56, 0xf6, 0x36, 0xf6, 0x56, 0xf6, 0x56, 0x83,
	0xf6, 0x36, 0x80, 0xf6, 0x56, 0x80, 0xf6, 0x36, 0x80, 0xf6, 0x56, 0x01, 0xfe, 0x77, 0xff, 0x7c,
	0x92, 0xff, 0xde, 0x02, 0xff, 0x3b, 0xfe, 0x56, 0xf6, 0x56, 0x87, 0xf6, 0x36, 0x81, 0xf6, 0x56,
	0x83, 0xf6, 0x36, 0x81, 0xf6, 0x56, 0x81, 0xf6, 0x36, 0x00, 0xf6, 0x56, 0x81, 0xf6, 0x36, 0x02,
	0xf6, 0x56, 0xfe, 0x57, 0xff, 0x5b, 0x92, 0xff, 0xde, 0x02, 0xf6, 0xfa, 0xf6, 0x56, 0xf6, 0x56,
	0x8d, 0xf6, 0x36, 0x01, 0xf6, 0x56, 0xf6, 0x36, 0x84, 0xf6, 0x56, 0x82, 0xf6, 0x36, 0x02, 0xf6,
	0x56, 0xfe, 0x57, 0xff, 0x1a, 0x92, 0xff, 0xde, 0x02, 0xf6, 0xb8, 0xf6, 0x56, 0xf6, 0x56, 0x8f,
	0xf6, 0x36, 0x0c, 0xf6, 0x56, 0xf6, 0x36, 0xf6, 0x36, 0xf6, 0x56, 0xf6, 0x56, 0xf6, 0x36, 0xf6,
	0x36, 0xf6, 0x56, 0xf6, 0x36, 0xf6, 0x36, 0xf6, 0x56, 0xf6, 0x56, 0xf6, 0xd9, 0x92, 0xff, 0xde,
	0x02, 0xf6, 0x77, 0xf6, 0x36, 0xf6, 0x56, 0x89, 0xf6, 0x36, 0x00, 0xf6, 0x56, 0x82, 0xf6, 0x36,
	0x80, 0xf6, 0x56, 0x01, 0xf6, 0x36, 0xf6, 0x56, 0x83, 0xf6, 0x36, 0x04, 0xf6, 0x56, 0xf6, 0x36,
	0xf6, 0x56, 0xf6, 0x56, 0xf6, 0x98, 0x91, 0xff, 0xde, 0x03, 0xff, 0xbd, 0xf6, 0x57, 0xf6, 0x36,
	0xf6, 0x56, 0x8d, 0xf6, 0x36, 0x04, 0xf6, 0x56, 0xf6, 0x36, 0xf6, 0x36, 0xf6, 0x56, 0xf6, 0x56,
	0x85, 0xf6, 0x36, 0x03, 0xf6, 0x56, 0xf6, 0x36, 0xf6, 0x77, 0xff, 0xdd, 0x90, 0xff, 0xde, 0x02,
	0xff, 0x9c, 0xf6, 0x77, 0xf6, 0x56, 0x92, 0xf6, 0x36, 0x02, 0xf6, 0x56, 0xf6, 0x36, 0xf6, 0x36,
	0x81, 0xf6, 0x56, 0x80, 0xf6, 0x36, 0x80, 0xf6, 0x56, 0x01, 0xf6, 0x77, 0xff, 0xbd, 0x90, 0xff,
	0xde, 0x02, 0xff, 0x5b, 0xfe, 0x77, 0xf6, 0x56, 0x85, 0xf6, 0x36, 0x05, 0xf6, 0x56, 0xf6, 0x36,
	0xf6, 0x56, 0xf6, 0x56, 0xf6, 0x36, 0xf6, 0x56, 0x8a, 0xf6, 0x36, 0x80, 0xf6, 0x56, 0x80, 0xf6,
	0x36, 0x02, 0xf6, 0x56, 0xfe, 0x77, 0xff, 0x7c, 0x90, 0xff, 0xde, 0x02, 0xff, 0x1a, 0xfe, 0x57,
	0xf6, 0x56, 0x84, 0xf6, 0x36, 0x84, 0xf6, 0x56, 0x01, 0xf6, 0x36, 0xf6, 0x56, 0x88, 0xf6, 0x36,
	0x80, 0xf6, 0x56, 0x00, 0xf6, 0x36, 0x81, 0xf6, 0x56, 0x01, 0xf6, 0x57, 0xff, 0x3b, 0x90, 0xff,
	0xde, 0x02, 0xf6, 0xd9, 0xf6, 0x56, 0xf6, 0x56, 0x83, 0xf6, 0x36, 0x84, 0xf6, 0x56, 0x82, 0xf6,
	0x36, 0x84, 0xf6, 0x56, 0x82, 0xf6, 0x36, 0x80, 0xf6, 0x56, 0x80, 0xf6, 0x36, 0x80, 0xf6, 0x56,
	0x00, 0xf6, 0xfa, 0x90, 0xff, 0xde, 0x02, 0xf6, 0xb8, 0xf6, 0x56, 0xf6, 0x56, 0x84, 0xf6, 0x36,
	0x84, 0xf6, 0x56, 0x80, 0xf6, 0x36, 0x82, 0xf6, 0x56, 0x87, 0xf6, 0x36, 0x04, 0xf6, 0x56, 0xf6,
	0x36, 0xf6, 0x56, 0xf6, 0x56, 0xf6, 0xd9, 0x8f, 0xff, 0xde, 0x03, 0xff, 0xdd, 0xf6, 0x77, 0xf6,
	0x36, 0xf6, 0x56, 0x81, 0xf6, 0x36, 0x88, 0xf6, 0x56, 0x00, 0xf6, 0x36, 0x82, 0xf6, 0x56, 0x80,
	0xf6, 0x36, 0x80, 0xf6, 0x56, 0x09, 0xf6, 0x36, 0xf6, 0x56, 0xf6, 0x36, 0xf6, 0x36, 0xf6, 0x56,
	0xf6, 0x36, 0xf6, 0x36, 0xf6, 0x56, 0xf6, 0x56, 0xf6, 0x98, 0x8f, 0xff, 0xde, 0x01, 0xff, 0xbd,
	0xf6, 0x57, 0x84, 0xf6, 0x36, 0x89, 0xf6, 0x56, 0x82, 0xf6, 0x36, 0x04, 0xf6, 0x56, 0xf6, 0x36,
	0xf6, 0x36, 0xf6, 0x56, 0xf6, 0x56, 0x82, 0xf6, 0x36, 0x81, 0xf6, 0x56, 0x01, 0xf6, 0x77, 0xff,
	0xbd, 0x8e, 0xff, 0xde, 0x07, 0xff, 0x7c, 0xf6, 0x57, 0xf6, 0x56, 0xf6, 0x36, 0xf6, 0x36, 0xf6,
	0x56, 0xf6, 0x36, 0xf6, 0x36, 0x8b, 0xf6, 0x56, 0x01, 0xf6, 0x36, 0xf6, 0x56, 0x86, 0xf6, 0x36,
	0x82, 0xf6, 0x56, 0x01, 0xf6, 0x77, 0xff, 0x9d, 0x8e, 0xff, 0xde, 0x03, 0xff, 0x3b, 0xfe, 0x57,
	0xf6, 0x56, 0xf6, 0x56, 0x83, 0xf6, 0x36, 0x88, 0xf6, 0x56, 0x02, 0xf6, 0x36, 0xf6, 0x56, 0xf6,
	0x56, 0x85, 0xf6, 0x36, 0x84, 0xf6, 0x56, 0x01, 0xfe, 0x77, 0xff, 0x7c, 0x8e, 0xff, 0xde, 0x03,
	0xf6, 0xfa, 0xf6, 0x57, 0xf6, 0x56, 0xf6, 0x56, 0x83, 0xf6, 0x36, 0x89, 0xf6, 0x56, 0x82, 0xf6,
	0x36, 0x00, 0xf6, 0x56, 0x81, 0xf6, 0x36, 0x85, 0xf6, 0x56, 0x01, 0xfe, 0x77, 0xff, 0x3b, 0x8e,
	0xff, 0xde, 0x02, 0xf6, 0xb9, 0xf6, 0x56, 0xf6, 0x56, 0x84, 0xf6, 0x36, 0x88, 0xf6, 0x56, 0x83,
	0xf6, 0x36, 0x00, 0xf6, 0x56, 0x81, 0xf6, 0x36, 0x81, 0xf6, 0x56, 0x80, 0xf6, 0x36, 0x81, 0xf6,
	0x56, 0x00, 0xf6, 0xf9, 0x8e, 0xff, 0xde, 0x02, 0xf6, 0x98, 0xf6, 0x36, 0xf6, 0x56, 0x83, 0xf6,
	0x36, 0x8a, 0xf6, 0x56, 0x81, 0xf6, 0x36, 0x08, 0xf6, 0x56, 0xf6, 0x36, 0xf6, 0x36, 0xf6, 0x56,
	0xf6, 0x36, 0xf6, 0x56, 0xf6, 0x56, 0xf6, 0x36, 0xf6, 0x36, 0x82, 0xf6, 0x56, 0x00, 0xf6, 0xb8,
	0x8d, 0xff, 0xde, 0x03, 0xff, 0xbd, 0xf6, 0x77, 0xf6, 0x56, 0xf6, 0x56, 0x83, 0xf6, 0x36, 0x88,
	0xf6, 0x56, 0x80, 0xf6, 0x36, 0x00, 0xf6, 0x56, 0x83, 0xf6, 0x36, 0x04, 0xf6, 0x56, 0xf6, 0x36,
	0xf6, 0x56, 0xf6, 0x36, 0xf6, 0x36, 0x83, 0xf6, 0x56, 0x00, 0xf6, 0x77, 0x8d, 0xff, 0xde, 0x02,
	0xff, 0x9c, 0xf6, 0x57, 0xf6, 0x56, 0x84, 0xf6, 0x36, 0x87, 0xf6, 0x56, 0x00, 0xf6, 0x36, 0x84,
	0xf6, 0x56, 0x88, 0xf6, 0x36, 0x80, 0xf6, 0x56, 0x01, 0xf6, 0x77, 0xff, 0xbd, 0x8c, 0xff, 0xde,
	0x02, 0xff, 0x5b, 0xfe, 0x57, 0xf6, 0x56, 0x84, 0xf6, 0x36, 0x86, 0xf6, 0x56, 0x80, 0xf6, 0x36,
	0x80, 0xf6, 0x56, 0x05, 0xf6, 0x36, 0xf6, 0x56, 0xf6, 0x56, 0xf6, 0x36, 0xf6, 0x56, 0xf6, 0x56,
	0x86, 0xf6, 0x36, 0x80, 0xf6, 0x56, 0x01, 0xfe, 0x77, 0xff, 0x7c, 0x8c, 0xff, 0xde, 0x02, 0xff,
	0x1a, 0xfe, 0x57, 0xf6, 0x56, 0x81, 0xf6, 0x36, 0x01, 0xf6, 0x56, 0xf6, 0x36, 0x8b, 0xf6, 0x56,
	0x00, 0xf6, 0x36, 0x81, 0xf6, 0x56, 0x02, 0xf6, 0x36, 0xf6, 0x56, 0xf6, 0x56, 0x82, 0xf6, 0x36,
	0x01, 0xf6, 0x56, 0xf6, 0x36, 0x81, 0xf6, 0x56, 0x01, 0xfe, 0x77, 0xff, 0x5b, 0x8c, 0xff, 0xde,
	0x05, 0xf6, 0xd9, 0xf6, 0x56, 0xf6, 0x56, 0xf6, 0x36, 0xf6, 0x56, 0xf6, 0x36, 0x83, 0xf6, 0x56,
	0x00, 0xf6, 0x36, 0x84, 0xf6, 0x56, 0x00, 0xf6, 0x36, 0x88, 0xf6, 0x56, 0x84, 0xf6, 0x36, 0x80,
	0xf6, 0x56, 0x01, 0xf6, 0x57, 0xff, 0x1a, 0x8c, 0xff, 0xde, 0x02, 0xf6, 0x98, 0xf6, 0x56, 0xf6,
	0x56, 0x82, 0xf6, 0x36, 0x89, 0xf6, 0x56, 0x00, 0xf6, 0x36, 0x88, 0xf6, 0x56, 0x85, 0xf6, 0x36,
	0x80, 0xf6, 0x56, 0x00, 0xf6, 0xb9, 0x8b, 0xff, 0xde, 0x05, 0xff, 0xdd, 0xf6, 0x57, 0xf6, 0x36,
	0xf6, 0x56, 0xf6, 0x56, 0xf6, 0x36, 0x87, 0xf6, 0x56, 0x04, 0xf6, 0x36, 0xf6, 0x56, 0xf6, 0x56,
	0xf6, 0x36, 0xf6, 0x36, 0x85, 0xf6, 0x56, 0x01, 0xf6, 0x36, 0xf6, 0x56, 0x85, 0xf6, 0x36, 0x81,
	0xf6, 0x56, 0x00, 0xf6, 0x98, 0x8b, 0xff, 0xde, 0x01, 0xff, 0x9d, 0xf6, 0x57, 0x8c, 0xf6, 0x56,
	0x05, 0xf6, 0x36, 0xf6, 0x56, 0xf6, 0x36, 0xf6, 0x36, 0xf6, 0x56, 0xf6, 0x36, 0x83, 0xf6, 0x56,
	0x02, 0xf6, 0x36, 0xf6, 0x56, 0xf6, 0x56, 0x84, 0xf6, 0x36, 0x81, 0xf6, 0x56, 0x01, 0xf6, 0x77,
	0xff, 0xbd, 0x8a, 0xff, 0xde, 0x01, 0xff, 0x7c, 0xfe, 0x77, 0x8e, 0xf6, 0x56, 0x80, 0xf6, 0x36,
	0x01, 0xf6, 0x56, 0xf6, 0x36, 0x82, 0xf6, 0x56, 0x01, 0xf6, 0x36, 0xf6, 0x56, 0x85, 0xf6, 0x36,
	0x82, 0xf6, 0x56, 0x01, 0xfe, 0x77, 0xff, 0x9c, 0x8a, 0xff, 0xde, 0x07, 0xff, 0x3b, 0xfe, 0x57,
	0xf6, 0x56, 0xf6, 0x56, 0xf6, 0x36, 0xf6, 0x56, 0xf6, 0x56, 0xf6, 0x36, 0x88, 0xf6, 0x56, 0x03,
	0xf6, 0x36, 0xf6, 0x56, 0xf6, 0x56, 0xf6, 0x36, 0x83, 0xf6, 0x56, 0x01, 0xf6, 0x36, 0xf6, 0x56,
	0x85, 0xf6, 0x36, 0x81, 0xf6, 0x56, 0x01, 0xfe, 0x77, 0xff, 0x5b, 0x8a, 0xff, 0xde, 0x02, 0xf6,
	0xf9, 0xfe, 0x57, 0xf6, 0x56, 0x83, 0xf6, 0x36, 0x88, 0xf6, 0x56, 0x05, 0xf6, 0x36, 0xf6, 0x56,
	0xf6, 0x36, 0xf6, 0x36, 0xf6, 0x56, 0xf6, 0x36, 0x81, 0xf6, 0x56, 0x87, 0xf6, 0x36, 0x81, 0xf6,
	0x56, 0x01, 0xfe, 0x57, 0xff, 0x1a, 0x8a, 0xff, 0xde, 0x04, 0xf6, 0xb8, 0xf6, 0x56, 0xf6, 0x56,
	0xf6, 0x36, 0xf6, 0x36, 0x8c, 0xf6, 0x56, 0x81, 0xf6, 0x36, 0x00, 0xf6, 0x56, 0x84, 0xf6, 0x36,
	0x00, 0xf6, 0x56, 0x85, 0xf6, 0x36, 0x81, 0xf6, 0x56, 0x00, 0xf6, 0xd9, 0x89, 0xff, 0xde, 0x07,
	0xff, 0xdd, 0xf6, 0x77, 0xf6, 0x56, 0xf6, 0x56, 0xf6, 0x36, 0xf6, 0x36, 0xf6, 0x56, 0xf6, 0x36,
	0x89, 0xf6, 0x56, 0x04, 0xf6, 0x36, 0xf6, 0x56, 0xf6, 0x36, 0xf6, 0x36, 0xf6, 0x56, 0x8b, 0xf6,
	0x36, 0x82, 0xf6, 0x56, 0x00, 0xf6, 0x98, 0x89, 0xff, 0xde, 0x01, 0xff, 0x9d, 0xf6, 0x57, 0x81,
	0xf6, 0x36, 0x04, 0xf6, 0x56, 0xf6, 0x36, 0xf6, 0x56, 0xf6, 0x56, 0xf6, 0x36, 0x87, 0xf6, 0x56,
	0x02, 0xf6, 0x36, 0xf6, 0x56, 0xf6, 0x56, 0x83, 0xf6, 0x36, 0x00, 0xf6, 0x56, 0x86, 0xf6, 0x36,
	0x82, 0xf6, 0x56, 0x02, 0xf6, 0x36, 0xf6, 0x77, 0xff, 0xbd, 0x88, 0xff, 0xde, 0x01, 0xff, 0x7c,
	0xfe, 0x57, 0x81, 0xf6, 0x56, 0x81, 0xf6, 0x36, 0x02, 0xf6, 0x56, 0xf6, 0x36, 0xf6, 0x36, 0x84,
	0xf6, 0x56, 0x80, 0xf6, 0x36, 0x00, 0xf6, 0x56, 0x81, 0xf6, 0x36, 0x00, 0xf6, 0x56, 0x8b, 0xf6,
	0x36, 0x82, 0xf6, 0x56, 0x01, 0xf6, 0x77, 0xff, 0x9c, 0x88, 0xff, 0xde, 0x01, 0xff, 0x3a, 0xfe,
	0x57, 0x81, 0xf6, 0x56, 0x84, 0xf6, 0x36, 0x81, 0xf6, 0x56, 0x04, 0xf6, 0x36, 0xf6, 0x56, 0xf6,
	0x56, 0xf6, 0x36, 0xf6, 0x56, 0x90, 0xf6, 0x36, 0x82, 0xf6, 0x56, 0x01, 0xfe, 0x77, 0xff, 0x5b,
	0x88, 0xff, 0xde, 0x04, 0xf6, 0xd9, 0xf6, 0x56, 0xf6, 0x56, 0xf6, 0x36, 0xf6, 0x56, 0x83, 0xf6,
	0x36, 0x82, 0xf6, 0x56, 0x05, 0xf6, 0x36, 0xf6, 0x56, 0xf6, 0x56, 0xf6, 0x36, 0xf6, 0x56, 0xf6,
	0x56, 0x91, 0xf6, 0x36, 0x80, 0xf6, 0x56, 0x01, 0xf6, 0x57, 0xff, 0x1a, 0x88, 0xff, 0xde, 0x02,
	0xf6, 0x98, 0xf6, 0x56, 0xf6, 0x56, 0x82, 0xf6, 0x36, 0x81, 0xf6, 0x56, 0x03, 0xf6, 0x36, 0xf6,
	0x56, 0xf6, 0x56, 0xf6, 0x36, 0x81, 0xf6, 0x56, 0x01, 0xf6, 0x36, 0xf6, 0x56, 0x85, 0xf6, 0x36,
	0x00, 0xf6, 0x56, 0x83, 0xf6, 0x36, 0x00, 0xf6, 0x56, 0x82, 0xf6, 0x36, 0x05, 0xf6, 0x56, 0xf6,
	0x36, 0xf6, 0x36, 0xf6, 0x56, 0xf6, 0x56, 0xf6, 0xd9, 0x87, 0xff, 0xde, 0x03, 0xff, 0xdd, 0xf6,
	0x77, 0xf6, 0x56, 0xf6, 0x56, 0x81, 0xf6, 0x36, 0x00, 0xf6, 0x56, 0x81, 0xf6, 0x36, 0x85, 0xf6,
	0x56, 0x80, 0xf6, 0x36, 0x81, 0xf6, 0x56, 0x80, 0xf6, 0x36, 0x80, 0xf6, 0x56, 0x01, 0xf6, 0x36,
	0xf6, 0x56, 0x86, 0xf6, 0x36, 0x83, 0xf6, 0x56, 0x01, 0xf6, 0x36, 0xf6, 0x98, 0x87, 0xff, 0xde,
	0x02, 0xff, 0x9d, 0xf6, 0x77, 0xf6, 0x56, 0x83, 0xf6, 0x36, 0x02, 0xf6, 0x56, 0xf6, 0x36, 0xf6,
	0x36, 0x90, 0xf6, 0x56, 0x86, 0xf6, 0x36, 0x01, 0xf6, 0x56, 0xf6, 0x36, 0x82, 0xf6, 0x56, 0x01,
	0xf6, 0x77, 0xff, 0xbd, 0x86, 0xff, 0xde, 0x01, 0xff, 0x7c, 0xf6, 0x57, 0x81, 0xf6, 0x56, 0x83,
	0xf6, 0x36, 0x8b, 0xf6, 0x56, 0x00, 0xf6, 0x36, 0x82, 0xf6, 0x56, 0x04, 0xf6, 0x36, 0xf6, 0x56,
	0xf6, 0x36, 0xf6, 0x36, 0xf6, 0x56, 0x82, 0xf6, 0x36, 0x01, 0xf6, 0x56, 0xf6, 0x36, 0x82, 0xf6,
	0x56, 0x01, 0xf6, 0x77, 0xff, 0x9c, 0x86, 0xff, 0xde, 0x05, 0xff, 0x3b, 0xfe, 0x57, 0xf6, 0x56,
	0xf6, 0x36, 0xf6, 0x36, 0xf6, 0x56, 0x83, 0xf6, 0x36, 0x8b, 0xf6, 0x56, 0x00, 0xf6, 0x36, 0x81,
	0xf6, 0x56, 0x84, 0xf6, 0x36, 0x80, 0xf6, 0x56, 0x80, 0xf6, 0x36, 0x06, 0xf6, 0x56, 0xf6, 0x36,
	0xf6, 0x36, 0xf6, 0x56, 0xf6, 0x56, 0xf6, 0x77, 0xff, 0x5b, 0x86, 0xff, 0xde, 0x00, 0xf6, 0xf9,
	0x81, 0xf6, 0x56, 0x01, 0xf6, 0x36, 0xf6, 0x56, 0x81, 0xf6, 0x36, 0x01, 0xf6, 0x56, 0xf6, 0x36,
	0x90, 0xf6, 0x56, 0x86, 0xf6, 0x36, 0x80, 0xf6, 0x56, 0x81, 0xf6, 0x36, 0x02, 0xf6, 0x56, 0xf6,
	0x77, 0xff, 0x3a, 0x86, 0xff, 0xde, 0x00, 0xf6, 0x98, 0x85, 0xf6, 0x56, 0x03, 0xf6, 0x36, 0xf6,
	0x56, 0xf6, 0x36, 0xf6, 0x36, 0x8d, 0xf6, 0x56, 0x01, 0xf6, 0x36, 0xf6, 0x56, 0x83, 0xf6, 0x36,
	0x03, 0xf6, 0x56, 0xf6, 0x36, 0xf6, 0x56, 0xf6, 0x36, 0x84, 0xf6, 0x56, 0x00, 0xf6, 0xd9, 0x85,
	0xff, 0xde, 0x02, 0xff, 0xdd, 0xf6, 0x77, 0xf6, 0x36, 0x85, 0xf6, 0x56, 0x03, 0xf6, 0x36, 0xf6,
	0x56, 0xf6, 0x56, 0xf6, 0x36, 0x8e, 0xf6, 0x56, 0x81, 0xf6, 0x36, 0x84, 0xf6, 0x56, 0x00, 0xf6,
	0x36, 0x83, 0xf6, 0x56, 0x00, 0xf6, 0x98, 0x85, 0xff, 0xde, 0x01, 0xff, 0x9d, 0xf6, 0x77, 0x85,
	0xf6, 0x56, 0x01, 0xf6, 0x36, 0xf6, 0x56, 0x83, 0xf6, 0x36, 0x8a, 0xf6, 0x56, 0x80, 0xf6, 0x36,
	0x80, 0xf6, 0x56, 0x80, 0xf6, 0x36, 0x85, 0xf6, 0x56, 0x00, 0xf6, 0x36, 0x81, 0xf6, 0x56, 0x01,
	0xf6, 0x77, 0xff, 0xbd, 0x84, 0xff, 0xde, 0x02, 0xff, 0x7c, 0xfe, 0x77, 0xf6, 0x57, 0x82, 0xf6,
	0x56, 0x01, 0xf6, 0x36, 0xf6, 0x56, 0x85, 0xf6, 0x36, 0x86, 0xf6, 0x56, 0x00, 0xf6, 0x36, 0x82,
	0xf6, 0x56, 0x00, 0xf6, 0x36, 0x81, 0xf6, 0x56, 0x00, 0xf6, 0x36, 0x89, 0xf6, 0x56, 0x01, 0xf6,
	0x77, 0xff, 0x9c, 0x84, 0xff, 0xde, 0x02, 0xff, 0x3b, 0xfe, 0x57, 0xf6, 0x57, 0x82, 0xf6, 0x56,
	0x00, 0xf6, 0x36, 0x85, 0xf6, 0x56, 0x80, 0xf6, 0x36, 0x02, 0xf6, 0x56, 0xf6, 0x36, 0xf6, 0x36,
	0x86, 0xf6, 0x56, 0x03, 0xf6, 0x36, 0xf6, 0x56, 0xf6, 0x56, 0xf6, 0x36, 0x82, 0xf6, 0x56, 0x80,
	0xf6, 0x36, 0x80, 0xf6, 0x56, 0x00, 0xf6, 0x36, 0x81, 0xf6, 0x56, 0x02, 0xf6, 0x57, 0xfe, 0x77,
	0xff, 0x5b, 0x84, 0xff, 0xde, 0x02, 0xf6, 0xf9, 0xfe, 0x57, 0xf6, 0x57, 0x82, 0xf6, 0x56, 0x02,
	0xf6, 0x36, 0xf6, 0x56, 0xf6, 0x36, 0x81, 0xf6, 0x56, 0x82, 0xf6, 0x36, 0x00, 0xf6, 0x56, 0x83,
	0xf6, 0x36, 0x01, 0xf6, 0x56, 0xf6, 0x36, 0x88, 0xf6, 0x56, 0x80, 0xf6, 0x36, 0x01, 0xf6, 0x56,
	0xf6, 0x36, 0x83, 0xf6, 0x56, 0x02, 0xf6, 0x57, 0xf6, 0x77, 0xff, 0x1a, 0x84, 0xff, 0xde, 0x00,
	0xf6, 0xb8, 0x81, 0xf6, 0x56, 0x83, 0xf6, 0x36, 0x80, 0xf6, 0x56, 0x01, 0xf6, 0x36, 0xf6, 0x56,
	0x88, 0xf6, 0x36, 0x01, 0xf6, 0x56, 0xf6, 0x36, 0x88, 0xf6, 0x56, 0x02, 0xf6, 0x36, 0xf6, 0x56,
	0xf6, 0x36, 0x86, 0xf6, 0x56, 0x00, 0xf6, 0xd9, 0x83, 0xff, 0xde, 0x01, 0xff, 0xdd, 0xf6, 0x77,
	0x83, 0xf6, 0x56, 0x04, 0xf6, 0x36, 0xf6, 0x56, 0xf6, 0x36, 0xf6, 0x36, 0xf6, 0x56, 0x8a, 0xf6,
	0x36, 0x00, 0xf6, 0x56, 0x81, 0xf6, 0x36, 0x86, 0xf6, 0x56, 0x00, 0xf6, 0x36, 0x88, 0xf6, 0x56,
	0x00, 0xf6, 0x98, 0x83, 0xff, 0xde, 0x01, 0xff, 0x9d, 0xf6, 0x77, 0x81, 0xf6, 0x56, 0x0b, 0xf6,
	0x36, 0xf6, 0x56, 0xf6, 0x36, 0xf6, 0x36, 0xf6, 0x56, 0xf6, 0x56, 0xf6, 0x36, 0xf6, 0x56, 0xf6,
	0x36, 0xf6, 0x56, 0xf6, 0x56, 0xf6, 0x36, 0x81, 0xf6, 0x56, 0x86, 0xf6, 0x36, 0x91, 0xf6, 0x56,
	0x01, 0xf6, 0x77, 0xff, 0xbd, 0x82, 0xff, 0xde, 0x01, 0xff, 0x7c, 0xfe, 0x77, 0x81, 0xf6, 0x56,
	0x81, 0xf6, 0x36, 0x88, 0xf6, 0x56, 0x03, 0xf6, 0x36, 0xf6, 0x56, 0xf6, 0x36, 0xf6, 0x56, 0x84,
	0xf6, 0x36, 0x87, 0xf6, 0x56, 0x00, 0xf6, 0x36, 0x82, 0xf6, 0x56, 0x00, 0xf6, 0x36, 0x82, 0xf6,
	0x56, 0x01, 0xf6, 0x77, 0xff, 0x9c, 0x82, 0xff, 0xde, 0x04, 0xff, 0x3a, 0xf6, 0x57, 0xf6, 0x56,
	0xf6, 0x36, 0xf6, 0x36, 0x87, 0xf6, 0x56, 0x00, 0xf6, 0x36, 0x83, 0xf6, 0x56, 0x82, 0xf6, 0x36,
	0x8a, 0xf6, 0x56, 0x00, 0xf6, 0x36, 0x88, 0xf6, 0x56, 0x01, 0xfe, 0x77, 0xff, 0x5b, 0x82, 0xff,
	0xde, 0x03, 0xf6, 0xd9, 0xf6, 0x56, 0xf6, 0x56, 0xf6, 0x36, 0x8b, 0xf6, 0x56, 0x01, 0xf6, 0x36,
	0xf6, 0x56, 0x83, 0xf6, 0x36, 0x80, 0xf6, 0x56, 0x80, 0xf6, 0x36, 0x00, 0xf6, 0x56, 0x83, 0xf6,
	0x36, 0x07, 0xf6, 0x56, 0xf6, 0x36, 0xf6, 0x56, 0xf6, 0x56, 0xf6, 0x36, 0xf6, 0x56, 0xf6, 0x36,
	0xf6, 0x36, 0x83, 0xf6, 0x56, 0x01, 0xf6, 0x57, 0xff, 0x1a, 0x82, 0xff, 0xde, 0x03, 0xf6, 0x98,
	0xf6, 0x36, 0xf6, 0x56, 0xf6, 0x36, 0x83, 0xf6, 0x56, 0x00, 0xf6, 0x36, 0x86, 0xf6, 0x56, 0x07,
	0xf6, 0x36, 0xf6, 0x56, 0xf6, 0x56, 0xf6, 0x36, 0xf6, 0x56, 0xf6, 0x56, 0xf6, 0x36, 0xf6, 0x36,
	0x82, 0xf6, 0x56, 0x80, 0xf6, 0x36, 0x81, 0xf6, 0x56, 0x83, 0xf6, 0x36, 0x80, 0xf6, 0x56, 0x00,
	0xf6, 0x36, 0x83, 0xf6, 0x56, 0x00, 0xf6, 0xd9, 0x81, 0xff, 0xde, 0x01, 0xff, 0xbd, 0xf6, 0x77,
	0x81, 0xf6, 0x36, 0x84, 0xf6, 0x56, 0x00, 0xf6, 0x36, 0x88, 0xf6, 0x56, 0x03, 0xf6, 0x36, 0xf6,
	0x56, 0xf6, 0x36, 0xf6, 0x56, 0x81, 0xf6, 0x36, 0x80, 0xf6, 0x56, 0x02, 0xf6, 0x36, 0xf6, 0x56,
	0xf6, 0x56, 0x88, 0xf6, 0x36, 0x83, 0xf6, 0x56, 0x00, 0xf6, 0x98, 0x81, 0xff, 0xde, 0x03, 0xff,
	0x9c, 0xf6, 0x57, 0xf6, 0x56, 0xf6, 0x36, 0x85, 0xf6, 0x56, 0x80, 0xf6, 0x36, 0x01, 0xf6, 0x56,
	0xf6, 0x36, 0x86, 0xf6, 0x56, 0x80, 0xf6, 0x36, 0x03, 0xf6, 0x56, 0xf6, 0x36, 0xf6, 0x56, 0xf6,
	0x56, 0x82, 0xf6, 0x36, 0x02, 0xf6, 0x56, 0xf6, 0x36, 0xf6, 0x56, 0x85, 0xf6, 0x36, 0x84, 0xf6,
	0x56, 0x07, 0xf6, 0x77, 0xff, 0xbd, 0xff, 0xde, 0xff, 0xde, 0xff, 0x5b, 0xfe, 0x57, 0xf6, 0x56,
	0xf6, 0x36, 0x93, 0xf6, 0x56, 0x00, 0xf6, 0x36, 0x81, 0xf6, 0x56, 0x8b, 0xf6, 0x36, 0x02, 0xf6,
	0x56, 0xf6, 0x36, 0xf6, 0x36, 0x82, 0xf6, 0x56, 0x04, 0xfe, 0x77, 0xff, 0x7c, 0xff, 0xde, 0xff,
	0xde, 0xff, 0x1a, 0x99, 0xf6, 0x56, 0x04, 0xf6, 0x36, 0xf6, 0x56, 0xf6, 0x36, 0xf6, 0x56, 0xf6,
	0x56, 0x86, 0xf6, 0x36, 0x84, 0xf6, 0x56, 0x06, 0xf6, 0x36, 0xf6, 0x56, 0xfe, 0x77, 0xff, 0x3b,
	0xff, 0xde, 0xff, 0xde, 0xf6, 0xd9, 0x87, 0xf6, 0x56, 0x00, 0xf6, 0x36, 0x89, 0xf6, 0x56, 0x00,
	0xf6, 0x36, 0x88, 0xf6, 0x56, 0x80, 0xf6, 0x36, 0x02, 0xf6, 0x56, 0xf6, 0x36, 0xf6, 0x36, 0x81,
	0xf6, 0x56, 0x03, 0xf6, 0x36, 0xf6, 0x56, 0xf6, 0x36, 0xf6, 0x56, 0x81, 0xf6, 0x36, 0x05, 0xf6,
	0x56, 0xf6, 0x77, 0xff, 0x1a, 0xff, 0xde, 0xff, 0xde, 0xf6, 0x77, 0x85, 0xf6, 0x56, 0x00, 0xf6,
	0x36, 0x92, 0xf6, 0x56, 0x00, 0xf6, 0x36, 0x81, 0xf6, 0x56, 0x83, 0xf6, 0x36, 0x80, 0xf6, 0x56,
	0x82, 0xf6, 0x36, 0x01, 0xf6, 0x56, 0xf6, 0x36, 0x82, 0xf6, 0x56, 0x03, 0xf6, 0xb9, 0xff, 0xde,
	0xff, 0xbd, 0xf6, 0x57, 0x83, 0xf6, 0x56, 0x02, 0xf6, 0x36, 0xf6, 0x56, 0xf6, 0x36, 0x85, 0xf6,
	0x56, 0x00, 0xf6, 0x36, 0x8b, 0xf6, 0x56, 0x80, 0xf6, 0x36, 0x00, 0xf6, 0x56, 0x83, 0xf6, 0x36,
	0x81, 0xf6, 0x56, 0x82, 0xf6, 0x36, 0x83, 0xf6, 0x56, 0x03, 0xf6, 0x77, 0xff, 0xdd, 0xff, 0x7c,
	0xfe, 0x77, 0x82, 0xf6, 0x56, 0x03, 0xf6, 0x36, 0xf6, 0x56, 0xf6, 0x36, 0xf6, 0x36, 0x82, 0xf6,
	0x56, 0x81, 0xf6, 0x36, 0x80, 0xf6, 0x56, 0x00, 0xf6, 0x36, 0x86, 0xf6, 0x56, 0x80, 0xf6, 0x36,
	0x00, 0xf6, 0x56, 0x84, 0xf6, 0x36, 0x83, 0xf6, 0x56, 0x81, 0xf6, 0x36, 0x84, 0xf6, 0x56, 0x03,
	0xf6, 0x77, 0xff, 0x9d, 0xff, 0x3b, 0xfe, 0x57, 0x88, 0xf6, 0x56, 0x01, 0xf6, 0x36, 0xf6, 0x56,
	0x85, 0xf6, 0x36, 0x86, 0xf6, 0x56, 0x00, 0xf6, 0x36, 0x83, 0xf6, 0x56, 0x00, 0xf6, 0x36, 0x82,
	0xf6, 0x56, 0x83, 0xf6, 0x36, 0x83, 0xf6, 0x56, 0x06, 0xf6, 0x57, 0xfe, 0x77, 0xff, 0x7c, 0xf6,
	0xf9, 0xf6, 0x56, 0xf6, 0x56, 0xf6, 0x36, 0x87, 0xf6, 0x56, 0x86, 0xf6, 0x36, 0x84, 0xf6, 0x56,
	0x02, 0xf6, 0x36, 0xf6, 0x56, 0xf6, 0x36, 0x84, 0xf6, 0x56, 0x00, 0xf6, 0x36, 0x82, 0xf6, 0x56,
	0x80, 0xf6, 0x36, 0x86, 0xf6, 0x56, 0x02, 0xf6, 0x57, 0xff, 0x3b, 0xf6, 0xb8, 0x8a, 0xf6, 0x56,
	0x8a, 0xf6, 0x36, 0x81, 0xf6, 0x56, 0x80, 0xf6, 0x36, 0x86, 0xf6, 0x56, 0x00, 0xf6, 0x36, 0x8a,
	0xf6, 0x56, 0x04, 0xf6, 0x57, 0xf6, 0xfa, 0xf6, 0xf9, 0xfe, 0x77, 0xf6, 0x57, 0xad, 0xf6, 0x56,
	0x08, 0xf6, 0x57, 0xfe, 0x77, 0xff, 0x3a, 0xff, 0x9d, 0xfe, 0x97, 0xf6, 0x56, 0xf6, 0x36, 0xf6,
	0x36, 0xf6, 0x56, 0x81, 0xf6, 0x57, 0x94, 0xf6, 0x56, 0x05, 0xf6, 0x57, 0xf6, 0x56, 0xf6, 0x56,
	0xf6, 0x57, 0xf6, 0x56, 0xf6, 0x36, 0x83, 0xf6, 0x56, 0x81, 0xf6, 0x57, 0x80, 0xf6, 0x56, 0x80,
	0xf6, 0x36, 0x08, 0xf6, 0x56, 0xfe, 0x77, 0xf6, 0xb8, 0xff, 0xbd, 0xff, 0xde, 0xff, 0x9c, 0xfe,
	0xd9, 0xf6, 0x98, 0xf6, 0x98, 0x8c, 0xf6, 0xb8, 0x80, 0xf6, 0x98, 0x82, 0xf6, 0xb8, 0x00, 0xf6,
	0x98, 0x93, 0xf6, 0xb8, 0x05, 0xf6, 0x98, 0xf6, 0xb8, 0xf6, 0xb8, 0xff, 0x1a, 0xff, 0xbd, 0xff,
	0xde, 0x02, 0x98, 0x00, 0x66, 0x00, 0x12, 0x00, 0x01, 0x00, 0x09, 0x00, 0x00, 0x00, 0x8c, 0xff,
	0xdd, 0x81, 0xff, 0xde, 0x00, 0xff, 0xdd, 0x84, 0x00, 0x68, 0x00, 0x37, 0x00, 0x6d, 0x00, 0xdb,
	0x13, 0x00, 0x00, 0x8f, 0xff, 0xde, 0x03, 0xf6, 0x98, 0xf6, 0x77, 0xf6, 0x97, 0xf6, 0x56, 0x83,
	0xf6, 0x36, 0x00, 0xf6, 0x56, 0x84, 0xf6, 0x36, 0x04, 0xf6, 0x56, 0xf6, 0x77, 0xf6, 0x98, 0xf6,
	0x57, 0xf6, 0x77, 0x9f, 0xff, 0xde, 0x04, 0xff, 0xbd, 0xf5, 0x11, 0xf4, 0xf0, 0xf4, 0xf0, 0xf4,
	0xef, 0x83, 0xec, 0xcf, 0x80, 0xf4, 0xcf, 0x83, 0xec, 0xcf, 0x05, 0xf4, 0xf0, 0xf5, 0x10, 0xf5,
	0x10, 0xf4, 0xcf, 0xf5, 0x10, 0xff, 0xbd, 0x9e, 0xff, 0xde, 0x07, 0xff, 0x7c, 0xec, 0xd0, 0xec,
	0xaf, 0xe4, 0xaf, 0xe4, 0xaf, 0xec, 0xaf, 0xe4, 0xaf, 0xec, 0xcf, 0x85, 0xe4, 0xaf, 0x00, 0xec,
	0xaf, 0x81, 0xe4, 0xcf, 0x80, 0xe4, 0xaf, 0x01, 0xec, 0xd0, 0xff, 0x9c, 0x9e, 0xff, 0xde, 0x08,
	0xff, 0x1a, 0xf5, 0x10, 0xe4, 0xaf, 0xe4, 0x8f, 0xe4, 0xaf, 0xec, 0xaf, 0xec, 0xcf, 0xec, 0xaf,
	0xec, 0xaf, 0x83, 0xe4, 0xaf, 0x82, 0xec, 0xaf, 0x81, 0xe4, 0xaf, 0x01, 0xec, 0xf0, 0xff, 0x5b,
	0x9e, 0xff, 0xde, 0x04, 0xf6, 0xb8, 0xf4, 0xef, 0xec, 0xaf, 0xe4, 0xaf, 0xe4, 0xaf, 0x82, 0xec,
	0xaf, 0x80, 0xe4, 0xaf, 0x01, 0xec, 0xaf, 0xe4, 0xaf, 0x83, 0xec, 0xaf, 0x80, 0xe4, 0xaf, 0x02,
	0xec, 0xaf, 0xf5, 0x10, 0xfe, 0xfa, 0x9e, 0xff, 0xde, 0x02, 0xf6, 0x36, 0xf4, 0xcf, 0xec, 0xcf,
	0x85, 0xec, 0xaf, 0x80, 0xe4, 0xaf, 0x83, 0xec, 0xaf, 0x80, 0xe4, 0xaf, 0x80, 0xec, 0xaf, 0x01,
	0xf4, 0xf0, 0xf6, 0xb8, 0x9e, 0xff, 0xde, 0x02, 0xf5, 0xf5, 0xf4, 0xcf, 0xec, 0xcf, 0x85, 0xec,
	0xaf, 0x00, 0xe4, 0xaf, 0x83, 0xec, 0xaf, 0x81, 0xe4, 0xaf, 0x03, 0xec, 0xaf, 0xec, 0xcf, 0xf5,
	0x10, 0xf6, 0x56, 0x9e, 0xff, 0xde, 0x02, 0xed, 0x93, 0xec, 0xaf, 0xe4, 0xaf, 0x81, 0xec, 0xaf,
	0x80, 0xe4, 0xaf, 0x86, 0xec, 0xaf, 0x80, 0xe4, 0xaf, 0x80, 0xec, 0xaf, 0x02, 0xec, 0xcf, 0xf4,
	0xef, 0xf5, 0xd4, 0x9e, 0xff, 0xde, 0x02, 0xed, 0x32, 0xec, 0xcf, 0xe4, 0xaf, 0x82, 0xec, 0xaf,
	0x80, 0xe4, 0xaf, 0x83, 0xec, 0xaf, 0x81, 0xe4, 0xaf, 0x81, 0xec, 0xaf, 0x80, 0xec, 0xcf, 0x00,
	0xed, 0x52, 0x9d, 0xff, 0xde, 0x04, 0xff, 0xbd, 0xed, 0x11, 0xec, 0xaf, 0xe4, 0xaf, 0xec, 0xaf,
	0x83, 0xe4, 0xaf, 0x82, 0xec, 0xaf, 0x82, 0xe4, 0xaf, 0x80, 0xec, 0xaf, 0x81, 0xec, 0xcf, 0x01,
	0xed, 0x11, 0xff, 0xdd, 0x9c, 0xff, 0xde, 0x07, 0xff, 0x7c, 0xec, 0xf0, 0xe4, 0xaf, 0xec, 0xaf,
	0xe4, 0xaf, 0xec, 0xaf, 0xe4, 0xaf, 0xe4, 0xaf, 0x84, 0xec, 0xaf, 0x80, 0xe4, 0xaf, 0x82, 0xec,
	0xaf, 0x80, 0xec, 0xcf, 0x02, 0xe4, 0xaf, 0xf4, 0xf0, 0xff, 0x9c, 0x9c, 0xff, 0xde, 0x01, 0xff,
	0x1a, 0xec, 0xd0, 0x82, 0xe4, 0xaf, 0x83, 0xec, 0xaf, 0x04, 0xe4, 0xaf, 0xec, 0xaf, 0xec, 0xaf,
	0xe4, 0xaf, 0xe4, 0xaf, 0x84, 0xec, 0xaf, 0x02, 0xe4, 0xaf, 0xec, 0xf0, 0xff, 0x3b, 0x9c, 0xff,
	0xde, 0x01, 0xf6, 0xb8, 0xf4, 0xf0, 0x81, 0xec, 0xaf, 0x80, 0xe4, 0xaf, 0x82, 0xec, 0xaf, 0x00,
	0xe4, 0xaf, 0x81, 0xec, 0xaf, 0x00, 0xe4, 0xaf, 0x84, 0xec, 0xaf, 0x02, 0xec, 0xcf, 0xf5, 0x10,
	0xfe, 0xd9, 0x9c, 0xff, 0xde, 0x03, 0xf6, 0x57, 0xf4, 0xcf, 0xe4, 0xaf, 0xec, 0xaf, 0x82, 0xe4,
	0xaf, 0x80, 0xec, 0xaf, 0x81, 0xe4, 0xaf, 0x87, 0xec, 0xaf, 0x02, 0xec, 0xcf, 0xf5, 0x10, 0xf6,
	0x98, 0x9a, 0xff, 0xde, 0x07, 0xff, 0xdd, 0xff, 0xde, 0xf5, 0xd5, 0xf4, 0xcf, 0xe4, 0xaf, 0xec,
	0xaf, 0xec, 0xaf, 0xe4, 0xaf, 0x8e, 0xec, 0xaf, 0x04, 0xec, 0xcf, 0xf4, 0xf0, 0xf6, 0x36, 0xff,
	0xde, 0xff, 0xdd, 0x9a, 0xff, 0xde, 0x02, 0xed, 0x93, 0xec, 0xaf, 0xe4, 0xaf, 0x84, 0xec, 0xaf,
	0x81, 0xe4, 0xaf, 0x88, 0xec, 0xaf, 0x02, 0xec, 0xcf, 0xf4, 0xf0, 0xf5, 0xd4, 0x9c, 0xff, 0xde,
	0x03, 0xed, 0x11, 0xec, 0xaf, 0xe4, 0xaf, 0xe4, 0xaf, 0x82, 0xec, 0xaf, 0x82, 0xe4, 0xaf, 0x89,
	0xec, 0xaf, 0x01, 0xec, 0xcf, 0xed, 0x93, 0x9b, 0xff, 0xde, 0x04, 0xff, 0xbd, 0xec, 0xf0, 0xec,
	0xaf, 0xe4, 0xaf, 0xe4, 0xaf, 0x83, 0xec, 0xaf, 0x80, 0xe4, 0xaf, 0x8a, 0xec, 0xaf, 0x02, 0xec,
	0xcf, 0xed, 0x31, 0xff, 0xdd, 0x9a, 0xff, 0xde, 0x02, 0xff, 0x5b, 0xf4, 0xf0, 0xe4, 0xaf, 0x84,
	0xec, 0xaf, 0x81, 0xe4, 0xaf, 0x85, 0xec, 0xaf, 0x07, 0xe4, 0xaf, 0xec, 0xaf, 0xe4, 0xaf, 0xec,
	0xaf, 0xec, 0xaf, 0xec, 0xcf, 0xed, 0x10, 0xff, 0x7c, 0x9a, 0xff, 0xde, 0x01, 0xff, 0x1a, 0xf4,
	0xd0, 0x87, 0xec, 0xaf, 0x80, 0xe4, 0xaf, 0x83, 0xec, 0xaf, 0x80, 0xe4, 0xaf, 0x83, 0xec, 0xaf,
	0x01, 0xf5, 0x10, 0xff, 0x3a, 0x9a, 0xff, 0xde, 0x01, 0xf6, 0x98, 0xf4, 0xf0, 0x88, 0xec, 0xaf,
	0x00, 0xe4, 0xaf, 0x83, 0xec, 0xaf, 0x80, 0xe4, 0xaf, 0x83, 0xec, 0xaf, 0x01, 0xf4, 0xf0, 0xf6,
	0xd9, 0x9a, 0xff, 0xde, 0x01, 0xf6, 0x36, 0xf4, 0xf0, 0x88, 0xec, 0xaf, 0x00, 0xe4, 0xaf, 0x83,
	0xec, 0xaf, 0x81, 0xe4, 0xaf, 0x81, 0xec, 0xaf, 0x02, 0xe4, 0xaf, 0xf4, 0xf0, 0xf6, 0x77, 0x9a,
	0xff, 0xde, 0x02, 0xf5, 0xd4, 0xec, 0xcf, 0xe4, 0xaf, 0x87, 0xec, 0xaf, 0x05, 0xe4, 0xaf, 0xec,
	0xaf, 0xec, 0xaf, 0xe4, 0xaf, 0xec, 0xaf, 0xec, 0xaf, 0x83, 0xe4, 0xaf, 0x80, 0xec, 0xaf, 0x01,
	0xf4, 0xcf, 0xf6, 0x15, 0x9a, 0xff, 0xde, 0x01, 0xed, 0x73, 0xec, 0xcf, 0x83, 0xec, 0xaf, 0x00,
	0xe4, 0xaf, 0x81, 0xec, 0xaf, 0x80, 0xe4, 0xaf, 0x02, 0xec, 0xaf, 0xe4, 0xaf, 0xe4, 0xaf, 0x81,
	0xec, 0xaf, 0x84, 0xe4, 0xaf, 0x01, 0xec, 0xcf, 0xed, 0xb3, 0x99, 0xff, 0xde, 0x01, 0xff, 0xbd,
	0xed, 0x11, 0x82, 0xec, 0xaf, 0x00, 0xe4, 0xaf, 0x81, 0xec, 0xaf, 0x00, 0xe4, 0xaf, 0x83, 0xec,
	0xaf, 0x80, 0xe4, 0xaf, 0x82, 0xec, 0xaf, 0x82, 0xe4, 0xaf, 0x01, 0xec, 0xcf, 0xed, 0x72, 0x99,
	0xff, 0xde, 0x02, 0xff, 0x9c, 0xec, 0xcf, 0xe4, 0xaf, 0x85, 0xec, 0xaf, 0x82, 0xe4, 0xaf, 0x80,
	0xec, 0xaf, 0x80, 0xe4, 0xaf, 0x03, 0xec, 0xaf, 0xe4, 0xaf, 0xec, 0xaf, 0xec, 0xaf, 0x81, 0xe4,
	0xaf, 0x80, 0xec, 0xaf, 0x01, 0xed, 0x11, 0xff, 0xbd, 0x98, 0xff, 0xde, 0x02, 0xff, 0x3b, 0xf4,
	0xf0, 0xe4, 0xaf, 0x84, 0xec, 0xaf, 0x83, 0xe4, 0xaf, 0x81, 0xec, 0xaf, 0x0b, 0xe4, 0xaf, 0xec,
	0xaf, 0xe4, 0xaf, 0xe4, 0xaf, 0xec, 0xaf, 0xe4, 0xaf, 0xec, 0xaf, 0xe4, 0xaf, 0xec, 0xaf, 0xec,
	0xaf, 0xec, 0xf0, 0xff, 0x7c, 0x98, 0xff, 0xde, 0x03, 0xf6, 0xd9, 0xf4, 0xcf, 0xec, 0xaf, 0xe4,
	0xaf, 0x83, 0xec, 0xaf, 0x84, 0xe4, 0xaf, 0x81, 0xec, 0xaf, 0x81, 0xe4, 0xaf, 0x81, 0xec, 0xaf,
	0x04, 0xe4, 0xaf, 0xec, 0xaf, 0xec, 0xcf, 0xf5, 0x31, 0xff, 0x1a, 0x98, 0xff, 0xde, 0x03, 0xf6,
	0x56, 0xf4, 0xcf, 0xec, 0xaf, 0xe4, 0xaf, 0x82, 0xec, 0xaf, 0x85, 0xe4, 0xaf, 0x00, 0xec, 0xaf,
	0x84, 0xe4, 0xaf, 0x82, 0xec, 0xaf, 0x02, 0xec, 0xcf, 0xf5, 0x10, 0xf6, 0xd9, 0x98, 0xff, 0xde,
	0x02, 0xf5, 0xf5, 0xf4, 0xcf, 0xe4, 0xaf, 0x84, 0xec, 0xaf, 0x02, 0xe4, 0xaf, 0xec, 0xaf, 0xec,
	0xaf, 0x81, 0xe4, 0xaf, 0x83, 0xec, 0xaf, 0x80, 0xe4, 0xaf, 0x82, 0xec, 0xaf, 0x02, 0xec, 0xcf,
	0xf4, 0xf0, 0xf6, 0x56, 0x98, 0xff, 0xde, 0x02, 0xed, 0x93, 0xec, 0xaf, 0xe4, 0xaf, 0x87, 0xec,
	0xaf, 0x82, 0xe4, 0xaf, 0x81, 0xec, 0xaf, 0x02, 0xe4, 0xaf, 0xec, 0xaf, 0xe4, 0xaf, 0x82, 0xec,
	0xaf, 0x02, 0xec, 0xcf, 0xf4, 0xcf, 0xf5, 0xd4, 0x98, 0xff, 0xde, 0x02, 0xed, 0x32, 0xec, 0xaf,
	0xe4, 0xaf, 0x81, 0xec, 0xaf, 0x00, 0xe4, 0xaf, 0x83, 0xec, 0xaf, 0x83, 0xe4, 0xaf, 0x89, 0xec,
	0xaf, 0x00, 0xed, 0x52, 0x97, 0xff, 0xde, 0x01, 0xff, 0xbd, 0xed, 0x11, 0x81, 0xec, 0xaf, 0x02,
	0xe4, 0xaf, 0xec, 0xaf, 0xe4, 0xaf, 0x83, 0xec, 0xaf, 0x00, 0xe4, 0xaf, 0x81, 0xec, 0xaf, 0x80,
	0xe4, 0xaf, 0x86, 0xec, 0xaf, 0x03, 0xe4, 0xaf, 0xec, 0xaf, 0xed, 0x11, 0xff, 0xbd, 0x96, 0xff,
	0xde, 0x04, 0xff, 0x5b, 0xec, 0xf0, 0xe4, 0xaf, 0xec, 0xaf, 0xec, 0xaf, 0x81, 0xe4, 0xaf, 0x82,
	0xec, 0xaf, 0x00, 0xe4, 0xaf, 0x82, 0xec, 0xaf, 0x00, 0xe4, 0xaf, 0x85, 0xec, 0xaf, 0x82, 0xe4,
	0xaf, 0x01, 0xf4, 0xf0, 0xff, 0x7c, 0x96, 0xff, 0xde, 0x01, 0xfe, 0xfa, 0xf4, 0xf0, 0x81, 0xec,
	0xaf, 0x80, 0xe4, 0xaf, 0x81, 0xec, 0xaf, 0x00, 0xe4, 0xaf, 0x8d, 0xec, 0xaf, 0x81, 0xe4, 0xaf,
	0x01, 0xec, 0xf0, 0xff, 0x3b, 0x96, 0xff, 0xde, 0x02, 0xf6, 0xb8, 0xf4, 0xf0, 0xe4, 0xaf, 0x84,
	0xec, 0xaf, 0x82, 0xe4, 0xaf, 0x8a, 0xec, 0xaf, 0x05, 0xe4, 0xaf, 0xec, 0xaf, 0xec, 0xaf, 0xe4,
	0xaf, 0xf4, 0xf0, 0xf6, 0xd9, 0x94, 0xff, 0xde, 0x06, 0xff, 0xdd, 0xff, 0xde, 0xf6, 0x36, 0xf4,
	0xcf, 0xec, 0xaf, 0xe4, 0xaf, 0xe4, 0xaf, 0x82, 0xec, 0xaf, 0x82, 0xe4, 0xaf, 0x00, 0xec, 0xaf,
	0x81, 0xe4, 0xaf, 0x84, 0xec, 0xaf, 0x00, 0xe4, 0xaf, 0x81, 0xec, 0xaf, 0x03, 0xe4, 0xaf, 0xec,
	0xaf, 0xf4, 0xf0, 0xf6, 0x77, 0x94, 0xff, 0xde, 0x04, 0xff, 0xdd, 0xff, 0xde, 0xed, 0xb4, 0xec,
	0xcf, 0xec, 0xaf, 0x81, 0xe4, 0xaf, 0x83, 0xec, 0xaf, 0x01, 0xe4, 0xaf, 0xec, 0xaf, 0x81, 0xe4,
	0xaf, 0x84, 0xec, 0xaf, 0x81, 0xe4, 0xaf, 0x82, 0xec, 0xaf, 0x03, 0xf4, 0xcf, 0xf5, 0xf5, 0xff,
	0xde, 0xff, 0xdd, 0x94, 0xff, 0xde, 0x03, 0xed, 0x32, 0xec, 0x8f, 0xe4, 0xaf, 0xec, 0x8f, 0x83,
	0xec, 0xaf, 0x03, 0xe4, 0xaf, 0xec, 0xaf, 0xec, 0xaf, 0xe4, 0xaf, 0x89, 0xec, 0xaf, 0x80, 0xe4,
	0xaf, 0x81, 0xec, 0xaf, 0x01, 0xec, 0xcf, 0xf5, 0x93, 0x95, 0xff, 0xde, 0x03, 0xff, 0xbd, 0xec,
	0xf0, 0xec, 0x8f, 0xe4, 0xaf, 0x83, 0xec, 0xaf, 0x03, 0xe4, 0xaf, 0xec, 0xaf, 0xec, 0xaf, 0xe4,
	0xaf, 0x8b, 0xec, 0xaf, 0x00, 0xe4, 0xaf, 0x82, 0xec, 0xaf, 0x01, 0xed, 0x11, 0xff, 0xdd, 0x94,
	0xff, 0xde, 0x05, 0xff, 0x5b, 0xf4, 0xf0, 0xe4, 0xaf, 0xe4, 0x8f, 0xec, 0x8f, 0xec, 0x8f, 0x86,
	0xec, 0xaf, 0x02, 0xe4, 0xaf, 0xec, 0xaf, 0xe4, 0xaf, 0x85, 0xec, 0xaf, 0x00, 0xe4, 0xaf, 0x84,
	0xec, 0xaf, 0x01, 0xed, 0x10, 0xff, 0x7c, 0x94, 0xff, 0xde, 0x04, 0xf6, 0xfa, 0xf4, 0xcf, 0xec,
	0xaf, 0xec, 0x8f, 0xec, 0x8f, 0x87, 0xec, 0xaf, 0x82, 0xe4, 0xaf, 0x8b, 0xec, 0xaf, 0x01, 0xf4,
	0xf0, 0xff, 0x1a, 0x94, 0xff, 0xde, 0x04, 0xf6, 0x77, 0xf4, 0xcf, 0xe4, 0xaf, 0xe4, 0xaf, 0xe4,
	0x8f, 0x83, 0xec, 0xaf, 0x85, 0xe4, 0xaf, 0x02, 0xec, 0xaf, 0xe4, 0xaf, 0xe4, 0xaf, 0x81, 0xec,
	0xaf, 0x00, 0xe4, 0xaf, 0x82, 0xec, 0xaf, 0x04, 0xe4, 0xaf, 0xec, 0xaf, 0xec, 0xaf, 0xf4, 0xd0,
	0xf6, 0xb8, 0x94, 0xff, 0xde, 0x08, 0xf6, 0x16, 0xf4, 0xcf, 0xe4, 0xaf, 0xe4, 0x8f, 0xe4, 0xaf,
	0xec, 0x8f, 0xe4, 0xaf, 0xec, 0xaf, 0xec, 0xaf, 0x85, 0xe4, 0xaf, 0x80, 0xec, 0xaf, 0x80, 0xe4,
	0xaf, 0x04, 0xec, 0xaf, 0xe4, 0xaf, 0xec, 0xaf, 0xec, 0xaf, 0xe4, 0xaf, 0x81, 0xec, 0xaf, 0x04,
	0xe4, 0xaf, 0xec, 0xaf, 0xec, 0xaf, 0xf4, 0xcf, 0xf6, 0x56, 0x94, 0xff, 0xde, 0x07, 0xed, 0x93,
	0xec, 0xaf, 0xe4, 0xaf, 0xe4, 0xaf, 0xec, 0xaf, 0xe4, 0xaf, 0xec, 0xaf, 0xe4, 0xaf, 0x81, 0xec,
	0xaf, 0x87, 0xe4, 0xaf, 0x03, 0xec, 0xaf, 0xe4, 0xaf, 0xec, 0xaf, 0xec, 0xaf, 0x85, 0xe4, 0xaf,
	0x01, 0xec, 0xaf, 0xf5, 0xd4, 0x94, 0xff, 0xde, 0x00, 0xed, 0x31, 0x82, 0xec, 0xaf, 0x06, 0xe4,
	0xaf, 0xec, 0xaf, 0xec, 0xaf, 0xe4, 0xaf, 0xec, 0xaf, 0xe4, 0xaf, 0xec, 0xaf, 0x88, 0xe4, 0xaf,
	0x00, 0xec, 0xaf, 0x82, 0xe4, 0xaf, 0x81, 0xec, 0xaf, 0x02, 0xe4, 0xaf, 0xec, 0xaf, 0xed, 0x72,
	0x93, 0xff, 0xde, 0x01, 0xff, 0x9d, 0xec, 0xd0, 0x81, 0xec, 0xaf, 0x01, 0xec, 0x8f, 0xe4, 0xaf,
	0x81, 0xec, 0xaf, 0x82, 0xe4, 0xaf, 0x00, 0xec, 0xaf, 0x86, 0xe4, 0xaf, 0x02, 0xec, 0xaf, 0xe4,
	0xaf, 0xe4, 0xaf, 0x85, 0xec, 0xaf, 0x01, 0xed, 0x10, 0xff, 0xbd, 0x92, 0xff, 0xde, 0x02, 0xff,
	0x3b, 0xf4, 0xf0, 0xec, 0xaf, 0x81, 0xe4, 0xaf, 0x80, 0xec, 0xaf, 0x80, 0xe4, 0xaf, 0x00, 0xec,
	0xaf, 0x81, 0xe4, 0xaf, 0x00, 0xec, 0xaf, 0x86, 0xe4, 0xaf, 0x01, 0xec, 0xaf, 0xe4, 0xaf, 0x81,
	0xec, 0xaf, 0x00, 0xe4, 0xaf, 0x81, 0xec, 0xaf, 0x02, 0xe4, 0xaf, 0xec, 0xf0, 0xff, 0x7c, 0x92,
	0xff, 0xde, 0x03, 0xf6, 0xd9, 0xf4, 0xf0, 0xec, 0xaf, 0xec, 0xaf, 0x81, 0xe4, 0xaf, 0x02, 0xec,
	0xaf, 0xe4, 0xaf, 0xe4, 0xaf, 0x81, 0xec, 0xaf, 0x02, 0xe4, 0xaf, 0xec, 0xaf, 0xec, 0xaf, 0x83,
	0xe4, 0xaf, 0x86, 0xec, 0xaf, 0x00, 0xe4, 0xaf, 0x81, 0xec, 0xaf, 0x01, 0xf5, 0x10, 0xff, 0x1a,
	0x92, 0xff, 0xde, 0x01, 0xf6, 0x57, 0xf4, 0xcf, 0x81, 0xec, 0xaf, 0x81, 0xe4, 0xaf, 0x85, 0xec,
	0xaf, 0x80, 0xe4, 0xaf, 0x00, 0xec, 0xaf, 0x81, 0xe4, 0xaf, 0x81, 0xec, 0xaf, 0x81, 0xe4, 0xaf,
	0x80, 0xec, 0xaf, 0x00, 0xe4, 0xaf, 0x81, 0xec, 0xaf, 0x01, 0xf4, 0xcf, 0xf6, 0x98, 0x92, 0xff,
	0xde, 0x01, 0xf5, 0xf5, 0xf4, 0xcf, 0x8d, 0xec, 0xaf, 0x82, 0xe4, 0xaf, 0x86, 0xec, 0xaf, 0x81,
	0xe4, 0xaf, 0x02, 0xec, 0xaf, 0xf4, 0xcf, 0xf6, 0x15, 0x92, 0xff, 0xde, 0x01, 0xed, 0x72, 0xec,
	0xaf, 0x82, 0xe4, 0xaf, 0x85, 0xec, 0xaf, 0x00, 0xe4, 0xaf, 0x81, 0xec, 0xaf, 0x80, 0xe4, 0xaf,
	0x02, 0xec, 0xaf, 0xe4, 0xaf, 0xe4, 0xaf, 0x87, 0xec, 0xaf, 0x80, 0xe4, 0xaf, 0x01, 0xec, 0xaf,
	0xed, 0xb4, 0x91, 0xff, 0xde, 0x04, 0xff, 0xbd, 0xed, 0x31, 0xec, 0xaf, 0xe4, 0xaf, 0xe4, 0xaf,
	0x89, 0xec, 0xaf, 0x06, 0xe4, 0xaf, 0xec, 0xaf, 0xe4, 0xaf, 0xec, 0xaf, 0xe4, 0xaf, 0xec, 0xaf,
	0xe4, 0xaf, 0x84, 0xec, 0xaf, 0x01, 0xe4, 0xaf, 0xec, 0xaf, 0x81, 0xe4, 0xaf, 0x01, 0xec, 0xcf,
	0xed, 0x72, 0x91, 0xff, 0xde, 0x06, 0xff, 0x7c, 0xec, 0xf0, 0xe4, 0x8f, 0xe4, 0xaf, 0xec, 0xaf,
	0xec, 0xaf, 0xe4, 0xaf, 0x86, 0xec, 0xaf, 0x80, 0xe4, 0xaf, 0x80, 0xec, 0xaf, 0x82, 0xe4, 0xaf,
	0x83, 0xec, 0xaf, 0x85, 0xe4, 0xaf, 0x01, 0xed, 0x31, 0xff, 0x9d, 0x90, 0xff, 0xde, 0x03, 0xff,
	0x1a, 0xf4, 0xf0, 0xe4, 0xaf, 0xe4, 0xaf, 0x84, 0xec, 0xaf, 0x00, 0xe4, 0xaf, 0x84, 0xec, 0xaf,
	0x06, 0xe4, 0xaf, 0xec, 0xaf, 0xec, 0xaf, 0xe4, 0xaf, 0xe4, 0xaf, 0xec, 0xaf, 0xe4, 0xaf, 0x82,
	0xec, 0xaf, 0x08, 0xe4, 0xaf, 0xec, 0xaf, 0xe4, 0xaf, 0xe4, 0xaf, 0xec, 0xaf, 0xec, 0xaf, 0xe4,
	0xaf, 0xec, 0xf0, 0xff, 0x5b, 0x90, 0xff, 0xde, 0x02, 0xf6, 0x98, 0xf4, 0xf0, 0xe4, 0xaf, 0x83,
	0xec, 0xaf, 0x00, 0xe4, 0xaf, 0x88, 0xec, 0xaf, 0x02, 0xe4, 0xaf, 0xec, 0xaf, 0xec, 0xaf, 0x83,
	0xe4, 0xaf, 0x80, 0xec, 0xaf, 0x07, 0xe4, 0xaf, 0xec, 0xaf, 0xe4, 0xaf, 0xec, 0xaf, 0xe4, 0xaf,
	0xe4, 0xaf, 0xf5, 0x10, 0xfe, 0xf9, 0x8e, 0xff, 0xde, 0x08, 0xff, 0xdd, 0xff, 0xde, 0xf6, 0x16,
	0xf4, 0xcf, 0xe4, 0xaf, 0xec, 0xaf, 0xec, 0xaf, 0xe4, 0xaf, 0xec, 0xaf, 0x81, 0xe4, 0xaf, 0x88,
	0xec, 0xaf, 0x88, 0xe4, 0xaf, 0x00, 0xec, 0xaf, 0x82, 0xe4, 0xaf, 0x01, 0xf4, 0xf0, 0xf6, 0x97,
	0x90, 0xff, 0xde, 0x01, 0xed, 0xb4, 0xec, 0xcf, 0x81, 0xe4, 0xaf, 0x80, 0xec, 0xaf, 0x00, 0xe4,
	0xaf, 0x8a, 0xec, 0xaf, 0x82, 0xe4, 0xaf, 0x00, 0xec, 0xaf, 0x81, 0xe4, 0xaf, 0x00, 0xec, 0xaf,
	0x83, 0xe4, 0xaf, 0x04, 0xe4, 0xcf, 0xf4, 0xcf, 0xf5, 0xf5, 0xff, 0xde, 0xff, 0xdd, 0x8e, 0xff,
	0xde, 0x01, 0xed, 0x31, 0xec, 0xaf, 0x83, 0xe4, 0xaf, 0x86, 0xec, 0xaf, 0x04, 0xe4, 0xaf, 0xec,
	0xaf, 0xec, 0xaf, 0xe4, 0xaf, 0xec, 0xaf, 0x81, 0xe4, 0xaf, 0x82, 0xec, 0xaf, 0x01, 0xe4, 0xaf,
	0xec, 0xaf, 0x82, 0xe4, 0xaf, 0x03, 0xec, 0xaf, 0xe4, 0xaf, 0xec, 0xcf, 0xed, 0x93, 0x8f, 0xff,
	0xde, 0x02, 0xff, 0x9d, 0xec, 0xf0, 0xec, 0xaf, 0x82, 0xe4, 0xaf, 0x01, 0xec, 0xaf, 0xe4, 0xaf,
	0x85, 0xec, 0xaf, 0x02, 0xe4, 0xaf, 0xec, 0xaf, 0xe4, 0xaf, 0x81, 0xec, 0xaf, 0x83, 0xe4, 0xaf,
	0x00, 0xec, 0xaf, 0x86, 0xe4, 0xaf, 0x02, 0xec, 0xaf, 0xed, 0x11, 0xff, 0xdd, 0x8e, 0xff, 0xde,
	0x08, 0xff, 0x3b, 0xf4, 0xf0, 0xe4, 0xaf, 0xe4, 0xaf, 0xec, 0xaf, 0xe4, 0xaf, 0xe4, 0xaf, 0xec,
	0xaf, 0xe4, 0xaf, 0x87, 0xec, 0xaf, 0x80, 0xe4, 0xaf, 0x83, 0xec, 0xaf, 0x89, 0xe4, 0xaf, 0x02,
	0xec, 0xaf, 0xf5, 0x11, 0xff, 0x7c, 0x8e, 0xff, 0xde, 0x01, 0xf6, 0xd9, 0xf4, 0xd0, 0x81, 0xec,
	0xaf, 0x80, 0xe4, 0xaf, 0x80, 0xec, 0xaf, 0x0a, 0xe4, 0xaf, 0xec, 0xaf, 0xec, 0xaf, 0xe4, 0xaf,
	0xec, 0xaf, 0xe4, 0xaf, 0xec, 0xaf, 0xec, 0xaf, 0xe4, 0xaf, 0xe4, 0xaf, 0xec, 0xaf, 0x83, 0xe4,
	0xaf, 0x80, 0xec, 0xaf, 0x86, 0xe4, 0xaf, 0x80, 0xec, 0xaf, 0x01, 0xf5, 0x10, 0xff, 0x3a, 0x8e,
	0xff, 0xde, 0x0b, 0xf6, 0x57, 0xf4, 0xd0, 0xe4, 0xaf, 0xec, 0xaf, 0xe4, 0xaf, 0xe4, 0xaf, 0xec,
	0xaf, 0xe4, 0xaf, 0xec, 0xaf, 0xec, 0xaf, 0xe4, 0xaf, 0xec, 0xaf, 0x81, 0xe4, 0xaf, 0x0f, 0xec,
	0xaf, 0xe4, 0xaf, 0xec, 0xaf, 0xec, 0xaf, 0xe4, 0xaf, 0xec, 0xaf, 0xe4, 0xaf, 0xe4, 0xaf, 0xec,
	0xaf, 0xec, 0xaf, 0xe4, 0xaf, 0xec, 0xaf, 0xec, 0xaf, 0xe4, 0xaf, 0xec, 0xaf, 0xec, 0xaf, 0x81,
	0xe4, 0xaf, 0x04, 0xec, 0xaf, 0xe4, 0xaf, 0xe4, 0xaf, 0xf4, 0xf0, 0xf6, 0xb8, 0x8e, 0xff, 0xde,
	0x05, 0xed, 0xd4, 0xec, 0xaf, 0xec, 0xaf, 0xe4, 0xaf, 0xec, 0xaf, 0xe4, 0xaf, 0x84, 0xec, 0xaf,
	0x81, 0xe4, 0xaf, 0x06, 0xec, 0xaf, 0xe4, 0xaf, 0xec, 0xaf, 0xe4, 0xaf, 0xec, 0xaf, 0xe4, 0xaf,
	0xe4, 0xaf, 0x86, 0xec, 0xaf, 0x85, 0xe4, 0xaf, 0x01, 0xf4, 0xf0, 0xf6, 0x36, 0x8e, 0xff, 0xde,
	0x00, 0xed, 0x72, 0x82, 0xec, 0xaf, 0x80, 0xe4, 0xaf, 0x84, 0xec, 0xaf, 0x81, 0xe4, 0xaf, 0x80,
	0xec, 0xaf, 0x00, 0xe4, 0xaf, 0x83, 0xec, 0xaf, 0x00, 0xe4, 0xaf, 0x82, 0xec, 0xaf, 0x03, 0xe4,
	0xaf, 0xec, 0xaf, 0xe4, 0xaf, 0xec, 0xaf, 0x81, 0xe4, 0xaf, 0x02, 0xec, 0xaf, 0xec, 0xcf, 0xed,
	0xb4, 0x8d, 0xff, 0xde, 0x03, 0xff, 0xbd, 0xec, 0xf0, 0xec, 0xaf, 0xe4, 0xaf, 0x83, 0xec, 0xaf,
	0x80, 0xe4, 0xaf, 0x81, 0xec, 0xaf, 0x05, 0xe4, 0xaf, 0xec, 0xaf, 0xe4, 0xaf, 0xec, 0xaf, 0xec,
	0xaf, 0xe4, 0xaf, 0x83, 0xec, 0xaf, 0x04, 0xe4, 0xaf, 0xec, 0xaf, 0xe4, 0xaf, 0xec, 0xaf, 0xec,
	0xaf, 0x81, 0xe4, 0xaf, 0x01, 0xec, 0xaf, 0xe4, 0xaf, 0x82, 0xec, 0xaf, 0x00, 0xed, 0x31, 0x8d,
	0xff, 0xde, 0x02, 0xff, 0x5b, 0xec, 0xf0, 0xe4, 0xaf, 0x86, 0xec, 0xaf, 0x80, 0xe4, 0xaf, 0x81,
	0xec, 0xaf, 0x00, 0xe4, 0xaf, 0x88, 0xec, 0xaf, 0x01, 0xe4, 0xaf, 0xec, 0xaf, 0x84, 0xe4, 0xaf,
	0x82, 0xec, 0xaf, 0x01, 0xec, 0xf0, 0xff, 0x9d, 0x8c, 0xff, 0xde, 0x01, 0xf6, 0xf9, 0xf4, 0xf0,
	0x82, 0xec, 0xaf, 0x00, 0xe4, 0xaf, 0x82, 0xec, 0xaf, 0x00, 0xe4, 0xaf, 0x87, 0xec, 0xaf, 0x00,
	0xe4, 0xaf, 0x83, 0xec, 0xaf, 0x00, 0xe4, 0xaf, 0x81, 0xec, 0xaf, 0x81, 0xe4, 0xaf, 0x83, 0xec,
	0xaf, 0x01, 0xf5, 0x10, 0xff, 0x3b, 0x8c, 0xff, 0xde, 0x07, 0xf6, 0x77, 0xf4, 0xf0, 0xec, 0xcf,
	0xec, 0xaf, 0xec, 0xaf, 0xe4, 0xaf, 0xec, 0xaf, 0xe4, 0xaf, 0x81, 0xec, 0xaf, 0x00, 0xe4, 0xaf,
	0x86, 0xec, 0xaf, 0x80, 0xe4, 0xaf, 0x85, 0xec, 0xaf, 0x00, 0xe4, 0xaf, 0x82, 0xec, 0xaf, 0x80,
	0xe4, 0xaf, 0x81, 0xec, 0xaf, 0x01, 0xf4, 0xf0, 0xf6, 0xd9, 0x8c, 0xff, 0xde, 0x01, 0xf6, 0x15,
	0xf4, 0xf0, 0x87, 0xec, 0xaf, 0x83, 0xe4, 0xaf, 0x83, 0xec, 0xaf, 0x00, 0xe4, 0xaf, 0x88, 0xec,
	0xaf, 0x80, 0xe4, 0xaf, 0x83, 0xec, 0xaf, 0x01, 0xf4, 0xef, 0xf6, 0x56, 0x8c, 0xff, 0xde, 0x03,
	0xed, 0x73, 0xec, 0xaf, 0xe4, 0xaf, 0xe4, 0xaf, 0x82, 0xec, 0xaf, 0x00, 0xe4, 0xaf, 0x83, 0xec,
	0xaf, 0x06, 0xe4, 0xaf, 0xec, 0xaf, 0xe4, 0xaf, 0xec, 0xaf, 0xec, 0xaf, 0xe4, 0xaf, 0xe4, 0xaf,
	0x81, 0xec, 0xaf, 0x04, 0xe4, 0xaf, 0xec, 0xaf, 0xec, 0xaf, 0xe4, 0xaf, 0xe4, 0xaf, 0x81, 0xec,
	0xaf, 0x00, 0xe4, 0xaf, 0x81, 0xec, 0xaf, 0x04, 0xe4, 0xaf, 0xec, 0xaf, 0xec, 0xcf, 0xec, 0xcf,
	0xf5, 0xb4, 0x8b, 0xff, 0xde, 0x03, 0xff, 0xbd, 0xed, 0x11, 0xec, 0xaf, 0xe4, 0xaf, 0x85, 0xec,
	0xaf, 0x00, 0xe4, 0xaf, 0x81, 0xec, 0xaf, 0x82, 0xe4, 0xaf, 0x84, 0xec, 0xaf, 0x00, 0xe4, 0xaf,
	0x83, 0xec, 0xaf, 0x81, 0xe4, 0xaf, 0x81, 0xec, 0xaf, 0x00, 0xe4, 0xaf, 0x81, 0xec, 0xaf, 0x00,
	0xed, 0x52, 0x8b, 0xff, 0xde, 0x03, 0xff, 0x5b, 0xec, 0xd0, 0xe4, 0xaf, 0xe4, 0xaf, 0x85, 0xec,
	0xaf, 0x80, 0xe4, 0xaf, 0x81, 0xec, 0xaf, 0x01, 0xe4, 0xaf, 0xec, 0xaf, 0x81, 0xe4, 0xaf, 0x83,
	0xec, 0xaf, 0x00, 0xe4, 0xaf, 0x83, 0xec, 0xaf, 0x81, 0xe4, 0xaf, 0x80, 0xec, 0xaf, 0x80, 0xe4,
	0xaf, 0x03, 0xec, 0xaf, 0xe4, 0xaf, 0xed, 0x10, 0xff, 0x9d, 0x8a, 0xff, 0xde, 0x02, 0xfe, 0xfa,
	0xf4, 0xf0, 0xe4, 0xaf, 0x82, 0xec, 0xaf, 0x00, 0xe4, 0xaf, 0x85, 0xec, 0xaf, 0x02, 0xe4, 0xaf,
	0xec, 0xaf, 0xec, 0xaf, 0x82, 0xe4, 0xaf, 0x81, 0xec, 0xaf, 0x80, 0xe4, 0xaf, 0x83, 0xec, 0xaf,
	0x80, 0xe4, 0xaf, 0x00, 0xec, 0xaf, 0x82, 0xe4, 0xaf, 0x03, 0xec, 0xaf, 0xe4, 0xaf, 0xec, 0xf0,
	0xff, 0x5b, 0x8a, 0xff, 0xde, 0x01, 0xf6, 0x77, 0xf4, 0xcf, 0x81, 0xec, 0xaf, 0x80, 0xe4, 0xaf,
	0x01, 0xec, 0xaf, 0xe4, 0xaf, 0x82, 0xec, 0xaf, 0x81, 0xe4, 0xaf, 0x81, 0xec, 0xaf, 0x83, 0xe4,
	0xaf, 0x80, 0xec, 0xaf, 0x00, 0xe4, 0xaf, 0x81, 0xec, 0xaf, 0x00, 0xe4, 0xaf, 0x81, 0xec, 0xaf,
	0x80, 0xe4, 0xaf, 0x01, 0xec, 0xaf, 0xe4, 0xaf, 0x81, 0xec, 0xaf, 0x01, 0xf5, 0x10, 0xf6, 0xd9,
	0x88, 0xff, 0xde, 0x0a, 0xff, 0xdd, 0xff, 0xde, 0xed, 0xd5, 0xf4, 0xcf, 0xe4, 0xaf, 0xec, 0xaf,
	0xec, 0xaf, 0xe4, 0xaf, 0xe4, 0xaf, 0xec, 0xaf, 0xe4, 0xaf, 0x81, 0xec, 0xaf, 0x81, 0xe4, 0xaf,
	0x01, 0xec, 0xaf, 0xe4, 0xaf, 0x81, 0xec, 0xaf, 0x83, 0xe4, 0xaf, 0x80, 0xec, 0xaf, 0x03, 0xe4,
	0xaf, 0xec, 0xaf, 0xe4, 0xaf, 0xe4, 0xaf, 0x81, 0xec, 0xaf, 0x03, 0xe4, 0xaf, 0xec, 0xaf, 0xe4,
	0xaf, 0xe4, 0xaf, 0x81, 0xec, 0xaf, 0x03, 0xf4, 0xcf, 0xf6, 0x56, 0xff, 0xde, 0xff, 0xdd, 0x88,
	0xff, 0xde, 0x01, 0xed, 0x72, 0xec, 0xaf, 0x84, 0xe4, 0xaf, 0x83, 0xec, 0xaf, 0x02, 0xe4, 0xaf,
	0xec, 0xaf, 0xec, 0xaf, 0x87, 0xe4, 0xaf, 0x82, 0xec, 0xaf, 0x80, 0xe4, 0xaf, 0x03, 0xec, 0xaf,
	0xe4, 0xaf, 0xec, 0xaf, 0xec, 0xaf, 0x81, 0xe4, 0xaf, 0x80, 0xec, 0xaf, 0x02, 0xe4, 0xaf, 0xec,
	0xcf, 0xf5, 0xd4, 0x89, 0xff, 0xde, 0x02, 0xff, 0xbd, 0xed, 0x11, 0xec, 0xaf, 0x81, 0xe4, 0xaf,
	0x83, 0xec, 0xaf, 0x81, 0xe4, 0xaf, 0x82, 0xec, 0xaf, 0x80, 0xe4, 0xaf, 0x80, 0xec, 0xaf, 0x82,
	0xe4, 0xaf, 0x81, 0xec, 0xaf, 0x83, 0xe4, 0xaf, 0x80, 0xec, 0xaf, 0x81, 0xe4, 0xaf, 0x80, 0xec,
	0xaf, 0x02, 0xe4, 0xaf, 0xec, 0xaf, 0xed, 0x52, 0x89, 0xff, 0xde, 0x04, 0xff, 0x7b, 0xf4, 0xf0,
	0xec, 0xaf, 0xec, 0xaf, 0xe4, 0xaf, 0x84, 0xec, 0xaf, 0x04, 0xe4, 0xaf, 0xec, 0xaf, 0xe4, 0xaf,
	0xec, 0xaf, 0xec, 0xaf, 0x83, 0xe4, 0xaf, 0x0e, 0xec, 0xaf, 0xe4, 0xaf, 0xec, 0xaf, 0xec, 0xaf,
	0xe4, 0xaf, 0xec, 0xaf, 0xec, 0xaf, 0xe4, 0xaf, 0xec, 0xaf, 0xe4, 0xaf, 0xe4, 0xaf, 0xec, 0xaf,
	0xec, 0xaf, 0xe4, 0xaf, 0xec, 0xaf, 0x81, 0xe4, 0xaf, 0x80, 0xec, 0xaf, 0x03, 0xe4, 0xaf, 0xec,
	0xaf, 0xed, 0x10, 0xff, 0xbd, 0x88, 0xff, 0xde, 0x07, 0xfe, 0xfa, 0xf4, 0xf0, 0xec, 0xaf, 0xe4,
	0xaf, 0xec, 0xaf, 0xe4, 0xaf, 0xec, 0xaf, 0xec, 0xaf, 0x81, 0xe4, 0xaf, 0x80, 0xec, 0xaf, 0x80,
	0xe4, 0xaf, 0x01, 0xec, 0xaf, 0xe4, 0xaf, 0x81, 0xec, 0xaf, 0x82, 0xe4, 0xaf, 0x00, 0xec, 0xaf,
	0x81, 0xe4, 0xaf, 0x84, 0xec, 0xaf, 0x00, 0xe4, 0xaf, 0x82, 0xec, 0xaf, 0x82, 0xe4, 0xaf, 0x01,
	0xf5, 0x10, 0xff, 0x5b, 0x88, 0xff, 0xde, 0x04, 0xf6, 0x77, 0xf4, 0xf0, 0xe4, 0xaf, 0xe4, 0xaf,
	0xec, 0xaf, 0x81, 0xe4, 0xaf, 0x09, 0xec, 0xaf, 0xe4, 0xaf, 0xe4, 0xaf, 0xec, 0xaf, 0xec, 0xaf,
	0xe4, 0xaf, 0xec, 0xaf, 0xec, 0xaf, 0xe4, 0xaf, 0xe4, 0xaf, 0x84, 0xec, 0xaf, 0x00, 0xe4, 0xaf,
	0x81, 0xec, 0xaf, 0x00, 0xe4, 0xaf, 0x81, 0xec, 0xaf, 0x00, 0xe4, 0xaf, 0x81, 0xec, 0xaf, 0x02,
	0xe4, 0xaf, 0xec, 0xaf, 0xec, 0xaf, 0x81, 0xe4, 0xaf, 0x02, 0xec, 0xaf, 0xf4, 0xf0, 0xf6, 0xf9,
	0x88, 0xff, 0xde, 0x03, 0xf5, 0xf5, 0xf4, 0xcf, 0xe4, 0xaf, 0xe4, 0xaf, 0x81, 0xec, 0xaf, 0x00,
	0xe4, 0xaf, 0x82, 0xec, 0xaf, 0x80, 0xe4, 0xaf, 0x8d, 0xec, 0xaf, 0x80, 0xe4, 0xaf, 0x84, 0xec,
	0xaf, 0x84, 0xe4, 0xaf, 0x01, 0xf4, 0xf0, 0xf6, 0x77, 0x88, 0xff, 0xde, 0x02, 0xed, 0x72, 0xec,
	0xaf, 0xe4, 0xaf, 0x82, 0xec, 0xaf, 0x81, 0xe4, 0xaf, 0x02, 0xec, 0xaf, 0xe4, 0xaf, 0xe4, 0xaf,
	0x8f, 0xec, 0xaf, 0x81, 0xe4, 0xaf, 0x83, 0xec, 0xaf, 0x82, 0xe4, 0xaf, 0x02, 0xec, 0xaf, 0xec,
	0xcf, 0xf5, 0xf4, 0x87, 0xff, 0xde, 0x03, 0xff, 0xbd, 0xec, 0xf0, 0xec, 0xaf, 0xe4, 0xaf, 0x82,
	0xec, 0xaf, 0x80, 0xe4, 0xaf, 0x80, 0xec, 0xaf, 0x82, 0xe4, 0xaf, 0x8e, 0xec, 0xaf, 0x00, 0xe4,
	0xaf, 0x84, 0xec, 0xaf, 0x81, 0xe4, 0xaf, 0x03, 0xec, 0xaf, 0xe4, 0xaf, 0xec, 0xcf, 0xed, 0x52,
	0x87, 0xff, 0xde, 0x04, 0xff, 0x5c, 0xf4, 0xf0, 0xec, 0xaf, 0xec, 0xaf, 0xe4, 0xaf, 0x81, 0xec,
	0xaf, 0x83, 0xe4, 0xaf, 0x00, 0xec, 0xaf, 0x83, 0xe4, 0xaf, 0x84, 0xec, 0xaf, 0x02, 0xe4, 0xaf,
	0xec, 0xaf, 0xe4, 0xaf, 0x8b, 0xec, 0xaf, 0x82, 0xe4, 0xaf, 0x01, 0xec, 0xf0, 0xff, 0x9d, 0x86,
	0xff, 0xde, 0x08, 0xfe, 0xfa, 0xf4, 0xf0, 0xec, 0xaf, 0xec, 0xaf, 0xe4, 0xaf, 0xec, 0xaf, 0xec,
	0xaf, 0xe4, 0xaf, 0xec, 0xaf, 0x81, 0xe4, 0xaf, 0x80, 0xec, 0xaf, 0x84, 0xe4, 0xaf, 0x83, 0xec,
	0xaf, 0x00, 0xe4, 0xaf, 0x83, 0xec, 0xaf, 0x80, 0xe4, 0xaf, 0x01, 0xec, 0xaf, 0xe4, 0xaf, 0x81,
	0xec, 0xaf, 0x85, 0xe4, 0xaf, 0x01, 0xf4, 0xf0, 0xff, 0x5b, 0x86, 0xff, 0xde, 0x02, 0xf6, 0x98,
	0xf4, 0xf0, 0xec, 0xcf, 0x81, 0xec, 0xaf, 0x80, 0xe4, 0xaf, 0x03, 0xec, 0xaf, 0xe4, 0xaf, 0xe4,
	0xaf, 0xec, 0xaf, 0x8a, 0xe4, 0xaf, 0x80, 0xec, 0xaf, 0x00, 0xe4, 0xaf, 0x82, 0xec, 0xaf, 0x02,
	0xe4, 0xaf, 0xec, 0xaf, 0xec, 0xaf, 0x81, 0xe4, 0xaf, 0x80, 0xec, 0xaf, 0x84, 0xe4, 0xaf, 0x01,
	0xf4, 0xf0, 0xf6, 0xd9, 0x86, 0xff, 0xde, 0x04, 0xf6, 0x15, 0xf4, 0xcf, 0xec, 0xcf, 0xec, 0xaf,
	0xec, 0xaf, 0x84, 0xe4, 0xaf, 0x00, 0xec, 0xaf, 0x8b, 0xe4, 0xaf, 0x84, 0xec, 0xaf, 0x00, 0xe4,
	0xaf, 0x81, 0xec, 0xaf, 0x80, 0xe4, 0xaf, 0x02, 0xec, 0xaf, 0xe4, 0xaf, 0xec, 0xaf, 0x82, 0xe4,
	0xaf, 0x02, 0xec, 0xcf, 0xf4, 0xf0, 0xf6, 0x36, 0x86, 0xff, 0xde, 0x03, 0xed, 0x73, 0xec, 0xcf,
	0xec, 0xaf, 0xec, 0xaf, 0x85, 0xe4, 0xaf, 0x02, 0xec, 0xaf, 0xe4, 0xaf, 0xec, 0xaf, 0x8c, 0xe4,
	0xaf, 0x81, 0xec, 0xaf, 0x80, 0xe4, 0xaf, 0x81, 0xec, 0xaf, 0x00, 0xe4, 0xaf, 0x82, 0xec, 0xaf,
	0x82, 0xe4, 0xaf, 0x01, 0xec, 0xcf, 0xed, 0xb4, 0x85, 0xff, 0xde, 0x02, 0xff, 0xdd, 0xed, 0x31,
	0xec, 0xaf, 0x86, 0xe4, 0xaf, 0x03, 0xec, 0xaf, 0xe4, 0xaf, 0xe4, 0xaf, 0xec, 0xaf, 0x8c, 0xe4,
	0xaf, 0x81, 0xec, 0xaf, 0x00, 0xe4, 0xaf, 0x87, 0xec, 0xaf, 0x82, 0xe4, 0xaf, 0x01, 0xec, 0xaf,
	0xed, 0x52, 0x85, 0xff, 0xde, 0x03, 0xff, 0x7c, 0xec, 0xf0, 0xe4, 0xaf, 0xec, 0xaf, 0x83, 0xe4,
	0xaf, 0x80, 0xec, 0xaf, 0x07, 0xe4, 0xaf, 0xec, 0xaf, 0xe4, 0xaf, 0xe4, 0xaf, 0xec, 0xaf, 0xe4,
	0xaf, 0xe4, 0xaf, 0xec, 0xaf, 0x86, 0xe4, 0xaf, 0x00, 0xec, 0xaf, 0x81, 0xe4, 0xaf, 0x80, 0xec,
	0xaf, 0x03, 0xe4, 0xaf, 0xec, 0xaf, 0xec, 0xaf, 0xe4, 0xaf, 0x83, 0xec, 0xaf, 0x01, 0xe4, 0xaf,
	0xec, 0xaf, 0x81, 0xe4, 0xaf, 0x01, 0xed, 0x11, 0xff, 0x9c, 0x84, 0xff, 0xde, 0x02, 0xf6, 0xfa,
	0xf4, 0xf0, 0xec, 0xaf, 0x84, 0xe4, 0xaf, 0x81, 0xec, 0xaf, 0x00, 0xe4, 0xaf, 0x84, 0xec, 0xaf,
	0x8a, 0xe4, 0xaf, 0x81, 0xec, 0xaf, 0x81, 0xe4, 0xaf, 0x83, 0xec, 0xaf, 0x06, 0xe4, 0xaf, 0xec,
	0xaf, 0xe4, 0xaf, 0xec, 0xaf, 0xec, 0xaf, 0xf5, 0x10, 0xff, 0x3b, 0x84, 0xff, 0xde, 0x07, 0xf6,
	0x77, 0xf4, 0xcf, 0xec, 0xaf, 0xec, 0xaf, 0xe4, 0xaf, 0xe4, 0xaf, 0xec, 0xaf, 0xe4, 0xaf, 0x84,
	0xec, 0xaf, 0x80, 0xe4, 0xaf, 0x80, 0xec, 0xaf, 0x01, 0xe4, 0xaf, 0xec, 0xaf, 0x8a, 0xe4, 0xaf,
	0x80, 0xec, 0xaf, 0x02, 0xe4, 0xaf, 0xec, 0xaf, 0xe4, 0xaf, 0x83, 0xec, 0xaf, 0x81, 0xe4, 0xaf,
	0x80, 0xec, 0xaf, 0x01, 0xf4, 0xf0, 0xf6, 0xb8, 0x82, 0xff, 0xde, 0x03, 0xff, 0xdd, 0xff, 0xde,
	0xf5, 0xd5, 0xf4, 0xcf, 0x81, 0xe4, 0xaf, 0x82, 0xec, 0xaf, 0x80, 0xe4, 0xaf, 0x81, 0xec, 0xaf,
	0x80, 0xe4, 0xaf, 0x80, 0xec, 0xaf, 0x89, 0xe4, 0xaf, 0x00, 0xec, 0xaf, 0x82, 0xe4, 0xaf, 0x81,
	0xec, 0xaf, 0x06, 0xe4, 0xaf, 0xec, 0xaf, 0xec, 0xaf, 0xe4, 0xaf, 0xe4, 0xaf, 0xec, 0xaf, 0xe4,
	0xaf, 0x81, 0xec, 0xaf, 0x03, 0xf4, 0xcf, 0xf6, 0x36, 0xff, 0xde, 0xff, 0xdd, 0x82, 0xff, 0xde,
	0x03, 0xed, 0x52, 0xec, 0xaf, 0xe4, 0xaf, 0xe4, 0xaf, 0x82, 0xec, 0xaf, 0x80, 0xe4, 0xaf, 0x80,
	0xec, 0xaf, 0x04, 0xe4, 0xaf, 0xec, 0xaf, 0xe4, 0xaf, 0xe4, 0xaf, 0xec, 0xaf, 0x83, 0xe4, 0xaf,
	0x00, 0xec, 0xaf, 0x83, 0xe4, 0xaf, 0x80, 0xec, 0xaf, 0x82, 0xe4, 0xaf, 0x80, 0xec, 0xaf, 0x82,
	0xe4, 0xaf, 0x00, 0xec, 0xaf, 0x82, 0xe4, 0xaf, 0x03, 0xec, 0xaf, 0xe4, 0xaf, 0xec, 0xcf, 0xed,
	0xd4, 0x83, 0xff, 0xde, 0x04, 0xff, 0xbd, 0xed, 0x11, 0xec, 0xaf, 0xe4, 0xaf, 0xe4, 0xaf, 0x83,
	0xec, 0xaf, 0x83, 0xe4, 0xaf, 0x82, 0xec, 0xaf, 0x82, 0xe4, 0xaf, 0x00, 0xec, 0xaf, 0x83, 0xe4,
	0xaf, 0x07, 0xec, 0xaf, 0xe4, 0xaf, 0xe4, 0xaf, 0xec, 0xaf, 0xe4, 0xaf, 0xe4, 0xaf, 0xec, 0xaf,
	0xe4, 0xaf, 0x82, 0xec, 0xaf, 0x82, 0xe4, 0xaf, 0x82, 0xec, 0xaf, 0x00, 0xed, 0x31, 0x83, 0xff,
	0xde, 0x03, 0xff, 0x3b, 0xf4, 0xf0, 0xe4, 0xaf, 0xe4, 0xaf, 0x85, 0xec, 0xaf, 0x82, 0xe4, 0xaf,
	0x82, 0xec, 0xaf, 0x87, 0xe4, 0xaf, 0x00, 0xec, 0xaf, 0x81, 0xe4, 0xaf, 0x82, 0xec, 0xaf, 0x84,
	0xe4, 0xaf, 0x85, 0xec, 0xaf, 0x01, 0xed, 0x10, 0xff, 0x9c, 0x82, 0xff, 0xde, 0x01, 0xf6, 0xb9,
	0xf4, 0xf0, 0x87, 0xec, 0xaf, 0x80, 0xe4, 0xaf, 0x82, 0xec, 0xaf, 0x01, 0xe4, 0xaf, 0xec, 0xaf,
	0x83, 0xe4, 0xaf, 0x83, 0xec, 0xaf, 0x82, 0xe4, 0xaf, 0x81, 0xec, 0xaf, 0x84, 0xe4, 0xaf, 0x80,
	0xec, 0xaf, 0x81, 0xe4, 0xaf, 0x80, 0xec, 0xaf, 0x07, 0xf4, 0xf0, 0xff, 0x1a, 0xff, 0xde, 0xff,
	0xde, 0xff, 0xdd, 0xff, 0xde, 0xf6, 0x36, 0xf4, 0xcf, 0x81, 0xec, 0xaf, 0x80, 0xe4, 0xaf, 0x81,
	0xec, 0xaf, 0x82, 0xe4, 0xaf, 0x82, 0xec, 0xaf, 0x83, 0xe4, 0xaf, 0x82, 0xec, 0xaf, 0x07, 0xe4,
	0xaf, 0xec, 0xaf, 0xec, 0xaf, 0xe4, 0xaf, 0xec, 0xaf, 0xec, 0xaf, 0xe4, 0xaf, 0xec, 0xaf, 0x84,
	0xe4, 0xaf, 0x80, 0xec, 0xaf, 0x01, 0xe4, 0xaf, 0xec, 0xaf, 0x82, 0xe4, 0xaf, 0x01, 0xf4, 0xf0,
	0xf6, 0x98, 0x82, 0xff, 0xde, 0x01, 0xed, 0xb4, 0xec, 0xcf, 0x81, 0xec, 0xaf, 0x01, 0xe4, 0xaf,
	0xec, 0xaf, 0x82, 0xe4, 0xaf, 0x82, 0xec, 0xaf, 0x81, 0xe4, 0xaf, 0x80, 0xec, 0xaf, 0x81, 0xe4,
	0xaf, 0x08, 0xec, 0xaf, 0xe4, 0xaf, 0xec, 0xaf, 0xec, 0xaf, 0xe4, 0xaf, 0xec, 0xaf, 0xec, 0xaf,
	0xe4, 0xaf, 0xec, 0xaf, 0x81, 0xe4, 0xaf, 0x80, 0xec, 0xaf, 0x88, 0xe4, 0xaf, 0x08, 0xec, 0xaf,
	0xec, 0xcf, 0xf4, 0xf0, 0xf6, 0x36, 0xff, 0xde, 0xff, 0xdd, 0xff, 0xde, 0xff, 0xde, 0xed, 0x11,
	0x83, 0xec, 0xaf, 0x80, 0xe4, 0xaf, 0x01, 0xec, 0xaf, 0xe4, 0xaf, 0x83, 0xec, 0xaf, 0x83, 0xe4,
	0xaf, 0x83, 0xec, 0xaf, 0x80, 0xe4, 0xaf, 0x02, 0xec, 0xaf, 0xe4, 0xaf, 0xe4, 0xaf, 0x81, 0xec,
	0xaf, 0x81, 0xe4, 0xaf, 0x80, 0xec, 0xaf, 0x80, 0xe4, 0xaf, 0x80, 0xec, 0xaf, 0x83, 0xe4, 0xaf,
	0x03, 0xec, 0xaf, 0xec, 0xcf, 0xec, 0xcf, 0xed, 0xb3, 0x81, 0xff, 0xde, 0x01, 0xff, 0x7c, 0xec,
	0xf0, 0x83, 0xec, 0xaf, 0x80, 0xe4, 0xaf, 0x85, 0xec, 0xaf, 0x84, 0xe4, 0xaf, 0x83, 0xec, 0xaf,
	0x82, 0xe4, 0xaf, 0x80, 0xec, 0xaf, 0x81, 0xe4, 0xaf, 0x83, 0xec, 0xaf, 0x85, 0xe4, 0xaf, 0x81,
	0xec, 0xaf, 0x05, 0xed, 0x11, 0xff, 0xbd, 0xff, 0xde, 0xff, 0xde, 0xff, 0x1a, 0xf4, 0xf0, 0x82,
	0xec, 0xaf, 0x80, 0xe4, 0xaf, 0x01, 0xec, 0xaf, 0xe4, 0xaf, 0x82, 0xec, 0xaf, 0x82, 0xe4, 0xaf,
	0x00, 0xec, 0xaf, 0x81, 0xe4, 0xaf, 0x83, 0xec, 0xaf, 0x80, 0xe4, 0xaf, 0x82, 0xec, 0xaf, 0x81,
	0xe4, 0xaf, 0x83, 0xec, 0xaf, 0x83, 0xe4, 0xaf, 0x83, 0xec, 0xaf, 0x05, 0xf4, 0xf0, 0xff, 0x5b,
	0xff, 0xde, 0xff, 0xde, 0xf6, 0x98, 0xf4, 0xcf, 0x8a, 0xec, 0xaf, 0x81, 0xe4, 0xaf, 0x80, 0xec,
	0xaf, 0x81, 0xe4, 0xaf, 0x82, 0xec, 0xaf, 0x81, 0xe4, 0xaf, 0x89, 0xec, 0xaf, 0x83, 0xe4, 0xaf,
	0x83, 0xec, 0xaf, 0x09, 0xec, 0xcf, 0xf4, 0xf0, 0xff, 0x1a, 0xff, 0xde, 0xff, 0xde, 0xf5, 0xf5,
	0xf4, 0xcf, 0xec, 0xaf, 0xec, 0xaf, 0xe4, 0xaf, 0x85, 0xec, 0xaf, 0x80, 0xe4, 0xaf, 0x80, 0xec,
	0xaf, 0x80, 0xe4, 0xaf, 0x03, 0xec, 0xaf, 0xe4, 0xaf, 0xec, 0xaf, 0xe4, 0xaf, 0x85, 0xec, 0xaf,
	0x80, 0xe4, 0xaf, 0x87, 0xec, 0xaf, 0x83, 0xe4, 0xaf, 0x84, 0xec, 0xaf, 0x08, 0xf4, 0xf0, 0xf6,
	0x98, 0xff, 0xde, 0xff, 0xde, 0xed, 0x93, 0xec, 0xcf, 0xec, 0xcf, 0xec, 0xaf, 0xe4, 0xaf, 0x82,
	0xec, 0xaf, 0x05, 0xec, 0xcf, 0xec, 0xaf, 0xec, 0xaf, 0xe4, 0xaf, 0xe4, 0xaf, 0xec, 0xaf, 0x82,
	0xe4, 0xaf, 0x80, 0xec, 0xaf, 0x00, 0xe4, 0xaf, 0x85, 0xec, 0xaf, 0x81, 0xe4, 0xaf, 0x84, 0xec,
	0xaf, 0x01, 0xe4, 0xaf, 0xec, 0xaf, 0x81, 0xe4, 0xaf, 0x84, 0xec, 0xaf, 0x80, 0xe4, 0xaf, 0x0c,
	0xf4, 0xcf, 0xf6, 0x15, 0xff, 0xde, 0xff, 0xde, 0xf6, 0x15, 0xf5, 0x10, 0xec, 0xf0, 0xec, 0xcf,
	0xec, 0xaf, 0xe4, 0xaf, 0xec, 0xaf, 0xec, 0xaf, 0xec, 0xcf, 0x82, 0xec, 0xaf, 0x80, 0xe4, 0xaf,
	0x00, 0xec, 0xaf, 0x86, 0xe4, 0xaf, 0x02, 0xec, 0xaf, 0xe4, 0xaf, 0xec, 0xaf, 0x83, 0xe4, 0xaf,
	0x83, 0xec, 0xaf, 0x85, 0xe4, 0xaf, 0x80, 0xec, 0xaf, 0x80, 0xe4, 0xaf, 0x80, 0xec, 0xaf, 0x0a,
	0xec, 0xd0, 0xf5, 0x10, 0xf6, 0x77, 0xff, 0xde, 0xff, 0xde, 0xff, 0x5b, 0xf5, 0x31, 0xf4, 0xcf,
	0xec, 0xaf, 0xe4, 0x8e, 0xec, 0xaf, 0x82, 0xf4, 0xcf, 0x86, 0xec, 0xcf, 0x81, 0xec, 0xaf, 0x81,
	0xec, 0xcf, 0x80, 0xec, 0xaf, 0x87, 0xec, 0xcf, 0x02, 0xec, 0xaf, 0xec, 0x8e, 0xec, 0xaf, 0x84,
	0xec, 0xcf, 0x80, 0xf4, 0xcf, 0x06, 0xec, 0xcf, 0xec, 0x8f, 0xe4, 0x8e, 0xec, 0xaf, 0xf4, 0xf0,
	0xf5, 0x72, 0xff, 0xbd, 0x81, 0xff, 0xde, 0x04, 0xff, 0x3b, 0xf5, 0xd4, 0xed, 0x52, 0xed, 0x72,
	0xed, 0x73, 0x82, 0xed, 0x93, 0x81, 0xed, 0x73, 0x80, 0xed, 0x93, 0x05, 0xed, 0x73, 0xed, 0x93,
	0xed, 0x93, 0xed, 0x73, 0xed, 0x72, 0xed, 0x72, 0x81, 0xed, 0x73, 0x80, 0xed, 0x72, 0x80, 0xed,
	0x73, 0x85, 0xed, 0x93, 0x01, 0xed, 0x72, 0xed, 0x93, 0x81, 0xed, 0x73, 0x85, 0xed, 0x93, 0x06,
	0xed, 0x52, 0xed, 0x72, 0xf5, 0x73, 0xfe, 0x36, 0xff, 0x9c, 0xff, 0xde, 0xff, 0xde, 0x02, 0x95,
	0x00, 0x66, 0x00, 0x14, 0x00, 0x01, 0x00, 0x0f, 0x00, 0x00, 0x00, 0x82, 0xff, 0xdd, 0x81, 0xff,
	0xbd, 0x85, 0xff, 0xdd, 0x00, 0xff, 0xbd, 0x83, 0xff, 0xdd, 0x83, 0x00, 0x68, 0x00, 0x39, 0x00,
	0x6d, 0x00, 0xbd, 0x17, 0x00, 0x00, 0x90, 0xff, 0xde, 0x06, 0xf6, 0x15, 0xf5, 0xf5, 0xed, 0xf5,
	0xed, 0x93, 0xed, 0x93, 0xed, 0x72, 0xed, 0x73, 0x83, 0xed, 0x93, 0x80, 0xed, 0x73, 0x06, 0xed,
	0x72, 0xed, 0x73, 0xed, 0x93, 0xed, 0xf5, 0xed, 0xf5, 0xf5, 0xb4, 0xf5, 0xf5, 0xa1, 0xff, 0xde,
	0x04, 0xff, 0x9c, 0xeb, 0xeb, 0xeb, 0x8a, 0xeb, 0xaa, 0xeb, 0x89, 0x83, 0xeb, 0x69, 0x00, 0xeb,
	0x89, 0x83, 0xeb, 0x69, 0x06, 0xeb, 0x89, 0xeb, 0xaa, 0xeb, 0xca, 0xeb, 0xca, 0xeb, 0x69, 0xeb,
	0xca, 0xff, 0xbd, 0xa0, 0xff, 0xde, 0x02, 0xff, 0x5b, 0xdb, 0x8a, 0xdb, 0x49, 0x8f, 0xdb, 0x69,
	0x02, 0xdb, 0x48, 0xdb, 0x8a, 0xff, 0x7c, 0x9e, 0xff, 0xde, 0x0b, 0xff, 0xdd, 0xff, 0xde, 0xf6,
	0xd9, 0xeb, 0xca, 0xdb, 0x49, 0xdb, 0x28, 0xdb, 0x48, 0xdb, 0x49, 0xe3, 0x69, 0xe3, 0x69, 0xdb,
	0x49, 0xdb, 0x49, 0x82, 0xdb, 0x48, 0x00, 0xdb, 0x49, 0x81, 0xdb, 0x69, 0x80, 0xdb, 0x49, 0x02,
	0xdb, 0x48, 0xe3, 0xca, 0xff, 0x1a, 0x9e, 0xff, 0xde, 0x03, 0xff, 0xdd, 0xff, 0xde, 0xf6, 0x36,
	0xeb, 0x89, 0x82, 0xdb, 0x49, 0x80, 0xe3, 0x69, 0x80, 0xdb, 0x49, 0x81, 0xdb, 0x48, 0x80, 0xdb,
	0x49, 0x09, 0xe3, 0x49, 0xe3, 0x69, 0xdb, 0x49, 0xdb, 0x49, 0xdb, 0x48, 0xdb, 0x49, 0xf3, 0xea,
	0xf6, 0xb8, 0xff, 0xde, 0xff, 0xdd, 0x9c, 0xff, 0xde, 0x04, 0xff, 0xbd, 0xff, 0xde, 0xed, 0x93,
	0xeb, 0x69, 0xdb, 0x69, 0x81, 0xdb, 0x49, 0x81, 0xe3, 0x49, 0x03, 0xdb, 0x49, 0xdb, 0x48, 0xdb,
	0x48, 0xdb, 0x49, 0x81, 0xe3, 0x49, 0x81, 0xdb, 0x49, 0x05, 0xdb, 0x48, 0xdb, 0x69, 0xf3, 0xaa,
	0xf6, 0x36, 0xff, 0xde, 0xff, 0xdd, 0x9c, 0xff, 0xde, 0x06, 0xff, 0xbd, 0xff, 0xde, 0xed, 0x11,
	0xeb, 0x69, 0xdb, 0x69, 0xe3, 0x49, 0xe3, 0x49, 0x82, 0xdb, 0x49, 0x00, 0xdb, 0x48, 0x88, 0xdb,
	0x49, 0x04, 0xe3, 0x69, 0xf3, 0xca, 0xed, 0x93, 0xff, 0xde, 0xff, 0xdd, 0x9e, 0xff, 0xde, 0x06,
	0xe4, 0x8e, 0xe3, 0x48, 0xdb, 0x69, 0xdb, 0x49, 0xe3, 0x49, 0xdb, 0x49, 0xdb, 0x49, 0x81, 0xdb,
	0x48, 0x82, 0xdb, 0x49, 0x00, 0xdb, 0x48, 0x82, 0xdb, 0x49, 0x03, 0xe3, 0x49, 0xe3, 0x69, 0xeb,
	0x89, 0xec, 0xf0, 0xa0, 0xff, 0xde, 0x0d, 0xe4, 0x0c, 0xe3, 0x69, 0xdb, 0x49, 0xdb, 0x49, 0xe3,
	0x49, 0xdb, 0x49, 0xdb, 0x49, 0xdb, 0x48, 0xdb, 0x48, 0xdb, 0x49, 0xdb, 0x49, 0xe3, 0x48, 0xdb,
	0x48, 0xdb, 0x49, 0x81, 0xdb, 0x48, 0x00, 0xe3, 0x49, 0x82, 0xe3, 0x69, 0x00, 0xe4, 0x2d, 0x9f,
	0xff, 0xde, 0x02, 0xff, 0x9d, 0xe3, 0xcb, 0xe3, 0x69, 0x81, 0xdb, 0x49, 0x83, 0xdb, 0x48, 0x80,
	0xe3, 0x49, 0x80, 0xdb, 0x48, 0x02, 0xdb, 0x49, 0xdb, 0x48, 0xdb, 0x49, 0x83, 0xe3, 0x69, 0x01,
	0xe3, 0xeb, 0xff, 0xbd, 0x9c, 0xff, 0xde, 0x05, 0xff, 0xdd, 0xff, 0xde, 0xff, 0x3b, 0xeb, 0xaa,
	0xdb, 0x49, 0xdb, 0x49, 0x85, 0xdb, 0x48, 0x01, 0xe3, 0x49, 0xe3, 0x48, 0x81, 0xdb, 0x48, 0x81,
	0xdb, 0x49, 0x81, 0xe3, 0x69, 0x04, 0xdb, 0x48, 0xeb, 0xca, 0xff, 0x5b, 0xff, 0xde, 0xff, 0xdd,
	0x9a, 0xff, 0xde, 0x06, 0xff, 0xdd, 0xff, 0xde, 0xf6, 0xd9, 0xeb, 0x89, 0xdb, 0x49, 0xdb, 0x48,
	0xdb, 0x49, 0x82, 0xdb, 0x48, 0x80, 0xdb, 0x49, 0x0f, 0xdb, 0x48, 0xdb, 0x49, 0xdb, 0x48, 0xdb,
	0x49, 0xdb, 0x48, 0xdb, 0x49, 0xdb, 0x49, 0xe3, 0x69, 0xe3, 0x49, 0xe3, 0x69, 0xe3, 0x69, 0xdb,
	0x69, 0xeb, 0x8a, 0xfe, 0xfa, 0xff, 0xde, 0xff, 0xdd, 0x9a, 0xff, 0xde, 0x10, 0xff, 0xdd, 0xff,
	0xde, 0xf6, 0x36, 0xf3, 0xaa, 0xdb, 0x49, 0xdb, 0x48, 0xdb, 0x49, 0xdb, 0x48, 0xdb, 0x48, 0xdb,
	0x49, 0xdb, 0x48, 0xe3, 0x48, 0xdb, 0x49, 0xdb, 0x48, 0xdb, 0x49, 0xdb, 0x48, 0xdb, 0x48, 0x81,
	0xdb, 0x49, 0x80, 0xe3, 0x49, 0x06, 0xe3, 0x69, 0xe3, 0x49, 0xe3, 0x69, 0xf3, 0xca, 0xf6, 0x77,
	0xff, 0xde, 0xff, 0xdd, 0x9a, 0xff, 0xde, 0x04, 0xff, 0xdd, 0xff, 0xde, 0xed, 0xb4, 0xeb, 0x89,
	0xdb, 0x49, 0x84, 0xdb, 0x48, 0x81, 0xdb, 0x49, 0x80, 0xdb, 0x48, 0x80, 0xe3, 0x49, 0x0a, 0xdb,
	0x49, 0xe3, 0x49, 0xe3, 0x49, 0xdb, 0x49, 0xe3, 0x69, 0xe3, 0x49, 0xe3, 0x69, 0xf3, 0xca, 0xf6,
	0x15, 0xff, 0xde, 0xff, 0xdd, 0x9a, 0xff, 0xde, 0x04, 0xff, 0xbd, 0xff, 0xde, 0xed, 0x11, 0xeb,
	0x69, 0xdb, 0x49, 0x81, 0xdb, 0x48, 0x14, 0xdb, 0x49, 0xdb, 0x48, 0xdb, 0x48, 0xdb, 0x49, 0xdb,
	0x48, 0xdb, 0x48, 0xdb, 0x49, 0xdb, 0x48, 0xdb, 0x49, 0xe3, 0x49, 0xdb, 0x49, 0xe3, 0x49, 0xdb,
	0x49, 0xdb, 0x49, 0xe3, 0x49, 0xe3, 0x69, 0xe3, 0x69, 0xeb, 0xaa, 0xed, 0x93, 0xff, 0xde, 0xff,
	0xdd, 0x9c, 0xff, 0xde, 0x01, 0xe4, 0x8e, 0xeb, 0x69, 0x81, 0xdb, 0x48, 0x02, 0xe3, 0x48, 0xe3,
	0x49, 0xdb, 0x49, 0x82, 0xdb, 0x48, 0x00, 0xdb, 0x49, 0x81, 0xe3, 0x49, 0x0a, 0xdb, 0x49, 0xe3,
	0x49, 0xdb, 0x49, 0xdb, 0x49, 0xe3, 0x49, 0xe3, 0x49, 0xe3, 0x69, 0xeb, 0xaa, 0xec, 0xf0, 0xff,
	0xde, 0xff, 0xdd, 0x9c, 0xff, 0xde, 0x0f, 0xe3, 0xeb, 0xe3, 0x48, 0xdb, 0x49, 0xdb, 0x48, 0xdb,
	0x49, 0xe3, 0x49, 0xe3, 0x49, 0xdb, 0x49, 0xdb, 0x48, 0xdb, 0x48, 0xdb, 0x49, 0xdb, 0x49, 0xdb,
	0x48, 0xe3, 0x49, 0xdb, 0x49, 0xe3, 0x49, 0x83, 0xdb, 0x49, 0x03, 0xe3, 0x49, 0xdb, 0x69, 0xeb,
	0x89, 0xec, 0x8e, 0x9d, 0xff, 0xde, 0x04, 0xff, 0x9c, 0xe3, 0x8a, 0xe3, 0x49, 0xdb, 0x49, 0xdb,
	0x48, 0x81, 0xe3, 0x49, 0x04, 0xdb, 0x49, 0xdb, 0x48, 0xdb, 0x48, 0xdb, 0x49, 0xdb, 0x48, 0x82,
	0xe3, 0x49, 0x02, 0xdb, 0x49, 0xe3, 0x49, 0xdb, 0x48, 0x81, 0xdb, 0x49, 0x03, 0xdb, 0x69, 0xe3,
	0x69, 0xe4, 0x0b, 0xff, 0xbd, 0x9c, 0xff, 0xde, 0x03, 0xff, 0x1a, 0xeb, 0xaa, 0xdb, 0x48, 0xdb,
	0x49, 0x83, 0xe3, 0x49, 0x80, 0xdb, 0x48, 0x00, 0xdb, 0x49, 0x81, 0xdb, 0x48, 0x0b, 0xe3, 0x49,
	0xdb, 0x48, 0xdb, 0x49, 0xdb, 0x49, 0xdb, 0x48, 0xdb, 0x48, 0xdb, 0x49, 0xdb, 0x48, 0xe3, 0x49,
	0xe3, 0x69, 0xeb, 0xeb, 0xff, 0x5b, 0x9a, 0xff, 0xde, 0x08, 0xff, 0xdd, 0xff, 0xde, 0xf6, 0xb8,
	0xeb, 0x89, 0xdb, 0x69, 0xdb, 0x48, 0xdb, 0x49, 0xe3, 0x49, 0xe3, 0x49, 0x84, 0xdb, 0x49, 0x0f,
	0xdb, 0x48, 0xe3, 0x49, 0xdb, 0x49, 0xdb, 0x49, 0xdb, 0x48, 0xdb, 0x49, 0xdb, 0x48, 0xdb, 0x48,
	0xdb, 0x49, 0xdb, 0x49, 0xe3, 0x49, 0xdb, 0x69, 0xeb, 0xca, 0xfe, 0xd9, 0xff, 0xde, 0xff, 0xdd,
	0x98, 0xff, 0xde, 0x07, 0xff, 0xdd, 0xff, 0xde, 0xf6, 0x15, 0xf3, 0xaa, 0xdb, 0x69, 0xdb, 0x49,
	0xdb, 0x49, 0xe3, 0x49, 0x82, 0xdb, 0x49, 0x02, 0xe3, 0x49, 0xdb, 0x49, 0xdb, 0x48, 0x82, 0xdb,
	0x49, 0x80, 0xdb, 0x48, 0x81, 0xdb, 0x49, 0x81, 0xdb, 0x69, 0x03, 0xeb, 0x89, 0xf6, 0x77, 0xff,
	0xde, 0xff, 0xdd, 0x98, 0xff, 0xde, 0x05, 0xff, 0xdd, 0xff, 0xde, 0xed, 0x93, 0xeb, 0xaa, 0xdb,
	0x69, 0xe3, 0x49, 0x83, 0xdb, 0x49, 0x80, 0xe3, 0x49, 0x80, 0xdb, 0x49, 0x04, 0xdb, 0x48, 0xdb,
	0x49, 0xdb, 0x48, 0xdb, 0x48, 0xdb, 0x49, 0x81, 0xdb, 0x48, 0x07, 0xdb, 0x49, 0xdb, 0x48, 0xdb,
	0x49, 0xdb, 0x49, 0xeb, 0xa9, 0xf5, 0xd4, 0xff, 0xde, 0xff, 0xdd, 0x9a, 0xff, 0xde, 0x03, 0xec,
	0xf0, 0xeb, 0x69, 0xdb, 0x69, 0xe3, 0x49, 0x83, 0xdb, 0x49, 0x80, 0xe3, 0x49, 0x80, 0xdb, 0x49,
	0x82, 0xdb, 0x48, 0x80, 0xdb, 0x49, 0x80, 0xdb, 0x48, 0x80, 0xdb, 0x49, 0x80, 0xdb, 0x69, 0x03,
	0xeb, 0x69, 0xed, 0x52, 0xff, 0xde, 0xff, 0xdd, 0x9a, 0xff, 0xde, 0x03, 0xe4, 0x6e, 0xeb, 0x89,
	0xdb, 0x69, 0xe3, 0x49, 0x82, 0xdb, 0x49, 0x80, 0xe3, 0x49, 0x00, 0xdb, 0x48, 0x82, 0xdb, 0x49,
	0x81, 0xdb, 0x48, 0x01, 0xdb, 0x49, 0xdb, 0x48, 0x81, 0xdb, 0x49, 0x03, 0xdb, 0x48, 0xdb, 0x49,
	0xe3, 0x69, 0xec, 0xcf, 0x9b, 0xff, 0xde, 0x05, 0xff, 0xbd, 0xe3, 0xcb, 0xe3, 0x48, 0xdb, 0x69,
	0xdb, 0x49, 0xdb, 0x48, 0x88, 0xdb, 0x49, 0x80, 0xdb, 0x48, 0x01, 0xdb, 0x49, 0xdb, 0x48, 0x81,
	0xdb, 0x49, 0x80, 0xdb, 0x48, 0x02, 0xdb, 0x49, 0xe3, 0x69, 0xe4, 0x4d, 0x9b, 0xff, 0xde, 0x02,
	0xff, 0x7c, 0xe3, 0x69, 0xdb, 0x48, 0x82, 0xdb, 0x49, 0x04, 0xe3, 0x49, 0xdb, 0x49, 0xdb, 0x49,
	0xdb, 0x48, 0xdb, 0x48, 0x83, 0xdb, 0x49, 0x02, 0xdb, 0x48, 0xdb, 0x49, 0xdb, 0x48, 0x81, 0xdb,
	0x49, 0x80, 0xdb, 0x48, 0x03, 0xdb, 0x69, 0xdb, 0x48, 0xe3, 0xeb, 0xff, 0x9d, 0x98, 0xff, 0xde,
	0x0a, 0xff, 0xdd, 0xff, 0xde, 0xf6, 0xd9, 0xeb, 0xaa, 0xdb, 0x49, 0xdb, 0x48, 0xdb, 0x48, 0xdb,
	0x49, 0xe3, 0x49, 0xe3, 0x49, 0xdb, 0x49, 0x81, 0xdb, 0x48, 0x84, 0xdb, 0x49, 0x04, 0xdb, 0x48,
	0xdb, 0x49, 0xdb, 0x48, 0xdb, 0x49, 0xdb, 0x48, 0x81, 0xdb, 0x49, 0x02, 0xdb, 0x69, 0xe3, 0xaa,
	0xff, 0x5b, 0x98, 0xff, 0xde, 0x0a, 0xff, 0xdd, 0xff, 0xde, 0xf6, 0x57, 0xeb, 0x89, 0xdb, 0x49,
	0xdb, 0x48, 0xdb, 0x48, 0xe3, 0x49, 0xe3, 0x69, 0xe3, 0x69, 0xdb, 0x49, 0x82, 0xdb, 0x48, 0x84,
	0xdb, 0x49, 0x00, 0xdb, 0x48, 0x84, 0xdb, 0x49, 0x04, 0xdb, 0x69, 0xf4, 0x0b, 0xfe, 0xd9, 0xff,
	0xde, 0xff, 0xdd, 0x96, 0xff, 0xde, 0x06, 0xff, 0xbd, 0xff, 0xde, 0xed, 0x93, 0xeb, 0x69, 0xdb,
	0x49, 0xdb, 0x48, 0xdb, 0x49, 0x81, 0xe3, 0x49, 0x80, 0xdb, 0x49, 0x81, 0xdb, 0x48, 0x81, 0xdb,
	0x49, 0x80, 0xdb, 0x48, 0x80, 0xdb, 0x49, 0x81, 0xdb, 0x48, 0x81, 0xdb, 0x49, 0x04, 0xdb, 0x69,
	0xeb, 0xca, 0xf6, 0x56, 0xff, 0xde, 0xff, 0xdd, 0x96, 0xff, 0xde, 0x11, 0xff, 0xbd, 0xff, 0xde,
	0xed, 0x31, 0xeb, 0x69, 0xdb, 0x49, 0xdb, 0x48, 0xdb, 0x49, 0xdb, 0x48, 0xdb, 0x49, 0xdb, 0x48,
	0xdb, 0x48, 0xdb, 0x49, 0xdb, 0x49, 0xdb, 0x48, 0xdb, 0x49, 0xdb, 0x49, 0xdb, 0x48, 0xdb, 0x48,
	0x82, 0xdb, 0x49, 0x81, 0xdb, 0x48, 0x07, 0xdb, 0x49, 0xe3, 0x49, 0xe3, 0x69, 0xdb, 0x69, 0xeb,
	0xaa, 0xed, 0x93, 0xff, 0xde, 0xff, 0xdd, 0x98, 0xff, 0xde, 0x07, 0xe4, 0x8f, 0xe3, 0x48, 0xdb,
	0x49, 0xdb, 0x49, 0xe3, 0x49, 0xdb, 0x49, 0xdb, 0x48, 0xdb, 0x48, 0x81, 0xdb, 0x49, 0x04, 0xe3,
	0x49, 0xdb, 0x48, 0xdb, 0x48, 0xdb, 0x49, 0xdb, 0x48, 0x86, 0xdb, 0x49, 0x06, 0xe3, 0x49, 0xe3,
	0x69, 0xdb, 0x69, 0xeb, 0x89, 0xec, 0xf0, 0xff, 0xde, 0xff, 0xdd, 0x98, 0xff, 0xde, 0x01, 0xe4,
	0x2c, 0xe3, 0x69, 0x81, 0xdb, 0x49, 0x81, 0xdb, 0x48, 0x81, 0xdb, 0x49, 0x00, 0xe3, 0x49, 0x8b,
	0xdb, 0x49, 0x03, 0xe3, 0x69, 0xdb, 0x69, 0xe3, 0x69, 0xe4, 0x2d, 0x99, 0xff, 0xde, 0x04, 0xff,
	0x9c, 0xeb, 0xeb, 0xe3, 0x49, 0xdb, 0x69, 0xdb, 0x49, 0x82, 0xdb, 0x48, 0x80, 0xdb, 0x49, 0x00,
	0xe3, 0x49, 0x83, 0xdb, 0x49, 0x02, 0xdb, 0x48, 0xdb, 0x49, 0xdb, 0x49, 0x82, 0xe3, 0x49, 0x06,
	0xdb, 0x49, 0xdb, 0x48, 0xdb, 0x49, 0xdb, 0x49, 0xe3, 0x49, 0xe3, 0xeb, 0xff, 0xbd, 0x96, 0xff,
	0xde, 0x05, 0xff, 0xdd, 0xff, 0xde, 0xff, 0x3a, 0xeb, 0x8a, 0xdb, 0x49, 0xe3, 0x69, 0x82, 0xdb,
	0x48, 0x8a, 0xdb, 0x49, 0x83, 0xe3, 0x49, 0x80, 0xdb, 0x48, 0x05, 0xdb, 0x49, 0xdb, 0x48, 0xeb,
	0xaa, 0xff, 0x5b, 0xff, 0xde, 0xff, 0xdd, 0x94, 0xff, 0xde, 0x04, 0xff, 0xdd, 0xff, 0xde, 0xf6,
	0x98, 0xeb, 0xaa, 0xdb, 0x49, 0x82, 0xdb, 0x48, 0x80, 0xdb, 0x49, 0x00, 0xdb, 0x48, 0x83, 0xdb,
	0x49, 0x81, 0xe3, 0x49, 0x81, 0xdb, 0x49, 0x81, 0xe3, 0x49, 0x00, 0xdb, 0x49, 0x81, 0xdb, 0x48,
	0x04, 0xdb, 0x49, 0xeb, 0x8a, 0xf6, 0xd9, 0xff, 0xde, 0xff, 0xdd, 0x94, 0xff, 0xde, 0x04, 0xff,
	0xdd, 0xff, 0xde, 0xf6, 0x15, 0xf3, 0xaa, 0xdb, 0x49, 0x82, 0xdb, 0x48, 0x80, 0xdb, 0x49, 0x03,
	0xdb, 0x48, 0xdb, 0x49, 0xdb, 0x49, 0xdb, 0x48, 0x81, 0xdb, 0x49, 0x83, 0xe3, 0x49, 0x0b, 0xdb,
	0x49, 0xe3, 0x49, 0xdb, 0x48, 0xdb, 0x49, 0xdb, 0x48, 0xdb, 0x49, 0xdb, 0x48, 0xdb, 0x49, 0xf3,
	0xca, 0xf6, 0x56, 0xff, 0xde, 0xff, 0xdd, 0x94, 0xff, 0xde, 0x04, 0xff, 0xdd, 0xff, 0xde, 0xed,
	0x72, 0xeb, 0x89, 0xdb, 0x49, 0x81, 0xdb, 0x48, 0x81, 0xdb, 0x49, 0x82, 0xdb, 0x48, 0x87, 0xdb,
	0x49, 0x82, 0xdb, 0x48, 0x06, 0xe3, 0x49, 0xdb, 0x48, 0xdb, 0x49, 0xeb, 0xa9, 0xf5, 0xd4, 0xff,
	0xde, 0xff, 0xdd, 0x94, 0xff, 0xde, 0x03, 0xff, 0xdd, 0xff, 0xde, 0xec, 0xaf, 0xeb, 0x69, 0x82,
	0xdb, 0x48, 0x04, 0xdb, 0x49, 0xe3, 0x49, 0xdb, 0x49, 0xdb, 0x48, 0xdb, 0x49, 0x81, 0xdb, 0x48,
	0x81, 0xdb, 0x49, 0x04, 0xe3, 0x49, 0xdb, 0x49, 0xe3, 0x49, 0xe3, 0x49, 0xdb, 0x49, 0x84, 0xdb,
	0x48, 0x04, 0xdb, 0x69, 0xeb, 0x89, 0xed, 0x11, 0xff, 0xde, 0xff, 0xdd, 0x96, 0xff, 0xde, 0x03,
	0xe4, 0x0c, 0xe3, 0x28, 0xdb, 0x48, 0xdb, 0x28, 0x81, 0xdb, 0x48, 0x00, 0xe3, 0x48, 0x83, 0xdb,
	0x48, 0x81, 0xdb, 0x49, 0x80, 0xe3, 0x49, 0x03, 0xdb, 0x49, 0xe3, 0x49, 0xe3, 0x49, 0xdb, 0x49,
	0x83, 0xdb, 0x48, 0x80, 0xdb, 0x49, 0x03, 0xeb, 0x69, 0xec, 0x8e, 0xff, 0xde, 0xff, 0xdd, 0x95,
	0xff, 0xde, 0x02, 0xff, 0x9d, 0xe3, 0xab, 0xe3, 0x28, 0x85, 0xdb, 0x48, 0x02, 0xdb, 0x49, 0xdb,
	0x48, 0xdb, 0x48, 0x82, 0xdb, 0x49, 0x00, 0xe3, 0x48, 0x81, 0xdb, 0x49, 0x00, 0xe3, 0x49, 0x85,
	0xdb, 0x48, 0x03, 0xe3, 0x69, 0xe3, 0x49, 0xe3, 0xeb, 0xff, 0xbd, 0x96, 0xff, 0xde, 0x02, 0xf7,
	0x1a, 0xeb, 0xaa, 0xdb, 0x48, 0x81, 0xdb, 0x28, 0x81, 0xdb, 0x48, 0x01, 0xe3, 0x48, 0xdb, 0x48,
	0x86, 0xdb, 0x49, 0x06, 0xe3, 0x49, 0xdb, 0x49, 0xdb, 0x49, 0xdb, 0x48, 0xe3, 0x48, 0xdb, 0x49,
	0xdb, 0x49, 0x81, 0xdb, 0x48, 0x03, 0xdb, 0x49, 0xe3, 0x48, 0xeb, 0xca, 0xff, 0x5b, 0x94, 0xff,
	0xde, 0x08, 0xff, 0xdd, 0xff, 0xde, 0xf6, 0x98, 0xeb, 0x69, 0xdb, 0x48, 0xdb, 0x28, 0xdb, 0x28,
	0xdb, 0x48, 0xdb, 0x48, 0x81, 0xe3, 0x48, 0x80, 0xdb, 0x48, 0x85, 0xdb, 0x49, 0x07, 0xdb, 0x48,
	0xdb, 0x49, 0xdb, 0x49, 0xdb, 0x48, 0xdb, 0x49, 0xdb, 0x48, 0xdb, 0x48, 0xe3, 0x48, 0x82, 0xdb,
	0x48, 0x03, 0xeb, 0xaa, 0xf6, 0xd9, 0xff, 0xde, 0xff, 0xdd, 0x92, 0xff, 0xde, 0x08, 0xff, 0xdd,
	0xff, 0xde, 0xf5, 0xf5, 0xf3, 0x89, 0xdb, 0x49, 0xdb, 0x48, 0xdb, 0x28, 0xdb, 0x48, 0xe3, 0x48,
	0x84, 0xdb, 0x48, 0x00, 0xdb, 0x49, 0x81, 0xdb, 0x48, 0x08, 0xdb, 0x49, 0xdb, 0x48, 0xdb, 0x48,
	0xdb, 0x49, 0xdb, 0x48, 0xdb, 0x49, 0xdb, 0x48, 0xdb, 0x48, 0xe3, 0x48, 0x82, 0xdb, 0x48, 0x04,
	0xdb, 0x49, 0xeb, 0x89, 0xf6, 0x36, 0xff, 0xde, 0xff, 0xdd, 0x92, 0xff, 0xde, 0x07, 0xff, 0xdd,
	0xff, 0xde, 0xed, 0x52, 0xeb, 0x69, 0xdb, 0x48, 0xdb, 0x28, 0xdb, 0x48, 0xdb, 0x28, 0x84, 0xdb,
	0x48, 0x80, 0xdb, 0x49, 0x80, 0xdb, 0x48, 0x80, 0xdb, 0x49, 0x00, 0xdb, 0x48, 0x83, 0xdb, 0x49,
	0x84, 0xdb, 0x48, 0x04, 0xdb, 0x49, 0xeb, 0x89, 0xf5, 0xb3, 0xff, 0xde, 0xff, 0xdd, 0x94, 0xff,
	0xde, 0x01, 0xec, 0x8f, 0xeb, 0x69, 0x8e, 0xdb, 0x48, 0x82, 0xdb, 0x49, 0x80, 0xdb, 0x48, 0x00,
	0xdb, 0x49, 0x84, 0xdb, 0x48, 0x01, 0xeb, 0x69, 0xec, 0xf0, 0x95, 0xff, 0xde, 0x03, 0xff, 0xdd,
	0xe3, 0xec, 0xe3, 0x48, 0xdb, 0x49, 0x8e, 0xdb, 0x48, 0x80, 0xdb, 0x49, 0x01, 0xdb, 0x48, 0xdb,
	0x49, 0x83, 0xdb, 0x48, 0x04, 0xdb, 0x49, 0xdb, 0x48, 0xdb, 0x48, 0xe3, 0x69, 0xe4, 0x4d, 0x95,
	0xff, 0xde, 0x05, 0xff, 0x9c, 0xe3, 0x8a, 0xdb, 0x48, 0xdb, 0x49, 0xdb, 0x48, 0xdb, 0x28, 0x8d,
	0xdb, 0x48, 0x02, 0xdb, 0x49, 0xdb, 0x48, 0xdb, 0x49, 0x85, 0xdb, 0x48, 0x03, 0xdb, 0x49, 0xe3,
	0x48, 0xe3, 0xcb, 0xff, 0xbd, 0x92, 0xff, 0xde, 0x03, 0xff, 0xdd, 0xff, 0xde, 0xf6, 0xfa, 0xeb,
	0xaa, 0x96, 0xdb, 0x48, 0x00, 0xdb, 0x49, 0x81, 0xdb, 0x48, 0x06, 0xe3, 0x48, 0xdb, 0x49, 0xdb,
	0x49, 0xe3, 0xaa, 0xff, 0x5b, 0xff, 0xde, 0xff, 0xdd, 0x90, 0xff, 0xde, 0x04, 0xff, 0xdd, 0xff,
	0xde, 0xf6, 0x77, 0xf3, 0xaa, 0xdb, 0x69, 0x86, 0xdb, 0x48, 0x00, 0xdb, 0x49, 0x81, 0xdb, 0x48,
	0x80, 0xdb, 0x49, 0x8c, 0xdb, 0x48, 0x05, 0xe3, 0x48, 0xdb, 0x49, 0xf3, 0xca, 0xf6, 0xb8, 0xff,
	0xde, 0xff, 0xdd, 0x90, 0xff, 0xde, 0x05, 0xff, 0xdd, 0xff, 0xde, 0xed, 0xb4, 0xeb, 0x89, 0xdb,
	0x69, 0xe3, 0x48, 0x83, 0xdb, 0x48, 0x84, 0xdb, 0x49, 0x81, 0xdb, 0x48, 0x00, 0xdb, 0x49, 0x86,
	0xdb, 0x48, 0x80, 0xe3, 0x49, 0x81, 0xdb, 0x48, 0x04, 0xdb, 0x49, 0xeb, 0x89, 0xf6, 0x15, 0xff,
	0xde, 0xff, 0xdd, 0x90, 0xff, 0xde, 0x04, 0xff, 0xdd, 0xff, 0xde, 0xed, 0x11, 0xeb, 0x69, 0xdb,
	0x49, 0x84, 0xdb, 0x48, 0x03, 0xdb, 0x49, 0xdb, 0x48, 0xe3, 0x49, 0xe3, 0x49, 0x81, 0xdb, 0x49,
	0x83, 0xdb, 0x48, 0x00, 0xdb, 0x49, 0x85, 0xdb, 0x48, 0x07, 0xdb, 0x49, 0xdb, 0x48, 0xdb, 0x48,
	0xdb, 0x69, 0xeb, 0x89, 0xed, 0x52, 0xff, 0xde, 0xff, 0xdd, 0x92, 0xff, 0xde, 0x02, 0xe4, 0x6e,
	0xe3, 0x48, 0xdb, 0x49, 0x83, 0xdb, 0x48, 0x02, 0xe3, 0x48, 0xe3, 0x49, 0xdb, 0x49, 0x82, 0xdb,
	0x48, 0x05, 0xdb, 0x49, 0xdb, 0x48, 0xdb, 0x49, 0xdb, 0x48, 0xdb, 0x49, 0xdb, 0x49, 0x89, 0xdb,
	0x48, 0x02, 0xdb, 0x69, 0xe3, 0x49, 0xec, 0xcf, 0x93, 0xff, 0xde, 0x02, 0xff, 0xbd, 0xe3, 0xeb,
	0xe3, 0x48, 0x82, 0xdb, 0x48, 0x08, 0xe3, 0x48, 0xe3, 0x49, 0xdb, 0x48, 0xe3, 0x49, 0xe3, 0x49,
	0xdb, 0x49, 0xdb, 0x49, 0xdb, 0x48, 0xdb, 0x48, 0x84, 0xdb, 0x49, 0x80, 0xdb, 0x48, 0x03, 0xdb,
	0x49, 0xdb, 0x48, 0xdb, 0x48, 0xdb, 0x49, 0x83, 0xdb, 0x48, 0x02, 0xdb, 0x49, 0xe3, 0x69, 0xe4,
	0x4d, 0x93, 0xff, 0xde, 0x0b, 0xff, 0x5b, 0xe3, 0xaa, 0xdb, 0x28, 0xdb, 0x48, 0xdb, 0x48, 0xe3,
	0x48, 0xdb, 0x48, 0xdb, 0x48, 0xe3, 0x48, 0xdb, 0x49, 0xdb, 0x48, 0xdb, 0x48, 0x81, 0xdb, 0x49,
	0x0b, 0xdb, 0x48, 0xdb, 0x49, 0xdb, 0x49, 0xdb, 0x48, 0xdb, 0x49, 0xdb, 0x48, 0xdb, 0x48, 0xdb,
	0x49, 0xdb, 0x49, 0xdb, 0x48, 0xdb, 0x48, 0xe3, 0x49, 0x83, 0xdb, 0x48, 0x80, 0xdb, 0x49, 0x02,
	0xdb, 0x48, 0xe3, 0xeb, 0xff, 0x9c, 0x90, 0xff, 0xde, 0x07, 0xff, 0xdd, 0xff, 0xde, 0xf6, 0xb8,
	0xeb, 0x8a, 0xdb, 0x49, 0xdb, 0x48, 0xdb, 0x48, 0xe3, 0x49, 0x83, 0xdb, 0x48, 0x84, 0xdb, 0x49,
	0x80, 0xdb, 0x48, 0x80, 0xdb, 0x49, 0x06, 0xdb, 0x48, 0xdb, 0x49, 0xdb, 0x49, 0xdb, 0x48, 0xdb,
	0x48, 0xdb, 0x49, 0xdb, 0x49, 0x84, 0xdb, 0x48, 0x02, 0xdb, 0x49, 0xe3, 0xaa, 0xff, 0x3a, 0x90,
	0xff, 0xde, 0x03, 0xff, 0xdd, 0xff, 0xde, 0xf6, 0x15, 0xeb, 0x8a, 0x81, 0xdb, 0x49, 0x82, 0xdb,
	0x48, 0x01, 0xdb, 0x49, 0xdb, 0x48, 0x81, 0xdb, 0x49, 0x00, 0xe3, 0x49, 0x82, 0xdb, 0x49, 0x02,
	0xdb, 0x48, 0xdb, 0x49, 0xdb, 0x49, 0x83, 0xdb, 0x48, 0x01, 0xdb, 0x49, 0xdb, 0x48, 0x83, 0xdb,
	0x49, 0x04, 0xdb, 0x69, 0xeb, 0xca, 0xf6, 0x98, 0xff, 0xde, 0xff, 0xdd, 0x8e, 0xff, 0xde, 0x04,
	0xff, 0xdd, 0xff, 0xde, 0xed, 0x52, 0xeb, 0x89, 0xdb, 0x69, 0x86, 0xdb, 0x48, 0x81, 0xdb, 0x49,
	0x80, 0xe3, 0x49, 0x82, 0xdb, 0x49, 0x86, 0xdb, 0x48, 0x82, 0xdb, 0x49, 0x06, 0xdb, 0x48, 0xdb,
	0x49, 0xdb, 0x69, 0xeb, 0xaa, 0xf5, 0xf5, 0xff, 0xde, 0xff, 0xdd, 0x90, 0xff, 0xde, 0x02, 0xec,
	0xaf, 0xeb, 0x69, 0xdb, 0x49, 0x86, 0xdb, 0x48, 0x86, 0xdb, 0x49, 0x01, 0xdb, 0x48, 0xdb, 0x49,
	0x81, 0xdb, 0x48, 0x00, 0xdb, 0x49, 0x82, 0xdb, 0x48, 0x81, 0xdb, 0x49, 0x80, 0xdb, 0x48, 0x04,
	0xdb, 0x69, 0xeb, 0x89, 0xed, 0x31, 0xff, 0xde, 0xff, 0xdd, 0x90, 0xff, 0xde, 0x02, 0xe4, 0x0c,
	0xe3, 0x48, 0xdb, 0x49, 0x83, 0xdb, 0x48, 0x03, 0xdb, 0x49, 0xdb, 0x48, 0xe3, 0x49, 0xe3, 0x49,
	0x86, 0xdb, 0x49, 0x82, 0xdb, 0x48, 0x81, 0xdb, 0x49, 0x00, 0xdb, 0x48, 0x84, 0xdb, 0x49, 0x02,
	0xdb, 0x69, 0xe3, 0x69, 0xec, 0x8e, 0x91, 0xff, 0xde, 0x03, 0xff, 0x9c, 0xe3, 0xab, 0xdb, 0x49,
	0xdb, 0x49, 0x85, 0xdb, 0x48, 0x08, 0xdb, 0x49, 0xe3, 0x49, 0xe3, 0x49, 0xdb, 0x49, 0xdb, 0x49,
	0xdb, 0x48, 0xdb, 0x49, 0xdb, 0x48, 0xdb, 0x48, 0x81, 0xdb, 0x49, 0x87, 0xdb, 0x48, 0x81, 0xdb,
	0x49, 0x03, 0xdb, 0x69, 0xe3, 0x49, 0xe3, 0xeb, 0xff, 0xbd, 0x90, 0xff, 0xde, 0x01, 0xfe, 0xfa,
	0xeb, 0xaa, 0x86, 0xdb, 0x48, 0x83, 0xdb, 0x49, 0x03, 0xdb, 0x48, 0xdb, 0x49, 0xdb, 0x48, 0xdb,
	0x48, 0x82, 0xdb, 0x49, 0x01, 0xdb, 0x48, 0xdb, 0x49, 0x88, 0xdb, 0x48, 0x80, 0xdb, 0x49, 0x03,
	0xeb, 0xcb, 0xff, 0x5b, 0xff, 0xde, 0xff, 0xdd, 0x8c, 0xff, 0xde, 0x04, 0xff, 0xdd, 0xff, 0xde,
	0xf6, 0x57, 0xeb, 0x89, 0xdb, 0x49, 0x82, 0xdb, 0x48, 0x02, 0xdb, 0x49, 0xdb, 0x48, 0xdb, 0x48,
	0x82, 0xdb, 0x49, 0x0c, 0xdb, 0x48, 0xdb, 0x49, 0xdb, 0x49, 0xdb, 0x48, 0xdb, 0x48, 0xdb, 0x49,
	0xdb, 0x48, 0xdb, 0x48, 0xdb, 0x49, 0xdb, 0x49, 0xdb, 0x48, 0xdb, 0x49, 0xdb, 0x49, 0x86, 0xdb,
	0x48, 0x05, 0xdb, 0x49, 0xdb, 0x69, 0xeb, 0xca, 0xf6, 0xd9, 0xff, 0xde, 0xff, 0xdd, 0x8c, 0xff,
	0xde, 0x04, 0xff, 0xdd, 0xff, 0xde, 0xed, 0xb4, 0xeb, 0x89, 0xdb, 0x49, 0x83, 0xdb, 0x48, 0x08,
	0xdb, 0x49, 0xdb, 0x48, 0xdb, 0x48, 0xdb, 0x49, 0xdb, 0x49, 0xdb, 0x48, 0xdb, 0x49, 0xdb, 0x49,
	0xdb, 0x48, 0x82, 0xdb, 0x49, 0x08, 0xdb, 0x48, 0xdb, 0x49, 0xe3, 0x49, 0xdb, 0x49, 0xdb, 0x48,
	0xdb, 0x48, 0xdb, 0x49, 0xdb, 0x48, 0xdb, 0x49, 0x84, 0xdb, 0x48, 0x04, 0xdb, 0x69, 0xeb, 0xaa,
	0xf6, 0x36, 0xff, 0xde, 0xff, 0xdd, 0x8e, 0xff, 0xde, 0x04, 0xec, 0xf0, 0xeb, 0x69, 0xdb, 0x69,
	0xdb, 0x48, 0xdb, 0x49, 0x81, 0xdb, 0x48, 0x02, 0xe3, 0x49, 0xdb, 0x49, 0xdb, 0x49, 0x84, 0xdb,
	0x48, 0x01, 0xdb, 0x49, 0xdb, 0x48, 0x82, 0xdb, 0x49, 0x80, 0xe3, 0x49, 0x80, 0xdb, 0x48, 0x81,
	0xdb, 0x49, 0x83, 0xdb, 0x48, 0x05, 0xdb, 0x49, 0xdb, 0x69, 0xeb, 0x89, 0xed, 0x73, 0xff, 0xde,
	0xff, 0xdd, 0x8e, 0xff, 0xde, 0x02, 0xe4, 0x4d, 0xe3, 0x49, 0xdb, 0x69, 0x82, 0xdb, 0x48, 0x80,
	0xdb, 0x49, 0x80, 0xdb, 0x48, 0x81, 0xdb, 0x49, 0x00, 0xdb, 0x48, 0x81, 0xdb, 0x49, 0x01, 0xdb,
	0x48, 0xe3, 0x49, 0x82, 0xdb, 0x49, 0x80, 0xdb, 0x48, 0x81, 0xdb, 0x49, 0x85, 0xdb, 0x48, 0x02,
	0xdb, 0x69, 0xeb, 0x69, 0xec, 0xaf, 0x8f, 0xff, 0xde, 0x0b, 0xff, 0xbd, 0xdb, 0xaa, 0xdb, 0x48,
	0xdb, 0x49, 0xdb, 0x48, 0xdb, 0x49, 0xe3, 0x49, 0xdb, 0x49, 0xdb, 0x48, 0xdb, 0x48, 0xdb, 0x49,
	0xdb, 0x48, 0x81, 0xdb, 0x49, 0x80, 0xdb, 0x48, 0x82, 0xdb, 0x49, 0x80, 0xe3, 0x49, 0x80, 0xdb,
	0x49, 0x81, 0xdb, 0x48, 0x00, 0xdb, 0x49, 0x85, 0xdb, 0x48, 0x04, 0xdb, 0x49, 0xe3, 0x69, 0xe3,
	0x49, 0xe4, 0x0c, 0xff, 0xdd, 0x8e, 0xff, 0xde, 0x12, 0xff, 0x3a, 0xeb, 0xaa, 0xdb, 0x49, 0xe3,
	0x49, 0xdb, 0x48, 0xdb, 0x49, 0xdb, 0x49, 0xdb, 0x48, 0xdb, 0x49, 0xdb, 0x48, 0xdb, 0x49, 0xdb,
	0x48, 0xdb, 0x48, 0xdb, 0x49, 0xe3, 0x49, 0xdb, 0x49, 0xdb, 0x48, 0xdb, 0x49, 0xdb, 0x49, 0x81,
	0xdb, 0x48, 0x00, 0xe3, 0x49, 0x82, 0xdb, 0x49, 0x02, 0xdb, 0x48, 0xdb, 0x49, 0xdb, 0x49, 0x84,
	0xdb, 0x48, 0x04, 0xdb, 0x49, 0xdb, 0x69, 0xdb, 0x49, 0xe3, 0xaa, 0xff, 0x7c, 0x8c, 0xff, 0xde,
	0x0d, 0xff, 0xdd, 0xff, 0xde, 0xf6, 0x98, 0xf3, 0xaa, 0xdb, 0x69, 0xe3, 0x49, 0xe3, 0x49, 0xdb,
	0x49, 0xdb, 0x48, 0xdb, 0x49, 0xe3, 0x49, 0xdb, 0x49, 0xdb, 0x48, 0xdb, 0x48, 0x81, 0xdb, 0x49,
	0x06, 0xe3, 0x49, 0xdb, 0x49, 0xdb, 0x49, 0xdb, 0x48, 0xdb, 0x49, 0xdb, 0x48, 0xdb, 0x48, 0x82,
	0xdb, 0x49, 0x80, 0xdb, 0x48, 0x80, 0xdb, 0x49, 0x85, 0xdb, 0x48, 0x05, 0xe3, 0x49, 0xdb, 0x69,
	0xeb, 0xcb, 0xfe, 0xfa, 0xff, 0xde, 0xff, 0xdd, 0x8a, 0xff, 0xde, 0x0d, 0xff, 0xdd, 0xff, 0xde,
	0xf5, 0xf4, 0xeb, 0xaa, 0xdb, 0x69, 0xdb, 0x49, 0xdb, 0x49, 0xdb, 0x48, 0xdb, 0x48, 0xdb, 0x49,
	0xdb, 0x49, 0xe3, 0x49, 0xdb, 0x49, 0xdb, 0x48, 0x86, 0xdb, 0x49, 0x80, 0xdb, 0x48, 0x80, 0xdb,
	0x49, 0x03, 0xe3, 0x49, 0xdb, 0x48, 0xdb, 0x49, 0xdb, 0x49, 0x87, 0xdb, 0x48, 0x05, 0xdb, 0x49,
	0xdb, 0x69, 0xf3, 0xaa, 0xf6, 0x77, 0xff, 0xde, 0xff, 0xdd, 0x8a, 0xff, 0xde, 0x04, 0xff, 0xdd,
	0xff, 0xde, 0xed, 0x32, 0xeb, 0x89, 0xdb, 0x69, 0x82, 0xdb, 0x48, 0x8e, 0xdb, 0x49, 0x02, 0xe3,
	0x48, 0xe3, 0x49, 0xdb, 0x48, 0x81, 0xdb, 0x49, 0x85, 0xdb, 0x48, 0x80, 0xdb, 0x49, 0x04, 0xe3,
	0x69, 0xf3, 0xa9, 0xed, 0x93, 0xff, 0xde, 0xff, 0xdd, 0x8c, 0xff, 0xde, 0x06, 0xe4, 0x6e, 0xe3,
	0x69, 0xdb, 0x49, 0xdb, 0x48, 0xdb, 0x49, 0xdb, 0x48, 0xdb, 0x48, 0x87, 0xdb, 0x49, 0x00, 0xdb,
	0x48, 0x82, 0xdb, 0x49, 0x02, 0xdb, 0x48, 0xdb, 0x49, 0xdb, 0x49, 0x83, 0xdb, 0x48, 0x00, 0xdb,
	0x49, 0x84, 0xdb, 0x48, 0x80, 0xdb, 0x49, 0x02, 0xe3, 0x69, 0xeb, 0x69, 0xec, 0xd0, 0x8d, 0xff,
	0xde, 0x03, 0xff, 0xbd, 0xe3, 0xcb, 0xdb, 0x48, 0xdb, 0x49, 0x81, 0xdb, 0x48, 0x80, 0xdb, 0x49,
	0x05, 0xdb, 0x48, 0xdb, 0x49, 0xdb, 0x49, 0xdb, 0x48, 0xe3, 0x49, 0xe3, 0x49, 0x82, 0xdb, 0x49,
	0x03, 0xdb, 0x48, 0xdb, 0x49, 0xdb, 0x48, 0xdb, 0x49, 0x83, 0xdb, 0x48, 0x00, 0xdb, 0x49, 0x86,
	0xdb, 0x48, 0x80, 0xdb, 0x49, 0x02, 0xdb, 0x69, 0xe3, 0x48, 0xe4, 0x2d, 0x8d, 0xff, 0xde, 0x05,
	0xff, 0x3a, 0xeb, 0x8a, 0xdb, 0x48, 0xdb, 0x48, 0xe3, 0x49, 0xdb, 0x49, 0x82, 0xdb, 0x48, 0x01,
	0xdb, 0x49, 0xdb, 0x48, 0x85, 0xdb, 0x49, 0x01, 0xdb, 0x48, 0xdb, 0x49, 0x84, 0xdb, 0x48, 0x00,
	0xdb, 0x49, 0x87, 0xdb, 0x48, 0x80, 0xdb, 0x49, 0x80, 0xdb, 0x48, 0x01, 0xe3, 0xcb, 0xff, 0x7c,
	0x8a, 0xff, 0xde, 0x06, 0xff, 0xdd, 0xff, 0xde, 0xf6, 0x98, 0xf3, 0xaa, 0xdb, 0x49, 0xdb, 0x48,
	0xe3, 0x48, 0x83, 0xdb, 0x48, 0x03, 0xe3, 0x48, 0xdb, 0x48, 0xe3, 0x49, 0xe3, 0x49, 0x81, 0xdb,
	0x49, 0x80, 0xdb, 0x48, 0x00, 0xdb, 0x49, 0x82, 0xdb, 0x48, 0x00, 0xdb, 0x49, 0x8b, 0xdb, 0x48,
	0x06, 0xdb, 0x49, 0xdb, 0x48, 0xdb, 0x49, 0xeb, 0xaa, 0xff, 0x1a, 0xff, 0xde, 0xff, 0xdd, 0x88,
	0xff, 0xde, 0x06, 0xff, 0xdd, 0xff, 0xde, 0xf5, 0xd4, 0xeb, 0x89, 0xdb, 0x69, 0xdb, 0x48, 0xdb,
	0x49, 0x83, 0xdb, 0x48, 0x08, 0xe3, 0x48, 0xe3, 0x49, 0xdb, 0x49, 0xdb, 0x49, 0xdb, 0x48, 0xdb,
	0x49, 0xdb, 0x48, 0xdb, 0x48, 0xdb, 0x49, 0x88, 0xdb, 0x48, 0x00, 0xdb, 0x49, 0x87, 0xdb, 0x48,
	0x05, 0xe3, 0x48, 0xdb, 0x69, 0xf3, 0xca, 0xf6, 0x77, 0xff, 0xde, 0xff, 0xdd, 0x88, 0xff, 0xde,
	0x04, 0xff, 0xdd, 0xff, 0xde, 0xed, 0x11, 0xeb, 0x69, 0xdb, 0x69, 0x86, 0xdb, 0x48, 0x80, 0xdb,
	0x49, 0x81, 0xdb, 0x48, 0x80, 0xdb, 0x49, 0x84, 0xdb, 0x48, 0x00, 0xdb, 0x49, 0x8c, 0xdb, 0x48,
	0x05, 0xe3, 0x48, 0xdb, 0x69, 0xeb, 0x89, 0xed, 0x93, 0xff, 0xde, 0xff, 0xdd, 0x8a, 0xff, 0xde,
	0x02, 0xe4, 0x4e, 0xe3, 0x49, 0xdb, 0x49, 0x86, 0xdb, 0x48, 0x83, 0xdb, 0x49, 0x80, 0xdb, 0x48,
	0x00, 0xdb, 0x49, 0x83, 0xdb, 0x48, 0x02, 0xdb, 0x49, 0xdb, 0x48, 0xe3, 0x49, 0x83, 0xdb, 0x48,
	0x00, 0xdb, 0x49, 0x84, 0xdb, 0x48, 0x80, 0xdb, 0x49, 0x03, 0xeb, 0x69, 0xec, 0xf0, 0xff, 0xde,
	0xff, 0xdd, 0x89, 0xff, 0xde, 0x03, 0xff, 0xbd, 0xe3, 0xcb, 0xe3, 0x49, 0xdb, 0x49, 0x86, 0xdb,
	0x48, 0x01, 0xdb, 0x49, 0xdb, 0x48, 0x83, 0xdb, 0x49, 0x05, 0xdb, 0x48, 0xdb, 0x49, 0xdb, 0x49,
	0xdb, 0x48, 0xdb, 0x49, 0xdb, 0x48, 0x81, 0xdb, 0x49, 0x01, 0xdb, 0x48, 0xdb, 0x49, 0x87, 0xdb,
	0x48, 0x80, 0xdb, 0x49, 0x02, 0xdb, 0x69, 0xe3, 0x48, 0xe4, 0x2c, 0x8b, 0xff, 0xde, 0x01, 0xff,
	0x3a, 0xeb, 0xaa, 0x88, 0xdb, 0x48, 0x85, 0xdb, 0x49, 0x80, 0xdb, 0x48, 0x84, 0xdb, 0x49, 0x02,
	0xdb, 0x48, 0xdb, 0x49, 0xdb, 0x49, 0x82, 0xdb, 0x48, 0x00, 0xdb, 0x49, 0x81, 0xdb, 0x48, 0x81,
	0xdb, 0x49, 0x03, 0xdb, 0x69, 0xdb, 0x49, 0xe3, 0xeb, 0xff, 0x9c, 0x88, 0xff, 0xde, 0x04, 0xff,
	0xdd, 0xff, 0xde, 0xf6, 0x98, 0xeb, 0x8a, 0xdb, 0x49, 0x84, 0xdb, 0x48, 0x88, 0xdb, 0x49, 0x00,
	0xe3, 0x49, 0x81, 0xdb, 0x49, 0x00, 0xdb, 0x48, 0x81, 0xdb, 0x49, 0x81, 0xdb, 0x48, 0x81, 0xdb,
	0x49, 0x83, 0xdb, 0x48, 0x08, 0xdb, 0x49, 0xdb, 0x48, 0xdb, 0x48, 0xdb, 0x49, 0xdb, 0x49, 0xeb,
	0xca, 0xff, 0x1a, 0xff, 0xde, 0xff, 0xdd, 0x86, 0xff, 0xde, 0x04, 0xff, 0xdd, 0xff, 0xde, 0xf5,
	0xf5, 0xf3, 0xaa, 0xdb, 0x49, 0x84, 0xdb, 0x48, 0x01, 0xdb, 0x49, 0xdb, 0x48, 0x86, 0xdb, 0x49,
	0x80, 0xe3, 0x49, 0x81, 0xdb, 0x49, 0x00, 0xdb, 0x48, 0x81, 0xdb, 0x49, 0x09, 0xdb, 0x48, 0xdb,
	0x49, 0xdb, 0x49, 0xdb, 0x48, 0xdb, 0x49, 0xdb, 0x49, 0xe3, 0x49, 0xdb, 0x48, 0xdb, 0x48, 0xdb,
	0x49, 0x82, 0xdb, 0x48, 0x04, 0xdb, 0x49, 0xeb, 0xaa, 0xf6, 0x77, 0xff, 0xde, 0xff, 0xdd, 0x86,
	0xff, 0xde, 0x04, 0xff, 0xdd, 0xff, 0xde, 0xed, 0x31, 0xeb, 0x89, 0xdb, 0x69, 0x83, 0xdb, 0x48,
	0x02, 0xdb, 0x49, 0xdb, 0x48, 0xdb, 0x48, 0x86, 0xdb, 0x49, 0x00, 0xe3, 0x49, 0x87, 0xdb, 0x49,
	0x80, 0xdb, 0x48, 0x02, 0xdb, 0x49, 0xdb, 0x48, 0xdb, 0x48, 0x81, 0xdb, 0x49, 0x09, 0xdb, 0x48,
	0xdb, 0x49, 0xdb, 0x48, 0xdb, 0x49, 0xdb, 0x48, 0xdb, 0x49, 0xeb, 0xaa, 0xed, 0xd4, 0xff, 0xde,
	0xff, 0xdd, 0x88, 0xff, 0xde, 0x07, 0xe4, 0x4d, 0xe3, 0x69, 0xdb, 0x49, 0xdb, 0x49, 0xe3, 0x49,
	0xe3, 0x48, 0xdb, 0x48, 0xdb, 0x48, 0x81, 0xdb, 0x49, 0x00, 0xdb, 0x48, 0x8a, 0xdb, 0x49, 0x81,
	0xe3, 0x49, 0x81, 0xdb, 0x48, 0x00, 0xdb, 0x49, 0x87, 0xdb, 0x48, 0x80, 0xdb, 0x49, 0x02, 0xdb,
	0x69, 0xeb, 0x89, 0xed, 0x10, 0x89, 0xff, 0xde, 0x03, 0xff, 0xbd, 0xe3, 0xaa, 0xdb, 0x48, 0xdb,
	0x69, 0x81, 0xdb, 0x48, 0x83, 0xdb, 0x49, 0x00, 0xdb, 0x48, 0x85, 0xdb, 0x49, 0x00, 0xe3, 0x49,
	0x81, 0xdb, 0x49, 0x00, 0xe3, 0x49, 0x82, 0xdb, 0x49, 0x03, 0xdb, 0x48, 0xdb, 0x49, 0xdb, 0x49,
	0xdb, 0x48, 0x88, 0xdb, 0x49, 0x02, 0xdb, 0x69, 0xe3, 0x69, 0xe4, 0x4d, 0x89, 0xff, 0xde, 0x05,
	0xff, 0x3b, 0xeb, 0xaa, 0xdb, 0x69, 0xdb, 0x49, 0xdb, 0x48, 0xdb, 0x48, 0x81, 0xdb, 0x49, 0x00,
	0xdb, 0x48, 0x83, 0xdb, 0x49, 0x80, 0xdb, 0x48, 0x88, 0xdb, 0x49, 0x02, 0xdb, 0x48, 0xdb, 0x49,
	0xdb, 0x48, 0x81, 0xdb, 0x49, 0x00, 0xdb, 0x48, 0x87, 0xdb, 0x49, 0x03, 0xdb, 0x69, 0xdb, 0x48,
	0xe3, 0xaa, 0xff, 0x9c, 0x86, 0xff, 0xde, 0x0a, 0xff, 0xdd, 0xff, 0xde, 0xf6, 0x98, 0xf3, 0xaa,
	0xdb, 0x69, 0xe3, 0x49, 0xdb, 0x48, 0xdb, 0x49, 0xdb, 0x49, 0xdb, 0x48, 0xdb, 0x49, 0x81, 0xdb,
	0x48, 0x04, 0xdb, 0x49, 0xdb, 0x48, 0xdb, 0x49, 0xdb, 0x48, 0xdb, 0x48, 0x82, 0xdb, 0x49, 0x0a,
	0xdb, 0x48, 0xdb, 0x49, 0xdb, 0x49, 0xdb, 0x48, 0xdb, 0x49, 0xdb, 0x49, 0xe3, 0x49, 0xe3, 0x48,
	0xdb, 0x48, 0xdb, 0x49, 0xdb, 0x49, 0x81, 0xdb, 0x48, 0x00, 0xe3, 0x49, 0x82, 0xdb, 0x49, 0x00,
	0xdb, 0x48, 0x82, 0xdb, 0x49, 0x03, 0xeb, 0xca, 0xff, 0x1a, 0xff, 0xde, 0xff, 0xdd, 0x84, 0xff,
	0xde, 0x04, 0xff, 0xdd, 0xff, 0xde, 0xf5, 0xf5, 0xeb, 0xa9, 0xdb, 0x69, 0x81, 0xdb, 0x49, 0x80,
	0xdb, 0x48, 0x80, 0xdb, 0x49, 0x81, 0xdb, 0x48, 0x86, 0xdb, 0x49, 0x80, 0xdb, 0x48, 0x01, 0xdb,
	0x49, 0xdb, 0x48, 0x81, 0xdb, 0x49, 0x80, 0xdb, 0x48, 0x01, 0xdb, 0x49, 0xdb, 0x48, 0x81, 0xdb,
	0x49, 0x81, 0xdb, 0x48, 0x80, 0xdb, 0x49, 0x00, 0xdb, 0x48, 0x81, 0xdb, 0x49, 0x04, 0xdb, 0x69,
	0xeb, 0xaa, 0xf6, 0x77, 0xff, 0xde, 0xff, 0xdd, 0x84, 0xff, 0xde, 0x04, 0xff, 0xdd, 0xff, 0xde,
	0xed, 0x31, 0xeb, 0x89, 0xdb, 0x69, 0x81, 0xdb, 0x49, 0x80, 0xdb, 0x48, 0x80, 0xdb, 0x49, 0x01,
	0xdb, 0x48, 0xdb, 0x49, 0x82, 0xdb, 0x48, 0x80, 0xdb, 0x49, 0x81, 0xdb, 0x48, 0x03, 0xdb, 0x49,
	0xdb, 0x48, 0xdb, 0x49, 0xdb, 0x48, 0x84, 0xdb, 0x49, 0x00, 0xdb, 0x48, 0x81, 0xdb, 0x49, 0x80,
	0xdb, 0x48, 0x01, 0xdb, 0x49, 0xdb, 0x48, 0x83, 0xdb, 0x49, 0x04, 0xdb, 0x69, 0xeb, 0xaa, 0xed,
	0x93, 0xff, 0xde, 0xff, 0xdd, 0x86, 0xff, 0xde, 0x02, 0xe4, 0x6e, 0xe3, 0x69, 0xdb, 0x69, 0x83,
	0xdb, 0x48, 0x81, 0xdb, 0x49, 0x8b, 0xdb, 0x48, 0x89, 0xdb, 0x49, 0x02, 0xdb, 0x48, 0xdb, 0x49,
	0xdb, 0x48, 0x84, 0xdb, 0x49, 0x02, 0xdb, 0x69, 0xe3, 0x69, 0xec, 0xaf, 0x87, 0xff, 0xde, 0x03,
	0xff, 0xbd, 0xe3, 0xec, 0xe3, 0x69, 0xdb, 0x49, 0x83, 0xdb, 0x48, 0x02, 0xdb, 0x49, 0xdb, 0x48,
	0xdb, 0x49, 0x88, 0xdb, 0x48, 0x80, 0xdb, 0x49, 0x03, 0xdb, 0x48, 0xdb, 0x49, 0xdb, 0x49, 0xdb,
	0x48, 0x86, 0xdb, 0x49, 0x03, 0xdb, 0x48, 0xdb, 0x49, 0xdb, 0x49, 0xe3, 0x49, 0x82, 0xdb, 0x49,
	0x03, 0xdb, 0x48, 0xdb, 0x49, 0xe3, 0x69, 0xe4, 0x2c, 0x87, 0xff, 0xde, 0x03, 0xff, 0x3b, 0xeb,
	0xaa, 0xdb, 0x49, 0xdb, 0x49, 0x84, 0xdb, 0x48, 0x09, 0xdb, 0x49, 0xdb, 0x48, 0xdb, 0x49, 0xdb,
	0x48, 0xdb, 0x49, 0xdb, 0x49, 0xdb, 0x48, 0xdb, 0x49, 0xdb, 0x48, 0xdb, 0x49, 0x83, 0xdb, 0x48,
	0x91, 0xdb, 0x49, 0x81, 0xdb, 0x48, 0x01, 0xe3, 0xcb, 0xff, 0x7c, 0x84, 0xff, 0xde, 0x04, 0xff,
	0xdd, 0xff, 0xde, 0xf6, 0x98, 0xeb, 0xaa, 0xdb, 0x49, 0x84, 0xdb, 0x48, 0x04, 0xdb, 0x49, 0xe3,
	0x49, 0xdb, 0x49, 0xdb, 0x48, 0xdb, 0x48, 0x82, 0xdb, 0x49, 0x02, 0xdb, 0x48, 0xdb, 0x49, 0xdb,
	0x49, 0x81, 0xdb, 0x48, 0x02, 0xdb, 0x49, 0xdb, 0x48, 0xdb, 0x48, 0x88, 0xdb, 0x49, 0x0b, 0xdb,
	0x48, 0xdb, 0x49, 0xdb, 0x49, 0xe3, 0x49, 0xdb, 0x49, 0xdb, 0x48, 0xdb, 0x48, 0xdb, 0x49, 0xdb,
	0x49, 0xdb, 0x69, 0xeb, 0xca, 0xfe, 0xfa, 0x84, 0xff, 0xde, 0x04, 0xff, 0xbd, 0xff, 0xde, 0xf5,
	0xd4, 0xeb, 0x89, 0xdb, 0x69, 0x83, 0xdb, 0x48, 0x8a, 0xdb, 0x49, 0x01, 0xdb, 0x48, 0xdb, 0x49,
	0x81, 0xdb, 0x48, 0x80, 0xdb, 0x49, 0x00, 0xdb, 0x48, 0x89, 0xdb, 0x49, 0x00, 0xdb, 0x48, 0x82,
	0xdb, 0x49, 0x06, 0xdb, 0x48, 0xdb, 0x49, 0xdb, 0x69, 0xf3, 0xca, 0xf6, 0x56, 0xff, 0xde, 0xff,
	0xdd, 0x82, 0xff, 0xde, 0x06, 0xff, 0xdd, 0xff, 0xde, 0xed, 0x11, 0xeb, 0x69, 0xdb, 0x69, 0xdb,
	0x48, 0xdb, 0x48, 0x89, 0xdb, 0x49, 0x80, 0xdb, 0x48, 0x81, 0xdb, 0x49, 0x00, 0xdb, 0x48, 0x86,
	0xdb, 0x49, 0x03, 0xdb, 0x48, 0xdb, 0x49, 0xdb, 0x49, 0xdb, 0x48, 0x82, 0xdb, 0x49, 0x82, 0xdb,
	0x48, 0x82, 0xdb, 0x49, 0x04, 0xdb, 0x69, 0xeb, 0x89, 0xed, 0x73, 0xff, 0xde, 0xff, 0xdd, 0x84,
	0xff, 0xde, 0x01, 0xe4, 0x2d, 0xe3, 0x48, 0x81, 0xdb, 0x48, 0x01, 0xe3, 0x49, 0xdb, 0x48, 0x82,
	0xdb, 0x49, 0x80, 0xdb, 0x48, 0x86, 0xdb, 0x49, 0x00, 0xdb, 0x48, 0x85, 0xdb, 0x49, 0x00, 0xdb,
	0x48, 0x82, 0xdb, 0x49, 0x84, 0xdb, 0x48, 0x01, 0xdb, 0x49, 0xdb, 0x48, 0x83, 0xdb, 0x49, 0x01,
	0xeb, 0x69, 0xec, 0xd0, 0x85, 0xff, 0xde, 0x01, 0xff, 0x9c, 0xe3, 0xcb, 0x82, 0xdb, 0x48, 0x80,
	0xdb, 0x49, 0x00, 0xe3, 0x49, 0x83, 0xdb, 0x49, 0x00, 0xdb, 0x48, 0x85, 0xdb, 0x49, 0x04, 0xdb,
	0x48, 0xdb, 0x49, 0xdb, 0x48, 0xdb, 0x49, 0xdb, 0x49, 0x82, 0xdb, 0x48, 0x00, 0xdb, 0x49, 0x87,
	0xdb, 0x48, 0x01, 0xdb, 0x49, 0xdb, 0x48, 0x81, 0xdb, 0x49, 0x03, 0xe3, 0x49, 0xdb, 0x69, 0xe3,
	0x69, 0xe4, 0x2c, 0x85, 0xff, 0xde, 0x01, 0xfe, 0xfa, 0xeb, 0xaa, 0x81, 0xdb, 0x48, 0x80, 0xe3,
	0x49, 0x81, 0xdb, 0x49, 0x81, 0xdb, 0x48, 0x01, 0xdb, 0x49, 0xdb, 0x48, 0x81, 0xdb, 0x49, 0x00,
	0xdb, 0x48, 0x82, 0xdb, 0x49, 0x05, 0xdb, 0x48, 0xdb, 0x49, 0xdb, 0x49, 0xdb, 0x48, 0xdb, 0x49,
	0xdb, 0x49, 0x84, 0xdb, 0x48, 0x00, 0xdb, 0x49, 0x82, 0xdb, 0x48, 0x01, 0xdb, 0x49, 0xdb, 0x48,
	0x84, 0xdb, 0x49, 0x02, 0xe3, 0x49, 0xeb, 0xcb, 0xff, 0x7c, 0x82, 0xff, 0xde, 0x08, 0xff, 0xdd,
	0xff, 0xde, 0xf6, 0x36, 0xeb, 0x8a, 0xdb, 0x49, 0xdb, 0x48, 0xdb, 0x49, 0xe3, 0x49, 0xe3, 0x49,
	0x8d, 0xdb, 0x49, 0x80, 0xdb, 0x48, 0x83, 0xdb, 0x49, 0x83, 0xdb, 0x48, 0x00, 0xdb, 0x49, 0x84,
	0xdb, 0x48, 0x80, 0xdb, 0x49, 0x00, 0xdb, 0x48, 0x83, 0xdb, 0x49, 0x01, 0xeb, 0xaa, 0xf6, 0xb8,
	0x82, 0xff, 0xde, 0x06, 0xff, 0xdd, 0xff, 0xde, 0xed, 0x73, 0xeb, 0x69, 0xdb, 0x69, 0xdb, 0x49,
	0xe3, 0x49, 0x86, 0xdb, 0x49, 0x80, 0xdb, 0x48, 0x82, 0xdb, 0x49, 0x03, 0xdb, 0x48, 0xdb, 0x49,
	0xdb, 0x49, 0xdb, 0x48, 0x83, 0xdb, 0x49, 0x06, 0xdb, 0x48, 0xdb, 0x49, 0xdb, 0x49, 0xdb, 0x48,
	0xdb, 0x49, 0xdb, 0x48, 0xdb, 0x49, 0x84, 0xdb, 0x48, 0x84, 0xdb, 0x49, 0x13, 0xdb, 0x48, 0xdb,
	0x49, 0xf3, 0xca, 0xf6, 0x15, 0xff, 0xde, 0xff, 0xdd, 0xff, 0xde, 0xff, 0xde, 0xff, 0xdd, 0xff,
	0xde, 0xec, 0xaf, 0xeb, 0x69, 0xe3, 0x69, 0xe3, 0x49, 0xdb, 0x49, 0xdb, 0x48, 0xdb, 0x48, 0xdb,
	0x49, 0xdb, 0x49, 0xdb, 0x48, 0x81, 0xdb, 0x49, 0x00, 0xdb, 0x48, 0x86, 0xdb, 0x49, 0x00, 0xdb,
	0x48, 0x85, 0xdb, 0x49, 0x80, 0xdb, 0x48, 0x00, 0xdb, 0x49, 0x83, 0xdb, 0x48, 0x80, 0xdb, 0x49,
	0x81, 0xdb, 0x48, 0x81, 0xdb, 0x49, 0x06, 0xdb, 0x48, 0xdb, 0x49, 0xdb, 0x69, 0xeb, 0xaa, 0xed,
	0x93, 0xff, 0xde, 0xff, 0xdd, 0x81, 0xff, 0xde, 0x05, 0xff, 0xbd, 0xe3, 0xec, 0xe3, 0x48, 0xdb,
	0x69, 0xe3, 0x69, 0xdb, 0x49, 0x83, 0xdb, 0x48, 0x00, 0xdb, 0x49, 0x81, 0xe3, 0x49, 0x82, 0xdb,
	0x49, 0x00, 0xdb, 0x48, 0x88, 0xdb, 0x49, 0x00, 0xdb, 0x48, 0x81, 0xdb, 0x49, 0x84, 0xdb, 0x48,
	0x05, 0xdb, 0x49, 0xdb, 0x48, 0xdb, 0x48, 0xdb, 0x49, 0xdb, 0x49, 0xdb, 0x48, 0x81, 0xdb, 0x49,
	0x0d, 0xdb, 0x69, 0xe3, 0x89, 0xec, 0xaf, 0xff, 0xde, 0xff, 0xdd, 0xff, 0xde, 0xff, 0xdd, 0xff,
	0xde, 0xff, 0x5b, 0xe3, 0xaa, 0xdb, 0x69, 0xdb, 0x69, 0xe3, 0x69, 0xdb, 0x49, 0x82, 0xdb, 0x48,
	0x09, 0xdb, 0x49, 0xe3, 0x49, 0xe3, 0x49, 0xdb, 0x49, 0xdb, 0x48, 0xdb, 0x48, 0xdb, 0x49, 0xdb,
	0x48, 0xdb, 0x49, 0xdb, 0x48, 0x81, 0xdb, 0x49, 0x00, 0xe3, 0x49, 0x83, 0xdb, 0x49, 0x01, 0xdb,
	0x48, 0xdb, 0x49, 0x87, 0xdb, 0x48, 0x00, 0xdb, 0x49, 0x84, 0xdb, 0x48, 0x16, 0xdb, 0x49, 0xe3,
	0x49, 0xe3, 0x69, 0xe3, 0x48, 0xe3, 0xeb, 0xff, 0xbd, 0xff, 0xde, 0xff, 0xde, 0xff, 0xdd, 0xff,
	0xde, 0xf6, 0xd9, 0xeb, 0xca, 0xdb, 0x69, 0xe3, 0x69, 0xdb, 0x49, 0xdb, 0x49, 0xdb, 0x48, 0xdb,
	0x48, 0xdb, 0x49, 0xdb, 0x49, 0xdb, 0x48, 0xe3, 0x49, 0xdb, 0x49, 0x83, 0xdb, 0x48, 0x01, 0xdb,
	0x49, 0xdb, 0x48, 0x81, 0xdb, 0x49, 0x80, 0xe3, 0x49, 0x80, 0xdb, 0x49, 0x03, 0xdb, 0x48, 0xdb,
	0x49, 0xdb, 0x48, 0xdb, 0x49, 0x85, 0xdb, 0x48, 0x00, 0xe3, 0x48, 0x81, 0xdb, 0x49, 0x82, 0xdb,
	0x48, 0x0c, 0xdb, 0x49, 0xe3, 0x49, 0xe3, 0x49, 0xe3, 0x69, 0xdb, 0x69, 0xeb, 0xca, 0xff, 0x3a,
	0xff, 0xde, 0xff, 0xdd, 0xff, 0xdd, 0xff, 0xde, 0xf6, 0x15, 0xeb, 0x89, 0x82, 0xdb, 0x49, 0x00,
	0xdb, 0x48, 0x81, 0xdb, 0x49, 0x80, 0xe3, 0x49, 0x00, 0xe3, 0x48, 0x84, 0xdb, 0x48, 0x00, 0xdb,
	0x49, 0x81, 0xdb, 0x48, 0x80, 0xe3, 0x49, 0x00, 0xdb, 0x49, 0x81, 0xdb, 0x48, 0x08, 0xdb, 0x49,
	0xdb, 0x48, 0xdb, 0x49, 0xe3, 0x49, 0xdb, 0x49, 0xdb, 0x48, 0xdb, 0x48, 0xe3, 0x48, 0xe3, 0x48,
	0x82, 0xdb, 0x49, 0x81, 0xdb, 0x48, 0x80, 0xdb, 0x49, 0x16, 0xe3, 0x49, 0xe3, 0x69, 0xe3, 0x69,
	0xdb, 0x69, 0xf3, 0xca, 0xf6, 0xb8, 0xff, 0xde, 0xff, 0xdd, 0xff, 0xdd, 0xff, 0xde, 0xed, 0x31,
	0xeb, 0x69, 0xdb, 0x69, 0xdb, 0x48, 0xdb, 0x48, 0xdb, 0x49, 0xdb, 0x49, 0xe3, 0x49, 0xe3, 0x49,
	0xe3, 0x69, 0xe3, 0x49, 0xdb, 0x49, 0xdb, 0x49, 0x85, 0xdb, 0x48, 0x03, 0xdb, 0x49, 0xdb, 0x48,
	0xdb, 0x49, 0xdb, 0x48, 0x84, 0xdb, 0x49, 0x01, 0xdb, 0x48, 0xdb, 0x49, 0x82, 0xe3, 0x49, 0x80,
	0xdb, 0x48, 0x82, 0xdb, 0x49, 0x03, 0xdb, 0x48, 0xdb, 0x49, 0xdb, 0x48, 0xdb, 0x49, 0x81, 0xe3,
	0x49, 0x80, 0xdb, 0x49, 0x0b, 0xeb, 0xaa, 0xf5, 0xf5, 0xff, 0xde, 0xff, 0xdd, 0xff, 0xde, 0xff,
	0xde, 0xec, 0x8e, 0xe3, 0x69, 0xe3, 0x69, 0xdb, 0x49, 0xdb, 0x49, 0xe3, 0x49, 0x83, 0xe3, 0x69,
	0x80, 0xdb, 0x49, 0x85, 0xdb, 0x48, 0x00, 0xdb, 0x49, 0x82, 0xdb, 0x48, 0x80, 0xe3, 0x49, 0x80,
	0xdb, 0x49, 0x81, 0xdb, 0x48, 0x81, 0xe3, 0x69, 0x05, 0xe3, 0x49, 0xdb, 0x49, 0xdb, 0x48, 0xdb,
	0x49, 0xdb, 0x49, 0xdb, 0x48, 0x82, 0xdb, 0x49, 0x00, 0xe3, 0x49, 0x83, 0xdb, 0x49, 0x0c, 0xeb,
	0x89, 0xed, 0x52, 0xff, 0xde, 0xff, 0xdd, 0xff, 0xdd, 0xff, 0xde, 0xed, 0x31, 0xf3, 0xca, 0xe3,
	0x8a, 0xe3, 0x69, 0xdb, 0x69, 0xdb, 0x49, 0xdb, 0x69, 0x81, 0xe3, 0x69, 0x00, 0xdb, 0x69, 0x8a,
	0xdb, 0x49, 0x00, 0xdb, 0x48, 0x86, 0xdb, 0x49, 0x82, 0xdb, 0x69, 0x03, 0xe3, 0x69, 0xdb, 0x49,
	0xdb, 0x49, 0xdb, 0x48, 0x81, 0xdb, 0x49, 0x00, 0xdb, 0x69, 0x82, 0xdb, 0x49, 0x0e, 0xdb, 0x69,
	0xe3, 0x69, 0xdb, 0x6a, 0xf3, 0xca, 0xed, 0xd4, 0xff, 0xde, 0xff, 0xdd, 0xff, 0xdd, 0xff, 0xde,
	0xff, 0x3a, 0xec, 0x0c, 0xeb, 0x89, 0xdb, 0x48, 0xdb, 0x28, 0xe3, 0x69, 0x82, 0xeb, 0x89, 0x85,
	0xeb, 0x69, 0x80, 0xe3, 0x69, 0x06, 0xe3, 0x48, 0xe3, 0x49, 0xe3, 0x69, 0xeb, 0x69, 0xeb, 0x69,
	0xe3, 0x69, 0xe3, 0x48, 0x83, 0xeb, 0x69, 0x82, 0xeb, 0x89, 0x05, 0xe3, 0x48, 0xdb, 0x28, 0xe3,
	0x48, 0xe3, 0x69, 0xe3, 0x69, 0xeb, 0x69, 0x83, 0xeb, 0x89, 0x06, 0xeb, 0x69, 0xe3, 0x28, 0xdb,
	0x07, 0xe3, 0x48, 0xeb, 0xaa, 0xec, 0x6e, 0xff, 0x9c, 0x83, 0xff, 0xde, 0x04, 0xf6, 0xf9, 0xf4,
	0xf0, 0xe4, 0x2d, 0xe4, 0x4d, 0xe4, 0x6e, 0x81, 0xec, 0x8e, 0x00, 0xec, 0x6e, 0x82, 0xe4, 0x6e,
	0x06, 0xec, 0x6e, 0xe4, 0x6e, 0xe4, 0x8e, 0xe4, 0x6e, 0xe4, 0x6e, 0xe4, 0x4e, 0xe4, 0x4e, 0x82,
	0xe4, 0x6e, 0x00, 0xe4, 0x4e, 0x81, 0xe4, 0x6e, 0x00, 0xe4, 0x8e, 0x81, 0xec, 0x8e, 0x80, 0xe4,
	0x8e, 0x01, 0xe4, 0x6e, 0xec, 0x8e, 0x82, 0xe4, 0x6e, 0x0a, 0xe4, 0x8e, 0xec, 0x8f, 0xec, 0x8f,
	0xec, 0x8e, 0xec, 0x8e, 0xe4, 0x6e, 0xe4, 0x4d, 0xe4, 0x6e, 0xec, 0x6e, 0xf5, 0x73, 0xff, 0x7c,
	0x81, 0xff, 0xde, 0x01, 0x7a, 0x00, 0x59, 0x00, 0x4b, 0x00, 0x0c, 0x00, 0x6e, 0x01, 0x00, 0x00,
	0x05, 0xff, 0xde, 0xff, 0xbd, 0xff, 0x1a, 0xf6, 0xd9, 0xf6, 0xb9, 0xf6, 0xb9, 0xbf, 0xf6, 0xb8,
	0x06, 0xfe, 0xd9, 0xff, 0x3b, 0xff, 0xde, 0xff, 0xde, 0xff, 0xdd, 0xf6, 0x98, 0xfe, 0x77, 0x81,
	0xf6, 0x56, 0x88, 0xf6, 0x36, 0x80, 0xf6, 0x56, 0x99, 0xf6, 0x36, 0x86, 0xf6, 0x56, 0x86, 0xf6,
	0x36, 0x81, 0xf6, 0x56, 0x00, 0xf6, 0x36, 0x82, 0xf6, 0x56, 0x08, 0xf6, 0x36, 0xf6, 0x56, 0xf6,
	0x57, 0xfe, 0x77, 0xf6, 0xd9, 0xff, 0xde, 0xff, 0x5b, 0xfe, 0x57, 0xf6, 0x57, 0xc4, 0xf6, 0x56,
	0x07, 0xfe, 0x77, 0xff, 0x9c, 0xff, 0x3a, 0xf6, 0x57, 0xf6, 0x56, 0xf6, 0x36, 0xf6, 0x36, 0xf6,
	0x56, 0x86, 0xf6, 0x36, 0x02, 0xf6, 0x56, 0xf6, 0x36, 0xf6, 0x56, 0x9e, 0xf6, 0x36, 0x00, 0xf6,
	0x56, 0x8e, 0xf6, 0x36, 0x80, 0xf6, 0x56, 0x80, 0xf6, 0x36, 0x80, 0xf6, 0x56, 0x05, 0xf6, 0x36,
	0xf6, 0x57, 0xff, 0x7c, 0xff, 0x5b, 0xfe, 0x77, 0xf6, 0x56, 0xbc, 0xf6, 0x36, 0x00, 0xf6, 0x56,
	0x85, 0xf6, 0x36, 0x03, 0xf6, 0x77, 0xff, 0x9d, 0xff, 0x9c, 0xf6, 0x57, 0x89, 0xf6, 0x36, 0x00,
	0xf6, 0x56, 0xb8, 0xf6, 0x36, 0x07, 0xf6, 0x56, 0xf6, 0x77, 0xff, 0xbd, 0xff, 0xbd, 0xf6, 0x57,
	0xf6, 0x36, 0xf6, 0x36, 0xf6, 0x56, 0xbf, 0xf6, 0x36, 0x80, 0xf6, 0x56, 0x04, 0xf6, 0x36, 0xf6,
	0x98, 0xff, 0xde, 0xff, 0xde, 0xf6, 0x98, 0x81, 0xf6, 0x56, 0xb0, 0xf6, 0x36, 0x00, 0xf6, 0x56,
	0x8c, 0xf6, 0x36, 0x80, 0xf6, 0x56, 0x07, 0xf6, 0x36, 0xf6, 0xd9, 0xff, 0xde, 0xff, 0xde, 0xff,
	0x1a, 0xfe, 0x77, 0xf6, 0x57, 0xf6, 0x56, 0x85, 0xf6, 0x36, 0x82, 0xf6, 0x56, 0x81, 0xf6, 0x36,
	0x83, 0xf6, 0x56, 0x82, 0xf6, 0x36, 0x8e, 0xf6, 0x56, 0x83, 0xf6, 0x36, 0x87, 0xf6, 0x56, 0x80,
	0xf6, 0x36, 0x00, 0xf6, 0x56, 0x82, 0xf6, 0x36, 0x80, 0xf6, 0x56, 0x81, 0xf6, 0x36, 0x08, 0xf6,
	0x56, 0xf6, 0x57, 0xfe, 0x57, 0xff, 0x3b, 0xff, 0xde, 0xff, 0xde, 0xff, 0xbd, 0xf6, 0x98, 0xfe,
	0x77, 0x99, 0xf6, 0x36, 0x00, 0xf6, 0x56, 0xa5, 0xf6, 0x36, 0x02, 0xfe, 0x77, 0xf6, 0xb8, 0xff,
	0xdd, 0x81, 0xff, 0xde, 0x01, 0xff, 0xbd, 0xfe, 0xf9, 0x98, 0xf6, 0x77, 0x0c, 0xf6, 0x97, 0xf6,
	0x98, 0xf6, 0x98, 0xf6, 0x97, 0xf6, 0x77, 0xf6, 0x77, 0xf6, 0x97, 0xf6, 0x97, 0xf6, 0x77, 0xf6,
	0x97, 0xf6, 0x97, 0xf6, 0x98, 0xf6, 0x97, 0x9a, 0xf6, 0x77, 0x01, 0xff, 0x1a, 0xff, 0xbd, 0x85,
	0xff, 0xde, 0x00, 0xff, 0xdd, 0xbd, 0xff, 0xbd, 0x00, 0xff, 0xdd, 0x83, 0xff, 0xde, 0x02, 0x7a,
	0x00, 0x59, 0x00, 0x4b, 0x00, 0x0c, 0x00, 0xd0, 0x02, 0x00, 0x00, 0x08, 0xff, 0xde, 0xff, 0x9d,
	0xf6, 0x57, 0xed, 0xb3, 0xed, 0xb3, 0xed, 0x93, 0xed, 0x93, 0xed, 0x73, 0xed, 0x73, 0x81, 0xed,
	0x93, 0x00, 0xed, 0x73, 0xb8, 0xed, 0x93, 0x06, 0xf5, 0xd4, 0xf6, 0x98, 0xff, 0xdd, 0xff, 0xde,
	0xff, 0xdd, 0xed, 0x72, 0xf4, 0xf0, 0x82, 0xec, 0xaf, 0x02, 0xec, 0xae, 0xec, 0x8f, 0xec, 0x8f,
	0xbb, 0xec, 0xaf, 0x05, 0xec, 0xcf, 0xfd, 0x31, 0xed, 0xd4, 0xff, 0xde, 0xf6, 0xb9, 0xf4, 0xcf,
	0xc3, 0xe4, 0xaf, 0x80, 0xe4, 0xcf, 0x03, 0xf4, 0xf0, 0xff, 0x3b, 0xf6, 0x77, 0xf4, 0xcf, 0x84,
	0xe4, 0xaf, 0x00, 0xe4, 0x8f, 0x83, 0xe4, 0xaf, 0x80, 0xec, 0xaf, 0x97, 0xe4, 0xaf, 0x80, 0xe4,
	0x8f, 0x83, 0xe4, 0xaf, 0x00, 0xec, 0xaf, 0x96, 0xe4, 0xaf, 0x03, 0xec, 0xcf, 0xff, 0x1a, 0xf6,
	0xd9, 0xf4, 0xf0, 0x81, 0xe4, 0xaf, 0x83, 0xe4, 0x8f, 0x00, 0xe4, 0xaf, 0x84, 0xec, 0xaf, 0x81,
	0xe4, 0xaf, 0x81, 0xe4, 0x8f, 0x83, 0xe4, 0xaf, 0x00, 0xe4, 0x8f, 0x82, 0xe4, 0xaf, 0x82, 0xe4,
	0x8f, 0x00, 0xe4, 0xaf, 0x82, 0xe4, 0x8f, 0x80, 0xe4, 0xaf, 0x81, 0xe4, 0x8f, 0x82, 0xe4, 0xaf,
	0x03, 0xec, 0xaf, 0xe4, 0xaf, 0xe4, 0xaf, 0xe4, 0x8f, 0x84, 0xe4, 0xaf, 0x00, 0xe4, 0x8f, 0x81,
	0xe4, 0xaf, 0x00, 0xec, 0xaf, 0x84, 0xe4, 0xaf, 0x07, 0xe4, 0x8f, 0xec, 0xf0, 0xff, 0x5b, 0xff,
	0x5b, 0xf4, 0xf0, 0xe4, 0x8f, 0xe4, 0x8f, 0xe4, 0xaf, 0x82, 0xe4, 0x8f, 0x00, 0xe4, 0xaf, 0x82,
	0xec, 0xaf, 0x09, 0xe4, 0xaf, 0xec, 0xaf, 0xe4, 0xaf, 0xe4, 0xaf, 0xe4, 0x8f, 0xe4, 0x8f, 0xe4,
	0xaf, 0xe4, 0xaf, 0xec, 0xaf, 0xec, 0xaf, 0x81, 0xe4, 0xaf, 0x01, 0xec, 0xaf, 0xe4, 0xaf, 0x83,
	0xe4, 0x8f, 0x02, 0xe4, 0xaf, 0xe4, 0x8f, 0xe4, 0x8f, 0x84, 0xe4, 0xaf, 0x80, 0xe4, 0x8f, 0x82,
	0xe4, 0xaf, 0x00, 0xec, 0xaf, 0x89, 0xe4, 0xaf, 0x00, 0xe4, 0x8f, 0x87, 0xe4, 0xaf, 0x0d, 0xe4,
	0x8f, 0xe4, 0xaf, 0xed, 0x31, 0xff, 0xbd, 0xff, 0xbd, 0xec, 0xf0, 0xe4, 0x8e, 0xe4, 0xaf, 0xec,
	0xaf, 0xe4, 0xaf, 0xe4, 0x8f, 0xe4, 0x8f, 0xec, 0xaf, 0xec, 0xaf, 0x83, 0xe4, 0xaf, 0x81, 0xec,
	0xaf, 0x02, 0xe4, 0xaf, 0xe4, 0x8f, 0xe4, 0xaf, 0x81, 0xec, 0xaf, 0x87, 0xe4, 0xaf, 0x00, 0xe4,
	0x8f, 0x83, 0xe4, 0xaf, 0x00, 0xec, 0xaf, 0x8b, 0xe4, 0xaf, 0x81, 0xec, 0xaf, 0x80, 0xe4, 0xaf,
	0x05, 0xec, 0xaf, 0xe4, 0xaf, 0xe4, 0xaf, 0xe4, 0x8f, 0xe4, 0xaf, 0xe4, 0x8f, 0x86, 0xe4, 0xaf,
	0x0a, 0xec, 0xaf, 0xed, 0x52, 0xff, 0xde, 0xff, 0xde, 0xed, 0x52, 0xec, 0xaf, 0xe4, 0xaf, 0xec,
	0xaf, 0xe4, 0xaf, 0xe4, 0x8f, 0xe4, 0xaf, 0x81, 0xec, 0xaf, 0x80, 0xe4, 0xaf, 0x84, 0xec, 0xaf,
	0x06, 0xe4, 0xaf, 0xec, 0xaf, 0xe4, 0xaf, 0xec, 0xaf, 0xe4, 0xaf, 0xec, 0xaf, 0xec, 0xaf, 0x81,
	0xe4, 0xaf, 0x80, 0xec, 0xaf, 0x80, 0xe4, 0xaf, 0x80, 0xec, 0xaf, 0x84, 0xe4, 0xaf, 0x00, 0xec,
	0xaf, 0x8a, 0xe4, 0xaf, 0x80, 0xec, 0xaf, 0x81, 0xe4, 0xaf, 0x03, 0xec, 0xaf, 0xe4, 0xaf, 0xe4,
	0xaf, 0xe4, 0x8f, 0x87, 0xe4, 0xaf, 0x06, 0xec, 0xaf, 0xed, 0xb4, 0xff, 0xde, 0xff, 0xde, 0xf6,
	0x57, 0xf4, 0xf0, 0xec, 0xf0, 0x87, 0xe4, 0xaf, 0x81, 0xec, 0xaf, 0x07, 0xe4, 0xaf, 0xec, 0xaf,
	0xe4, 0xaf, 0xec, 0xaf, 0xec, 0xaf, 0xe4, 0xaf, 0xe4, 0xaf, 0xec, 0xaf, 0x83, 0xe4, 0xaf, 0x01,
	0xec, 0xaf, 0xe4, 0xaf, 0x81, 0xec, 0xaf, 0x83, 0xe4, 0xaf, 0x00, 0xec, 0xaf, 0x89, 0xe4, 0xaf,
	0x02, 0xec, 0xaf, 0xe4, 0xaf, 0xe4, 0xaf, 0x82, 0xec, 0xaf, 0x8b, 0xe4, 0xaf, 0x0a, 0xe4, 0xcf,
	0xf4, 0xcf, 0xf6, 0x98, 0xff, 0xde, 0xff, 0xde, 0xff, 0xbd, 0xed, 0x52, 0xf4, 0xf0, 0xec, 0xaf,
	0xe4, 0x8e, 0xe4, 0x8e, 0x86, 0xe4, 0x8f, 0x00, 0xec, 0x8f, 0x8c, 0xe4, 0x8f, 0x82, 0xe4, 0xaf,
	0x83, 0xe4, 0x8f, 0x81, 0xe4, 0xaf, 0x9a, 0xe4, 0x8f, 0x03, 0xe4, 0xaf, 0xf4, 0xf0, 0xed, 0x73,
	0xff, 0xdd, 0x81, 0xff, 0xde, 0x01, 0xff, 0x9c, 0xf5, 0xf5, 0x81, 0xed, 0x11, 0x81, 0xed, 0x31,
	0x05, 0xed, 0x11, 0xf5, 0x11, 0xf5, 0x11, 0xf5, 0x31, 0xf5, 0x31, 0xf5, 0x11, 0x82, 0xf5, 0x31,
	0x81, 0xf5, 0x11, 0x80, 0xed, 0x11, 0x06, 0xf5, 0x11, 0xf5, 0x31, 0xed, 0x11, 0xf5, 0x11, 0xf5,
	0x31, 0xf5, 0x31, 0xf5, 0x51, 0x8a, 0xf5, 0x31, 0x81, 0xed, 0x11, 0x04, 0xed, 0x31, 0xf5, 0x31,
	0xf5, 0x31, 0xf5, 0x11, 0xf5, 0x11, 0x81, 0xf5, 0x31, 0x04, 0xf5, 0x11, 0xf5, 0x31, 0xf5, 0x31,
	0xf5, 0x11, 0xf5, 0x11, 0x84, 0xed, 0x11, 0x80, 0xed, 0x31, 0x80, 0xed, 0x11, 0x02, 0xed, 0x31,
	0xf6, 0x36, 0xff, 0x9d, 0x84, 0xff, 0xde, 0x04, 0xff, 0xdd, 0xff, 0xbd, 0xff, 0x9d, 0xff, 0xbd,
	0xff, 0xbd, 0x82, 0xff, 0x9d, 0x84, 0xff, 0xbd, 0x81, 0xff, 0x9d, 0x02, 0xff, 0xbd, 0xff, 0x9d,
	0xff, 0x9d, 0x91, 0xff, 0xbd, 0x81, 0xff, 0x9d, 0x8a, 0xff, 0xbd, 0x85, 0xff, 0x9d, 0x80, 0xff,
	0xbd, 0x02, 0xff, 0x9d, 0xff, 0xbd, 0xff, 0xdd, 0x82, 0xff, 0xde, 0x95, 0x00, 0x66, 0x00, 0x15,
	0x00, 0x01, 0x00, 0x03, 0x00, 0x00, 0x00, 0x93, 0xff, 0xbd, 0x02, 0x7c, 0x00, 0x57, 0x00, 0x47,
	0x00, 0x01, 0x00, 0x09, 0x00, 0x00, 0x00, 0x00, 0xff, 0xdd, 0xc3, 0xff, 0xde, 0x00, 0xff, 0xdd,
	0x78, 0x00, 0x59, 0x00, 0x4f, 0x00, 0x0d, 0x00, 0xad, 0x02, 0x00, 0x00, 0x81, 0xff, 0xde, 0x07,
	0xff, 0x9c, 0xf5, 0xb3, 0xec, 0xaf, 0xe4, 0xaf, 0xe4, 0xaf, 0xe4, 0x8e, 0xe4, 0x6e, 0xe4, 0x6e,
	0x81, 0xe4, 0x8e, 0x00, 0xe4, 0x6e, 0x84, 0xe4, 0x8e, 0x02, 0xe4, 0x8f, 0xe4, 0x8e, 0xec, 0x8f,
	0xa6, 0xe4, 0x8e, 0x00, 0xe4, 0x8f, 0x82, 0xe4, 0x8e, 0x80, 0xe4, 0xaf, 0x04, 0xe4, 0x8e, 0xec,
	0xaf, 0xec, 0xf0, 0xf6, 0x15, 0xff, 0xbd, 0x83, 0xff, 0xde, 0x04, 0xff, 0xbd, 0xe4, 0x4d, 0xf3,
	0xaa, 0xe3, 0x48, 0xe3, 0x68, 0x81, 0xe3, 0x48, 0x80, 0xe3, 0x28, 0xba, 0xe3, 0x48, 0x03, 0xe3,
	0x68, 0xe3, 0x89, 0xfc, 0x0b, 0xec, 0xd0, 0x81, 0xff, 0xde, 0x04, 0xff, 0xdd, 0xff, 0xde, 0xf6,
	0x36, 0xeb, 0x89, 0xdb, 0x69, 0x82, 0xdb, 0x49, 0x84, 0xdb, 0x48, 0x83, 0xdb, 0x49, 0x83, 0xdb,
	0x48, 0x85, 0xdb, 0x49, 0x85, 0xdb, 0x48, 0x83, 0xdb, 0x49, 0x00, 0xdb, 0x48, 0x8c, 0xdb, 0x49,
	0x00, 0xdb, 0x48, 0x8a, 0xdb, 0x49, 0x80, 0xdb, 0x69, 0x0b, 0xdb, 0x89, 0xeb, 0xaa, 0xf6, 0xfa,
	0xff, 0xde, 0xff, 0xdd, 0xff, 0xdd, 0xff, 0xde, 0xf5, 0xd4, 0xeb, 0x69, 0xdb, 0x49, 0xdb, 0x48,
	0xdb, 0x49, 0x81, 0xdb, 0x48, 0x00, 0xdb, 0x28, 0x9e, 0xdb, 0x48, 0x80, 0xdb, 0x28, 0x95, 0xdb,
	0x48, 0x82, 0xdb, 0x49, 0x81, 0xdb, 0x48, 0x0a, 0xeb, 0x89, 0xf6, 0xb8, 0xff, 0xde, 0xff, 0xdd,
	0xff, 0xdd, 0xff, 0xde, 0xf6, 0x77, 0xeb, 0xaa, 0xdb, 0x49, 0xdb, 0x48, 0xdb, 0x48, 0x83, 0xdb,
	0x28, 0x88, 0xdb, 0x48, 0x81, 0xdb, 0x28, 0x83, 0xdb, 0x48, 0x00, 0xdb, 0x28, 0x82, 0xdb, 0x48,
	0x82, 0xdb, 0x28, 0x00, 0xdb, 0x48, 0x82, 0xdb, 0x28, 0x80, 0xdb, 0x48, 0x81, 0xdb, 0x28, 0x85,
	0xdb, 0x48, 0x00, 0xdb, 0x28, 0x84, 0xdb, 0x48, 0x00, 0xdb, 0x28, 0x88, 0xdb, 0x48, 0x0b, 0xdb,
	0x28, 0xe3, 0xaa, 0xff, 0x3a, 0xff, 0xde, 0xff, 0xdd, 0xff, 0xdd, 0xff, 0xde, 0xf7, 0x1a, 0xeb,
	0xaa, 0xdb, 0x28, 0xdb, 0x28, 0xdb, 0x48, 0x82, 0xdb, 0x28, 0x04, 0xdb, 0x48, 0xe3, 0x48, 0xdb,
	0x48, 0xe3, 0x49, 0xe3, 0x49, 0x82, 0xdb, 0x48, 0x80, 0xdb, 0x28, 0x85, 0xdb, 0x48, 0x01, 0xdb,
	0x49, 0xdb, 0x48, 0x83, 0xdb, 0x28, 0x02, 0xdb, 0x48, 0xdb, 0x28, 0xdb, 0x28, 0x84, 0xdb, 0x48,
	0x80, 0xdb, 0x28, 0x8e, 0xdb, 0x48, 0x00, 0xdb, 0x28, 0x86, 0xdb, 0x48, 0x04, 0xdb, 0x49, 0xdb,
	0x28, 0xdb, 0x49, 0xe3, 0xec, 0xff, 0x9d, 0x82, 0xff, 0xde, 0x02, 0xff, 0x9c, 0xe3, 0xaa, 0xdb,
	0x08, 0x81, 0xdb, 0x48, 0x80, 0xdb, 0x28, 0x89, 0xdb, 0x48, 0x00, 0xdb, 0x28, 0x8b, 0xdb, 0x48,
	0x00, 0xdb, 0x28, 0x95, 0xdb, 0x48, 0x80, 0xdb, 0x49, 0x80, 0xdb, 0x48, 0x02, 0xdb, 0x28, 0xdb,
	0x48, 0xdb, 0x28, 0x83, 0xdb, 0x48, 0x81, 0xdb, 0x49, 0x01, 0xe3, 0x48, 0xe4, 0x2d, 0x84, 0xff,
	0xde, 0x05, 0xe4, 0x2d, 0xe3, 0x48, 0xdb, 0x69, 0xdb, 0x48, 0xdb, 0x48, 0xdb, 0x28, 0xac, 0xdb,
	0x48, 0x02, 0xdb, 0x49, 0xdb, 0x48, 0xe3, 0x49, 0x84, 0xdb, 0x48, 0x00, 0xdb, 0x28, 0x84, 0xdb,
	0x48, 0x81, 0xdb, 0x49, 0x01, 0xe3, 0x48, 0xe4, 0xd0, 0x82, 0xff, 0xde, 0x06, 0xff, 0xdd, 0xff,
	0xde, 0xf5, 0xb4, 0xf3, 0xaa, 0xdb, 0x8a, 0xdb, 0x69, 0xdb, 0x49, 0x81, 0xdb, 0x48, 0x06, 0xdb,
	0x49, 0xdb, 0x48, 0xdb, 0x49, 0xdb, 0x48, 0xdb, 0x49, 0xdb, 0x49, 0xdb, 0x48, 0x9b, 0xdb, 0x49,
	0x82, 0xdb, 0x48, 0x84, 0xdb, 0x49, 0x09, 0xe3, 0x49, 0xdb, 0x49, 0xdb, 0x49, 0xdb, 0x48, 0xdb,
	0x48, 0xdb, 0x49, 0xdb, 0x49, 0xdb, 0x48, 0xdb, 0x49, 0xdb, 0x48, 0x84, 0xdb, 0x49, 0x04, 0xdb,
	0x69, 0xeb, 0x89, 0xf6, 0x15, 0xff, 0xde, 0xff, 0xdd, 0x82, 0xff, 0xde, 0x05, 0xff, 0x9c, 0xe4,
	0x2d, 0xeb, 0xaa, 0xdb, 0x48, 0xdb, 0x08, 0xdb, 0x08, 0x95, 0xdb, 0x28, 0x82, 0xdb, 0x48, 0x83,
	0xdb, 0x28, 0x81, 0xdb, 0x48, 0x9a, 0xdb, 0x28, 0x03, 0xdb, 0x48, 0xf3, 0xaa, 0xe4, 0x6e, 0xff,
	0xbd, 0x85, 0xff, 0xde, 0x07, 0xff, 0x7c, 0xf5, 0x31, 0xe3, 0xcb, 0xeb, 0xcb, 0xeb, 0xcb, 0xeb,
	0xec, 0xec, 0x0c, 0xeb, 0xec, 0x82, 0xeb, 0xeb, 0x82, 0xeb, 0xec, 0x01, 0xec, 0x0c, 0xeb, 0xec,
	0x84, 0xeb, 0xeb, 0x80, 0xeb, 0xec, 0x03, 0xeb, 0xeb, 0xeb, 0xec, 0xec, 0x0c, 0xec, 0x2c, 0x89,
	0xec, 0x0c, 0x00, 0xeb, 0xec, 0x81, 0xeb, 0xeb, 0x01, 0xeb, 0xec, 0xec, 0x0c, 0x81, 0xeb, 0xec,
	0x81, 0xec, 0x0c, 0x82, 0xeb, 0xec, 0x84, 0xeb, 0xeb, 0x07, 0xeb, 0xec, 0xec, 0x0c, 0xec, 0x0c,
	0xeb, 0xeb, 0xeb, 0xeb, 0xe3, 0xec, 0xf5, 0x73, 0xff, 0x9c, 0x88, 0xff, 0xde, 0x01, 0xff, 0xbd,
	0xff, 0x9d, 0xad, 0xff, 0x9c, 0x00, 0xff, 0x9d, 0x8d, 0xff, 0x9c, 0x01, 0xff, 0x9d, 0xff, 0xbd,
	0xcd, 0xff, 0xde, 0x00, 0xff, 0xdd, 0x83, 0xff, 0xde, 0x01, 0x7d, 0x00, 0x30, 0x00, 0x45, 0x00,
	0x22, 0x00, 0x95, 0x05, 0x00, 0x00, 0x99, 0xff, 0xde, 0x0e, 0xff, 0xbd, 0xff, 0x9c, 0xff, 0x5b,
	0xff, 0x3a, 0xf6, 0xfa, 0xf6, 0xd9, 0xf6, 0xb9, 0xf6, 0xb8, 0xf6, 0xb8, 0xf6, 0xd9, 0xf6, 0xfa,
	0xff, 0x1a, 0xff, 0x5b, 0xff, 0x9c, 0xff, 0xbd, 0xb0, 0xff, 0xde, 0x08, 0xff, 0xdd, 0xff, 0x7c,
	0xff, 0x1a, 0xf6, 0xb8, 0xf6, 0x77, 0xfe, 0x77, 0xfe, 0x57, 0xfe, 0x57, 0xfe, 0x77, 0x83, 0xf6,
	0x56, 0x80, 0xf6, 0x57, 0x06, 0xf6, 0x56, 0xfe, 0x77, 0xf6, 0x77, 0xf6, 0xb8, 0xff, 0x1a, 0xff,
	0x7c, 0xff, 0xdd, 0xaa, 0xff, 0xde, 0x04, 0xff, 0x9c, 0xff, 0x1a, 0xf6, 0x97, 0xfe, 0x77, 0xfe,
	0x57, 0x81, 0xf6, 0x56, 0x00, 0xf6, 0x57, 0x89, 0xf6, 0x56, 0x06, 0xf6, 0x36, 0xf6, 0x56, 0xf6,
	0x56, 0xf6, 0x57, 0xf6, 0x97, 0xff, 0x1a, 0xff, 0x9c, 0xa6, 0xff, 0xde, 0x06, 0xff, 0x5b, 0xf6,
	0xb8, 0xf6, 0x77, 0xf6, 0x57, 0xf6, 0x56, 0xf6, 0x56, 0xf6, 0x57, 0x89, 0xf6, 0x56, 0x81, 0xf6,
	0x36, 0x83, 0xf6, 0x56, 0x04, 0xf6, 0x36, 0xf6, 0x56, 0xf6, 0x77, 0xfe, 0xb9, 0xff, 0x7c, 0xa2,
	0xff, 0xde, 0x02, 0xff, 0x7b, 0xf6, 0x98, 0xfe, 0x57, 0x8c, 0xf6, 0x56, 0x80, 0xf6, 0x36, 0x00,
	0xf6, 0x56, 0x86, 0xf6, 0x36, 0x80, 0xf6, 0x56, 0x04, 0xf6, 0x36, 0xf6, 0x56, 0xfe, 0x77, 0xf6,
	0xb8, 0xff, 0x7c, 0x9e, 0xff, 0xde, 0x03, 0xff, 0x9d, 0xfe, 0xd9, 0xfe, 0x57, 0xf6, 0x36, 0x82,
	0xf6, 0x56, 0x00, 0xf6, 0x36, 0x82, 0xf6, 0x56, 0x00, 0xf6, 0x36, 0x82, 0xf6, 0x56, 0x81, 0xf6,
	0x36, 0x00, 0xf6, 0x56, 0x89, 0xf6, 0x36, 0x81, 0xf6, 0x56, 0x02, 0xf6, 0x77, 0xfe, 0xf9, 0xff,
	0xbd, 0x9b, 0xff, 0xde, 0x01, 0xff, 0x3b, 0xf6, 0x77, 0x81, 0xf6, 0x56, 0x80, 0xf6, 0x36, 0x80,
	0xf6, 0x56, 0x80, 0xf6, 0x36, 0x00, 0xf6, 0x56, 0x81, 0xf6, 0x36, 0x87, 0xf6, 0x56, 0x89, 0xf6,
	0x36, 0x82, 0xf6, 0x56, 0x01, 0xf6, 0x77, 0xff, 0x5b, 0x98, 0xff, 0xde, 0x04, 0xff, 0xdd, 0xfe,
	0xd9, 0xfe, 0x57, 0xf6, 0x56, 0xf6, 0x56, 0x83, 0xf6, 0x36, 0x00, 0xf6, 0x56, 0x81, 0xf6, 0x36,
	0x01, 0xf6, 0x56, 0xf6, 0x36, 0x88, 0xf6, 0x56, 0x8b, 0xf6, 0x36, 0x80, 0xf6, 0x56, 0x03, 0xf6,
	0x36, 0xfe, 0x57, 0xfe, 0xf9, 0xff, 0xdd, 0x95, 0xff, 0xde, 0x01, 0xff, 0x9d, 0xfe, 0x98, 0x81,
	0xf6, 0x56, 0x87, 0xf6, 0x36, 0x8a, 0xf6, 0x56, 0x82, 0xf6, 0x36, 0x00, 0xf6, 0x56, 0x89, 0xf6,
	0x36, 0x80, 0xf6, 0x56, 0x02, 0xfe, 0x57, 0xf6, 0xb8, 0xff, 0xbd, 0x93, 0xff, 0xde, 0x03, 0xff,
	0x9c, 0xf6, 0x77, 0xf6, 0x56, 0xf6, 0x56, 0x8a, 0xf6, 0x36, 0x88, 0xf6, 0x56, 0x00, 0xf6, 0x36,
	0x83, 0xf6, 0x56, 0x8b, 0xf6, 0x36, 0x80, 0xf6, 0x56, 0x01, 0xf6, 0x77, 0xff, 0x9c, 0x91, 0xff,
	0xde, 0x02, 0xff, 0x7c, 0xf6, 0x77, 0xf6, 0x56, 0x87, 0xf6, 0x36, 0x81, 0xf6, 0x56, 0x00, 0xf6,
	0x36, 0x82, 0xf6, 0x56, 0x0a, 0xf6, 0x57, 0xfe, 0x57, 0xfe, 0x56, 0xf6, 0x56, 0xf6, 0x77, 0xfe,
	0x77, 0xf6, 0x77, 0xf6, 0x56, 0xf6, 0x56, 0xfe, 0x57, 0xf6, 0x57, 0x82, 0xf6, 0x56, 0x8a, 0xf6,
	0x36, 0x80, 0xf6, 0x56, 0x01, 0xf6, 0x77, 0xff, 0x9c, 0x8f, 0xff, 0xde, 0x03, 0xff, 0x9c, 0xf6,
	0x77, 0xf6, 0x56, 0xf6, 0x56, 0x88, 0xf6, 0x36, 0x81, 0xf6, 0x56, 0x14, 0xf6, 0x36, 0xf6, 0x56,
	0xf6, 0x56, 0xf6, 0x78, 0xf6, 0xd9, 0xff, 0x3a, 0xff, 0x5b, 0xff, 0x7c, 0xff, 0x9c, 0xff, 0x9d,
	0xff, 0x9d, 0xff, 0x7c, 0xff, 0x5b, 0xff, 0x3b, 0xf6, 0xd9, 0xf6, 0x98, 0xf6, 0x57, 0xf6, 0x56,
	0xf6, 0x36, 0xf6, 0x56, 0xf6, 0x56, 0x89, 0xf6, 0x36, 0x80, 0xf6, 0x56, 0x01, 0xf6, 0x77, 0xff,
	0x9c, 0x8d, 0xff, 0xde, 0x03, 0xff, 0xbd, 0xf6, 0x97, 0xf6, 0x56, 0xf6, 0x56, 0x88, 0xf6, 0x36,
	0x07, 0xf6, 0x56, 0xf6, 0x36, 0xf6, 0x56, 0xfe, 0x77, 0xf6, 0x77, 0xfe, 0xfa, 0xff, 0x7c, 0xff,
	0xdd, 0x8a, 0xff, 0xde, 0x03, 0xff, 0x9c, 0xfe, 0xfa, 0xf6, 0x77, 0xfe, 0x77, 0x81, 0xf6, 0x56,
	0x88, 0xf6, 0x36, 0x80, 0xf6, 0x56, 0x01, 0xf6, 0x97, 0xff, 0xbd, 0x8c, 0xff, 0xde, 0x02, 0xf6,
	0xb8, 0xf6, 0x56, 0xf6, 0x56, 0x8a, 0xf6, 0x36, 0x03, 0xf6, 0x56, 0xf6, 0x98, 0xff, 0x5b, 0xff,
	0xdd, 0x8f, 0xff, 0xde, 0x03, 0xff, 0xdd, 0xff, 0x5b, 0xf6, 0x98, 0xf6, 0x56, 0x8a, 0xf6, 0x36,
	0x02, 0xf6, 0x56, 0xf6, 0x36, 0xf6, 0xb8, 0x8b, 0xff, 0xde, 0x02, 0xf6, 0xfa, 0xfe, 0x56, 0xf6,
	0x56, 0x87, 0xf6, 0x36, 0x04, 0xf6, 0x56, 0xf6, 0x57, 0xf6, 0x57, 0xf6, 0x77, 0xff, 0x3b, 0x95,
	0xff, 0xde, 0x03, 0xff, 0x3a, 0xf6, 0x57, 0xf6, 0x56, 0xf6, 0x56, 0x88, 0xf6, 0x36, 0x02, 0xf6,
	0x56, 0xfe, 0x57, 0xff, 0x1a, 0x89, 0xff, 0xde, 0x02, 0xff, 0x7c, 0xfe, 0x77, 0xf6, 0x56, 0x88,
	0xf6, 0x36, 0x03, 0xf6, 0x56, 0xfe, 0x57, 0xfe, 0xf9, 0xff, 0xbd, 0x97, 0xff, 0xde, 0x03, 0xff,
	0xbd, 0xfe, 0xd9, 0xf6, 0x57, 0xf6, 0x56, 0x88, 0xf6, 0x36, 0x02, 0xf6, 0x56, 0xfe, 0x77, 0xff,
	0x7c, 0x87, 0xff, 0xde, 0x03, 0xff, 0xdd, 0xf6, 0x97, 0xf6, 0x56, 0xf6, 0x56, 0x88, 0xf6, 0x36,
	0x01, 0xf6, 0x56, 0xff, 0x3b, 0x9b, 0xff, 0xde, 0x01, 0xff, 0x1a, 0xfe, 0x57, 0x88, 0xf6, 0x36,
	0x80, 0xf6, 0x56, 0x01, 0xf6, 0x98, 0xff, 0xdd, 0x86, 0xff, 0xde, 0x02, 0xf7, 0x1a, 0xfe, 0x56,
	0xf6, 0x56, 0x85, 0xf6, 0x36, 0x81, 0xf6, 0x56, 0x01, 0xf6, 0x77, 0xff, 0x7c, 0x9d, 0xff, 0xde,
	0x03, 0xff, 0x5b, 0xf6, 0x36, 0xf6, 0x56, 0xf6, 0x56, 0x85, 0xf6, 0x36, 0x80, 0xf6, 0x56, 0x01,
	0xfe, 0x56, 0xff, 0x1a, 0x85, 0xff, 0xde, 0x03, 0xff, 0xbd, 0xf6, 0x77, 0xf6, 0x36, 0xf6, 0x56,
	0x85, 0xf6, 0x36, 0x03, 0xf6, 0x56, 0xf6, 0x57, 0xf6, 0x77, 0xff, 0x7c, 0x9f, 0xff, 0xde, 0x03,
	0xff, 0x5b, 0xf6, 0x57, 0xf6, 0x57, 0xf6, 0x56, 0x87, 0xf6, 0x36, 0x01, 0xf6, 0x77, 0xff, 0xbd,
	0x84, 0xff, 0xde, 0x06, 0xf6, 0xf9, 0xf6, 0x56, 0xf6, 0x56, 0xf6, 0x36, 0xf6, 0x56, 0xf6, 0x36,
	0xf6, 0x56, 0x82, 0xf6, 0x36, 0x02, 0xf6, 0x56, 0xf6, 0x77, 0xff, 0x7c, 0xa1, 0xff, 0xde, 0x02,
	0xff, 0x5b, 0xfe, 0x57, 0xf6, 0x56, 0x86, 0xf6, 0x36, 0x02, 0xf6, 0x56, 0xf6, 0x77, 0xf7, 0x1a,
	0x83, 0xff, 0xde, 0x01, 0xff, 0xbd, 0xf6, 0x77, 0x88, 0xf6, 0x36, 0x01, 0xfe, 0x56, 0xff, 0x1a,
	0xa3, 0xff, 0xde, 0x02, 0xfe, 0xfa, 0xfe, 0x56, 0xf6, 0x56, 0x85, 0xf6, 0x36, 0x80, 0xf6, 0x56,
	0x01, 0xf6, 0x77, 0xff, 0xbd, 0x82, 0xff, 0xde, 0x02, 0xff, 0x1a, 0xfe, 0x57, 0xf6, 0x56, 0x84,
	0xf6, 0x36, 0x81, 0xf6, 0x56, 0x00, 0xf6, 0xb9, 0xa5, 0xff, 0xde, 0x02, 0xf6, 0xb8, 0xf6, 0x57,
	0xf6, 0x56, 0x85, 0xf6, 0x36, 0x02, 0xf6, 0x56, 0xfe, 0x77, 0xff, 0x3a, 0x82, 0xff, 0xde, 0x02,
	0xf6, 0x77, 0xf6, 0x36, 0xf6, 0x56, 0x84, 0xf6, 0x36, 0x80, 0xf6, 0x56, 0x01, 0xf6, 0x77, 0xff,
	0xbd, 0xa5, 0xff, 0xde, 0x01, 0xff, 0x9c, 0xf6, 0x57, 0x86, 0xf6, 0x36, 0x80, 0xf6, 0x56, 0x00,
	0xf6, 0x77, 0x81, 0xff, 0xde, 0x02, 0xff, 0x7c, 0xfe, 0x57, 0xf6, 0x56, 0x85, 0xf6, 0x36, 0x02,
	0xf6, 0x56, 0xfe, 0x77, 0xf7, 0x1a, 0xa7, 0xff, 0xde, 0x01, 0xf6, 0xd9, 0xf6, 0x56, 0x85, 0xf6,
	0x36, 0x08, 0xf6, 0x56, 0xf6, 0x36, 0xf6, 0x56, 0xff, 0x7c, 0xff, 0xde, 0xff, 0xde, 0xf6, 0xd9,
	0xf6, 0x56, 0xf6, 0x56, 0x85, 0xf6, 0x36, 0x02, 0xf6, 0x56, 0xf6, 0x77, 0xff, 0xdd, 0xa7, 0xff,
	0xde, 0x01, 0xff, 0xbd, 0xf6, 0x57, 0x83, 0xf6, 0x36, 0x0a, 0xf6, 0x56, 0xf6, 0x36, 0xf6, 0x36,
	0xf6, 0x56, 0xf6, 0x56, 0xf6, 0xfa, 0xff, 0xde, 0xff, 0xde, 0xf6, 0x98, 0xf6, 0x36, 0xf6, 0x56,
	0x81, 0xf6, 0x36, 0x05, 0xf6, 0x56, 0xf6, 0x36, 0xf6, 0x36, 0xf6, 0x56, 0xf6, 0x56, 0xff, 0x1a,
	0xa9, 0xff, 0xde, 0x00, 0xf6, 0xf9, 0x82, 0xf6, 0x56, 0x84, 0xf6, 0x36, 0x04, 0xf6, 0x98, 0xff,
	0xde, 0xff, 0x9c, 0xf6, 0x77, 0xf6, 0x56, 0x83, 0xf6, 0x36, 0x04, 0xf6, 0x56, 0xf6, 0x36, 0xf6,
	0x56, 0xf6, 0x77, 0xff, 0xbd, 0xa9, 0xff, 0xde, 0x02, 0xff, 0x9c, 0xf6, 0x77, 0xf6, 0x56, 0x85,
	0xf6, 0x36, 0x06, 0xf6, 0x56, 0xf6, 0x77, 0xff, 0xbd, 0xff, 0x5b, 0xfe, 0x77, 0xf6, 0x57, 0xf6,
	0x56, 0x85, 0xf6, 0x36, 0x00, 0xf6, 0xb8, 0xab, 0xff, 0xde, 0x01, 0xf6, 0x98, 0xf6, 0x56, 0x84,
	0xf6, 0x36, 0x80, 0xf6, 0x56, 0x06, 0xfe, 0x77, 0xff, 0x7c, 0xff, 0x5b, 0xfe, 0x77, 0xf6, 0x57,
	0xf6, 0x56, 0xf6, 0x56, 0x83, 0xf6, 0x36, 0x01, 0xf6, 0x56, 0xff, 0x1a, 0xab, 0xff, 0xde, 0x02,
	0xf7, 0x1a, 0xf6, 0x56, 0xf6, 0x56, 0x81, 0xf6, 0x36, 0x82, 0xf6, 0x56, 0x04, 0xf6, 0x57, 0xff,
	0x5b, 0xff, 0x9d, 0xf6, 0x57, 0xf6, 0x36, 0x85, 0xf6, 0x56, 0x01, 0xfe, 0x57, 0xff, 0x9c, 0xab,
	0xff, 0xde, 0x04, 0xff, 0x7c, 0xf6, 0x57, 0xf6, 0x56, 0xf6, 0x56, 0xf6, 0x36, 0x81, 0xf6, 0x56,
	0x80, 0xf6, 0x36, 0x04, 0xf6, 0x57, 0xff, 0xbd, 0xff, 0xde, 0xf6, 0xb8, 0xf6, 0x36, 0x83, 0xf6,
	0x56, 0x80, 0xf6, 0x57, 0x00, 0xf6, 0xb9, 0xad, 0xff, 0xde, 0x02, 0xf6, 0x98, 0xf6, 0x57, 0xf6,
	0x57, 0x81, 0xf6, 0x56, 0x81, 0xf6, 0x36, 0x0c, 0xf6, 0xd9, 0xff, 0xde, 0xff, 0xde, 0xff, 0xbd,
	0xf6, 0x57, 0xf6, 0x36, 0xf6, 0x36, 0xf6, 0x56, 0xf6, 0x56, 0xf6, 0x36, 0xf6, 0x56, 0xfe, 0x98,
	0xff, 0xbd, 0xad, 0xff, 0xde, 0x09, 0xff, 0x9d, 0xf6, 0x77, 0xf6, 0x56, 0xf6, 0x36, 0xf6, 0x56,
	0xf6, 0x56, 0xf6, 0x36, 0xf6, 0x36, 0xf6, 0x77, 0xff, 0xbd, 0x81, 0xff, 0xde, 0x07, 0xff, 0xbd,
	0xfe, 0xd9, 0xf6, 0x57, 0xf6, 0x77, 0xf6, 0x57, 0xf6, 0x57, 0xfe, 0xd9, 0xff, 0xbd, 0xaf, 0xff,
	0xde, 0x02, 0xff, 0x9d, 0xfe, 0xb9, 0xf6, 0x57, 0x81, 0xf6, 0x77, 0x01, 0xfe, 0xd9, 0xff, 0xbd,
	0x84, 0xff, 0xde, 0x03, 0xff, 0xbd, 0xff, 0x7c, 0xff, 0x7c, 0xff, 0xbd, 0xb3, 0xff, 0xde, 0x03,
	0xff, 0xbd, 0xff, 0x7c, 0xff, 0x7c, 0xff, 0xbd, 0x82, 0xff, 0xde, 0x01, 0x7d, 0x00, 0x2f, 0x00,
	0x45, 0x00, 0x23, 0x00, 0xe4, 0x06, 0x00, 0x00, 0x97, 0xff, 0xde, 0x00, 0xff, 0xdd, 0x8f, 0xff,
	0xde, 0x00, 0xff, 0xdd, 0xb2, 0xff, 0xde, 0x0e, 0xff, 0xbd, 0xff, 0x3b, 0xf6, 0xb8, 0xf6, 0x77,
	0xf6, 0x36, 0xed, 0xd4, 0xed, 0xb3, 0xed, 0x93, 0xed, 0xb3, 0xf5, 0xd4, 0xf6, 0x15, 0xf6, 0x77,
	0xf6, 0xb8, 0xff, 0x3a, 0xff, 0xbd, 0xb0, 0xff, 0xde, 0x04, 0xff, 0xbd, 0xff, 0x1a, 0xf6, 0x56,
	0xf5, 0x93, 0xed, 0x10, 0x82, 0xf4, 0xf0, 0x00, 0xec, 0xcf, 0x82, 0xec, 0xaf, 0x81, 0xf4, 0xcf,
	0x05, 0xf4, 0xf0, 0xec, 0xf0, 0xf5, 0x93, 0xf6, 0x57, 0xff, 0x3a, 0xff, 0xbd, 0xaa, 0xff, 0xde,
	0x09, 0xff, 0x3b, 0xf6, 0x36, 0xed, 0x31, 0xf4, 0xf0, 0xf4, 0xef, 0xec, 0xcf, 0xec, 0xaf, 0xec,
	0xaf, 0xec, 0xcf, 0xec, 0xaf, 0x89, 0xe4, 0xaf, 0x05, 0xec, 0xcf, 0xf4, 0xcf, 0xf4, 0xf0, 0xed,
	0x31, 0xf6, 0x36, 0xff, 0x3b, 0xa6, 0xff, 0xde, 0x06, 0xfe, 0xd9, 0xf5, 0x93, 0xf4, 0xf0, 0xf4,
	0xcf, 0xec, 0xaf, 0xec, 0xaf, 0xec, 0xcf, 0x82, 0xec, 0xaf, 0x8b, 0xe4, 0xaf, 0x06, 0xec, 0xaf,
	0xe4, 0xaf, 0xec, 0xaf, 0xf4, 0xcf, 0xf4, 0xf0, 0xf5, 0xb3, 0xfe, 0xf9, 0xa2, 0xff, 0xde, 0x03,
	0xfe, 0xf9, 0xf5, 0x72, 0xf4, 0xcf, 0xec, 0xcf, 0x81, 0xe4, 0xaf, 0x86, 0xec, 0xaf, 0x8e, 0xe4,
	0xaf, 0x03, 0xec, 0xcf, 0xf5, 0x10, 0xf5, 0x93, 0xff, 0x1a, 0x9e, 0xff, 0xde, 0x08, 0xff, 0x7c,
	0xf5, 0xb4, 0xf4, 0xd0, 0xec, 0xaf, 0xe4, 0xaf, 0xe4, 0xaf, 0xec, 0xaf, 0xec, 0xaf, 0xe4, 0xaf,
	0x82, 0xec, 0xaf, 0x81, 0xe4, 0xaf, 0x00, 0xec, 0xaf, 0x90, 0xe4, 0xaf, 0x03, 0xec, 0xaf, 0xf5,
	0x10, 0xf5, 0xf5, 0xff, 0x7c, 0x9b, 0xff, 0xde, 0x02, 0xf6, 0x98, 0xec, 0xf0, 0xec, 0xcf, 0x82,
	0xe4, 0xaf, 0x80, 0xec, 0xaf, 0x85, 0xe4, 0xaf, 0x81, 0xec, 0xaf, 0x81, 0xe4, 0xaf, 0x80, 0xec,
	0xaf, 0x84, 0xe4, 0xaf, 0x80, 0xe4, 0x8f, 0x84, 0xe4, 0xaf, 0x02, 0xec, 0xcf, 0xec, 0xf0, 0xf6,
	0xd9, 0x98, 0xff, 0xde, 0x02, 0xff, 0xbd, 0xf5, 0xf4, 0xf4, 0xf0, 0x83, 0xe4, 0xaf, 0x81, 0xec,
	0xaf, 0x80, 0xe4, 0xaf, 0x81, 0xec, 0xaf, 0x80, 0xe4, 0xaf, 0x81, 0xec, 0xaf, 0x00, 0xe4, 0xaf,
	0x82, 0xec, 0xaf, 0x80, 0xe4, 0xaf, 0x02, 0xe4, 0x8f, 0xe4, 0xaf, 0xe4, 0xaf, 0x82, 0xe4, 0x8f,
	0x85, 0xe4, 0xaf, 0x02, 0xf4, 0xd0, 0xf6, 0x15, 0xff, 0xdd, 0x95, 0xff, 0xde, 0x02, 0xff, 0x5b,
	0xf5, 0x52, 0xf4, 0xcf, 0x86, 0xe4, 0xaf, 0x02, 0xec, 0xaf, 0xe4, 0xaf, 0xe4, 0xaf, 0x82, 0xec,
	0xaf, 0x02, 0xe4, 0xaf, 0xec, 0xaf, 0xec, 0xaf, 0x84, 0xe4, 0xaf, 0x03, 0xec, 0xaf, 0xe4, 0xaf,
	0xe4, 0xaf, 0xec, 0xaf, 0x84, 0xe4, 0xaf, 0x00, 0xe4, 0x8f, 0x84, 0xe4, 0xaf, 0x02, 0xf4, 0xcf,
	0xf5, 0x93, 0xff, 0x7c, 0x93, 0xff, 0xde, 0x05, 0xff, 0x3b, 0xf5, 0x11, 0xec, 0xaf, 0xe4, 0xaf,
	0xe4, 0xaf, 0xe4, 0x8f, 0x84, 0xe4, 0xaf, 0x00, 0xec, 0xaf, 0x81, 0xe4, 0xaf, 0x82, 0xec, 0xaf,
	0x00, 0xe4, 0xaf, 0x83, 0xec, 0xaf, 0x03, 0xe4, 0xaf, 0xec, 0xaf, 0xe4, 0xaf, 0xec, 0xaf, 0x85,
	0xe4, 0xaf, 0x80, 0xe4, 0x8f, 0x85, 0xe4, 0xaf, 0x02, 0xec, 0xcf, 0xed, 0x31, 0xff, 0x5b, 0x91,
	0xff, 0xde, 0x03, 0xff, 0x3b, 0xec, 0xf0, 0xec, 0xaf, 0xe4, 0xaf, 0x81, 0xe4, 0x8f, 0x83, 0xe4,
	0xaf, 0x81, 0xec, 0xaf, 0x80, 0xe4, 0xaf, 0x02, 0xec, 0xaf, 0xe4, 0xaf, 0xec, 0xaf, 0x82, 0xf4,
	0xcf, 0x07, 0xf4, 0xf0, 0xf5, 0x11, 0xf5, 0x10, 0xf4, 0xcf, 0xf4, 0xcf, 0xf4, 0xef, 0xf4, 0xcf,
	0xec, 0xaf, 0x81, 0xe4, 0xaf, 0x00, 0xe4, 0x8f, 0x8a, 0xe4, 0xaf, 0x02, 0xec, 0xaf, 0xed, 0x11,
	0xff, 0x5b, 0x8f, 0xff, 0xde, 0x04, 0xff, 0x5b, 0xed, 0x10, 0xec, 0xcf, 0xe4, 0xaf, 0xe4, 0xaf,
	0x81, 0xe4, 0x8f, 0x84, 0xe4, 0xaf, 0x80, 0xec, 0xaf, 0x13, 0xe4, 0xaf, 0xec, 0x8f, 0xf4, 0xaf,
	0xf4, 0xcf, 0xed, 0x31, 0xf5, 0xd4, 0xf6, 0x77, 0xf6, 0xd9, 0xff, 0x1a, 0xff, 0x5b, 0xff, 0x7c,
	0xff, 0x5b, 0xff, 0x3b, 0xf6, 0xd9, 0xf6, 0x97, 0xf5, 0xd4, 0xed, 0x31, 0xf4, 0xcf, 0xf4, 0xaf,
	0xec, 0x8f, 0x82, 0xe4, 0xaf, 0x81, 0xe4, 0x8f, 0x09, 0xe4, 0xaf, 0xe4, 0x8f, 0xe4, 0xaf, 0xe4,
	0xaf, 0xe4, 0x8f, 0xe4, 0xaf, 0xe4, 0xaf, 0xec, 0xcf, 0xed, 0x11, 0xff, 0x5b, 0x8d, 0xff, 0xde,
	0x04, 0xff, 0x9c, 0xf5, 0x31, 0xec, 0xaf, 0xe4, 0xaf, 0xe4, 0xaf, 0x82, 0xe4, 0x8f, 0x0c, 0xe4,
	0xaf, 0xec, 0xaf, 0xe4, 0xaf, 0xe4, 0xaf, 0xe4, 0x8f, 0xe4, 0xaf, 0xe4, 0xaf, 0xec, 0xcf, 0xf4,
	0xf0, 0xed, 0x31, 0xf6, 0x16, 0xff, 0x3b, 0xff, 0xbd, 0x89, 0xff, 0xde, 0x07, 0xff, 0xdd, 0xff,
	0x3b, 0xf6, 0x16, 0xed, 0x11, 0xf4, 0xf0, 0xec, 0xcf, 0xe4, 0xaf, 0xe4, 0xaf, 0x83, 0xe4, 0x8f,
	0x02, 0xe4, 0xaf, 0xe4, 0x8f, 0xe4, 0x8f, 0x81, 0xe4, 0xaf, 0x02, 0xec, 0xaf, 0xed, 0x31, 0xff,
	0xbd, 0x8b, 0xff, 0xde, 0x04, 0xff, 0xdd, 0xf5, 0x73, 0xec, 0xaf, 0xe4, 0xaf, 0xec, 0xaf, 0x84,
	0xe4, 0xaf, 0x80, 0xec, 0xaf, 0x80, 0xe4, 0xaf, 0x04, 0xe4, 0x8e, 0xf4, 0xcf, 0xed, 0x72, 0xfe,
	0xf9, 0xff, 0xbd, 0x8f, 0xff, 0xde, 0x07, 0xff, 0xbd, 0xfe, 0xd9, 0xed, 0x52, 0xf4, 0xcf, 0xe4,
	0x8e, 0xe4, 0xaf, 0xe4, 0x8f, 0xe4, 0x8f, 0x81, 0xe4, 0xaf, 0x02, 0xe4, 0x8f, 0xe4, 0xaf, 0xe4,
	0x8f, 0x81, 0xe4, 0xaf, 0x01, 0xec, 0xaf, 0xf5, 0x93, 0x8b, 0xff, 0xde, 0x01, 0xee, 0x15, 0xf4,
	0xcf, 0x84, 0xe4, 0xaf, 0x00, 0xe4, 0x8f, 0x81, 0xe4, 0xaf, 0x80, 0xec, 0xaf, 0x02, 0xf4, 0xcf,
	0xed, 0x11, 0xf6, 0x98, 0x94, 0xff, 0xde, 0x03, 0xff, 0xdd, 0xf6, 0x77, 0xec, 0xd0, 0xf4, 0xaf,
	0x81, 0xe4, 0xaf, 0x84, 0xe4, 0x8f, 0x81, 0xe4, 0xaf, 0x01, 0xf4, 0xef, 0xf6, 0x36, 0x89, 0xff,
	0xde, 0x07, 0xf6, 0xfa, 0xf4, 0xf0, 0xec, 0xaf, 0xe4, 0xaf, 0xe4, 0x8f, 0xe4, 0x8f, 0xe4, 0xaf,
	0xec, 0xaf, 0x81, 0xe4, 0xaf, 0x05, 0xe4, 0x8f, 0xe4, 0xaf, 0xe4, 0xaf, 0xf4, 0xf0, 0xf5, 0xf5,
	0xff, 0x9d, 0x97, 0xff, 0xde, 0x04, 0xff, 0x9c, 0xf5, 0xd4, 0xf4, 0xcf, 0xec, 0xaf, 0xe4, 0xaf,
	0x82, 0xe4, 0x8f, 0x81, 0xe4, 0xaf, 0x04, 0xe4, 0x8f, 0xe4, 0xaf, 0xe4, 0xaf, 0xf5, 0x10, 0xff,
	0x1a, 0x87, 0xff, 0xde, 0x05, 0xff, 0xbd, 0xed, 0x31, 0xec, 0xaf, 0xe4, 0xaf, 0xe4, 0x8f, 0xe4,
	0x8f, 0x84, 0xec, 0xaf, 0x03, 0xe4, 0xaf, 0xec, 0x8f, 0xec, 0xaf, 0xf6, 0x98, 0x9b, 0xff, 0xde,
	0x01, 0xf6, 0x57, 0xf4, 0xf0, 0x86, 0xe4, 0x8f, 0x81, 0xe4, 0xaf, 0x02, 0xec, 0xaf, 0xed, 0x31,
	0xff, 0xbd, 0x86, 0xff, 0xde, 0x03, 0xf6, 0x36, 0xf4, 0xcf, 0xe4, 0xaf, 0xec, 0xaf, 0x83, 0xe4,
	0xaf, 0x80, 0xec, 0xaf, 0x05, 0xe4, 0xaf, 0xec, 0xaf, 0xec, 0xf0, 0xf6, 0xf9, 0xff, 0xde, 0xff,
	0xdd, 0x9b, 0xff, 0xde, 0x02, 0xf6, 0xd9, 0xec, 0xaf, 0xec, 0xaf, 0x81, 0xe4, 0xaf, 0x81, 0xe4,
	0x8f, 0x80, 0xe4, 0xaf, 0x03, 0xec, 0xaf, 0xe4, 0xaf, 0xf4, 0xcf, 0xf6, 0x57, 0x85, 0xff, 0xde,
	0x01, 0xff, 0x7c, 0xf4, 0xf0, 0x82, 0xec, 0xaf, 0x81, 0xe4, 0xaf, 0x07, 0xe4, 0x8f, 0xe4, 0xaf,
	0xe4, 0xaf, 0xec, 0xcf, 0xed, 0x11, 0xff, 0x1a, 0xff, 0xde, 0xff, 0xdd, 0x9b, 0xff, 0xde, 0x06,
	0xff, 0xdd, 0xff, 0xde, 0xf6, 0xd9, 0xec, 0xd0, 0xec, 0xaf, 0xe4, 0xaf, 0xe4, 0xaf, 0x82, 0xe4,
	0x8f, 0x05, 0xe4, 0xaf, 0xec, 0xaf, 0xe4, 0xaf, 0xec, 0xaf, 0xed, 0x11, 0xff, 0x9c, 0x84, 0xff,
	0xde, 0x02, 0xed, 0xf5, 0xf4, 0xcf, 0xe4, 0xaf, 0x83, 0xec, 0xaf, 0x07, 0xe4, 0xaf, 0xe4, 0x8f,
	0xe4, 0x8f, 0xe4, 0xaf, 0xf4, 0xf0, 0xf6, 0xfa, 0xff, 0xde, 0xff, 0xdd, 0x9d, 0xff, 0xde, 0x05,
	0xff, 0xdd, 0xff, 0xde, 0xf6, 0xb8, 0xf4, 0xf0, 0xe4, 0xaf, 0xe4, 0xaf, 0x81, 0xe4, 0x8f, 0x06,
	0xec, 0xaf, 0xe4, 0xaf, 0xec, 0xaf, 0xec, 0xaf, 0xe4, 0xaf, 0xf4, 0xf0, 0xf6, 0x36, 0x83, 0xff,
	0xde, 0x03, 0xff, 0x7c, 0xec, 0xf0, 0xe4, 0xaf, 0xe4, 0xaf, 0x83, 0xec, 0xaf, 0x06, 0xe4, 0xaf,
	0xec, 0xaf, 0xe4, 0xaf, 0xf4, 0xcf, 0xf6, 0x57, 0xff, 0xde, 0xff, 0xdd, 0x9f, 0xff, 0xde, 0x0f,
	0xff, 0xdd, 0xff, 0xde, 0xf6, 0x16, 0xf4, 0xcf, 0xe4, 0xaf, 0xe4, 0xaf, 0xe4, 0x8f, 0xe4, 0x8f,
	0xe4, 0xaf, 0xec, 0xaf, 0xe4, 0xaf, 0xe4, 0x8f, 0xe4, 0xaf, 0xec, 0xaf, 0xed, 0x31, 0xff, 0xbd,
	0x82, 0xff, 0xde, 0x01, 0xf6, 0x56, 0xf4, 0xcf, 0x81, 0xe4, 0xaf, 0x85, 0xec, 0xaf, 0x00, 0xf5,
	0xb3, 0xa5, 0xff, 0xde, 0x02, 0xed, 0x73, 0xec, 0xcf, 0xec, 0xaf, 0x81, 0xe4, 0x8f, 0x06, 0xe4,
	0xaf, 0xe4, 0x8f, 0xe4, 0x8f, 0xe4, 0xaf, 0xe4, 0xaf, 0xf4, 0xf0, 0xf6, 0x77, 0x81, 0xff, 0xde,
	0x02, 0xff, 0xdd, 0xed, 0x11, 0xec, 0xaf, 0x86, 0xe4, 0xaf, 0x02, 0xec, 0xaf, 0xec, 0xf0, 0xff,
	0x9c, 0xa5, 0xff, 0xde, 0x01, 0xff, 0x3b, 0xec, 0xd0, 0x85, 0xe4, 0x8f, 0x80, 0xe4, 0xaf, 0x01,
	0xec, 0xaf, 0xed, 0x31, 0x81, 0xff, 0xde, 0x02, 0xf6, 0xfa, 0xf4, 0xf0, 0xe4, 0xaf, 0x81, 0xec,
	0xaf, 0x06, 0xe4, 0xaf, 0xe4, 0x8f, 0xe4, 0x8f, 0xe4, 0xaf, 0xe4, 0xaf, 0xf4, 0xf0, 0xf6, 0x77,
	0xa7, 0xff, 0xde, 0x11, 0xf5, 0xd5, 0xf4, 0xaf, 0xe4, 0xaf, 0xe4, 0xaf, 0xe4, 0x8f, 0xe4, 0x8f,
	0xe4, 0xaf, 0xe4, 0xaf, 0xec, 0xaf, 0xec, 0xaf, 0xe4, 0x8f, 0xec, 0xaf, 0xff, 0x3a, 0xff, 0xde,
	0xff, 0xde, 0xf5, 0xf5, 0xf4, 0xaf, 0xe4, 0xaf, 0x82, 0xec, 0xaf, 0x81, 0xe4, 0xaf, 0x02, 0xec,
	0xaf, 0xed, 0x11, 0xff, 0xbd, 0xa7, 0xff, 0xde, 0x02, 0xff, 0x7c, 0xec, 0xd0, 0xe4, 0x8f, 0x82,
	0xe4, 0xaf, 0x00, 0xec, 0xaf, 0x81, 0xe4, 0xaf, 0x07, 0xf4, 0xaf, 0xf6, 0x16, 0xff, 0xde, 0xff,
	0xde, 0xed, 0x31, 0xec, 0x8f, 0xe4, 0xaf, 0xe4, 0xaf, 0x84, 0xec, 0xaf, 0x01, 0xf4, 0xcf, 0xf6,
	0x36, 0xa9, 0xff, 0xde, 0x01, 0xed, 0xf5, 0xf4, 0xcf, 0x84, 0xe4, 0xaf, 0x80, 0xe4, 0x8f, 0x0f,
	0xec, 0xaf, 0xed, 0x52, 0xff, 0xde, 0xff, 0x5b, 0xec, 0xf0, 0xe4, 0xaf, 0xe4, 0xaf, 0xe4, 0x8f,
	0xe4, 0x8f, 0xe4, 0xaf, 0xe4, 0xaf, 0xec, 0xaf, 0xec, 0xaf, 0xe4, 0xaf, 0xed, 0x10, 0xff, 0x7c,
	0xa9, 0xff, 0xde, 0x01, 0xff, 0x5b, 0xf4, 0xf0, 0x82, 0xe4, 0xaf, 0x82, 0xe4, 0x8f, 0x07, 0xec,
	0xaf, 0xed, 0x11, 0xff, 0x7c, 0xf6, 0xd9, 0xf5, 0x10, 0xec, 0xcf, 0xec, 0xaf, 0xe4, 0xaf, 0x81,
	0xe4, 0x8f, 0x80, 0xe4, 0xaf, 0x01, 0xec, 0xaf, 0xed, 0x93, 0xab, 0xff, 0xde, 0x03, 0xed, 0x72,
	0xec, 0xaf, 0xe4, 0xaf, 0xe4, 0xaf, 0x81, 0xe4, 0x8f, 0x07, 0xe4, 0xaf, 0xec, 0xaf, 0xec, 0xcf,
	0xf5, 0x10, 0xf6, 0xf9, 0xf6, 0xd9, 0xf4, 0xf0, 0xec, 0xcf, 0x81, 0xec, 0xaf, 0x05, 0xe4, 0xaf,
	0xe4, 0x8f, 0xe4, 0x8f, 0xe4, 0xaf, 0xf4, 0xaf, 0xf6, 0x77, 0xab, 0xff, 0xde, 0x0e, 0xf6, 0x36,
	0xf4, 0xaf, 0xe4, 0xaf, 0xe4, 0xaf, 0xe4, 0x8f, 0xe4, 0xaf, 0xe4, 0xaf, 0xec, 0xaf, 0xec, 0xaf,
	0xe4, 0xaf, 0xf4, 0xf0, 0xf6, 0xd9, 0xff, 0x5c, 0xf4, 0xcf, 0xe4, 0xaf, 0x83, 0xec, 0xaf, 0x80,
	0xe4, 0xaf, 0x01, 0xf4, 0xd0, 0xff, 0x3b, 0xab, 0xff, 0xde, 0x01, 0xff, 0x1a, 0xf4, 0xcf, 0x82,
	0xe4, 0xaf, 0x09, 0xec, 0xaf, 0xe4, 0xaf, 0xe4, 0xaf, 0xe4, 0x8e, 0xf4, 0xd0, 0xff, 0x7c, 0xff,
	0xde, 0xed, 0x73, 0xf4, 0x8e, 0xe4, 0xaf, 0x82, 0xec, 0xaf, 0x02, 0xec, 0xcf, 0xf4, 0xcf, 0xed,
	0xb3, 0xad, 0xff, 0xde, 0x15, 0xed, 0x52, 0xec, 0xcf, 0xec, 0xcf, 0xec, 0xaf, 0xec, 0xaf, 0xe4,
	0xaf, 0xe4, 0xaf, 0xe4, 0x8f, 0xec, 0x8e, 0xed, 0xb4, 0xff, 0xde, 0xff, 0xde, 0xff, 0x7c, 0xec,
	0xf0, 0xf4, 0x8e, 0xe4, 0xaf, 0xec, 0xcf, 0xec, 0xaf, 0xe4, 0x8f, 0xf4, 0xcf, 0xf5, 0x52, 0xff,
	0x9c, 0xad, 0xff, 0xde, 0x09, 0xff, 0x5b, 0xf5, 0x11, 0xec, 0xaf, 0xe4, 0x8f, 0xec, 0xaf, 0xe4,
	0xaf, 0xe4, 0x8f, 0xf4, 0x8e, 0xed, 0x11, 0xff, 0x9c, 0x81, 0xff, 0xde, 0x07, 0xff, 0x7c, 0xf5,
	0xb4, 0xec, 0xd0, 0xf4, 0xf0, 0xec, 0xf0, 0xec, 0xf0, 0xf5, 0xd4, 0xff, 0x9c, 0xaf, 0xff, 0xde,
	0x07, 0xff, 0x5b, 0xf5, 0xb3, 0xec, 0xf0, 0xf5, 0x10, 0xf4, 0xf0, 0xec, 0xf0, 0xf5, 0xf5, 0xff,
	0x7c, 0x84, 0xff, 0xde, 0x03, 0xff, 0x9c, 0xff, 0x3a, 0xff, 0x1a, 0xff, 0x9c, 0xb3, 0xff, 0xde,
	0x03, 0xff, 0x7c, 0xff, 0x1a, 0xff, 0x3a, 0xff, 0x9c, 0x82, 0xff, 0xde, 0x01, 0x7b, 0x00, 0x2e,
	0x00, 0x49, 0x00, 0x26, 0x00, 0x67, 0x08, 0x00, 0x00, 0x9d, 0xff, 0xde, 0x81, 0xff, 0xdd, 0x83,
	0xff, 0xde, 0x81, 0xff, 0xdd, 0xb7, 0xff, 0xde, 0x80, 0xff, 0xdd, 0x8f, 0xff, 0xde, 0x80, 0xff,
	0xdd, 0xaf, 0xff, 0xde, 0x80, 0xff, 0xdd, 0x82, 0xff, 0xde, 0x0e, 0xff, 0x9c, 0xfe, 0xf9, 0xf6,
	0x36, 0xf5, 0xd4, 0xed, 0x72, 0xec, 0xf0, 0xec, 0xaf, 0xe4, 0x8e, 0xe4, 0xaf, 0xec, 0xf0, 0xed,
	0x52, 0xf5, 0xd4, 0xf6, 0x36, 0xfe, 0xf9, 0xff, 0x9c, 0x82, 0xff, 0xde, 0x80, 0xff, 0xdd, 0xaa,
	0xff, 0xde, 0x00, 0xff, 0xdd, 0x81, 0xff, 0xde, 0x0d, 0xff, 0xbd, 0xfe, 0xb8, 0xf5, 0x93, 0xec,
	0xae, 0xe3, 0xcb, 0xeb, 0xaa, 0xeb, 0x89, 0xeb, 0xaa, 0xeb, 0xaa, 0xe3, 0x69, 0xe3, 0x69, 0xe3,
	0x49, 0xe3, 0x69, 0xe3, 0x69, 0x81, 0xeb, 0x89, 0x05, 0xeb, 0xaa, 0xe3, 0xaa, 0xec, 0xaf, 0xf5,
	0xb3, 0xfe, 0xf9, 0xff, 0xbd, 0x81, 0xff, 0xde, 0x00, 0xff, 0xdd, 0xa6, 0xff, 0xde, 0x00, 0xff,
	0xdd, 0x81, 0xff, 0xde, 0x06, 0xfe, 0xf9, 0xf5, 0x72, 0xec, 0x0c, 0xf3, 0xca, 0xeb, 0x89, 0xe3,
	0x69, 0xdb, 0x48, 0x81, 0xdb, 0x69, 0x87, 0xdb, 0x49, 0x80, 0xdb, 0x48, 0x05, 0xe3, 0x69, 0xeb,
	0x89, 0xeb, 0xaa, 0xec, 0x0c, 0xf5, 0x72, 0xfe, 0xf9, 0x81, 0xff, 0xde, 0x00, 0xff, 0xdd, 0xa6,
	0xff, 0xde, 0x04, 0xf6, 0x77, 0xec, 0x8e, 0xeb, 0xaa, 0xeb, 0x89, 0xe3, 0x49, 0x82, 0xdb, 0x69,
	0x01, 0xe3, 0x69, 0xdb, 0x69, 0x83, 0xdb, 0x49, 0x84, 0xdb, 0x48, 0x80, 0xdb, 0x49, 0x06, 0xdb,
	0x69, 0xdb, 0x49, 0xdb, 0x48, 0xeb, 0x69, 0xeb, 0xaa, 0xec, 0xaf, 0xfe, 0x97, 0xa3, 0xff, 0xde,
	0x0c, 0xff, 0xdd, 0xff, 0xde, 0xff, 0xde, 0xf6, 0x97, 0xec, 0x4d, 0xeb, 0x89, 0xe3, 0x69, 0xdb,
	0x49, 0xdb, 0x69, 0xdb, 0x49, 0xdb, 0x49, 0xe3, 0x49, 0xe3, 0x49, 0x85, 0xdb, 0x49, 0x89, 0xdb,
	0x48, 0x09, 0xdb, 0x49, 0xdb, 0x48, 0xdb, 0x48, 0xeb, 0x69, 0xf3, 0xca, 0xec, 0x8e, 0xf6, 0xd8,
	0xff, 0xde, 0xff, 0xde, 0xff, 0xdd, 0x9d, 0xff, 0xde, 0x07, 0xff, 0xdd, 0xff, 0xde, 0xff, 0x3b,
	0xec, 0xcf, 0xeb, 0x8a, 0xe3, 0x48, 0xdb, 0x49, 0xdb, 0x49, 0x82, 0xdb, 0x48, 0x80, 0xe3, 0x49,
	0x01, 0xdb, 0x49, 0xdb, 0x48, 0x83, 0xdb, 0x49, 0x81, 0xdb, 0x48, 0x00, 0xdb, 0x49, 0x88, 0xdb,
	0x48, 0x80, 0xdb, 0x49, 0x03, 0xe3, 0x69, 0xeb, 0xca, 0xed, 0x11, 0xff, 0x5b, 0x9c, 0xff, 0xde,
	0x0b, 0xff, 0xdd, 0xff, 0xde, 0xff, 0xde, 0xf6, 0x15, 0xe3, 0xaa, 0xeb, 0x69, 0xdb, 0x49, 0xdb,
	0x49, 0xdb, 0x48, 0xdb, 0x48, 0xdb, 0x49, 0xdb, 0x49, 0x81, 0xdb, 0x48, 0x00, 0xdb, 0x49, 0x81,
	0xdb, 0x48, 0x86, 0xdb, 0x49, 0x84, 0xdb, 0x48, 0x80, 0xdb, 0x28, 0x81, 0xdb, 0x48, 0x80, 0xdb,
	0x49, 0x06, 0xdb, 0x69, 0xeb, 0x69, 0xe3, 0xca, 0xf6, 0x56, 0xff, 0xde, 0xff, 0xde, 0xff, 0xdd,
	0x97, 0xff, 0xde, 0x06, 0xff, 0xdd, 0xff, 0xde, 0xff, 0xbd, 0xed, 0x10, 0xf3, 0xaa, 0xdb, 0x49,
	0xdb, 0x69, 0x82, 0xdb, 0x48, 0x00, 0xdb, 0x49, 0x81, 0xdb, 0x48, 0x8b, 0xdb, 0x49, 0x80, 0xdb,
	0x48, 0x02, 0xdb, 0x28, 0xdb, 0x48, 0xdb, 0x48, 0x82, 0xdb, 0x28, 0x83, 0xdb, 0x48, 0x06, 0xdb,
	0x69, 0xdb, 0x48, 0xeb, 0x89, 0xf5, 0x31, 0xff, 0xbd, 0xff, 0xde, 0xff, 0xdd, 0x95, 0xff, 0xde,
	0x06, 0xff, 0xdd, 0xff, 0xde, 0xff, 0x3a, 0xec, 0x4d, 0xeb, 0x69, 0xdb, 0x49, 0xdb, 0x49, 0x87,
	0xdb, 0x48, 0x02, 0xdb, 0x49, 0xe3, 0x49, 0xe3, 0x49, 0x87, 0xdb, 0x49, 0x89, 0xdb, 0x48, 0x00,
	0xdb, 0x28, 0x82, 0xdb, 0x48, 0x80, 0xdb, 0x49, 0x04, 0xeb, 0x89, 0xec, 0x8e, 0xff, 0x5b, 0xff,
	0xde, 0xff, 0xdd, 0x93, 0xff, 0xde, 0x07, 0xff, 0xdd, 0xff, 0xde, 0xf6, 0xfa, 0xeb, 0xcb, 0xeb,
	0x49, 0xdb, 0x49, 0xdb, 0x48, 0xdb, 0x28, 0x84, 0xdb, 0x48, 0x81, 0xdb, 0x49, 0x04, 0xdb, 0x48,
	0xdb, 0x49, 0xe3, 0x49, 0xdb, 0x69, 0xdb, 0x69, 0x84, 0xdb, 0x49, 0x05, 0xdb, 0x48, 0xdb, 0x49,
	0xdb, 0x49, 0xdb, 0x69, 0xdb, 0x69, 0xdb, 0x49, 0x83, 0xdb, 0x48, 0x80, 0xdb, 0x28, 0x83, 0xdb,
	0x48, 0x06, 0xdb, 0x49, 0xdb, 0x69, 0xe3, 0x69, 0xe4, 0x0c, 0xf7, 0x1a, 0xff, 0xde, 0xff, 0xdd,
	0x91, 0xff, 0xde, 0x05, 0xff, 0xdd, 0xff, 0xde, 0xf6, 0xd9, 0xeb, 0xaa, 0xe3, 0x49, 0xdb, 0x48,
	0x81, 0xdb, 0x28, 0x84, 0xdb, 0x48, 0x84, 0xdb, 0x49, 0x10, 0xe3, 0x69, 0xeb, 0x89, 0xf3, 0x89,
	0xeb, 0x69, 0xeb, 0x89, 0xeb, 0xaa, 0xeb, 0xeb, 0xeb, 0xca, 0xeb, 0x69, 0xeb, 0x69, 0xeb, 0x89,
	0xeb, 0x89, 0xe3, 0x69, 0xdb, 0x49, 0xdb, 0x49, 0xdb, 0x48, 0xdb, 0x28, 0x89, 0xdb, 0x48, 0x05,
	0xdb, 0x49, 0xe3, 0x48, 0xe3, 0xeb, 0xf7, 0x1a, 0xff, 0xde, 0xff, 0xdd, 0x8f, 0xff, 0xde, 0x06,
	0xff, 0xdd, 0xff, 0xde, 0xf7, 0x1a, 0xeb, 0xcb, 0xe3, 0x69, 0xdb, 0x49, 0xdb, 0x48, 0x81, 0xdb,
	0x28, 0x84, 0xdb, 0x48, 0x19, 0xe3, 0x49, 0xdb, 0x49, 0xdb, 0x49, 0xe3, 0x28, 0xeb, 0x48, 0xeb,
	0x69, 0xe3, 0xec, 0xec, 0xf0, 0xf5, 0xd4, 0xf6, 0x57, 0xf6, 0xd9, 0xff, 0x1a, 0xff, 0x3b, 0xff,
	0x1a, 0xf6, 0xd9, 0xf6, 0x77, 0xf5, 0xf5, 0xed, 0x10, 0xec, 0x0c, 0xeb, 0x69, 0xeb, 0x48, 0xe3,
	0x28, 0xdb, 0x49, 0xdb, 0x49, 0xdb, 0x48, 0xdb, 0x48, 0x81, 0xdb, 0x28, 0x09, 0xdb, 0x48, 0xdb,
	0x28, 0xdb, 0x48, 0xdb, 0x48, 0xdb, 0x28, 0xdb, 0x48, 0xdb, 0x49, 0xe3, 0x69, 0xe3, 0xeb, 0xf7,
	0x1a, 0x8f, 0xff, 0xde, 0x06, 0xff, 0xdd, 0xff, 0xde, 0xff, 0x7b, 0xec, 0x0c, 0xe3, 0x49, 0xdb,
	0x49, 0xdb, 0x48, 0x82, 0xdb, 0x28, 0x82, 0xdb, 0x48, 0x08, 0xdb, 0x28, 0xdb, 0x48, 0xdb, 0x49,
	0xe3, 0x69, 0xeb, 0xaa, 0xe3, 0xec, 0xed, 0x72, 0xf6, 0xd9, 0xff, 0xbd, 0x89, 0xff, 0xde, 0x07,
	0xff, 0xbd, 0xfe, 0xf9, 0xed, 0x52, 0xe3, 0xeb, 0xeb, 0xaa, 0xe3, 0x69, 0xdb, 0x49, 0xdb, 0x49,
	0x83, 0xdb, 0x28, 0x08, 0xdb, 0x48, 0xdb, 0x28, 0xdb, 0x28, 0xdb, 0x48, 0xdb, 0x48, 0xdb, 0x49,
	0xe3, 0x48, 0xe4, 0x0c, 0xff, 0x9c, 0x8e, 0xff, 0xde, 0x04, 0xff, 0xdd, 0xff, 0xbd, 0xec, 0x6e,
	0xeb, 0x69, 0xdb, 0x49, 0x87, 0xdb, 0x48, 0x06, 0xdb, 0x49, 0xdb, 0x48, 0xdb, 0x08, 0xeb, 0x69,
	0xec, 0x4d, 0xf6, 0x77, 0xff, 0xbd, 0x81, 0xff, 0xde, 0x82, 0xff, 0xdd, 0x81, 0xff, 0xde, 0x82,
	0xff, 0xdd, 0x81, 0xff, 0xde, 0x07, 0xff, 0x9d, 0xf6, 0x57, 0xec, 0x4d, 0xeb, 0x69, 0xdb, 0x28,
	0xdb, 0x48, 0xdb, 0x28, 0xdb, 0x28, 0x81, 0xdb, 0x48, 0x09, 0xdb, 0x28, 0xdb, 0x48, 0xdb, 0x28,
	0xdb, 0x48, 0xdb, 0x48, 0xdb, 0x69, 0xe3, 0x48, 0xec, 0x8e, 0xff, 0xde, 0xff, 0xdd, 0x8b, 0xff,
	0xde, 0x04, 0xff, 0xdd, 0xff, 0xde, 0xed, 0x52, 0xf3, 0x89, 0xdb, 0x49, 0x83, 0xdb, 0x48, 0x00,
	0xdb, 0x28, 0x81, 0xdb, 0x48, 0x80, 0xdb, 0x49, 0x02, 0xeb, 0x89, 0xe3, 0xcb, 0xf5, 0xf5, 0x81,
	0xff, 0xde, 0x80, 0xff, 0xdd, 0x8b, 0xff, 0xde, 0x80, 0xff, 0xdd, 0x80, 0xff, 0xde, 0x06, 0xff,
	0xdd, 0xf5, 0xd4, 0xe3, 0x8a, 0xeb, 0x69, 0xdb, 0x49, 0xdb, 0x49, 0xdb, 0x48, 0x84, 0xdb, 0x28,
	0x80, 0xdb, 0x48, 0x04, 0xdb, 0x49, 0xeb, 0x89, 0xed, 0x93, 0xff, 0xde, 0xff, 0xdd, 0x89, 0xff,
	0xde, 0x07, 0xff, 0xdd, 0xff, 0xde, 0xf6, 0x98, 0xeb, 0xaa, 0xdb, 0x49, 0xdb, 0x48, 0xdb, 0x28,
	0xdb, 0x28, 0x83, 0xdb, 0x48, 0x08, 0xdb, 0x28, 0xdb, 0x48, 0xdb, 0x48, 0xf3, 0x8a, 0xf5, 0x31,
	0xff, 0x9c, 0xff, 0xde, 0xff, 0xde, 0xff, 0xdd, 0x91, 0xff, 0xde, 0x07, 0xff, 0xdd, 0xff, 0xde,
	0xff, 0xde, 0xff, 0x7c, 0xec, 0xf0, 0xeb, 0x89, 0xdb, 0x49, 0xdb, 0x49, 0x82, 0xdb, 0x28, 0x81,
	0xdb, 0x48, 0x06, 0xdb, 0x28, 0xdb, 0x48, 0xdb, 0x69, 0xf3, 0xca, 0xf6, 0xd9, 0xff, 0xde, 0xff,
	0xdd, 0x89, 0xff, 0xde, 0x05, 0xff, 0xbd, 0xe4, 0x0c, 0xe3, 0x49, 0xdb, 0x49, 0xdb, 0x28, 0xdb,
	0x28, 0x84, 0xdb, 0x48, 0x06, 0xdb, 0x49, 0xe3, 0x28, 0xe3, 0x49, 0xf5, 0xf5, 0xff, 0xde, 0xff,
	0xde, 0xff, 0xdd, 0x95, 0xff, 0xde, 0x04, 0xff, 0xdd, 0xff, 0xde, 0xff, 0xde, 0xf5, 0xb4, 0xf3,
	0xaa, 0x86, 0xdb, 0x28, 0x81, 0xdb, 0x48, 0x02, 0xe3, 0x48, 0xec, 0x0c, 0xff, 0xbd, 0x88, 0xff,
	0xde, 0x04, 0xff, 0xdd, 0xff, 0xde, 0xed, 0x93, 0xeb, 0x89, 0xdb, 0x69, 0x86, 0xdb, 0x48, 0x05,
	0xdb, 0x49, 0xe3, 0x69, 0xeb, 0xaa, 0xf6, 0x98, 0xff, 0xde, 0xff, 0xdd, 0x98, 0xff, 0xde, 0x80,
	0xff, 0xdd, 0x06, 0xff, 0xde, 0xf6, 0x57, 0xe3, 0x49, 0xdb, 0x49, 0xdb, 0x49, 0xdb, 0x48, 0xdb,
	0x48, 0x81, 0xdb, 0x28, 0x82, 0xdb, 0x48, 0x03, 0xeb, 0x89, 0xed, 0xb4, 0xff, 0xde, 0xff, 0xdd,
	0x85, 0xff, 0xde, 0x05, 0xff, 0xdd, 0xff, 0xde, 0xff, 0x5b, 0xeb, 0xaa, 0xdb, 0x48, 0xdb, 0x49,
	0x83, 0xdb, 0x48, 0x07, 0xdb, 0x28, 0xdb, 0x48, 0xdb, 0x49, 0xe3, 0x69, 0xeb, 0xcb, 0xf6, 0xd9,
	0xff, 0xde, 0xff, 0xdd, 0x9b, 0xff, 0xde, 0x06, 0xff, 0xbd, 0xff, 0xde, 0xf6, 0x77, 0xe3, 0x8a,
	0xe3, 0x69, 0xdb, 0x49, 0xdb, 0x48, 0x82, 0xdb, 0x28, 0x07, 0xdb, 0x48, 0xe3, 0x48, 0xdb, 0x48,
	0xdb, 0x48, 0xeb, 0xeb, 0xff, 0x7c, 0xff, 0xde, 0xff, 0xdd, 0x84, 0xff, 0xde, 0x05, 0xff, 0xdd,
	0xff, 0xde, 0xed, 0x11, 0xeb, 0x69, 0xdb, 0x69, 0xdb, 0x48, 0x81, 0xe3, 0x48, 0x80, 0xdb, 0x48,
	0x80, 0xdb, 0x28, 0x04, 0xdb, 0x48, 0xeb, 0xaa, 0xf6, 0x98, 0xff, 0xde, 0xff, 0xbd, 0x9d, 0xff,
	0xde, 0x05, 0xff, 0xbd, 0xff, 0xde, 0xf6, 0x36, 0xf3, 0xaa, 0xdb, 0x48, 0xdb, 0x48, 0x81, 0xdb,
	0x28, 0x82, 0xdb, 0x48, 0x04, 0xdb, 0x49, 0xeb, 0xa9, 0xed, 0x93, 0xff, 0xde, 0xff, 0xdd, 0x85,
	0xff, 0xde, 0x01, 0xff, 0x5b, 0xe3, 0xaa, 0x82, 0xdb, 0x48, 0x01, 0xdb, 0x49, 0xe3, 0x49, 0x82,
	0xdb, 0x48, 0x03, 0xf3, 0x69, 0xed, 0xb4, 0xff, 0xde, 0xff, 0xbd, 0x9f, 0xff, 0xde, 0x07, 0xff,
	0xdd, 0xff, 0xde, 0xed, 0x52, 0xeb, 0x89, 0xdb, 0x49, 0xdb, 0x48, 0xdb, 0x28, 0xdb, 0x28, 0x81,
	0xdb, 0x48, 0x04, 0xdb, 0x28, 0xdb, 0x48, 0xdb, 0x69, 0xe3, 0xeb, 0xff, 0x9c, 0x84, 0xff, 0xde,
	0x04, 0xff, 0xdd, 0xff, 0xde, 0xed, 0x93, 0xeb, 0x89, 0xdb, 0x49, 0x84, 0xdb, 0x48, 0x05, 0xdb,
	0x49, 0xdb, 0x69, 0xeb, 0x49, 0xec, 0xaf, 0xff, 0xde, 0xff, 0xbd, 0xa1, 0xff, 0xde, 0x80, 0xff,
	0xdd, 0x02, 0xec, 0x6e, 0xe3, 0x69, 0xdb, 0x49, 0x81, 0xdb, 0x28, 0x08, 0xdb, 0x48, 0xdb, 0x28,
	0xdb, 0x28, 0xdb, 0x48, 0xdb, 0x69, 0xeb, 0xaa, 0xf5, 0xd4, 0xff, 0xde, 0xff, 0xdd, 0x83, 0xff,
	0xde, 0x03, 0xff, 0xbd, 0xe3, 0xeb, 0xdb, 0x48, 0xdb, 0x49, 0x84, 0xdb, 0x48, 0x80, 0xdb, 0x49,
	0x03, 0xeb, 0xcb, 0xff, 0x5b, 0xff, 0xde, 0xff, 0xdd, 0xa1, 0xff, 0xde, 0x03, 0xff, 0xdd, 0xff,
	0xde, 0xf6, 0xfa, 0xeb, 0x8a, 0x85, 0xdb, 0x28, 0x03, 0xdb, 0x48, 0xdb, 0x49, 0xe3, 0x48, 0xe3,
	0xec, 0x83, 0xff, 0xde, 0x03, 0xff, 0xdd, 0xff, 0xde, 0xf6, 0x98, 0xeb, 0x89, 0x83, 0xdb, 0x48,
	0x80, 0xdb, 0x28, 0x05, 0xdb, 0x48, 0xdb, 0x49, 0xf3, 0xaa, 0xed, 0xd4, 0xff, 0xde, 0xff, 0xdd,
	0xa3, 0xff, 0xde, 0x07, 0xff, 0xdd, 0xff, 0xde, 0xec, 0xf1, 0xeb, 0x48, 0xdb, 0x48, 0xdb, 0x48,
	0xdb, 0x28, 0xdb, 0x28, 0x82, 0xdb, 0x48, 0x0b, 0xdb, 0x28, 0xe3, 0x69, 0xf6, 0xd9, 0xff, 0xde,
	0xff, 0xdd, 0xff, 0xde, 0xff, 0xde, 0xff, 0xdd, 0xff, 0xde, 0xed, 0x11, 0xeb, 0x48, 0xdb, 0x49,
	0x85, 0xdb, 0x48, 0x02, 0xe3, 0x48, 0xe3, 0xeb, 0xff, 0xbd, 0xa7, 0xff, 0xde, 0x02, 0xff, 0x5b,
	0xe3, 0x8a, 0xdb, 0x28, 0x85, 0xdb, 0x48, 0x04, 0xdb, 0x49, 0xeb, 0x68, 0xed, 0x72, 0xff, 0xde,
	0xff, 0xdd, 0x82, 0xff, 0xde, 0x01, 0xe3, 0xec, 0xe3, 0x28, 0x82, 0xdb, 0x48, 0x07, 0xe3, 0x48,
	0xdb, 0x48, 0xdb, 0x48, 0xdb, 0x49, 0xeb, 0x89, 0xed, 0x93, 0xff, 0xde, 0xff, 0xbd, 0xa5, 0xff,
	0xde, 0x04, 0xff, 0xdd, 0xff, 0xde, 0xed, 0x11, 0xeb, 0x89, 0xdb, 0x69, 0x83, 0xdb, 0x48, 0x80,
	0xdb, 0x28, 0x01, 0xe3, 0x48, 0xe4, 0x4d, 0x81, 0xff, 0xde, 0x07, 0xff, 0xdd, 0xff, 0xde, 0xff,
	0x1a, 0xeb, 0xcb, 0xdb, 0x49, 0xdb, 0x48, 0xdb, 0x28, 0xdb, 0x28, 0x83, 0xdb, 0x48, 0x03, 0xeb,
	0xcb, 0xff, 0x5b, 0xff, 0xde, 0xff, 0xdd, 0xa5, 0xff, 0xde, 0x04, 0xff, 0xdd, 0xff, 0xde, 0xff,
	0x1a, 0xeb, 0xaa, 0xdb, 0x49, 0x81, 0xdb, 0x48, 0x82, 0xdb, 0x28, 0x0b, 0xdb, 0x49, 0xeb, 0xcb,
	0xff, 0x5b, 0xff, 0xde, 0xff, 0xdd, 0xff, 0xdd, 0xff, 0xde, 0xf6, 0x57, 0xf3, 0xcb, 0xdb, 0x69,
	0xdb, 0x49, 0xdb, 0x48, 0x81, 0xdb, 0x28, 0x80, 0xdb, 0x48, 0x01, 0xe3, 0x48, 0xe4, 0x8e, 0xab,
	0xff, 0xde, 0x03, 0xe4, 0x4e, 0xe3, 0x49, 0xdb, 0x48, 0xdb, 0x48, 0x81, 0xdb, 0x28, 0x80, 0xdb,
	0x48, 0x14, 0xdb, 0x69, 0xeb, 0xca, 0xf6, 0x97, 0xff, 0xde, 0xff, 0xdd, 0xff, 0xdd, 0xff, 0xde,
	0xf6, 0x57, 0xf3, 0xaa, 0xdb, 0x69, 0xe3, 0x49, 0xe3, 0x48, 0xdb, 0x48, 0xdb, 0x48, 0xdb, 0x28,
	0xdb, 0x28, 0xdb, 0x29, 0xeb, 0x48, 0xf5, 0xd4, 0xff, 0xde, 0xff, 0xbd, 0xa7, 0xff, 0xde, 0x06,
	0xff, 0xbd, 0xff, 0xde, 0xed, 0x73, 0xeb, 0x49, 0xdb, 0x49, 0xdb, 0x48, 0xdb, 0x28, 0x81, 0xdb,
	0x48, 0x80, 0xdb, 0x49, 0x0b, 0xeb, 0x89, 0xf6, 0x57, 0xff, 0xde, 0xff, 0xdd, 0xff, 0xdd, 0xff,
	0xde, 0xff, 0x3b, 0xeb, 0x89, 0xdb, 0x48, 0xe3, 0x49, 0xe3, 0x69, 0xe3, 0x49, 0x82, 0xdb, 0x49,
	0x01, 0xeb, 0x8a, 0xf6, 0xf9, 0xa9, 0xff, 0xde, 0x03, 0xff, 0xdd, 0xff, 0xde, 0xf6, 0xb8, 0xeb,
	0x69, 0x84, 0xdb, 0x49, 0x05, 0xdb, 0x48, 0xdb, 0x28, 0xeb, 0x8a, 0xff, 0x3b, 0xff, 0xde, 0xff,
	0xdd, 0x81, 0xff, 0xde, 0x01, 0xec, 0x6e, 0xeb, 0x28, 0x81, 0xdb, 0x49, 0x06, 0xe3, 0x49, 0xdb,
	0x49, 0xe3, 0x89, 0xeb, 0x89, 0xec, 0xaf, 0xff, 0xde, 0xff, 0xdd, 0xaa, 0xff, 0xde, 0x03, 0xff,
	0xdd, 0xe4, 0x4d, 0xe3, 0x89, 0xdb, 0x69, 0x81, 0xdb, 0x49, 0x03, 0xdb, 0x48, 0xdb, 0x28, 0xeb,
	0x28, 0xec, 0xaf, 0x84, 0xff, 0xde, 0x09, 0xff, 0x5b, 0xeb, 0xaa, 0xeb, 0x28, 0xdb, 0x48, 0xdb,
	0x69, 0xdb, 0x69, 0xdb, 0x28, 0xeb, 0x69, 0xec, 0x4d, 0xff, 0x5b, 0xab, 0xff, 0xde, 0x0b, 0xff,
	0xdd, 0xff, 0xde, 0xf7, 0x1a, 0xeb, 0xeb, 0xeb, 0x48, 0xdb, 0x28, 0xdb, 0x69, 0xdb, 0x69, 0xdb,
	0x08, 0xeb, 0x28, 0xeb, 0xec, 0xff, 0x7c, 0x85, 0xff, 0xde, 0x09, 0xff, 0x5b, 0xf4, 0xcf, 0xe3,
	0x8a, 0xeb, 0xca, 0xeb, 0xaa, 0xe3, 0x8a, 0xec, 0xf0, 0xff, 0x7c, 0xff, 0xde, 0xff, 0xdd, 0xad,
	0xff, 0xde, 0x07, 0xf7, 0x1a, 0xec, 0xaf, 0xe3, 0x8a, 0xeb, 0xca, 0xeb, 0xca, 0xe3, 0xaa, 0xf5,
	0x11, 0xff, 0x5c, 0x88, 0xff, 0xde, 0x03, 0xff, 0x7c, 0xfe, 0xd9, 0xf6, 0xd9, 0xff, 0x5b, 0xb3,
	0xff, 0xde, 0x03, 0xff, 0x5b, 0xf6, 0xd9, 0xfe, 0xd9, 0xff, 0x7c, 0xc1, 0xff, 0xde, 0x00, 0xff,
	0xdd, 0x90, 0xff, 0xde, 0x81, 0xff, 0xdd, 0xb3, 0xff, 0xde, 0x80, 0xff, 0xdd, 0x86, 0xff, 0xde,
	0x01, 0x6b, 0x00, 0x1b, 0x00, 0x69, 0x00, 0x2d, 0x00, 0x47, 0x0e, 0x00, 0x00, 0xa8, 0xff, 0xde,
	0x07, 0xff, 0xbd, 0xff, 0x7c, 0xff, 0x3b, 0xf6, 0xfa, 0xf6, 0xd9, 0xf6, 0xb8, 0xf6, 0x98, 0xf6,
	0x77, 0x81, 0xf6, 0x57, 0x81, 0xf6, 0x77, 0x06, 0xf6, 0x98, 0xf6, 0xb8, 0xfe, 0xd9, 0xf6, 0xfa,
	0xff, 0x5b, 0xff, 0x7c, 0xff, 0xbd, 0xcd, 0xff, 0xde, 0x04, 0xff, 0xdd, 0xff, 0x9c, 0xff, 0x3b,
	0xfe, 0xf9, 0xf6, 0x98, 0x81, 0xf6, 0x77, 0x81, 0xf6, 0x56, 0x81, 0xf6, 0x36, 0x83, 0xf6, 0x56,
	0x00, 0xf6, 0x36, 0x81, 0xf6, 0x56, 0x80, 0xf6, 0x77, 0x05, 0xf6, 0x57, 0xf6, 0x98, 0xfe, 0xf9,
	0xff, 0x3b, 0xff, 0x9c, 0xff, 0xdd, 0xc5, 0xff, 0xde, 0x06, 0xff, 0xbd, 0xff, 0x5b, 0xfe, 0xd9,
	0xf6, 0x77, 0xfe, 0x77, 0xfe, 0x77, 0xf6, 0x57, 0x93, 0xf6, 0x56, 0x08, 0xf6, 0x36, 0xf6, 0x56,
	0xf6, 0x56, 0xfe, 0x57, 0xf6, 0x57, 0xf6, 0x97, 0xfe, 0xf9, 0xff, 0x5c, 0xff, 0xdd, 0xc0, 0xff,
	0xde, 0x03, 0xff, 0x7c, 0xfe, 0xf9, 0xf6, 0x77, 0xfe, 0x57, 0x81, 0xf6, 0x36, 0x85, 0xf6, 0x56,
	0x81, 0xf6, 0x36, 0x91, 0xf6, 0x56, 0x04, 0xf6, 0x57, 0xfe, 0x77, 0xf6, 0x77, 0xfe, 0xf9, 0xff,
	0x7c, 0xbb, 0xff, 0xde, 0x0a, 0xff, 0xbd, 0xff, 0x3a, 0xf6, 0x98, 0xf6, 0x77, 0xf6, 0x57, 0xf6,
	0x56, 0xf6, 0x57, 0xf6, 0x56, 0xf6, 0x56, 0xf6, 0x36, 0xf6, 0x36, 0x83, 0xf6, 0x56, 0x80, 0xf6,
	0x36, 0x88, 0xf6, 0x56, 0x80, 0xf6, 0x36, 0x81, 0xf6, 0x56, 0x81, 0xf6, 0x36, 0x85, 0xf6, 0x56,
	0x03, 0xf6, 0x57, 0xf6, 0x98, 0xff, 0x3b, 0xff, 0xbd, 0xb6, 0xff, 0xde, 0x04, 0xff, 0xbd, 0xff,
	0x1a, 0xf6, 0x77, 0xfe, 0x56, 0xf6, 0x36, 0x84, 0xf6, 0x56, 0x86, 0xf6, 0x36, 0x84, 0xf6, 0x56,
	0x00, 0xf6, 0x36, 0x82, 0xf6, 0x56, 0x81, 0xf6, 0x36, 0x8a, 0xf6, 0x56, 0x80, 0xf6, 0x36, 0x03,
	0xfe, 0x57, 0xf6, 0x97, 0xff, 0x3a, 0xff, 0xbd, 0xb2, 0xff, 0xde, 0x08, 0xff, 0xbd, 0xff, 0x1a,
	0xf6, 0x77, 0xf6, 0x57, 0xf6, 0x36, 0xf6, 0x56, 0xf6, 0x56, 0xf6, 0x36, 0xf6, 0x36, 0x83, 0xf6,
	0x56, 0x85, 0xf6, 0x36, 0x83, 0xf6, 0x56, 0x84, 0xf6, 0x36, 0x80, 0xf6, 0x56, 0x02, 0xf6, 0x36,
	0xf6, 0x56, 0xf6, 0x36, 0x85, 0xf6, 0x56, 0x82, 0xf6, 0x36, 0x81, 0xf6, 0x56, 0x03, 0xfe, 0x77,
	0xf6, 0x77, 0xff, 0x3a, 0xff, 0xdd, 0xaf, 0xff, 0xde, 0x02, 0xff, 0x5b, 0xf6, 0x97, 0xfe, 0x56,
	0x81, 0xf6, 0x56, 0x82, 0xf6, 0x36, 0x84, 0xf6, 0x56, 0x85, 0xf6, 0x36, 0x83, 0xf6, 0x56, 0x82,
	0xf6, 0x36, 0x81, 0xf6, 0x56, 0x00, 0xf6, 0x36, 0x86, 0xf6, 0x56, 0x83, 0xf6, 0x36, 0x82, 0xf6,
	0x56, 0x03, 0xf6, 0x36, 0xfe, 0x56, 0xf6, 0x98, 0xff, 0x7b, 0xac, 0xff, 0xde, 0x02, 0xff, 0x9c,
	0xf6, 0xb8, 0xfe, 0x57, 0x83, 0xf6, 0x56, 0x83, 0xf6, 0x36, 0x83, 0xf6, 0x56, 0x82, 0xf6, 0x36,
	0x8e, 0xf6, 0x56, 0x00, 0xf6, 0x36, 0x84, 0xf6, 0x56, 0x84, 0xf6, 0x36, 0x80, 0xf6, 0x56, 0x80,
	0xf6, 0x36, 0x81, 0xf6, 0x56, 0x02, 0xfe, 0x77, 0xf6, 0xd9, 0xff, 0x9d, 0xa9, 0xff, 0xde, 0x01,
	0xff, 0x3b, 0xf6, 0x77, 0x81, 0xf6, 0x56, 0x02, 0xf6, 0x36, 0xf6, 0x56, 0xf6, 0x56, 0x84, 0xf6,
	0x36, 0x84, 0xf6, 0x56, 0x80, 0xf6, 0x36, 0x80, 0xf6, 0x56, 0x02, 0xf6, 0x57, 0xf6, 0x56, 0xf6,
	0x56, 0x87, 0xf6, 0x36, 0x80, 0xf6, 0x56, 0x00, 0xf6, 0x57, 0x84, 0xf6, 0x56, 0x83, 0xf6, 0x36,
	0x02, 0xf6, 0x56, 0xf6, 0x36, 0xf6, 0x56, 0x83, 0xf6, 0x36, 0x81, 0xf6, 0x56, 0x01, 0xf6, 0x77,
	0xff, 0x3b, 0xa6, 0xff, 0xde, 0x04, 0xff, 0xbd, 0xf6, 0xd9, 0xfe, 0x77, 0xf6, 0x56, 0xf6, 0x56,
	0x81, 0xf6, 0x36, 0x81, 0xf6, 0x56, 0x84, 0xf6, 0x36, 0x84, 0xf6, 0x56, 0x00, 0xf6, 0x36, 0x82,
	0xf6, 0x56, 0x03, 0xfe, 0x57, 0xf6, 0x56, 0xf6, 0x57, 0xf6, 0x57, 0x82, 0xf6, 0x77, 0x01, 0xf6,
	0x57, 0xf6, 0x56, 0x81, 0xfe, 0x57, 0x00, 0xf6, 0x57, 0x83, 0xf6, 0x56, 0x81, 0xf6, 0x36, 0x81,
	0xf6, 0x56, 0x01, 0xf6, 0x36, 0xf6, 0x56, 0x85, 0xf6, 0x36, 0x80, 0xf6, 0x56, 0x02, 0xfe, 0x77,
	0xf6, 0xd9, 0xff, 0xbd, 0xa3, 0xff, 0xde, 0x01, 0xff, 0x7c, 0xf6, 0x77, 0x81, 0xf6, 0x56, 0x85,
	0xf6, 0x36, 0x02, 0xf6, 0x56, 0xf6, 0x36, 0xf6, 0x56, 0x81, 0xf6, 0x36, 0x82, 0xf6, 0x56, 0x0a,
	0xf6, 0x57, 0xfe, 0x77, 0xf6, 0x57, 0xf6, 0x98, 0xf6, 0xb9, 0xff, 0x1a, 0xff, 0x5b, 0xff, 0x7c,
	0xff, 0x9d, 0xff, 0xbd, 0xff, 0xbd, 0x81, 0xff, 0xdd, 0x80, 0xff, 0xbd, 0x07, 0xff, 0x9d, 0xff,
	0x7c, 0xff, 0x5b, 0xff, 0x1a, 0xf6, 0xd9, 0xf6, 0x98, 0xf6, 0x77, 0xfe, 0x56, 0x81, 0xf6, 0x36,
	0x84, 0xf6, 0x56, 0x88, 0xf6, 0x36, 0x80, 0xf6, 0x56, 0x01, 0xf6, 0x97, 0xff, 0x9c, 0xa1, 0xff,
	0xde, 0x04, 0xff, 0x3b, 0xfe, 0x77, 0xf6, 0x36, 0xf6, 0x56, 0xf6, 0x56, 0x86, 0xf6, 0x36, 0x84,
	0xf6, 0x56, 0x80, 0xf6, 0x36, 0x04, 0xfe, 0x56, 0xf6, 0x97, 0xfe, 0xfa, 0xff, 0x5b, 0xff, 0xbd,
	0x91, 0xff, 0xde, 0x04, 0xff, 0xbd, 0xff, 0x5b, 0xf6, 0xd9, 0xf6, 0x77, 0xfe, 0x57, 0x84, 0xf6,
	0x56, 0x89, 0xf6, 0x36, 0x03, 0xf6, 0x56, 0xf6, 0x36, 0xf6, 0x77, 0xff, 0x5b, 0x9f, 0xff, 0xde,
	0x03, 0xfe, 0xf9, 0xfe, 0x77, 0xf6, 0x56, 0xf6, 0x56, 0x89, 0xf6, 0x36, 0x82, 0xf6, 0x56, 0x03,
	0xfe, 0x57, 0xf6, 0x77, 0xfe, 0xf9, 0xff, 0x7c, 0x99, 0xff, 0xde, 0x03, 0xff, 0x7c, 0xfe, 0xfa,
	0xf6, 0x98, 0xfe, 0x77, 0x81, 0xf6, 0x56, 0x8a, 0xf6, 0x36, 0x81, 0xf6, 0x56, 0x00, 0xff, 0x1a,
	0x9d, 0xff, 0xde, 0x01, 0xf6, 0xd9, 0xfe, 0x56, 0x81, 0xf6, 0x56, 0x88, 0xf6, 0x36, 0x80, 0xf6,
	0x56, 0x80, 0xf6, 0x57, 0x02, 0xf6, 0xb8, 0xff, 0x5b, 0xff, 0xbd, 0x9e, 0xff, 0xde, 0x08, 0xff,
	0x5b, 0xfe, 0xb9, 0xf6, 0x56, 0xf6, 0x36, 0xf6, 0x36, 0xf6, 0x56, 0xf6, 0x36, 0xf6, 0x36, 0xf6,
	0x56, 0x85, 0xf6, 0x36, 0x04, 0xf6, 0x56, 0xf6, 0x36, 0xf6, 0x56, 0xfe, 0x77, 0xfe, 0xf9, 0x9b,
	0xff, 0xde, 0x02, 0xf6, 0xd9, 0xfe, 0x57, 0xf6, 0x56, 0x8c, 0xf6, 0x36, 0x02, 0xf6, 0x57, 0xfe,
	0xd9, 0xff, 0x7c, 0xa3, 0xff, 0xde, 0x03, 0xff, 0x7c, 0xf6, 0xb8, 0xfe, 0x57, 0xf6, 0x36, 0x82,
	0xf6, 0x56, 0x86, 0xf6, 0x36, 0x80, 0xf6, 0x56, 0x01, 0xfe, 0x77, 0xf6, 0xd9, 0x99, 0xff, 0xde,
	0x02, 0xf6, 0xd9, 0xfe, 0x57, 0xf6, 0x56, 0x8b, 0xf6, 0x36, 0x02, 0xf6, 0x56, 0xf6, 0xb8, 0xff,
	0x7c, 0xa7, 0xff, 0xde, 0x04, 0xff, 0x5c, 0xf6, 0xb8, 0xfe, 0x77, 0xf6, 0x56, 0xf6, 0x56, 0x88,
	0xf6, 0x36, 0x80, 0xf6, 0x56, 0x01, 0xfe, 0x56, 0xf6, 0xd9, 0x97, 0xff, 0xde, 0x02, 0xf6, 0xd9,
	0xfe, 0x56, 0xf6, 0x56, 0x8b, 0xf6, 0x36, 0x01, 0xf6, 0x77, 0xff, 0x5b, 0xab, 0xff, 0xde, 0x03,
	0xff, 0x5b, 0xf6, 0x77, 0xf6, 0x57, 0xf6, 0x56, 0x87, 0xf6, 0x36, 0x82, 0xf6, 0x56, 0x00, 0xf6,
	0xf9, 0x95, 0xff, 0xde, 0x02, 0xf6, 0xf9, 0xfe, 0x57, 0xf6, 0x56, 0x88, 0xf6, 0x36, 0x04, 0xf6,
	0x56, 0xf6, 0x36, 0xfe, 0x57, 0xfe, 0xf9, 0xff, 0xbd, 0xad, 0xff, 0xde, 0x04, 0xff, 0xbd, 0xfe,
	0xd9, 0xfe, 0x57, 0xf6, 0x36, 0xf6, 0x56, 0x88, 0xf6, 0x36, 0x02, 0xf6, 0x56, 0xfe, 0x77, 0xf6,
	0xfa, 0x93, 0xff, 0xde, 0x02, 0xff, 0x1a, 0xfe, 0x57, 0xf6, 0x56, 0x88, 0xf6, 0x36, 0x80, 0xf6,
	0x56, 0x01, 0xf6, 0x77, 0xff, 0x5b, 0x92, 0xff, 0xde, 0x81, 0xff, 0xdd, 0x83, 0xff, 0xde, 0x81,
	0xff, 0xdd, 0x92, 0xff, 0xde, 0x02, 0xff, 0x3b, 0xf6, 0x57, 0xf6, 0x36, 0x81, 0xf6, 0x56, 0x84,
	0xf6, 0x36, 0x81, 0xf6, 0x56, 0x01, 0xfe, 0x57, 0xff, 0x3a, 0x91, 0xff, 0xde, 0x02, 0xff, 0x5b,
	0xfe, 0x57, 0xf6, 0x56, 0x88, 0xf6, 0x36, 0x03, 0xf6, 0x56, 0xfe, 0x56, 0xf6, 0x98, 0xff, 0x9d,
	0x8e, 0xff, 0xde, 0x80, 0xff, 0xdd, 0x8f, 0xff, 0xde, 0x80, 0xff, 0xdd, 0x8e, 0xff, 0xde, 0x04,
	0xff, 0x9c, 0xf6, 0x98, 0xf6, 0x36, 0xf6, 0x56, 0xf6, 0x56, 0x85, 0xf6, 0x36, 0x81, 0xf6, 0x56,
	0x01, 0xfe, 0x77, 0xff, 0x7c, 0x8f, 0xff, 0xde, 0x02, 0xff, 0x9c, 0xf6, 0x77, 0xf6, 0x56, 0x89,
	0xf6, 0x36, 0x02, 0xfe, 0x56, 0xfe, 0xd9, 0xff, 0xdd, 0x8c, 0xff, 0xde, 0x80, 0xff, 0xdd, 0x82,
	0xff, 0xde, 0x0e, 0xff, 0x9c, 0xfe, 0xf9, 0xf6, 0x36, 0xf5, 0xd4, 0xed, 0x72, 0xec, 0xf0, 0xec,
	0xaf, 0xe4, 0x8e, 0xe4, 0xaf, 0xec, 0xf0, 0xed, 0x52, 0xf5, 0xd4, 0xf6, 0x36, 0xfe, 0xf9, 0xff,
	0x9c, 0x82, 0xff, 0xde, 0x80, 0xff, 0xdd, 0x8c, 0xff, 0xde, 0x03, 0xff, 0xbd, 0xf6, 0xb8, 0xfe,
	0x57, 0xf6, 0x56, 0x87, 0xf6, 0x36, 0x80, 0xf6, 0x56, 0x01, 0xf6, 0x97, 0xff, 0xbd, 0x8d, 0xff,
	0xde, 0x03, 0xff, 0xdd, 0xf6, 0x98, 0xf6, 0x56, 0xf6, 0x56, 0x88, 0xf6, 0x36, 0x01, 0xfe, 0x57,
	0xfe, 0xfa, 0x8c, 0xff, 0xde, 0x00, 0xff, 0xdd, 0x81, 0xff, 0xde, 0x0d, 0xff, 0xbd, 0xfe, 0xb8,
	0xf5, 0x93, 0xec, 0xae, 0xe3, 0xcb, 0xeb, 0xaa, 0xeb, 0x89, 0xeb, 0xaa, 0xeb, 0xaa, 0xe3, 0x69,
	0xe3, 0x69, 0xe3, 0x49, 0xe3, 0x69, 0xe3, 0x69, 0x81, 0xeb, 0x89, 0x05, 0xeb, 0xaa, 0xe3, 0xaa,
	0xec, 0xaf, 0xf5, 0xb3, 0xfe, 0xf9, 0xff, 0xbd, 0x81, 0xff, 0xde, 0x00, 0xff, 0xdd, 0x8c, 0xff,
	0xde, 0x02, 0xfe, 0xd9, 0xfe, 0x57, 0xf6, 0x56, 0x86, 0xf6, 0x36, 0x81, 0xf6, 0x56, 0x00, 0xf6,
	0xb8, 0x8d, 0xff, 0xde, 0x02, 0xf6, 0xf9, 0xfe, 0x56, 0xf6, 0x56, 0x88, 0xf6, 0x36, 0x01, 0xfe,
	0x57, 0xff, 0x1a, 0x8b, 0xff, 0xde, 0x00, 0xff, 0xdd, 0x81, 0xff, 0xde, 0x06, 0xfe, 0xf9, 0xf5,
	0x72, 0xec, 0x0c, 0xf3, 0xca, 0xeb, 0x89, 0xe3, 0x69, 0xdb, 0x48, 0x81, 0xdb, 0x69, 0x87, 0xdb,
	0x49, 0x80, 0xdb, 0x48, 0x05, 0xe3, 0x69, 0xeb, 0x89, 0xeb, 0xaa, 0xec, 0x0c, 0xf5, 0x72, 0xfe,
	0xf9, 0x81, 0xff, 0xde, 0x00, 0xff, 0xdd, 0x8b, 0xff, 0xde, 0x03, 0xfe, 0xf9, 0xfe, 0x56, 0xf6,
	0x56, 0xf6, 0x56, 0x85, 0xf6, 0x36, 0x80, 0xf6, 0x56, 0x01, 0xfe, 0x77, 0xff, 0x1a, 0x8b, 0xff,
	0xde, 0x02, 0xff, 0x7c, 0xfe, 0x57, 0xf6, 0x56, 0x88, 0xf6, 0x36, 0x01, 0xfe, 0x56, 0xff, 0x1a,
	0x8e, 0xff, 0xde, 0x04, 0xf6, 0x77, 0xec, 0x8e, 0xeb, 0xaa, 0xeb, 0x89, 0xe3, 0x49, 0x82, 0xdb,
	0x69, 0x01, 0xe3, 0x69, 0xdb, 0x69, 0x83, 0xdb, 0x49, 0x84, 0xdb, 0x48, 0x80, 0xdb, 0x49, 0x06,
	0xdb, 0x69, 0xdb, 0x49, 0xdb, 0x48, 0xeb, 0x69, 0xeb, 0xaa, 0xec, 0xaf, 0xfe, 0x97, 0x8e, 0xff,
	0xde, 0x03, 0xf6, 0xf9, 0xfe, 0x57, 0xf6, 0x57, 0xf6, 0x56, 0x85, 0xf6, 0x36, 0x80, 0xf6, 0x56,
	0x01, 0xf6, 0x77, 0xff, 0x7c, 0x89, 0xff, 0xde, 0x03, 0xff, 0xbd, 0xf6, 0x77, 0xf6, 0x56, 0xf6,
	0x56, 0x86, 0xf6, 0x36, 0x80, 0xf6, 0x56, 0x00, 0xf6, 0xfa, 0x8a, 0xff, 0xde, 0x0c, 0xff, 0xdd,
	0xff, 0xde, 0xff, 0xde, 0xf6, 0x97, 0xec, 0x4d, 0xeb, 0x89, 0xe3, 0x69, 0xdb, 0x49, 0xdb, 0x69,
	0xdb, 0x49, 0xdb, 0x49, 0xe3, 0x49, 0xe3, 0x49, 0x85, 0xdb, 0x49, 0x89, 0xdb, 0x48, 0x09, 0xdb,
	0x49, 0xdb, 0x48, 0xdb, 0x48, 0xeb, 0x69, 0xf3, 0xca, 0xec, 0x8e, 0xf6, 0xd8, 0xff, 0xde, 0xff,
	0xde, 0xff, 0xdd, 0x8a, 0xff, 0xde, 0x02, 0xf6, 0xd9, 0xf6, 0x56, 0xf6, 0x56, 0x86, 0xf6, 0x36,
	0x80, 0xf6, 0x56, 0x01, 0xf6, 0x98, 0xff, 0xdd, 0x88, 0xff, 0xde, 0x01, 0xf6, 0xfa, 0xfe, 0x56,
	0x88, 0xf6, 0x36, 0x01, 0xf6, 0x56, 0xf6, 0xd9, 0x8a, 0xff, 0xde, 0x07, 0xff, 0xdd, 0xff, 0xde,
	0xff, 0x3b, 0xec, 0xcf, 0xeb, 0x8a, 0xe3, 0x48, 0xdb, 0x49, 0xdb, 0x49, 0x82, 0xdb, 0x48, 0x80,
	0xe3, 0x49, 0x01, 0xdb, 0x49, 0xdb, 0x48, 0x83, 0xdb, 0x49, 0x81, 0xdb, 0x48, 0x00, 0xdb, 0x49,
	0x88, 0xdb, 0x48, 0x80, 0xdb, 0x49, 0x03, 0xe3, 0x69, 0xeb, 0xca, 0xed, 0x11, 0xff, 0x5b, 0x8c,
	0xff, 0xde, 0x02, 0xf6, 0xb8, 0xf6, 0x36, 0xf6, 0x56, 0x86, 0xf6, 0x36, 0x02, 0xf6, 0x56, 0xfe,
	0x57, 0xf7, 0x1a, 0x87, 0xff, 0xde, 0x02, 0xff, 0x9c, 0xf6, 0x77, 0xf6, 0x56, 0x88, 0xf6, 0x36,
	0x01, 0xf6, 0x98, 0xff, 0xdd, 0x88, 0xff, 0xde, 0x0b, 0xff, 0xdd, 0xff, 0xde, 0xff, 0xde, 0xf6,
	0x15, 0xe3, 0xaa, 0xeb, 0x69, 0xdb, 0x49, 0xdb, 0x49, 0xdb, 0x48, 0xdb, 0x48, 0xdb, 0x49, 0xdb,
	0x49, 0x81, 0xdb, 0x48, 0x00, 0xdb, 0x49, 0x81, 0xdb, 0x48, 0x86, 0xdb, 0x49, 0x84, 0xdb, 0x48,
	0x80, 0xdb, 0x28, 0x81, 0xdb, 0x48, 0x80, 0xdb, 0x49, 0x06, 0xdb, 0x69, 0xeb, 0x69, 0xe3, 0xca,
	0xf6, 0x56, 0xff, 0xde, 0xff, 0xde, 0xff, 0xdd, 0x88, 0xff, 0xde, 0x03, 0xff, 0xbd, 0xf6, 0x77,
	0xf6, 0x56, 0xf6, 0x56, 0x85, 0xf6, 0x36, 0x80, 0xf6, 0x56, 0x01, 0xf6, 0x57, 0xff, 0xbd, 0x86,
	0xff, 0xde, 0x02, 0xf6, 0xb9, 0xf6, 0x57, 0xf6, 0x56, 0x85, 0xf6, 0x36, 0x80, 0xf6, 0x56, 0x01,
	0xf6, 0x77, 0xff, 0x9d, 0x88, 0xff, 0xde, 0x06, 0xff, 0xdd, 0xff, 0xde, 0xff, 0xbd, 0xed, 0x10,
	0xf3, 0xaa, 0xdb, 0x49, 0xdb, 0x69, 0x82, 0xdb, 0x48, 0x00, 0xdb, 0x49, 0x81, 0xdb, 0x48, 0x8b,
	0xdb, 0x49, 0x80, 0xdb, 0x48, 0x02, 0xdb, 0x28, 0xdb, 0x48, 0xdb, 0x48, 0x82, 0xdb, 0x28, 0x83,
	0xdb, 0x48, 0x06, 0xdb, 0x69, 0xdb, 0x48, 0xeb, 0x89, 0xf5, 0x31, 0xff, 0xbd, 0xff, 0xde, 0xff,
	0xdd, 0x88, 0xff, 0xde, 0x02, 0xff, 0x9c, 0xf6, 0x57, 0xf6, 0x56, 0x86, 0xf6, 0x36, 0x80, 0xf6,
	0x56, 0x00, 0xf6, 0xd9, 0x85, 0xff, 0xde, 0x03, 0xff, 0x5c, 0xf6, 0x57, 0xf6, 0x56, 0xf6, 0x56,
	0x86, 0xf6, 0x36, 0x01, 0xfe, 0x57, 0xff, 0x5b, 0x88, 0xff, 0xde, 0x06, 0xff, 0xdd, 0xff, 0xde,
	0xff, 0x3a, 0xec, 0x4d, 0xeb, 0x69, 0xdb, 0x49, 0xdb, 0x49, 0x87, 0xdb, 0x48, 0x02, 0xdb, 0x49,
	0xe3, 0x49, 0xe3, 0x49, 0x87, 0xdb, 0x49, 0x89, 0xdb, 0x48, 0x00, 0xdb, 0x28, 0x82, 0xdb, 0x48,
	0x80, 0xdb, 0x49, 0x04, 0xeb, 0x89, 0xec, 0x8e, 0xff, 0x5b, 0xff, 0xde, 0xff, 0xdd, 0x88, 0xff,
	0xde, 0x02, 0xff, 0x3b, 0xfe, 0x57, 0xf6, 0x56, 0x86, 0xf6, 0x36, 0x02, 0xf6, 0x56, 0xf6, 0x77,
	0xff, 0x9c, 0x84, 0xff, 0xde, 0x02, 0xf6, 0x98, 0xf6, 0x56, 0xf6, 0x56, 0x87, 0xf6, 0x36, 0x00,
	0xf6, 0xd9, 0x88, 0xff, 0xde, 0x07, 0xff, 0xdd, 0xff, 0xde, 0xf6, 0xfa, 0xeb, 0xcb, 0xeb, 0x49,
	0xdb, 0x49, 0xdb, 0x48, 0xdb, 0x28, 0x84, 0xdb, 0x48, 0x81, 0xdb, 0x49, 0x04, 0xdb, 0x48, 0xdb,
	0x49, 0xe3, 0x49, 0xdb, 0x69, 0xdb, 0x69, 0x84, 0xdb, 0x49, 0x05, 0xdb, 0x48, 0xdb, 0x49, 0xdb,
	0x49, 0xdb, 0x69, 0xdb, 0x69, 0xdb, 0x49, 0x83, 0xdb, 0x48, 0x80, 0xdb, 0x28, 0x83, 0xdb, 0x48,
	0x06, 0xdb, 0x49, 0xdb, 0x69, 0xe3, 0x69, 0xe4, 0x0c, 0xf7, 0x1a, 0xff, 0xde, 0xff, 0xdd, 0x88,
	0xff, 0xde, 0x02, 0xf6, 0xb9, 0xf6, 0x56, 0xf6, 0x56, 0x84, 0xf6, 0x36, 0x80, 0xf6, 0x56, 0x01,
	0xf6, 0x77, 0xf6, 0xb8, 0x83, 0xff, 0xde, 0x02, 0xff, 0x5b, 0xfe, 0x57, 0xf6, 0x56, 0x87, 0xf6,
	0x36, 0x01, 0xf6, 0x77, 0xff, 0xbd, 0x87, 0xff, 0xde, 0x05, 0xff, 0xdd, 0xff, 0xde, 0xf6, 0xd9,
	0xeb, 0xaa, 0xe3, 0x49, 0xdb, 0x48, 0x81, 0xdb, 0x28, 0x84, 0xdb, 0x48, 0x84, 0xdb, 0x49, 0x10,
	0xe3, 0x69, 0xeb, 0x89, 0xf3, 0x89, 0xeb, 0x69, 0xeb, 0x89, 0xeb, 0xaa, 0xeb, 0xeb, 0xeb, 0xca,
	0xeb, 0x69, 0xeb, 0x69, 0xeb, 0x89, 0xeb, 0x89, 0xe3, 0x69, 0xdb, 0x49, 0xdb, 0x49, 0xdb, 0x48,
	0xdb, 0x28, 0x89, 0xdb, 0x48, 0x05, 0xdb, 0x49, 0xe3, 0x48, 0xe3, 0xeb, 0xf7, 0x1a, 0xff, 0xde,
	0xff, 0xdd, 0x87, 0xff, 0xde, 0x03, 0xff, 0xbd, 0xf6, 0x77, 0xf6, 0x36, 0xf6, 0x56, 0x83, 0xf6,
	0x36, 0x81, 0xf6, 0x56, 0x01, 0xfe, 0x77, 0xff, 0x7c, 0x82, 0xff, 0xde, 0x02, 0xf6, 0x98, 0xf6,
	0x56, 0xf6, 0x56, 0x85, 0xf6, 0x36, 0x02, 0xf6, 0x56, 0xfe, 0x57, 0xff, 0x3b, 0x87, 0xff, 0xde,
	0x06, 0xff, 0xdd, 0xff, 0xde, 0xf7, 0x1a, 0xeb, 0xcb, 0xe3, 0x69, 0xdb, 0x49, 0xdb, 0x48, 0x81,
	0xdb, 0x28, 0x84, 0xdb, 0x48, 0x19, 0xe3, 0x49, 0xdb, 0x49, 0xdb, 0x49, 0xe3, 0x28, 0xeb, 0x48,
	0xeb, 0x69, 0xe3, 0xec, 0xec, 0xf0, 0xf5, 0xd4, 0xf6, 0x57, 0xf6, 0xd9, 0xff, 0x1a, 0xff, 0x3b,
	0xff, 0x1a, 0xf6, 0xd9, 0xf6, 0x77, 0xf5, 0xf5, 0xed, 0x10, 0xec, 0x0c, 0xeb, 0x69, 0xeb, 0x48,
	0xe3, 0x28, 0xdb, 0x49, 0xdb, 0x49, 0xdb, 0x48, 0xdb, 0x48, 0x81, 0xdb, 0x28, 0x09, 0xdb, 0x48,
	0xdb, 0x28, 0xdb, 0x48, 0xdb, 0x48, 0xdb, 0x28, 0xdb, 0x48, 0xdb, 0x49, 0xe3, 0x69, 0xe3, 0xeb,
	0xf7, 0x1a, 0x89, 0xff, 0xde, 0x02, 0xff, 0x3a, 0xfe, 0x57, 0xf6, 0x56, 0x84, 0xf6, 0x36, 0x81,
	0xf6, 0x56, 0x00, 0xf6, 0xb8, 0x81, 0xff, 0xde, 0x01, 0xff, 0x7c, 0xf6, 0x56, 0x86, 0xf6, 0x36,
	0x80, 0xf6, 0x56, 0x00, 0xf6, 0xb8, 0x87, 0xff, 0xde, 0x06, 0xff, 0xdd, 0xff, 0xde, 0xff, 0x7b,
	0xec, 0x0c, 0xe3, 0x49, 0xdb, 0x49, 0xdb, 0x48, 0x82, 0xdb, 0x28, 0x82, 0xdb, 0x48, 0x08, 0xdb,
	0x28, 0xdb, 0x48, 0xdb, 0x49, 0xe3, 0x69, 0xeb, 0xaa, 0xe3, 0xec, 0xed, 0x72, 0xf6, 0xd9, 0xff,
	0xbd, 0x89, 0xff, 0xde, 0x07, 0xff, 0xbd, 0xfe, 0xf9, 0xed, 0x52, 0xe3, 0xeb, 0xeb, 0xaa, 0xe3,
	0x69, 0xdb, 0x49, 0xdb, 0x49, 0x83, 0xdb, 0x28, 0x08, 0xdb, 0x48, 0xdb, 0x28, 0xdb, 0x28, 0xdb,
	0x48, 0xdb, 0x48, 0xdb, 0x49, 0xe3, 0x48, 0xe4, 0x0c, 0xff, 0x9c, 0x89, 0xff, 0xde, 0x02, 0xf6,
	0x98, 0xf6, 0x56, 0xf6, 0x56, 0x86, 0xf6, 0x36, 0x06, 0xf6, 0x57, 0xff, 0x9c, 0xff, 0xde, 0xff,
	0xde, 0xf6, 0xd9, 0xf6, 0x56, 0xf6, 0x56, 0x82, 0xf6, 0x36, 0x80, 0xf6, 0x56, 0x03, 0xf6, 0x36,
	0xf6, 0x56, 0xf6, 0x57, 0xff, 0x7c, 0x87, 0xff, 0xde, 0x04, 0xff, 0xdd, 0xff, 0xbd, 0xec, 0x6e,
	0xeb, 0x69, 0xdb, 0x49, 0x87, 0xdb, 0x48, 0x06, 0xdb, 0x49, 0xdb, 0x48, 0xdb, 0x08, 0xeb, 0x69,
	0xec, 0x4d, 0xf6, 0x77, 0xff, 0xbd, 0x81, 0xff, 0xde, 0x82, 0xff, 0xdd, 0x81, 0xff, 0xde, 0x82,
	0xff, 0xdd, 0x81, 0xff, 0xde, 0x07, 0xff, 0x9d, 0xf6, 0x57, 0xec, 0x4d, 0xeb, 0x69, 0xdb, 0x28,
	0xdb, 0x48, 0xdb, 0x28, 0xdb, 0x28, 0x81, 0xdb, 0x48, 0x09, 0xdb, 0x28, 0xdb, 0x48, 0xdb, 0x28,
	0xdb, 0x48, 0xdb, 0x48, 0xdb, 0x69, 0xe3, 0x48, 0xec, 0x8e, 0xff, 0xde, 0xff, 0xdd, 0x87, 0xff,
	0xde, 0x02, 0xff, 0x5b, 0xfe, 0x57, 0xf6, 0x56, 0x85, 0xf6, 0x36, 0x05, 0xf6, 0x56, 0xf6, 0x57,
	0xf6, 0xfa, 0xff, 0xde, 0xff, 0xbd, 0xf6, 0x77, 0x84, 0xf6, 0x36, 0x82, 0xf6, 0x56, 0x00, 0xf6,
	0xb8, 0x87, 0xff, 0xde, 0x04, 0xff, 0xdd, 0xff, 0xde, 0xed, 0x52, 0xf3, 0x89, 0xdb, 0x49, 0x83,
	0xdb, 0x48, 0x00, 0xdb, 0x28, 0x81, 0xdb, 0x48, 0x80, 0xdb, 0x49, 0x02, 0xeb, 0x89, 0xe3, 0xcb,
	0xf5, 0xf5, 0x81, 0xff, 0xde, 0x80, 0xff, 0xdd, 0x8b, 0xff, 0xde, 0x80, 0xff, 0xdd, 0x80, 0xff,
	0xde, 0x06, 0xff, 0xdd, 0xf5, 0xd4, 0xe3, 0x8a, 0xeb, 0x69, 0xdb, 0x49, 0xdb, 0x49, 0xdb, 0x48,
	0x84, 0xdb, 0x28, 0x80, 0xdb, 0x48, 0x04, 0xdb, 0x49, 0xeb, 0x89, 0xed, 0x93, 0xff, 0xde, 0xff,
	0xdd, 0x87, 0xff, 0xde, 0x02, 0xf6, 0x98, 0xf6, 0x56, 0xf6, 0x56, 0x85, 0xf6, 0x36, 0x05, 0xf6,
	0x56, 0xf6, 0x97, 0xff, 0xbd, 0xff, 0x3b, 0xf6, 0x77, 0xf6, 0x56, 0x86, 0xf6, 0x36, 0x01, 0xfe,
	0x57, 0xff, 0x7c, 0x86, 0xff, 0xde, 0x07, 0xff, 0xdd, 0xff, 0xde, 0xf6, 0x98, 0xeb, 0xaa, 0xdb,
	0x49, 0xdb, 0x48, 0xdb, 0x28, 0xdb, 0x28, 0x83, 0xdb, 0x48, 0x08, 0xdb, 0x28, 0xdb, 0x48, 0xdb,
	0x48, 0xf3, 0x8a, 0xf5, 0x31, 0xff, 0x9c, 0xff, 0xde, 0xff, 0xde, 0xff, 0xdd, 0x91, 0xff, 0xde,
	0x07, 0xff, 0xdd, 0xff, 0xde, 0xff, 0xde, 0xff, 0x7c, 0xec, 0xf0, 0xeb, 0x89, 0xdb, 0x49, 0xdb,
	0x49, 0x82, 0xdb, 0x28, 0x81, 0xdb, 0x48, 0x06, 0xdb, 0x28, 0xdb, 0x48, 0xdb, 0x69, 0xf3, 0xca,
	0xf6, 0xd9, 0xff, 0xde, 0xff, 0xdd, 0x86, 0xff, 0xde, 0x02, 0xff, 0x5b, 0xfe, 0x77, 0xf6, 0x56,
	0x85, 0xf6, 0x36, 0x05, 0xf6, 0x56, 0xf6, 0x77, 0xff, 0x5b, 0xf6, 0xb8, 0xf6, 0x57, 0xf6, 0x56,
	0x85, 0xf6, 0x36, 0x01, 0xf6, 0x56, 0xf6, 0x98, 0x88, 0xff, 0xde, 0x05, 0xff, 0xbd, 0xe4, 0x0c,
	0xe3, 0x49, 0xdb, 0x49, 0xdb, 0x28, 0xdb, 0x28, 0x84, 0xdb, 0x48, 0x06, 0xdb, 0x49, 0xe3, 0x28,
	0xe3, 0x49, 0xf5, 0xf5, 0xff, 0xde, 0xff, 0xde, 0xff, 0xdd, 0x95, 0xff, 0xde, 0x04, 0xff, 0xdd,
	0xff, 0xde, 0xff, 0xde, 0xf5, 0xb4, 0xf3, 0xaa, 0x86, 0xdb, 0x28, 0x81, 0xdb, 0x48, 0x02, 0xe3,
	0x48, 0xec, 0x0c, 0xff, 0xbd, 0x88, 0xff, 0xde, 0x02, 0xf6, 0x98, 0xf6, 0x56, 0xf6, 0x56, 0x84,
	0xf6, 0x36, 0x03, 0xf6, 0x56, 0xf6, 0x57, 0xf6, 0xb9, 0xf6, 0x77, 0x81, 0xf6, 0x56, 0x83, 0xf6,
	0x36, 0x02, 0xf6, 0x56, 0xfe, 0x57, 0xff, 0x5b, 0x86, 0xff, 0xde, 0x04, 0xff, 0xdd, 0xff, 0xde,
	0xed, 0x93, 0xeb, 0x89, 0xdb, 0x69, 0x86, 0xdb, 0x48, 0x05, 0xdb, 0x49, 0xe3, 0x69, 0xeb, 0xaa,
	0xf6, 0x98, 0xff, 0xde, 0xff, 0xdd, 0x98, 0xff, 0xde, 0x80, 0xff, 0xdd, 0x06, 0xff, 0xde, 0xf6,
	0x57, 0xe3, 0x49, 0xdb, 0x49, 0xdb, 0x49, 0xdb, 0x48, 0xdb, 0x48, 0x81, 0xdb, 0x28, 0x82, 0xdb,
	0x48, 0x03, 0xeb, 0x89, 0xed, 0xb4, 0xff, 0xde, 0xff, 0xdd, 0x86, 0xff, 0xde, 0x02, 0xff, 0x1a,
	0xfe, 0x56, 0xf6, 0x56, 0x86, 0xf6, 0x36, 0x01, 0xf6, 0x77, 0xf6, 0x57, 0x81, 0xf6, 0x36, 0x80,
	0xf6, 0x56, 0x82, 0xf6, 0x36, 0x01, 0xf6, 0x77, 0xff, 0xbd, 0x85, 0xff, 0xde, 0x05, 0xff, 0xdd,
	0xff, 0xde, 0xff, 0x5b, 0xeb, 0xaa, 0xdb, 0x48, 0xdb, 0x49, 0x83, 0xdb, 0x48, 0x07, 0xdb, 0x28,
	0xdb, 0x48, 0xdb, 0x49, 0xe3, 0x69, 0xeb, 0xcb, 0xf6, 0xd9, 0xff, 0xde, 0xff, 0xdd, 0x9b, 0xff,
	0xde, 0x06, 0xff, 0xbd, 0xff, 0xde, 0xf6, 0x77, 0xe3, 0x8a, 0xe3, 0x69, 0xdb, 0x49, 0xdb, 0x48,
	0x82, 0xdb, 0x28, 0x07, 0xdb, 0x48, 0xe3, 0x48, 0xdb, 0x48, 0xdb, 0x48, 0xeb, 0xeb, 0xff, 0x7c,
	0xff, 0xde, 0xff, 0xdd, 0x85, 0xff, 0xde, 0x01, 0xff, 0xbd, 0xf6, 0x57, 0x82, 0xf6, 0x36, 0x80,
	0xf6, 0x56, 0x81, 0xf6, 0x36, 0x02, 0xf6, 0x77, 0xf6, 0x78, 0xf6, 0x36, 0x83, 0xf6, 0x56, 0x81,
	0xf6, 0x36, 0x00, 0xf6, 0xb9, 0x86, 0xff, 0xde, 0x05, 0xff, 0xdd, 0xff, 0xde, 0xed, 0x11, 0xeb,
	0x69, 0xdb, 0x69, 0xdb, 0x48, 0x81, 0xe3, 0x48, 0x80, 0xdb, 0x48, 0x80, 0xdb, 0x28, 0x04, 0xdb,
	0x48, 0xeb, 0xaa, 0xf6, 0x98, 0xff, 0xde, 0xff, 0xbd, 0x9d, 0xff, 0xde, 0x05, 0xff, 0xbd, 0xff,
	0xde, 0xf6, 0x36, 0xf3, 0xaa, 0xdb, 0x48, 0xdb, 0x48, 0x81, 0xdb, 0x28, 0x82, 0xdb, 0x48, 0x04,
	0xdb, 0x49, 0xeb, 0xa9, 0xed, 0x93, 0xff, 0xde, 0xff, 0xdd, 0x86, 0xff, 0xde, 0x00, 0xf6, 0xb8,
	0x81, 0xf6, 0x36, 0x81, 0xf6, 0x56, 0x05, 0xf6, 0x36, 0xf6, 0x56, 0xf6, 0x36, 0xf6, 0x98, 0xff,
	0x3b, 0xfe, 0x56, 0x82, 0xf6, 0x56, 0x04, 0xf6, 0x36, 0xf6, 0x56, 0xf6, 0x36, 0xfe, 0x57, 0xff,
	0x7c, 0x87, 0xff, 0xde, 0x01, 0xff, 0x5b, 0xe3, 0xaa, 0x82, 0xdb, 0x48, 0x01, 0xdb, 0x49, 0xe3,
	0x49, 0x82, 0xdb, 0x48, 0x03, 0xf3, 0x69, 0xed, 0xb4, 0xff, 0xde, 0xff, 0xbd, 0x9f, 0xff, 0xde,
	0x07, 0xff, 0xdd, 0xff, 0xde, 0xed, 0x52, 0xeb, 0x89, 0xdb, 0x49, 0xdb, 0x48, 0xdb, 0x28, 0xdb,
	0x28, 0x81, 0xdb, 0x48, 0x04, 0xdb, 0x28, 0xdb, 0x48, 0xdb, 0x69, 0xe3, 0xeb, 0xff, 0x9c, 0x87,
	0xff, 0xde, 0x01, 0xff, 0x7c, 0xfe, 0x57, 0x81, 0xf6, 0x56, 0x00, 0xf6, 0x36, 0x81, 0xf6, 0x56,
	0x0b, 0xf6, 0x57, 0xff, 0x5b, 0xff, 0xde, 0xf6, 0xd9, 0xfe, 0x77, 0xf6, 0x56, 0xf6, 0x56, 0xf6,
	0x36, 0xf6, 0x56, 0xf6, 0x56, 0xfe, 0x77, 0xf6, 0xfa, 0x86, 0xff, 0xde, 0x04, 0xff, 0xdd, 0xff,
	0xde, 0xed, 0x93, 0xeb, 0x89, 0xdb, 0x49, 0x84, 0xdb, 0x48, 0x05, 0xdb, 0x49, 0xdb, 0x69, 0xeb,
	0x49, 0xec, 0xaf, 0xff, 0xde, 0xff, 0xbd, 0xa1, 0xff, 0xde, 0x80, 0xff, 0xdd, 0x02, 0xec, 0x6e,
	0xe3, 0x69, 0xdb, 0x49, 0x81, 0xdb, 0x28, 0x08, 0xdb, 0x48, 0xdb, 0x28, 0xdb, 0x28, 0xdb, 0x48,
	0xdb, 0x69, 0xeb, 0xaa, 0xf5, 0xd4, 0xff, 0xde, 0xff, 0xdd, 0x86, 0xff, 0xde, 0x01, 0xf6, 0xfa,
	0xfe, 0x77, 0x81, 0xf6, 0x56, 0x80, 0xf6, 0x36, 0x01, 0xfe, 0x77, 0xf6, 0xfa, 0x81, 0xff, 0xde,
	0x06, 0xff, 0x1a, 0xf6, 0x57, 0xfe, 0x36, 0xfe, 0x56, 0xf6, 0x57, 0xf6, 0x98, 0xff, 0x5b, 0x88,
	0xff, 0xde, 0x03, 0xff, 0xbd, 0xe3, 0xeb, 0xdb, 0x48, 0xdb, 0x49, 0x84, 0xdb, 0x48, 0x80, 0xdb,
	0x49, 0x03, 0xeb, 0xcb, 0xff, 0x5b, 0xff, 0xde, 0xff, 0xdd, 0xa1, 0xff, 0xde, 0x03, 0xff, 0xdd,
	0xff, 0xde, 0xf6, 0xfa, 0xeb, 0x8a, 0x85, 0xdb, 0x28, 0x03, 0xdb, 0x48, 0xdb, 0x49, 0xe3, 0x48,
	0xe3, 0xec, 0x89, 0xff, 0xde, 0x06, 0xff, 0x3b, 0xf6, 0x98, 0xf6, 0x77, 0xfe, 0x56, 0xf6, 0x56,
	0xf6, 0x77, 0xff, 0x3b, 0x83, 0xff, 0xde, 0x04, 0xff, 0xbd, 0xff, 0x5b, 0xff, 0x3b, 0xff, 0x7c,
	0xff, 0xbd, 0x87, 0xff, 0xde, 0x03, 0xff, 0xdd, 0xff, 0xde, 0xf6, 0x98, 0xeb, 0x89, 0x83, 0xdb,
	0x48, 0x80, 0xdb, 0x28, 0x05, 0xdb, 0x48, 0xdb, 0x49, 0xf3, 0xaa, 0xed, 0xd4, 0xff, 0xde, 0xff,
	0xdd, 0xa3, 0xff, 0xde, 0x07, 0xff, 0xdd, 0xff, 0xde, 0xec, 0xf1, 0xeb, 0x48, 0xdb, 0x48, 0xdb,
	0x48, 0xdb, 0x28, 0xdb, 0x28, 0x82, 0xdb, 0x48, 0x04, 0xdb, 0x28, 0xe3, 0x69, 0xf6, 0xd9, 0xff,
	0xde, 0xff, 0xdd, 0x87, 0xff, 0xde, 0x04, 0xff, 0xdd, 0xff, 0x7c, 0xff, 0x5b, 0xff, 0x7c, 0xff,
	0xbd, 0x81, 0xff, 0xde, 0x01, 0x6b, 0x00, 0x1b, 0x00, 0x69, 0x00, 0x2d, 0x00, 0x4f, 0x10, 0x00,
	0x00, 0xa8, 0xff, 0xde, 0x07, 0xff, 0x9c, 0xff, 0x1a, 0xf6, 0xb8, 0xf6, 0x15, 0xf5, 0xd4, 0xed,
	0x73, 0xed, 0x52, 0xed, 0x11, 0x83, 0xec, 0xf0, 0x07, 0xed, 0x11, 0xed, 0x52, 0xed, 0x73, 0xf5,
	0xd4, 0xf6, 0x36, 0xfe, 0xb8, 0xfe, 0xfa, 0xff, 0x7c, 0xcd, 0xff, 0xde, 0x0b, 0xff, 0xdd, 0xff,
	0x3b, 0xf6, 0x98, 0xf5, 0xf5, 0xf5, 0x72, 0xec, 0xf0, 0xf4, 0xf0, 0xf4, 0xf0, 0xec, 0xcf, 0xec,
	0xcf, 0xec, 0xaf, 0xe4, 0x8f, 0x86, 0xe4, 0xaf, 0x81, 0xec, 0xcf, 0x07, 0xf4, 0xf0, 0xec, 0xf0,
	0xec, 0xf0, 0xed, 0x52, 0xf5, 0xf5, 0xf6, 0x98, 0xff, 0x3b, 0xff, 0xdd, 0xc5, 0xff, 0xde, 0x07,
	0xff, 0x9d, 0xfe, 0xd9, 0xf5, 0xd4, 0xed, 0x11, 0xf5, 0x10, 0xf4, 0xf0, 0xf4, 0xf0, 0xec, 0xcf,
	0x87, 0xe4, 0xaf, 0x80, 0xec, 0xaf, 0x88, 0xe4, 0xaf, 0x80, 0xec, 0xcf, 0x05, 0xf4, 0xcf, 0xf4,
	0xf0, 0xed, 0x31, 0xf5, 0xf5, 0xfe, 0xf9, 0xff, 0xbd, 0xbc, 0xff, 0xde, 0x00, 0xff, 0xdd, 0x81,
	0xff, 0xde, 0x0a, 0xff, 0x1a, 0xf5, 0xf5, 0xed, 0x10, 0xf4, 0xcf, 0xf4, 0xaf, 0xec, 0x8f, 0xe4,
	0xaf, 0xec, 0xaf, 0xec, 0xcf, 0xe4, 0xaf, 0xec, 0xaf, 0x87, 0xe4, 0xaf, 0x80, 0xec, 0xaf, 0x81,
	0xe4, 0xaf, 0x80, 0xec, 0xaf, 0x86, 0xe4, 0xaf, 0x05, 0xec, 0xaf, 0xf4, 0xef, 0xf5, 0x10, 0xed,
	0x11, 0xf6, 0x15, 0xff, 0x1a, 0xbb, 0xff, 0xde, 0x07, 0xff, 0x9c, 0xf6, 0x77, 0xed, 0x52, 0xf4,
	0xf0, 0xf4, 0xd0, 0xec, 0xaf, 0xec, 0xcf, 0xec, 0xaf, 0x83, 0xe4, 0xaf, 0x00, 0xec, 0xaf, 0x83,
	0xe4, 0xaf, 0x80, 0xec, 0xaf, 0x82, 0xe4, 0xaf, 0x80, 0xec, 0xaf, 0x82, 0xe4, 0xaf, 0x02, 0xec,
	0xaf, 0xe4, 0xaf, 0xec, 0xaf, 0x81, 0xe4, 0xaf, 0x09, 0xec, 0xaf, 0xe4, 0xaf, 0xec, 0xcf, 0xe4,
	0xaf, 0xec, 0xaf, 0xf4, 0xcf, 0xf4, 0xd0, 0xed, 0x52, 0xf6, 0x98, 0xff, 0xbd, 0xb6, 0xff, 0xde,
	0x05, 0xff, 0x9c, 0xf6, 0x56, 0xed, 0x10, 0xf4, 0xcf, 0xec, 0xaf, 0xe4, 0xaf, 0x82, 0xec, 0xaf,
	0x89, 0xe4, 0xaf, 0x80, 0xec, 0xaf, 0x83, 0xe4, 0xaf, 0x80, 0xec, 0xaf, 0x86, 0xe4, 0xaf, 0x82,
	0xec, 0xaf, 0x82, 0xe4, 0xaf, 0x04, 0xec, 0xaf, 0xf4, 0xef, 0xed, 0x31, 0xf6, 0x77, 0xff, 0x9d,
	0xb2, 0xff, 0xde, 0x03, 0xff, 0xbd, 0xf6, 0x77, 0xf5, 0x11, 0xf4, 0xcf, 0x82, 0xe4, 0xaf, 0x83,
	0xec, 0xaf, 0x86, 0xe4, 0xaf, 0x82, 0xec, 0xaf, 0x83, 0xe4, 0xaf, 0x82, 0xec, 0xaf, 0x03, 0xe4,
	0xaf, 0xec, 0xaf, 0xe4, 0xaf, 0xe4, 0xaf, 0x83, 0xec, 0xaf, 0x84, 0xe4, 0xaf, 0x80, 0xec, 0xcf,
	0x03, 0xf4, 0xf0, 0xed, 0x11, 0xf6, 0x77, 0xff, 0xbd, 0xaf, 0xff, 0xde, 0x04, 0xfe, 0xb8, 0xf5,
	0x31, 0xf4, 0xcf, 0xe4, 0xaf, 0xec, 0xaf, 0x81, 0xe4, 0xaf, 0x01, 0xe4, 0x8f, 0xe4, 0xaf, 0x83,
	0xec, 0xaf, 0x85, 0xe4, 0xaf, 0x81, 0xec, 0xaf, 0x84, 0xe4, 0xaf, 0x82, 0xec, 0xaf, 0x81, 0xe4,
	0xaf, 0x83, 0xec, 0xaf, 0x83, 0xe4, 0xaf, 0x81, 0xec, 0xaf, 0x80, 0xe4, 0xaf, 0x03, 0xec, 0xaf,
	0xf4, 0xcf, 0xed, 0x31, 0xfe, 0xf9, 0xac, 0xff, 0xde, 0x09, 0xff, 0x5b, 0xf5, 0x93, 0xf4, 0xf0,
	0xec, 0xaf, 0xe4, 0xaf, 0xec, 0xaf, 0xec, 0xaf, 0xe4, 0xaf, 0xe4, 0xaf, 0xe4, 0x8f, 0x81, 0xe4,
	0xaf, 0x83, 0xec, 0xaf, 0x82, 0xe4, 0xaf, 0x80, 0xec, 0xaf, 0x82, 0xe4, 0xaf, 0x00, 0xec, 0xaf,
	0x84, 0xe4, 0xaf, 0x87, 0xec, 0xaf, 0x85, 0xe4, 0xaf, 0x00, 0xec, 0xaf, 0x83, 0xe4, 0xaf, 0x03,
	0xec, 0xaf, 0xf4, 0xf0, 0xf5, 0xd4, 0xff, 0x7c, 0xa9, 0xff, 0xde, 0x02, 0xf6, 0x97, 0xf4, 0xf0,
	0xec, 0xaf, 0x81, 0xe4, 0xaf, 0x82, 0xec, 0xaf, 0x82, 0xe4, 0xaf, 0x84, 0xec, 0xaf, 0x81, 0xe4,
	0xaf, 0x06, 0xec, 0xaf, 0xec, 0xcf, 0xe4, 0xaf, 0xe4, 0xaf, 0xe4, 0x8f, 0xe4, 0x8f, 0xe4, 0xaf,
	0x81, 0xec, 0xaf, 0x07, 0xe4, 0xaf, 0xe4, 0x8f, 0xe4, 0x8f, 0xec, 0xaf, 0xec, 0xcf, 0xec, 0xcf,
	0xec, 0xaf, 0xe4, 0xaf, 0x82, 0xec, 0xaf, 0x83, 0xe4, 0xaf, 0x82, 0xec, 0xaf, 0x84, 0xe4, 0xaf,
	0x02, 0xec, 0xaf, 0xec, 0xf0, 0xf6, 0x98, 0xa6, 0xff, 0xde, 0x02, 0xff, 0x9c, 0xf5, 0xb3, 0xf4,
	0xf0, 0x83, 0xe4, 0xaf, 0x82, 0xec, 0xaf, 0x83, 0xe4, 0xaf, 0x84, 0xec, 0xaf, 0x08, 0xe4, 0xaf,
	0xec, 0xaf, 0xec, 0xaf, 0xf4, 0xcf, 0xf4, 0xcf, 0xf4, 0xf0, 0xec, 0xcf, 0xec, 0xcf, 0xec, 0xf0,
	0x81, 0xed, 0x11, 0x0a, 0xec, 0xf0, 0xec, 0xd0, 0xec, 0xcf, 0xf4, 0xf0, 0xf4, 0xcf, 0xf4, 0xcf,
	0xf4, 0xd0, 0xec, 0xaf, 0xe4, 0xaf, 0xec, 0xaf, 0xec, 0xaf, 0x82, 0xe4, 0xaf, 0x83, 0xec, 0xaf,
	0x80, 0xe4, 0xaf, 0x80, 0xe4, 0x8f, 0x83, 0xe4, 0xaf, 0x04, 0xf4, 0xf0, 0xf5, 0xd4, 0xff, 0xbd,
	0xff, 0xde, 0xff, 0xdd, 0xa1, 0xff, 0xde, 0x03, 0xff, 0x1a, 0xed, 0x11, 0xec, 0xcf, 0xec, 0xaf,
	0x82, 0xe4, 0xaf, 0x80, 0xec, 0xaf, 0x00, 0xe4, 0xaf, 0x81, 0xec, 0xaf, 0x84, 0xe4, 0xaf, 0x80,
	0xec, 0xaf, 0x0a, 0xf4, 0xcf, 0xf4, 0xf0, 0xec, 0xf0, 0xed, 0x52, 0xed, 0xb4, 0xf6, 0x56, 0xf6,
	0xb9, 0xff, 0x3a, 0xff, 0x5b, 0xff, 0x9c, 0xff, 0x9d, 0x82, 0xff, 0xbd, 0x0a, 0xff, 0x9c, 0xff,
	0x5b, 0xff, 0x1a, 0xf6, 0xb8, 0xf6, 0x57, 0xed, 0xd4, 0xed, 0x52, 0xec, 0xf0, 0xf4, 0xcf, 0xf4,
	0xaf, 0xec, 0x8e, 0x81, 0xe4, 0xaf, 0x82, 0xec, 0xaf, 0x80, 0xe4, 0xaf, 0x81, 0xe4, 0x8f, 0x84,
	0xe4, 0xaf, 0x02, 0xf4, 0xcf, 0xed, 0x31, 0xff, 0x3b, 0xa1, 0xff, 0xde, 0x08, 0xf6, 0x98, 0xf5,
	0x10, 0xec, 0xaf, 0xe4, 0xaf, 0xec, 0xaf, 0xec, 0xaf, 0xe4, 0xaf, 0xe4, 0xaf, 0xec, 0xaf, 0x82,
	0xe4, 0xaf, 0x82, 0xec, 0xaf, 0x80, 0xe4, 0xaf, 0x06, 0xec, 0x8e, 0xf4, 0x8f, 0xf4, 0xcf, 0xed,
	0x31, 0xf6, 0x15, 0xfe, 0xf9, 0xff, 0x7c, 0x91, 0xff, 0xde, 0x0b, 0xff, 0x7c, 0xf6, 0xb8, 0xf5,
	0xd4, 0xec, 0xf0, 0xf4, 0xcf, 0xf4, 0xcf, 0xec, 0xaf, 0xec, 0xaf, 0xe4, 0xaf, 0xec, 0xaf, 0xec,
	0xaf, 0xe4, 0xaf, 0x82, 0xe4, 0x8f, 0x85, 0xe4, 0xaf, 0x02, 0xec, 0xaf, 0xf5, 0x10, 0xf6, 0xb8,
	0x9f, 0xff, 0xde, 0x04, 0xf6, 0x15, 0xf4, 0xf0, 0xe4, 0xaf, 0xe4, 0xaf, 0xec, 0xaf, 0x81, 0xe4,
	0xaf, 0x02, 0xe4, 0x8f, 0xec, 0xaf, 0xec, 0xaf, 0x81, 0xe4, 0xaf, 0x81, 0xec, 0xaf, 0x06, 0xe4,
	0xaf, 0xec, 0xaf, 0xf4, 0xd0, 0xec, 0xf0, 0xf6, 0x15, 0xff, 0x1a, 0xff, 0xdd, 0x97, 0xff, 0xde,
	0x07, 0xff, 0xbd, 0xff, 0x1a, 0xf6, 0x36, 0xed, 0x32, 0xf4, 0xf0, 0xec, 0xcf, 0xe4, 0xaf, 0xe4,
	0xaf, 0x82, 0xe4, 0x8f, 0x01, 0xe4, 0xaf, 0xec, 0xaf, 0x81, 0xe4, 0xaf, 0x80, 0xe4, 0x8f, 0x81,
	0xe4, 0xaf, 0x01, 0xec, 0xcf, 0xf6, 0x36, 0x9d, 0xff, 0xde, 0x02, 0xf5, 0xd4, 0xf4, 0xcf, 0xe4,
	0xaf, 0x81, 0xec, 0xaf, 0x83, 0xe4, 0xaf, 0x00, 0xec, 0xaf, 0x83, 0xe4, 0xaf, 0x04, 0xf4, 0xcf,
	0xf4, 0xd0, 0xf5, 0x93, 0xfe, 0xd9, 0xff, 0xbd, 0x9d, 0xff, 0xde, 0x07, 0xff, 0xdd, 0xfe, 0xd9,
	0xf5, 0xb3, 0xf4, 0xaf, 0xec, 0x8f, 0xe4, 0xaf, 0xe4, 0xaf, 0xe4, 0x8f, 0x82, 0xe4, 0xaf, 0x81,
	0xe4, 0x8f, 0x83, 0xe4, 0xaf, 0x01, 0xf4, 0xf0, 0xf6, 0x15, 0x9a, 0xff, 0xde, 0x02, 0xff, 0xdd,
	0xf5, 0xb4, 0xf4, 0xf0, 0x82, 0xe4, 0xaf, 0x06, 0xec, 0xaf, 0xe4, 0xaf, 0xe4, 0x8f, 0xe4, 0x8f,
	0xe4, 0xaf, 0xec, 0xaf, 0xe4, 0xaf, 0x81, 0xe4, 0x8f, 0x03, 0xec, 0x8f, 0xf4, 0xcf, 0xf5, 0xb4,
	0xff, 0x1a, 0xa3, 0xff, 0xde, 0x08, 0xff, 0x1a, 0xf5, 0x93, 0xf4, 0xcf, 0xec, 0x8f, 0xe4, 0xaf,
	0xe4, 0xaf, 0xec, 0xaf, 0xe4, 0xaf, 0xe4, 0xaf, 0x81, 0xe4, 0x8f, 0x83, 0xe4, 0xaf, 0x02, 0xe4,
	0xcf, 0xf4, 0xf0, 0xf5, 0xd4, 0x98, 0xff, 0xde, 0x02, 0xff, 0xdd, 0xf5, 0xb4, 0xf4, 0xcf, 0x81,
	0xe4, 0xaf, 0x0d, 0xe4, 0x8f, 0xe4, 0xaf, 0xec, 0xaf, 0xe4, 0x8f, 0xe4, 0x8f, 0xe4, 0xaf, 0xec,
	0xaf, 0xec, 0xaf, 0xe4, 0x8f, 0xe4, 0xaf, 0xe4, 0x8e, 0xf4, 0xcf, 0xf5, 0x73, 0xff, 0x1a, 0xa7,
	0xff, 0xde, 0x08, 0xf6, 0xf9, 0xed, 0x73, 0xf4, 0xf0, 0xec, 0xaf, 0xe4, 0xaf, 0xec, 0xaf, 0xe4,
	0xaf, 0xe4, 0xaf, 0xe4, 0x8f, 0x84, 0xe4, 0xaf, 0x03, 0xec, 0xaf, 0xe4, 0xcf, 0xf4, 0xcf, 0xf5,
	0xd4, 0x97, 0xff, 0xde, 0x01, 0xf5, 0xd4, 0xf4, 0xcf, 0x82, 0xe4, 0xaf, 0x83, 0xe4, 0x8f, 0x06,
	0xe4, 0xaf, 0xec, 0xaf, 0xe4, 0xaf, 0xe4, 0xaf, 0xec, 0xaf, 0xec, 0xf0, 0xf6, 0xb9, 0xab, 0xff,
	0xde, 0x02, 0xfe, 0xb8, 0xed, 0x11, 0xf4, 0xcf, 0x85, 0xe4, 0xaf, 0x00, 0xe4, 0x8f, 0x83, 0xe4,
	0xaf, 0x01, 0xf4, 0xcf, 0xf5, 0xf5, 0x95, 0xff, 0xde, 0x01, 0xf5, 0xf5, 0xf4, 0xcf, 0x82, 0xe4,
	0xaf, 0x00, 0xec, 0xaf, 0x82, 0xe4, 0x8f, 0x06, 0xe4, 0xaf, 0xec, 0xaf, 0xe4, 0xaf, 0xec, 0xaf,
	0xf4, 0xf0, 0xf5, 0xf5, 0xff, 0x9c, 0xad, 0xff, 0xde, 0x02, 0xff, 0x7c, 0xf5, 0xd4, 0xf4, 0xcf,
	0x83, 0xe4, 0xaf, 0x80, 0xe4, 0x8f, 0x84, 0xe4, 0xaf, 0x01, 0xf4, 0xf0, 0xf6, 0x15, 0x91, 0xff,
	0xde, 0x03, 0xff, 0xdd, 0xff, 0xde, 0xf6, 0x56, 0xf4, 0xf0, 0x81, 0xe4, 0xaf, 0x80, 0xe4, 0x8f,
	0x00, 0xe4, 0xaf, 0x82, 0xe4, 0x8f, 0x04, 0xe4, 0xaf, 0xec, 0xaf, 0xec, 0xaf, 0xec, 0xf0, 0xfe,
	0xd9, 0x92, 0xff, 0xde, 0x81, 0xff, 0xdd, 0x83, 0xff, 0xde, 0x81, 0xff, 0xdd, 0x92, 0xff, 0xde,
	0x02, 0xf6, 0x98, 0xec, 0xd0, 0xec, 0xaf, 0x88, 0xe4, 0xaf, 0x03, 0xec, 0xaf, 0xec, 0xcf, 0xf4,
	0xef, 0xf6, 0x77, 0x91, 0xff, 0xde, 0x01, 0xf6, 0xd9, 0xf4, 0xcf, 0x81, 0xe4, 0xaf, 0x82, 0xe4,
	0x8f, 0x80, 0xe4, 0xaf, 0x80, 0xe4, 0x8f, 0x03, 0xe4, 0xaf, 0xf4, 0xcf, 0xf5, 0x72, 0xff, 0x5c,
	0x8e, 0xff, 0xde, 0x80, 0xff, 0xdd, 0x8f, 0xff, 0xde, 0x80, 0xff, 0xdd, 0x8e, 0xff, 0xde, 0x05,
	0xff, 0x3b, 0xf5, 0x31, 0xec, 0xaf, 0xe4, 0xaf, 0xec, 0xaf, 0xe4, 0x8f, 0x87, 0xe4, 0xaf, 0x01,
	0xf4, 0xf0, 0xf6, 0xf9, 0x8f, 0xff, 0xde, 0x02, 0xff, 0x5b, 0xf4, 0xf0, 0xec, 0xaf, 0x81, 0xe4,
	0xaf, 0x82, 0xe4, 0x8f, 0x08, 0xe4, 0xaf, 0xec, 0xaf, 0xe4, 0xaf, 0xe4, 0xaf, 0xf4, 0xcf, 0xf5,
	0xf5, 0xff, 0xbd, 0xff, 0xde, 0xff, 0xdd, 0x8a, 0xff, 0xde, 0x80, 0xff, 0xdd, 0x82, 0xff, 0xde,
	0x0e, 0xff, 0x9c, 0xfe, 0xf9, 0xf6, 0x36, 0xf5, 0xd4, 0xed, 0x72, 0xec, 0xf0, 0xec, 0xaf, 0xe4,
	0x8e, 0xe4, 0xaf, 0xec, 0xf0, 0xed, 0x52, 0xf5, 0xd4, 0xf6, 0x36, 0xfe, 0xf9, 0xff, 0x9c, 0x82,
	0xff, 0xde, 0x80, 0xff, 0xdd, 0x8c, 0xff, 0xde, 0x05, 0xff, 0x9d, 0xf5, 0x93, 0xf4, 0xcf, 0xe4,
	0xaf, 0xe4, 0xaf, 0xe4, 0x8f, 0x86, 0xe4, 0xaf, 0x02, 0xec, 0xaf, 0xed, 0x31, 0xff, 0x7c, 0x8c,
	0xff, 0xde, 0x04, 0xff, 0xdd, 0xff, 0xbd, 0xed, 0x52, 0xec, 0xaf, 0xe4, 0xaf, 0x81, 0xe4, 0x8f,
	0x80, 0xe4, 0xaf, 0x81, 0xe4, 0x8f, 0x03, 0xe4, 0xaf, 0xe4, 0x8f, 0xf4, 0xcf, 0xf6, 0x16, 0x8c,
	0xff, 0xde, 0x00, 0xff, 0xdd, 0x81, 0xff, 0xde, 0x0d, 0xff, 0xbd, 0xfe, 0xb8, 0xf5, 0x93, 0xec,
	0xae, 0xe3, 0xcb, 0xeb, 0xaa, 0xeb, 0x89, 0xeb, 0xaa, 0xeb, 0xaa, 0xe3, 0x69, 0xe3, 0x69, 0xe3,
	0x49, 0xe3, 0x69, 0xe3, 0x69, 0x81, 0xeb, 0x89, 0x05, 0xeb, 0xaa, 0xe3, 0xaa, 0xec, 0xaf, 0xf5,
	0xb3, 0xfe, 0xf9, 0xff, 0xbd, 0x81, 0xff, 0xde, 0x00, 0xff, 0xdd, 0x8b, 0xff, 0xde, 0x02, 0xff,
	0xdd, 0xf5, 0xf5, 0xf4, 0xcf, 0x85, 0xe4, 0xaf, 0x05, 0xe4, 0x8f, 0xe4, 0xaf, 0xec, 0xaf, 0xe4,
	0xaf, 0xec, 0xcf, 0xed, 0x73, 0x8d, 0xff, 0xde, 0x06, 0xf6, 0x15, 0xf4, 0xcf, 0xe4, 0xaf, 0xec,
	0xaf, 0xec, 0xaf, 0xe4, 0x8f, 0xe4, 0x8f, 0x81, 0xec, 0xaf, 0x04, 0xec, 0x8f, 0xe4, 0xaf, 0xe4,
	0x8f, 0xf4, 0xd0, 0xf6, 0x56, 0x8b, 0xff, 0xde, 0x00, 0xff, 0xdd, 0x81, 0xff, 0xde, 0x06, 0xfe,
	0xf9, 0xf5, 0x72, 0xec, 0x0c, 0xf3, 0xca, 0xeb, 0x89, 0xe3, 0x69, 0xdb, 0x48, 0x81, 0xdb, 0x69,
	0x87, 0xdb, 0x49, 0x80, 0xdb, 0x48, 0x05, 0xe3, 0x69, 0xeb, 0x89, 0xeb, 0xaa, 0xec, 0x0c, 0xf5,
	0x72, 0xfe, 0xf9, 0x81, 0xff, 0xde, 0x00, 0xff, 0xdd, 0x8b, 0xff, 0xde, 0x03, 0xf6, 0x15, 0xf4,
	0xcf, 0xe4, 0xaf, 0xec, 0xaf, 0x85, 0xe4, 0xaf, 0x03, 0xec, 0xaf, 0xe4, 0xaf, 0xf4, 0xf0, 0xf6,
	0x56, 0x8b, 0xff, 0xde, 0x01, 0xf6, 0xf9, 0xf4, 0xd0, 0x81, 0xec, 0xaf, 0x02, 0xe4, 0xaf, 0xec,
	0xaf, 0xe4, 0x8f, 0x81, 0xec, 0xaf, 0x80, 0xe4, 0xaf, 0x01, 0xf4, 0xcf, 0xf6, 0x36, 0x8e, 0xff,
	0xde, 0x04, 0xf6, 0x77, 0xec, 0x8e, 0xeb, 0xaa, 0xeb, 0x89, 0xe3, 0x49, 0x82, 0xdb, 0x69, 0x01,
	0xe3, 0x69, 0xdb, 0x69, 0x83, 0xdb, 0x49, 0x84, 0xdb, 0x48, 0x80, 0xdb, 0x49, 0x06, 0xdb, 0x69,
	0xdb, 0x49, 0xdb, 0x48, 0xeb, 0x69, 0xeb, 0xaa, 0xec, 0xaf, 0xfe, 0x97, 0x8e, 0xff, 0xde, 0x06,
	0xf5, 0xf5, 0xf4, 0xf0, 0xe4, 0xaf, 0xec, 0xaf, 0xe4, 0xaf, 0xe4, 0xaf, 0xec, 0xaf, 0x81, 0xe4,
	0xaf, 0x04, 0xec, 0xaf, 0xe4, 0xaf, 0xec, 0xaf, 0xf4, 0xf0, 0xff, 0x1a, 0x89, 0xff, 0xde, 0x0e,
	0xff, 0xbd, 0xec, 0xf1, 0xec, 0xaf, 0xe4, 0xaf, 0xec, 0x8f, 0xe4, 0xaf, 0xe4, 0xaf, 0xec, 0xaf,
	0xec, 0x8f, 0xe4, 0x8f, 0xe4, 0x8f, 0xe4, 0xaf, 0xe4, 0xaf, 0xf4, 0xaf, 0xf6, 0x15, 0x8a, 0xff,
	0xde, 0x0c, 0xff, 0xdd, 0xff, 0xde, 0xff, 0xde, 0xf6, 0x97, 0xec, 0x4d, 0xeb, 0x89, 0xe3, 0x69,
	0xdb, 0x49, 0xdb, 0x69, 0xdb, 0x49, 0xdb, 0x49, 0xe3, 0x49, 0xe3, 0x49, 0x85, 0xdb, 0x49, 0x89,
	0xdb, 0x48, 0x09, 0xdb, 0x49, 0xdb, 0x48, 0xdb, 0x48, 0xeb, 0x69, 0xf3, 0xca, 0xec, 0x8e, 0xf6,
	0xd8, 0xff, 0xde, 0xff, 0xde, 0xff, 0xdd, 0x8a, 0xff, 0xde, 0x01, 0xf5, 0xd5, 0xf4, 0xcf, 0x81,
	0xe4, 0xaf, 0x02, 0xec, 0xaf, 0xe4, 0xaf, 0xec, 0xaf, 0x82, 0xe4, 0xaf, 0x02, 0xec, 0xaf, 0xed,
	0x52, 0xff, 0xbd, 0x88, 0xff, 0xde, 0x0d, 0xf5, 0xf5, 0xf4, 0xcf, 0xe4, 0xaf, 0xec, 0x8f, 0xe4,
	0x8f, 0xe4, 0x8f, 0xec, 0xaf, 0xe4, 0xaf, 0xe4, 0xaf, 0xe4, 0x8f, 0xe4, 0xaf, 0xe4, 0xaf, 0xf4,
	0xcf, 0xf5, 0xb4, 0x8a, 0xff, 0xde, 0x07, 0xff, 0xdd, 0xff, 0xde, 0xff, 0x3b, 0xec, 0xcf, 0xeb,
	0x8a, 0xe3, 0x48, 0xdb, 0x49, 0xdb, 0x49, 0x82, 0xdb, 0x48, 0x80, 0xe3, 0x49, 0x01, 0xdb, 0x49,
	0xdb, 0x48, 0x83, 0xdb, 0x49, 0x81, 0xdb, 0x48, 0x00, 0xdb, 0x49, 0x88, 0xdb, 0x48, 0x80, 0xdb,
	0x49, 0x03, 0xe3, 0x69, 0xeb, 0xca, 0xed, 0x11, 0xff, 0x5b, 0x8c, 0xff, 0xde, 0x03, 0xed, 0x73,
	0xec, 0xaf, 0xe4, 0xaf, 0xec, 0xaf, 0x82, 0xe4, 0xaf, 0x00, 0xe4, 0x8f, 0x81, 0xe4, 0xaf, 0x01,
	0xf4, 0xcf, 0xf6, 0x36, 0x87, 0xff, 0xde, 0x03, 0xff, 0x5b, 0xec, 0xf0, 0xec, 0xaf, 0xe4, 0xaf,
	0x82, 0xe4, 0x8f, 0x80, 0xec, 0xaf, 0x80, 0xe4, 0xaf, 0x02, 0xec, 0xaf, 0xed, 0x52, 0xff, 0xbd,
	0x88, 0xff, 0xde, 0x0b, 0xff, 0xdd, 0xff, 0xde, 0xff, 0xde, 0xf6, 0x15, 0xe3, 0xaa, 0xeb, 0x69,
	0xdb, 0x49, 0xdb, 0x49, 0xdb, 0x48, 0xdb, 0x48, 0xdb, 0x49, 0xdb, 0x49, 0x81, 0xdb, 0x48, 0x00,
	0xdb, 0x49, 0x81, 0xdb, 0x48, 0x86, 0xdb, 0x49, 0x84, 0xdb, 0x48, 0x80, 0xdb, 0x28, 0x81, 0xdb,
	0x48, 0x80, 0xdb, 0x49, 0x06, 0xdb, 0x69, 0xeb, 0x69, 0xe3, 0xca, 0xf6, 0x56, 0xff, 0xde, 0xff,
	0xde, 0xff, 0xdd, 0x88, 0xff, 0xde, 0x02, 0xff, 0xbd, 0xed, 0x31, 0xec, 0xaf, 0x83, 0xe4, 0xaf,
	0x00, 0xe4, 0x8f, 0x81, 0xe4, 0xaf, 0x02, 0xec, 0xaf, 0xec, 0xf0, 0xff, 0x7c, 0x86, 0xff, 0xde,
	0x04, 0xed, 0x93, 0xf4, 0xcf, 0xec, 0xaf, 0xe4, 0xaf, 0xec, 0xaf, 0x81, 0xe4, 0x8f, 0x80, 0xec,
	0xaf, 0x03, 0xe4, 0xaf, 0xec, 0xaf, 0xec, 0xf0, 0xff, 0x5c, 0x88, 0xff, 0xde, 0x06, 0xff, 0xdd,
	0xff, 0xde, 0xff, 0xbd, 0xed, 0x10, 0xf3, 0xaa, 0xdb, 0x49, 0xdb, 0x69, 0x82, 0xdb, 0x48, 0x00,
	0xdb, 0x49, 0x81, 0xdb, 0x48, 0x8b, 0xdb, 0x49, 0x80, 0xdb, 0x48, 0x02, 0xdb, 0x28, 0xdb, 0x48,
	0xdb, 0x48, 0x82, 0xdb, 0x28, 0x83, 0xdb, 0x48, 0x06, 0xdb, 0x69, 0xdb, 0x48, 0xeb, 0x89, 0xf5,
	0x31, 0xff, 0xbd, 0xff, 0xde, 0xff, 0xdd, 0x88, 0xff, 0xde, 0x02, 0xff, 0x3b, 0xec, 0xd0, 0xec,
	0xaf, 0x83, 0xe4, 0xaf, 0x00, 0xe4, 0x8f, 0x81, 0xe4, 0xaf, 0x01, 0xec, 0xcf, 0xed, 0xd4, 0x85,
	0xff, 0xde, 0x05, 0xf6, 0xf9, 0xf4, 0xf0, 0xe4, 0xaf, 0xec, 0xaf, 0xe4, 0xaf, 0xe4, 0xaf, 0x81,
	0xec, 0xaf, 0x81, 0xe4, 0xaf, 0x03, 0xf4, 0xcf, 0xf6, 0xb8, 0xff, 0xde, 0xff, 0xdd, 0x86, 0xff,
	0xde, 0x06, 0xff, 0xdd, 0xff, 0xde, 0xff, 0x3a, 0xec, 0x4d, 0xeb, 0x69, 0xdb, 0x49, 0xdb, 0x49,
	0x87, 0xdb, 0x48, 0x02, 0xdb, 0x49, 0xe3, 0x49, 0xe3, 0x49, 0x87, 0xdb, 0x49, 0x89, 0xdb, 0x48,
	0x00, 0xdb, 0x28, 0x82, 0xdb, 0x48, 0x80, 0xdb, 0x49, 0x04, 0xeb, 0x89, 0xec, 0x8e, 0xff, 0x5b,
	0xff, 0xde, 0xff, 0xdd, 0x88, 0xff, 0xde, 0x01, 0xf6, 0x77, 0xf4, 0xcf, 0x82, 0xe4, 0xaf, 0x07,
	0xe4, 0x8f, 0xe4, 0xaf, 0xe4, 0x8f, 0xe4, 0x8f, 0xe4, 0xaf, 0xe4, 0xcf, 0xf5, 0x11, 0xff, 0x3b,
	0x84, 0xff, 0xde, 0x01, 0xed, 0x52, 0xec, 0xaf, 0x82, 0xe4, 0xaf, 0x80, 0xec, 0xaf, 0x04, 0xec,
	0x8f, 0xe4, 0x8f, 0xe4, 0xaf, 0xec, 0xaf, 0xed, 0xb4, 0x88, 0xff, 0xde, 0x07, 0xff, 0xdd, 0xff,
	0xde, 0xf6, 0xfa, 0xeb, 0xcb, 0xeb, 0x49, 0xdb, 0x49, 0xdb, 0x48, 0xdb, 0x28, 0x84, 0xdb, 0x48,
	0x81, 0xdb, 0x49, 0x04, 0xdb, 0x48, 0xdb, 0x49, 0xe3, 0x49, 0xdb, 0x69, 0xdb, 0x69, 0x84, 0xdb,
	0x49, 0x05, 0xdb, 0x48, 0xdb, 0x49, 0xdb, 0x49, 0xdb, 0x69, 0xdb, 0x69, 0xdb, 0x49, 0x83, 0xdb,
	0x48, 0x80, 0xdb, 0x28, 0x83, 0xdb, 0x48, 0x06, 0xdb, 0x49, 0xdb, 0x69, 0xe3, 0x69, 0xe4, 0x0c,
	0xf7, 0x1a, 0xff, 0xde, 0xff, 0xdd, 0x86, 0xff, 0xde, 0x06, 0xff, 0xdd, 0xff, 0xde, 0xf5, 0x93,
	0xec, 0xaf, 0xe4, 0xaf, 0xe4, 0x8f, 0xe4, 0x8f, 0x83, 0xe4, 0xaf, 0x02, 0xec, 0xcf, 0xec, 0xf0,
	0xed, 0xb3, 0x83, 0xff, 0xde, 0x01, 0xf6, 0xd9, 0xf4, 0xf0, 0x83, 0xe4, 0xaf, 0x80, 0xec, 0xaf,
	0x80, 0xe4, 0x8f, 0x02, 0xec, 0x8f, 0xed, 0x10, 0xff, 0x9d, 0x87, 0xff, 0xde, 0x05, 0xff, 0xdd,
	0xff, 0xde, 0xf6, 0xd9, 0xeb, 0xaa, 0xe3, 0x49, 0xdb, 0x48, 0x81, 0xdb, 0x28, 0x84, 0xdb, 0x48,
	0x84, 0xdb, 0x49, 0x10, 0xe3, 0x69, 0xeb, 0x89, 0xf3, 0x89, 0xeb, 0x69, 0xeb, 0x89, 0xeb, 0xaa,
	0xeb, 0xeb, 0xeb, 0xca, 0xeb, 0x69, 0xeb, 0x69, 0xeb, 0x89, 0xeb, 0x89, 0xe3, 0x69, 0xdb, 0x49,
	0xdb, 0x49, 0xdb, 0x48, 0xdb, 0x28, 0x89, 0xdb, 0x48, 0x05, 0xdb, 0x49, 0xe3, 0x48, 0xe3, 0xeb,
	0xf7, 0x1a, 0xff, 0xde, 0xff, 0xdd, 0x87, 0xff, 0xde, 0x03, 0xff, 0x7c, 0xec, 0xf0, 0xec, 0xaf,
	0xe4, 0xaf, 0x81, 0xe4, 0x8f, 0x80, 0xe4, 0xaf, 0x0a, 0xec, 0xaf, 0xe4, 0xaf, 0xe4, 0xcf, 0xf4,
	0xf0, 0xfe, 0xfa, 0xff, 0xde, 0xff, 0xdd, 0xff, 0xde, 0xff, 0xde, 0xed, 0x52, 0xec, 0xaf, 0x84,
	0xe4, 0xaf, 0x81, 0xec, 0xaf, 0x01, 0xf4, 0xd0, 0xf6, 0x98, 0x87, 0xff, 0xde, 0x06, 0xff, 0xdd,
	0xff, 0xde, 0xf7, 0x1a, 0xeb, 0xcb, 0xe3, 0x69, 0xdb, 0x49, 0xdb, 0x48, 0x81, 0xdb, 0x28, 0x84,
	0xdb, 0x48, 0x19, 0xe3, 0x49, 0xdb, 0x49, 0xdb, 0x49, 0xe3, 0x28, 0xeb, 0x48, 0xeb, 0x69, 0xe3,
	0xec, 0xec, 0xf0, 0xf5, 0xd4, 0xf6, 0x57, 0xf6, 0xd9, 0xff, 0x1a, 0xff, 0x3b, 0xff, 0x1a, 0xf6,
	0xd9, 0xf6, 0x77, 0xf5, 0xf5, 0xed, 0x10, 0xec, 0x0c, 0xeb, 0x69, 0xeb, 0x48, 0xe3, 0x28, 0xdb,
	0x49, 0xdb, 0x49, 0xdb, 0x48, 0xdb, 0x48, 0x81, 0xdb, 0x28, 0x09, 0xdb, 0x48, 0xdb, 0x28, 0xdb,
	0x48, 0xdb, 0x48, 0xdb, 0x28, 0xdb, 0x48, 0xdb, 0x49, 0xe3, 0x69, 0xe3, 0xeb, 0xf7, 0x1a, 0x89,
	0xff, 0xde, 0x01, 0xf6, 0x77, 0xf4, 0xd0, 0x87, 0xe4, 0xaf, 0x01, 0xec, 0xaf, 0xed, 0x72, 0x81,
	0xff, 0xde, 0x07, 0xff, 0x3a, 0xf4, 0xaf, 0xe4, 0x8f, 0xe4, 0xaf, 0xe4, 0xaf, 0xec, 0xaf, 0xe4,
	0xaf, 0xe4, 0xaf, 0x81, 0xec, 0xaf, 0x01, 0xec, 0xcf, 0xed, 0x73, 0x87, 0xff, 0xde, 0x06, 0xff,
	0xdd, 0xff, 0xde, 0xff, 0x7b, 0xec, 0x0c, 0xe3, 0x49, 0xdb, 0x49, 0xdb, 0x48, 0x82, 0xdb, 0x28,
	0x82, 0xdb, 0x48, 0x08, 0xdb, 0x28, 0xdb, 0x48, 0xdb, 0x49, 0xe3, 0x69, 0xeb, 0xaa, 0xe3, 0xec,
	0xed, 0x72, 0xf6, 0xd9, 0xff, 0xbd, 0x89, 0xff, 0xde, 0x07, 0xff, 0xbd, 0xfe, 0xf9, 0xed, 0x52,
	0xe3, 0xeb, 0xeb, 0xaa, 0xe3, 0x69, 0xdb, 0x49, 0xdb, 0x49, 0x83, 0xdb, 0x28, 0x08, 0xdb, 0x48,
	0xdb, 0x28, 0xdb, 0x28, 0xdb, 0x48, 0xdb, 0x48, 0xdb, 0x49, 0xe3, 0x48, 0xe4, 0x0c, 0xff, 0x9c,
	0x89, 0xff, 0xde, 0x01, 0xed, 0x32, 0xec, 0xaf, 0x86, 0xe4, 0xaf, 0x09, 0xe4, 0x8e, 0xf4, 0xcf,
	0xff, 0x5b, 0xff, 0xde, 0xff, 0xde, 0xf5, 0xd5, 0xf4, 0xaf, 0xe4, 0xaf, 0xe4, 0x8f, 0xe4, 0xaf,
	0x84, 0xec, 0xaf, 0x01, 0xec, 0xf0, 0xff, 0x1a, 0x87, 0xff, 0xde, 0x04, 0xff, 0xdd, 0xff, 0xbd,
	0xec, 0x6e, 0xeb, 0x69, 0xdb, 0x49, 0x87, 0xdb, 0x48, 0x06, 0xdb, 0x49, 0xdb, 0x48, 0xdb, 0x08,
	0xeb, 0x69, 0xec, 0x4d, 0xf6, 0x77, 0xff, 0xbd, 0x81, 0xff, 0xde, 0x82, 0xff, 0xdd, 0x81, 0xff,
	0xde, 0x82, 0xff, 0xdd, 0x81, 0xff, 0xde, 0x07, 0xff, 0x9d, 0xf6, 0x57, 0xec, 0x4d, 0xeb, 0x69,
	0xdb, 0x28, 0xdb, 0x48, 0xdb, 0x28, 0xdb, 0x28, 0x81, 0xdb, 0x48, 0x09, 0xdb, 0x28, 0xdb, 0x48,
	0xdb, 0x28, 0xdb, 0x48, 0xdb, 0x48, 0xdb, 0x69, 0xe3, 0x48, 0xec, 0x8e, 0xff, 0xde, 0xff, 0xdd,
	0x87, 0xff, 0xde, 0x01, 0xf6, 0xd9, 0xf4, 0xf0, 0x84, 0xe4, 0xaf, 0x80, 0xe4, 0x8f, 0x06, 0xe4,
	0xaf, 0xf4, 0xcf, 0xf6, 0x15, 0xff, 0xde, 0xff, 0x9d, 0xed, 0x11, 0xec, 0xaf, 0x81, 0xe4, 0x8f,
	0x84, 0xec, 0xaf, 0x00, 0xed, 0x73, 0x87, 0xff, 0xde, 0x04, 0xff, 0xdd, 0xff, 0xde, 0xed, 0x52,
	0xf3, 0x89, 0xdb, 0x49, 0x83, 0xdb, 0x48, 0x00, 0xdb, 0x28, 0x81, 0xdb, 0x48, 0x80, 0xdb, 0x49,
	0x02, 0xeb, 0x89, 0xe3, 0xcb, 0xf5, 0xf5, 0x81, 0xff, 0xde, 0x80, 0xff, 0xdd, 0x8b, 0xff, 0xde,
	0x80, 0xff, 0xdd, 0x80, 0xff, 0xde, 0x06, 0xff, 0xdd, 0xf5, 0xd4, 0xe3, 0x8a, 0xeb, 0x69, 0xdb,
	0x49, 0xdb, 0x49, 0xdb, 0x48, 0x84, 0xdb, 0x28, 0x80, 0xdb, 0x48, 0x04, 0xdb, 0x49, 0xeb, 0x89,
	0xed, 0x93, 0xff, 0xde, 0xff, 0xdd, 0x87, 0xff, 0xde, 0x01, 0xed, 0x52, 0xec, 0xaf, 0x81, 0xe4,
	0xaf, 0x82, 0xe4, 0x8f, 0x10, 0xe4, 0xaf, 0xec, 0xcf, 0xed, 0x31, 0xff, 0xbd, 0xf6, 0x98, 0xf4,
	0xf0, 0xec, 0xcf, 0xe4, 0xaf, 0xe4, 0x8f, 0xe4, 0x8f, 0xe4, 0xaf, 0xe4, 0xaf, 0xec, 0xaf, 0xe4,
	0xaf, 0xe4, 0x8f, 0xf4, 0xd0, 0xf6, 0xfa, 0x86, 0xff, 0xde, 0x07, 0xff, 0xdd, 0xff, 0xde, 0xf6,
	0x98, 0xeb, 0xaa, 0xdb, 0x49, 0xdb, 0x48, 0xdb, 0x28, 0xdb, 0x28, 0x83, 0xdb, 0x48, 0x08, 0xdb,
	0x28, 0xdb, 0x48, 0xdb, 0x48, 0xf3, 0x8a, 0xf5, 0x31, 0xff, 0x9c, 0xff, 0xde, 0xff, 0xde, 0xff,
	0xdd, 0x91, 0xff, 0xde, 0x07, 0xff, 0xdd, 0xff, 0xde, 0xff, 0xde, 0xff, 0x7c, 0xec, 0xf0, 0xeb,
	0x89, 0xdb, 0x49, 0xdb, 0x49, 0x82, 0xdb, 0x28, 0x81, 0xdb, 0x48, 0x06, 0xdb, 0x28, 0xdb, 0x48,
	0xdb, 0x69, 0xf3, 0xca, 0xf6, 0xd9, 0xff, 0xde, 0xff, 0xdd, 0x86, 0xff, 0xde, 0x03, 0xf6, 0xd9,
	0xf4, 0xf0, 0xe4, 0xaf, 0xe4, 0xaf, 0x83, 0xe4, 0x8f, 0x08, 0xe4, 0xaf, 0xec, 0xaf, 0xf4, 0xf0,
	0xf6, 0xb8, 0xed, 0x93, 0xec, 0xcf, 0xe4, 0xaf, 0xec, 0xaf, 0xe4, 0xaf, 0x82, 0xe4, 0x8f, 0x02,
	0xe4, 0xaf, 0xec, 0xaf, 0xed, 0x52, 0x88, 0xff, 0xde, 0x05, 0xff, 0xbd, 0xe4, 0x0c, 0xe3, 0x49,
	0xdb, 0x49, 0xdb, 0x28, 0xdb, 0x28, 0x84, 0xdb, 0x48, 0x06, 0xdb, 0x49, 0xe3, 0x28, 0xe3, 0x49,
	0xf5, 0xf5, 0xff, 0xde, 0xff, 0xde, 0xff, 0xdd, 0x95, 0xff, 0xde, 0x04, 0xff, 0xdd, 0xff, 0xde,
	0xff, 0xde, 0xf5, 0xb4, 0xf3, 0xaa, 0x86, 0xdb, 0x28, 0x81, 0xdb, 0x48, 0x02, 0xe3, 0x48, 0xec,
	0x0c, 0xff, 0xbd, 0x88, 0xff, 0xde, 0x03, 0xed, 0x52, 0xec, 0xaf, 0xe4, 0xaf, 0xe4, 0xaf, 0x81,
	0xe4, 0x8f, 0x81, 0xe4, 0xaf, 0x07, 0xec, 0xcf, 0xed, 0xb3, 0xec, 0xf0, 0xe4, 0xaf, 0xec, 0xaf,
	0xe4, 0xaf, 0xec, 0xaf, 0xec, 0xaf, 0x81, 0xe4, 0x8f, 0x02, 0xe4, 0xaf, 0xf4, 0xf0, 0xf6, 0xb8,
	0x86, 0xff, 0xde, 0x04, 0xff, 0xdd, 0xff, 0xde, 0xed, 0x93, 0xeb, 0x89, 0xdb, 0x69, 0x86, 0xdb,
	0x48, 0x05, 0xdb, 0x49, 0xe3, 0x69, 0xeb, 0xaa, 0xf6, 0x98, 0xff, 0xde, 0xff, 0xdd, 0x98, 0xff,
	0xde, 0x80, 0xff, 0xdd, 0x06, 0xff, 0xde, 0xf6, 0x57, 0xe3, 0x49, 0xdb, 0x49, 0xdb, 0x49, 0xdb,
	0x48, 0xdb, 0x48, 0x81, 0xdb, 0x28, 0x82, 0xdb, 0x48, 0x03, 0xeb, 0x89, 0xed, 0xb4, 0xff, 0xde,
	0xff, 0xdd, 0x86, 0xff, 0xde, 0x02, 0xf6, 0x77, 0xf4, 0xcf, 0xe4, 0xaf, 0x81, 0xe4, 0x8f, 0x82,
	0xe4, 0xaf, 0x04, 0xe4, 0x8f, 0xed, 0x11, 0xec, 0xd0, 0xe4, 0x8f, 0xe4, 0xaf, 0x81, 0xec, 0xaf,
	0x05, 0xe4, 0xaf, 0xe4, 0x8f, 0xe4, 0x8f, 0xe4, 0x8e, 0xec, 0xf0, 0xff, 0xbd, 0x85, 0xff, 0xde,
	0x05, 0xff, 0xdd, 0xff, 0xde, 0xff, 0x5b, 0xeb, 0xaa, 0xdb, 0x48, 0xdb, 0x49, 0x83, 0xdb, 0x48,
	0x07, 0xdb, 0x28, 0xdb, 0x48, 0xdb, 0x49, 0xe3, 0x69, 0xeb, 0xcb, 0xf6, 0xd9, 0xff, 0xde, 0xff,
	0xdd, 0x9b, 0xff, 0xde, 0x06, 0xff, 0xbd, 0xff, 0xde, 0xf6, 0x77, 0xe3, 0x8a, 0xe3, 0x69, 0xdb,
	0x49, 0xdb, 0x48, 0x82, 0xdb, 0x28, 0x07, 0xdb, 0x48, 0xe3, 0x48, 0xdb, 0x48, 0xdb, 0x48, 0xeb,
	0xeb, 0xff, 0x7c, 0xff, 0xde, 0xff, 0xdd, 0x85, 0xff, 0xde, 0x0e, 0xff, 0x9c, 0xec, 0xaf, 0xe4,
	0x8e, 0xe4, 0x8f, 0xe4, 0x8f, 0xe4, 0xaf, 0xec, 0xaf, 0xec, 0xaf, 0xe4, 0xaf, 0xe4, 0x8f, 0xe4,
	0x8f, 0xec, 0xf0, 0xed, 0x31, 0xec, 0x8e, 0xe4, 0xaf, 0x82, 0xec, 0xaf, 0x80, 0xe4, 0x8f, 0x01,
	0xec, 0x8e, 0xed, 0x93, 0x86, 0xff, 0xde, 0x05, 0xff, 0xdd, 0xff, 0xde, 0xed, 0x11, 0xeb, 0x69,
	0xdb, 0x69, 0xdb, 0x48, 0x81, 0xe3, 0x48, 0x80, 0xdb, 0x48, 0x80, 0xdb, 0x28, 0x04, 0xdb, 0x48,
	0xeb, 0xaa, 0xf6, 0x98, 0xff, 0xde, 0xff, 0xbd, 0x9d, 0xff, 0xde, 0x05, 0xff, 0xbd, 0xff, 0xde,
	0xf6, 0x36, 0xf3, 0xaa, 0xdb, 0x48, 0xdb, 0x48, 0x81, 0xdb, 0x28, 0x82, 0xdb, 0x48, 0x04, 0xdb,
	0x49, 0xeb, 0xa9, 0xed, 0x93, 0xff, 0xde, 0xff, 0xdd, 0x86, 0xff, 0xde, 0x01, 0xed, 0x73, 0xec,
	0x8e, 0x81, 0xe4, 0xaf, 0x00, 0xec, 0xaf, 0x81, 0xe4, 0xaf, 0x04, 0xec, 0x8f, 0xed, 0x52, 0xf6,
	0x98, 0xf4, 0xcf, 0xe4, 0xaf, 0x82, 0xec, 0xaf, 0x03, 0xe4, 0xaf, 0xe4, 0x8f, 0xf4, 0xcf, 0xff,
	0x1a, 0x87, 0xff, 0xde, 0x01, 0xff, 0x5b, 0xe3, 0xaa, 0x82, 0xdb, 0x48, 0x01, 0xdb, 0x49, 0xe3,
	0x49, 0x82, 0xdb, 0x48, 0x03, 0xf3, 0x69, 0xed, 0xb4, 0xff, 0xde, 0xff, 0xbd, 0x9f, 0xff, 0xde,
	0x07, 0xff, 0xdd, 0xff, 0xde, 0xed, 0x52, 0xeb, 0x89, 0xdb, 0x49, 0xdb, 0x48, 0xdb, 0x28, 0xdb,
	0x28, 0x81, 0xdb, 0x48, 0x04, 0xdb, 0x28, 0xdb, 0x48, 0xdb, 0x69, 0xe3, 0xeb, 0xff, 0x9c, 0x87,
	0xff, 0xde, 0x01, 0xf6, 0xf9, 0xf4, 0xd0, 0x82, 0xe4, 0xaf, 0x07, 0xec, 0xaf, 0xe4, 0xaf, 0xec,
	0xaf, 0xf4, 0xcf, 0xf6, 0xb9, 0xff, 0xde, 0xed, 0xd4, 0xfd, 0x10, 0x81, 0xe4, 0xaf, 0x80, 0xec,
	0xaf, 0x01, 0xfd, 0x10, 0xf6, 0x16, 0x86, 0xff, 0xde, 0x04, 0xff, 0xdd, 0xff, 0xde, 0xed, 0x93,
	0xeb, 0x89, 0xdb, 0x49, 0x84, 0xdb, 0x48, 0x05, 0xdb, 0x49, 0xdb, 0x69, 0xeb, 0x49, 0xec, 0xaf,
	0xff, 0xde, 0xff, 0xbd, 0xa1, 0xff, 0xde, 0x80, 0xff, 0xdd, 0x02, 0xec, 0x6e, 0xe3, 0x69, 0xdb,
	0x49, 0x81, 0xdb, 0x28, 0x08, 0xdb, 0x48, 0xdb, 0x28, 0xdb, 0x28, 0xdb, 0x48, 0xdb, 0x69, 0xeb,
	0xaa, 0xf5, 0xd4, 0xff, 0xde, 0xff, 0xdd, 0x86, 0xff, 0xde, 0x02, 0xf6, 0x15, 0xfd, 0x10, 0xec,
	0xcf, 0x82, 0xe4, 0xaf, 0x01, 0xf5, 0x10, 0xf6, 0x15, 0x81, 0xff, 0xde, 0x06, 0xf6, 0x57, 0xec,
	0xf0, 0xf4, 0xaf, 0xf4, 0xaf, 0xf4, 0xcf, 0xf5, 0x31, 0xf6, 0xb8, 0x88, 0xff, 0xde, 0x03, 0xff,
	0xbd, 0xe3, 0xeb, 0xdb, 0x48, 0xdb, 0x49, 0x84, 0xdb, 0x48, 0x80, 0xdb, 0x49, 0x03, 0xeb, 0xcb,
	0xff, 0x5b, 0xff, 0xde, 0xff, 0xdd, 0xa1, 0xff, 0xde, 0x03, 0xff, 0xdd, 0xff, 0xde, 0xf6, 0xfa,
	0xeb, 0x8a, 0x85, 0xdb, 0x28, 0x03, 0xdb, 0x48, 0xdb, 0x49, 0xe3, 0x48, 0xe3, 0xec, 0x89, 0xff,
	0xde, 0x06, 0xf6, 0x98, 0xed, 0x52, 0xf4, 0xf0, 0xf4, 0xcf, 0xec, 0xaf, 0xf5, 0x10, 0xf6, 0x77,
	0x83, 0xff, 0xde, 0x04, 0xff, 0x9c, 0xfe, 0xd9, 0xfe, 0x98, 0xff, 0x1a, 0xff, 0xbd, 0x87, 0xff,
	0xde, 0x03, 0xff, 0xdd, 0xff, 0xde, 0xf6, 0x98, 0xeb, 0x89, 0x83, 0xdb, 0x48, 0x80, 0xdb, 0x28,
	0x05, 0xdb, 0x48, 0xdb, 0x49, 0xf3, 0xaa, 0xed, 0xd4, 0xff, 0xde, 0xff, 0xdd, 0xa3, 0xff, 0xde,
	0x07, 0xff, 0xdd, 0xff, 0xde, 0xec, 0xf1, 0xeb, 0x48, 0xdb, 0x48, 0xdb, 0x48, 0xdb, 0x28, 0xdb,
	0x28, 0x82, 0xdb, 0x48, 0x04, 0xdb, 0x28, 0xe3, 0x69, 0xf6, 0xd9, 0xff, 0xde, 0xff, 0xdd, 0x87,
	0xff, 0xde, 0x04, 0xff, 0xbd, 0xff, 0x1a, 0xfe, 0xd9, 0xfe, 0xfa, 0xff, 0x9d, 0x81, 0xff, 0xde,
	0x01, 0x6b, 0x00, 0x1b, 0x00, 0x69, 0x00, 0x2f, 0x00, 0xf3, 0x12, 0x00, 0x00, 0xa1, 0xff, 0xde,
	0x80, 0xff, 0xdd, 0x83, 0xff, 0xde, 0x14, 0xff, 0x5b, 0xf6, 0xb8, 0xf6, 0x36, 0xed, 0x52, 0xec,
	0xef, 0xe4, 0x6e, 0xe4, 0x2d, 0xe3, 0xcb, 0xe3, 0xaa, 0xe3, 0x8a, 0xe3, 0x8a, 0xe3, 0xaa, 0xe3,
	0xca, 0xe3, 0xcb, 0xe4, 0x2d, 0xe4, 0x6e, 0xec, 0xf0, 0xed, 0x72, 0xf6, 0x36, 0xf6, 0xb8, 0xff,
	0x5b, 0x83, 0xff, 0xde, 0x80, 0xff, 0xdd, 0xc1, 0xff, 0xde, 0x00, 0xff, 0xdd, 0x82, 0xff, 0xde,
	0x0b, 0xff, 0xbd, 0xfe, 0xf9, 0xf6, 0x15, 0xed, 0x31, 0xec, 0x4d, 0xe3, 0xca, 0xeb, 0xaa, 0xeb,
	0xaa, 0xeb, 0x69, 0xe3, 0x69, 0xe3, 0x69, 0xdb, 0x28, 0x81, 0xdb, 0x48, 0x00, 0xdb, 0x49, 0x82,
	0xdb, 0x48, 0x0a, 0xe3, 0x69, 0xeb, 0x89, 0xeb, 0x89, 0xeb, 0xaa, 0xeb, 0xaa, 0xe3, 0xaa, 0xec,
	0x4d, 0xed, 0x11, 0xf6, 0x15, 0xfe, 0xfa, 0xff, 0xbd, 0x81, 0xff, 0xde, 0x80, 0xff, 0xdd, 0xbc,
	0xff, 0xde, 0x00, 0xff, 0xdd, 0x81, 0xff, 0xde, 0x0a, 0xff, 0x7c, 0xfe, 0x56, 0xf4, 0xf0, 0xe3,
	0xcb, 0xf3, 0xca, 0xeb, 0xaa, 0xeb, 0xa9, 0xe3, 0x69, 0xdb, 0x49, 0xdb, 0x49, 0xdb, 0x69, 0x82,
	0xdb, 0x49, 0x01, 0xdb, 0x48, 0xdb, 0x49, 0x88, 0xdb, 0x69, 0x80, 0xdb, 0x48, 0x07, 0xe3, 0x69,
	0xeb, 0x69, 0xeb, 0x89, 0xeb, 0x8a, 0xe4, 0x0c, 0xf5, 0x31, 0xf6, 0x97, 0xff, 0xbd, 0x81, 0xff,
	0xde, 0x00, 0xff, 0xdd, 0xb8, 0xff, 0xde, 0x00, 0xff, 0xdd, 0x81, 0xff, 0xde, 0x06, 0xf6, 0xb8,
	0xed, 0x31, 0xe3, 0xcb, 0xf3, 0x89, 0xeb, 0x48, 0xe3, 0x28, 0xdb, 0x48, 0x82, 0xdb, 0x69, 0x00,
	0xdb, 0x49, 0x84, 0xdb, 0x48, 0x83, 0xdb, 0x49, 0x80, 0xdb, 0x48, 0x81, 0xdb, 0x49, 0x0c, 0xdb,
	0x48, 0xdb, 0x49, 0xdb, 0x48, 0xdb, 0x49, 0xdb, 0x69, 0xdb, 0x49, 0xdb, 0x49, 0xe3, 0x48, 0xeb,
	0x89, 0xf3, 0xca, 0xe3, 0xeb, 0xed, 0x31, 0xf6, 0xb8, 0x81, 0xff, 0xde, 0x00, 0xff, 0xdd, 0xb4,
	0xff, 0xde, 0x0b, 0xff, 0xdd, 0xff, 0xde, 0xff, 0xde, 0xff, 0x7c, 0xf5, 0xd4, 0xec, 0x2d, 0xeb,
	0xaa, 0xeb, 0x8a, 0xdb, 0x49, 0xdb, 0x69, 0xdb, 0x69, 0xdb, 0x49, 0x83, 0xdb, 0x48, 0x80, 0xdb,
	0x49, 0x02, 0xdb, 0x48, 0xdb, 0x49, 0xdb, 0x48, 0x85, 0xdb, 0x49, 0x0b, 0xdb, 0x48, 0xdb, 0x49,
	0xdb, 0x48, 0xdb, 0x48, 0xdb, 0x49, 0xdb, 0x48, 0xdb, 0x48, 0xdb, 0x49, 0xdb, 0x48, 0xdb, 0x48,
	0xdb, 0x49, 0xdb, 0x49, 0x81, 0xdb, 0x69, 0x08, 0xe3, 0x48, 0xeb, 0x69, 0xeb, 0x89, 0xec, 0x2d,
	0xf6, 0x15, 0xff, 0x9d, 0xff, 0xde, 0xff, 0xde, 0xff, 0xdd, 0xb0, 0xff, 0xde, 0x0d, 0xff, 0xdd,
	0xff, 0xde, 0xff, 0xde, 0xff, 0x7c, 0xf5, 0x93, 0xe3, 0xcb, 0xeb, 0x89, 0xe3, 0x48, 0xdb, 0x49,
	0xdb, 0x69, 0xdb, 0x69, 0xe3, 0x69, 0xdb, 0x49, 0xdb, 0x49, 0x88, 0xdb, 0x48, 0x80, 0xdb, 0x49,
	0x83, 0xdb, 0x48, 0x80, 0xdb, 0x49, 0x84, 0xdb, 0x48, 0x81, 0xdb, 0x49, 0x00, 0xe3, 0x49, 0x82,
	0xdb, 0x49, 0x80, 0xdb, 0x48, 0x07, 0xe3, 0x48, 0xf3, 0x89, 0xe4, 0x0c, 0xf5, 0xd4, 0xff, 0x9c,
	0xff, 0xde, 0xff, 0xde, 0xff, 0xdd, 0xac, 0xff, 0xde, 0x08, 0xff, 0xdd, 0xff, 0xde, 0xff, 0xde,
	0xff, 0x9d, 0xf5, 0xd4, 0xeb, 0xeb, 0xeb, 0x89, 0xdb, 0x48, 0xdb, 0x49, 0x81, 0xdb, 0x48, 0x04,
	0xe3, 0x49, 0xe3, 0x69, 0xe3, 0x69, 0xdb, 0x49, 0xdb, 0x49, 0x85, 0xdb, 0x48, 0x80, 0xdb, 0x49,
	0x03, 0xe3, 0x49, 0xdb, 0x48, 0xdb, 0x49, 0xdb, 0x49, 0x81, 0xdb, 0x48, 0x02, 0xdb, 0x49, 0xdb,
	0x48, 0xdb, 0x49, 0x82, 0xdb, 0x48, 0x81, 0xdb, 0x49, 0x80, 0xe3, 0x49, 0x80, 0xdb, 0x49, 0x82,
	0xdb, 0x48, 0x06, 0xdb, 0x49, 0xdb, 0x69, 0xe3, 0x69, 0xeb, 0xaa, 0xe3, 0xeb, 0xf5, 0xd4, 0xff,
	0xbd, 0xac, 0xff, 0xde, 0x12, 0xff, 0xdd, 0xff, 0xde, 0xff, 0xde, 0xf6, 0x36, 0xec, 0x0c, 0xeb,
	0x89, 0xdb, 0x49, 0xdb, 0x69, 0xdb, 0x69, 0xdb, 0x48, 0xdb, 0x48, 0xdb, 0x28, 0xdb, 0x48, 0xdb,
	0x49, 0xe3, 0x49, 0xe3, 0x49, 0xe3, 0x69, 0xdb, 0x69, 0xdb, 0x49, 0x84, 0xdb, 0x48, 0x81, 0xdb,
	0x49, 0x02, 0xdb, 0x48, 0xdb, 0x49, 0xdb, 0x49, 0x82, 0xdb, 0x48, 0x01, 0xdb, 0x49, 0xe3, 0x48,
	0x82, 0xdb, 0x48, 0x05, 0xdb, 0x49, 0xe3, 0x49, 0xe3, 0x69, 0xe3, 0x69, 0xe3, 0x49, 0xdb, 0x49,
	0x83, 0xdb, 0x48, 0x82, 0xdb, 0x49, 0x06, 0xdb, 0x48, 0xeb, 0x89, 0xec, 0x2c, 0xfe, 0x97, 0xff,
	0xde, 0xff, 0xde, 0xff, 0xdd, 0xa9, 0xff, 0xde, 0x09, 0xf7, 0x1a, 0xec, 0xaf, 0xf3, 0x8a, 0xe3,
	0x49, 0xdb, 0x69, 0xe3, 0x69, 0xe3, 0x49, 0xdb, 0x49, 0xdb, 0x48, 0xdb, 0x28, 0x81, 0xdb, 0x48,
	0x80, 0xdb, 0x49, 0x02, 0xdb, 0x69, 0xe3, 0x69, 0xdb, 0x49, 0x83, 0xdb, 0x48, 0x8a, 0xdb, 0x49,
	0x80, 0xe3, 0x49, 0x07, 0xdb, 0x49, 0xdb, 0x48, 0xdb, 0x48, 0xe3, 0x49, 0xe3, 0x69, 0xe3, 0x69,
	0xdb, 0x49, 0xdb, 0x49, 0x88, 0xdb, 0x48, 0x07, 0xdb, 0x49, 0xdb, 0x69, 0xdb, 0x48, 0xf3, 0xca,
	0xec, 0xcf, 0xff, 0x3b, 0xff, 0xde, 0xff, 0xdd, 0xa4, 0xff, 0xde, 0x0a, 0xff, 0xdd, 0xff, 0xde,
	0xff, 0xde, 0xf5, 0xf5, 0xeb, 0xca, 0xe3, 0x69, 0xdb, 0x49, 0xdb, 0x49, 0xdb, 0x48, 0xdb, 0x49,
	0xe3, 0x49, 0x84, 0xdb, 0x48, 0x80, 0xdb, 0x49, 0x81, 0xe3, 0x49, 0x81, 0xdb, 0x48, 0x06, 0xdb,
	0x49, 0xdb, 0x69, 0xe3, 0x69, 0xdb, 0x49, 0xdb, 0x48, 0xdb, 0x28, 0xdb, 0x28, 0x83, 0xdb, 0x48,
	0x80, 0xdb, 0x28, 0x08, 0xdb, 0x49, 0xe3, 0x69, 0xdb, 0x69, 0xdb, 0x69, 0xdb, 0x49, 0xe3, 0x69,
	0xe3, 0x69, 0xe3, 0x49, 0xdb, 0x49, 0x83, 0xdb, 0x48, 0x02, 0xdb, 0x49, 0xdb, 0x48, 0xe3, 0x49,
	0x83, 0xdb, 0x48, 0x80, 0xdb, 0x49, 0x05, 0xe3, 0x68, 0xe3, 0xaa, 0xf6, 0x15, 0xff, 0xde, 0xff,
	0xde, 0xff, 0xdd, 0xa1, 0xff, 0xde, 0x06, 0xff, 0xdd, 0xff, 0xde, 0xff, 0x7c, 0xec, 0xcf, 0xf3,
	0xaa, 0xdb, 0x49, 0xdb, 0x49, 0x82, 0xdb, 0x48, 0x01, 0xdb, 0x49, 0xe3, 0x48, 0x84, 0xdb, 0x48,
	0x15, 0xdb, 0x49, 0xe3, 0x49, 0xdb, 0x49, 0xdb, 0x49, 0xdb, 0x69, 0xdb, 0x49, 0xdb, 0x48, 0xe3,
	0x49, 0xeb, 0x69, 0xeb, 0x89, 0xeb, 0x89, 0xf3, 0xaa, 0xe3, 0x69, 0xe3, 0x69, 0xe3, 0x8a, 0xe3,
	0xcb, 0xe3, 0xeb, 0xe3, 0xcb, 0xe3, 0xaa, 0xe3, 0x89, 0xe3, 0x69, 0xf3, 0xaa, 0x81, 0xeb, 0x89,
	0x04, 0xe3, 0x69, 0xdb, 0x49, 0xdb, 0x69, 0xdb, 0x69, 0xdb, 0x49, 0x81, 0xdb, 0x48, 0x82, 0xdb,
	0x49, 0x81, 0xdb, 0x48, 0x80, 0xdb, 0x28, 0x81, 0xdb, 0x48, 0x06, 0xdb, 0x49, 0xdb, 0x48, 0xeb,
	0xaa, 0xec, 0xf0, 0xff, 0x9c, 0xff, 0xde, 0xff, 0xdd, 0xa1, 0xff, 0xde, 0x04, 0xf6, 0xb8, 0xeb,
	0xcb, 0xeb, 0x69, 0xdb, 0x69, 0xdb, 0x49, 0x86, 0xdb, 0x48, 0x00, 0xdb, 0x49, 0x83, 0xdb, 0x48,
	0x1d, 0xdb, 0x49, 0xdb, 0x48, 0xe3, 0x48, 0xeb, 0x89, 0xf3, 0xca, 0xe3, 0xaa, 0xe4, 0x2d, 0xe4,
	0xaf, 0xed, 0x93, 0xf6, 0x36, 0xfe, 0xd9, 0xff, 0x3a, 0xff, 0x7c, 0xff, 0x9c, 0xff, 0x9d, 0xff,
	0xbd, 0xff, 0x9d, 0xff, 0x9c, 0xff, 0x7c, 0xff, 0x3a, 0xfe, 0xd9, 0xf6, 0x36, 0xf5, 0xb4, 0xec,
	0xf0, 0xec, 0x4d, 0xeb, 0xaa, 0xeb, 0x69, 0xeb, 0x48, 0xe3, 0x28, 0xdb, 0x48, 0x82, 0xdb, 0x49,
	0x03, 0xe3, 0x49, 0xdb, 0x49, 0xdb, 0x48, 0xdb, 0x48, 0x81, 0xdb, 0x28, 0x83, 0xdb, 0x48, 0x05,
	0xdb, 0x49, 0xeb, 0x69, 0xec, 0x0c, 0xf6, 0xf9, 0xff, 0xde, 0xff, 0xdd, 0x9f, 0xff, 0xde, 0x04,
	0xf6, 0x15, 0xf3, 0xca, 0xe3, 0x48, 0xdb, 0x69, 0xdb, 0x49, 0x89, 0xdb, 0x48, 0x81, 0xdb, 0x49,
	0x06, 0xdb, 0x28, 0xeb, 0x28, 0xeb, 0x89, 0xe4, 0x0c, 0xed, 0x52, 0xf6, 0x77, 0xff, 0x5b, 0x91,
	0xff, 0xde, 0x0b, 0xff, 0x5b, 0xf6, 0x36, 0xec, 0xf0, 0xe3, 0xaa, 0xeb, 0x89, 0xeb, 0x89, 0xe3,
	0x69, 0xdb, 0x69, 0xdb, 0x69, 0xdb, 0x49, 0xdb, 0x49, 0xdb, 0x48, 0x82, 0xdb, 0x28, 0x84, 0xdb,
	0x48, 0x03, 0xdb, 0x69, 0xdb, 0x48, 0xeb, 0xca, 0xf6, 0x36, 0x9f, 0xff, 0xde, 0x03, 0xed, 0x32,
	0xf3, 0xaa, 0xdb, 0x49, 0xdb, 0x49, 0x82, 0xdb, 0x48, 0x00, 0xdb, 0x28, 0x84, 0xdb, 0x48, 0x08,
	0xe3, 0x48, 0xdb, 0x69, 0xdb, 0x49, 0xe3, 0x49, 0xf3, 0x89, 0xe3, 0xaa, 0xf5, 0x31, 0xfe, 0xd8,
	0xff, 0xbd, 0x83, 0xff, 0xde, 0x00, 0xff, 0xbd, 0x81, 0xff, 0xdd, 0x85, 0xff, 0xde, 0x81, 0xff,
	0xdd, 0x01, 0xff, 0xbd, 0xff, 0xdd, 0x82, 0xff, 0xde, 0x07, 0xff, 0xbd, 0xfe, 0xb8, 0xf5, 0x72,
	0xec, 0x2c, 0xeb, 0xaa, 0xe3, 0x69, 0xdb, 0x48, 0xdb, 0x48, 0x82, 0xdb, 0x28, 0x83, 0xdb, 0x48,
	0x80, 0xdb, 0x28, 0x04, 0xdb, 0x48, 0xdb, 0x69, 0xdb, 0x48, 0xeb, 0x69, 0xed, 0x93, 0x9c, 0xff,
	0xde, 0x02, 0xff, 0xdd, 0xec, 0xf0, 0xeb, 0x69, 0x8b, 0xdb, 0x48, 0x06, 0xdb, 0x49, 0xdb, 0x48,
	0xeb, 0x89, 0xeb, 0x8a, 0xec, 0x8e, 0xf6, 0x56, 0xff, 0x9d, 0x81, 0xff, 0xde, 0x80, 0xff, 0xdd,
	0x92, 0xff, 0xde, 0x81, 0xff, 0xdd, 0x81, 0xff, 0xde, 0x07, 0xff, 0xbd, 0xf6, 0x77, 0xec, 0xaf,
	0xeb, 0x48, 0xe3, 0x28, 0xdb, 0x28, 0xdb, 0x48, 0xdb, 0x28, 0x82, 0xdb, 0x48, 0x81, 0xdb, 0x28,
	0x83, 0xdb, 0x48, 0x01, 0xf3, 0xaa, 0xed, 0x52, 0x9a, 0xff, 0xde, 0x03, 0xff, 0xbd, 0xec, 0xcf,
	0xeb, 0x89, 0xdb, 0x49, 0x83, 0xdb, 0x48, 0x80, 0xdb, 0x28, 0x81, 0xdb, 0x48, 0x81, 0xdb, 0x28,
	0x03, 0xe3, 0x28, 0xeb, 0x89, 0xec, 0xd0, 0xf6, 0xd9, 0x81, 0xff, 0xde, 0x80, 0xff, 0xdd, 0x99,
	0xff, 0xde, 0x80, 0xff, 0xdd, 0x81, 0xff, 0xde, 0x05, 0xf6, 0xb8, 0xec, 0x8e, 0xeb, 0x89, 0xe3,
	0x28, 0xdb, 0x49, 0xdb, 0x49, 0x81, 0xdb, 0x48, 0x81, 0xdb, 0x28, 0x83, 0xdb, 0x48, 0x02, 0xdb,
	0x69, 0xf3, 0xaa, 0xed, 0x10, 0x98, 0xff, 0xde, 0x0a, 0xff, 0xdd, 0xec, 0xcf, 0xeb, 0x89, 0xdb,
	0x49, 0xdb, 0x48, 0xdb, 0x48, 0xdb, 0x28, 0xdb, 0x48, 0xdb, 0x48, 0xdb, 0x28, 0xdb, 0x28, 0x81,
	0xdb, 0x48, 0x05, 0xdb, 0x28, 0xdb, 0x48, 0xdb, 0x08, 0xeb, 0x69, 0xec, 0x6e, 0xf6, 0xb9, 0x81,
	0xff, 0xde, 0x00, 0xff, 0xdd, 0x9f, 0xff, 0xde, 0x00, 0xff, 0xdd, 0x81, 0xff, 0xde, 0x08, 0xf6,
	0x77, 0xec, 0x6e, 0xeb, 0xaa, 0xdb, 0x49, 0xdb, 0x69, 0xdb, 0x49, 0xdb, 0x48, 0xdb, 0x48, 0xdb,
	0x28, 0x84, 0xdb, 0x48, 0x80, 0xdb, 0x69, 0x01, 0xeb, 0x89, 0xec, 0xf0, 0x96, 0xff, 0xde, 0x03,
	0xff, 0xdd, 0xec, 0xf0, 0xeb, 0x89, 0xdb, 0x49, 0x81, 0xdb, 0x48, 0x83, 0xdb, 0x28, 0x81, 0xdb,
	0x48, 0x03, 0xdb, 0x28, 0xeb, 0x48, 0xe3, 0xcb, 0xf6, 0x36, 0x81, 0xff, 0xde, 0x00, 0xff, 0xdd,
	0xa3, 0xff, 0xde, 0x00, 0xff, 0xdd, 0x81, 0xff, 0xde, 0x03, 0xf6, 0x36, 0xeb, 0xcb, 0xeb, 0x89,
	0xdb, 0x69, 0x84, 0xdb, 0x48, 0x00, 0xdb, 0x28, 0x81, 0xdb, 0x48, 0x80, 0xdb, 0x49, 0x03, 0xeb,
	0x89, 0xed, 0x11, 0xff, 0xde, 0xff, 0xdd, 0x91, 0xff, 0xde, 0x04, 0xff, 0xdd, 0xff, 0xde, 0xed,
	0x31, 0xf3, 0x89, 0xdb, 0x49, 0x82, 0xdb, 0x48, 0x82, 0xdb, 0x28, 0x80, 0xdb, 0x48, 0x07, 0xdb,
	0x49, 0xdb, 0x48, 0xf3, 0x89, 0xf5, 0x11, 0xff, 0x7c, 0xff, 0xde, 0xff, 0xde, 0xff, 0xdd, 0xa7,
	0xff, 0xde, 0x07, 0xff, 0xdd, 0xff, 0xde, 0xff, 0xde, 0xff, 0x5c, 0xf5, 0x10, 0xeb, 0x89, 0xdb,
	0x48, 0xdb, 0x49, 0x81, 0xdb, 0x48, 0x80, 0xdb, 0x28, 0x83, 0xdb, 0x48, 0x02, 0xdb, 0x69, 0xeb,
	0xaa, 0xed, 0x52, 0x91, 0xff, 0xde, 0x09, 0xff, 0xdd, 0xff, 0xde, 0xed, 0x93, 0xf3, 0xa9, 0xdb,
	0x49, 0xdb, 0x48, 0xdb, 0x48, 0xdb, 0x28, 0xdb, 0x28, 0xdb, 0x48, 0x82, 0xdb, 0x28, 0x07, 0xdb,
	0x48, 0xdb, 0x49, 0xe3, 0x48, 0xe3, 0xaa, 0xf6, 0x57, 0xff, 0xde, 0xff, 0xde, 0xff, 0xbd, 0x8f,
	0xff, 0xde, 0x81, 0xff, 0xdd, 0x83, 0xff, 0xde, 0x81, 0xff, 0xdd, 0x8f, 0xff, 0xde, 0x05, 0xff,
	0xbd, 0xff, 0xde, 0xff, 0xde, 0xf5, 0xf5, 0xeb, 0x8a, 0xe3, 0x48, 0x81, 0xdb, 0x49, 0x85, 0xdb,
	0x48, 0x80, 0xdb, 0x69, 0x03, 0xeb, 0xa9, 0xf5, 0xd4, 0xff, 0xde, 0xff, 0xdd, 0x8d, 0xff, 0xde,
	0x03, 0xff, 0xdd, 0xff, 0xde, 0xf6, 0x57, 0xf3, 0x89, 0x81, 0xdb, 0x48, 0x82, 0xdb, 0x28, 0x80,
	0xdb, 0x48, 0x80, 0xdb, 0x28, 0x03, 0xdb, 0x49, 0xeb, 0x89, 0xec, 0x4d, 0xff, 0x3b, 0x8e, 0xff,
	0xde, 0x80, 0xff, 0xdd, 0x8f, 0xff, 0xde, 0x80, 0xff, 0xdd, 0x8c, 0xff, 0xde, 0x07, 0xff, 0xdd,
	0xff, 0xde, 0xf6, 0xf9, 0xec, 0x0c, 0xe3, 0x48, 0xdb, 0x69, 0xdb, 0x49, 0xdb, 0x28, 0x87, 0xdb,
	0x48, 0x03, 0xf3, 0xca, 0xf6, 0x98, 0xff, 0xde, 0xff, 0xdd, 0x8d, 0xff, 0xde, 0x02, 0xf7, 0x1a,
	0xeb, 0xca, 0xe3, 0x69, 0x81, 0xdb, 0x48, 0x82, 0xdb, 0x28, 0x81, 0xdb, 0x48, 0x05, 0xdb, 0x28,
	0xeb, 0x69, 0xf5, 0x11, 0xff, 0xbd, 0xff, 0xde, 0xff, 0xdd, 0x8a, 0xff, 0xde, 0x80, 0xff, 0xdd,
	0x82, 0xff, 0xde, 0x0e, 0xff, 0x9c, 0xfe, 0xf9, 0xf6, 0x36, 0xf5, 0xd4, 0xed, 0x72, 0xec, 0xf0,
	0xec, 0xaf, 0xe4, 0x8e, 0xe4, 0xaf, 0xec, 0xf0, 0xed, 0x52, 0xf5, 0xd4, 0xf6, 0x36, 0xfe, 0xf9,
	0xff, 0x9c, 0x82, 0xff, 0xde, 0x80, 0xff, 0xdd, 0x8a, 0xff, 0xde, 0x07, 0xff, 0xdd, 0xff, 0xde,
	0xff, 0x7c, 0xec, 0x8f, 0xeb, 0x89, 0xdb, 0x49, 0xdb, 0x48, 0xdb, 0x28, 0x86, 0xdb, 0x48, 0x02,
	0xe3, 0x69, 0xec, 0x0b, 0xff, 0x5b, 0x8c, 0xff, 0xde, 0x04, 0xff, 0xdd, 0xff, 0xbd, 0xec, 0x2d,
	0xe3, 0x69, 0xdb, 0x49, 0x81, 0xdb, 0x28, 0x80, 0xdb, 0x48, 0x81, 0xdb, 0x28, 0x03, 0xdb, 0x48,
	0xdb, 0x28, 0xeb, 0x89, 0xed, 0x52, 0x8c, 0xff, 0xde, 0x00, 0xff, 0xdd, 0x81, 0xff, 0xde, 0x0d,
	0xff, 0xbd, 0xfe, 0xb8, 0xf5, 0x93, 0xec, 0xae, 0xe3, 0xcb, 0xeb, 0xaa, 0xeb, 0x89, 0xeb, 0xaa,
	0xeb, 0xaa, 0xe3, 0x69, 0xe3, 0x69, 0xe3, 0x49, 0xe3, 0x69, 0xe3, 0x69, 0x81, 0xeb, 0x89, 0x05,
	0xeb, 0xaa, 0xe3, 0xaa, 0xec, 0xaf, 0xf5, 0xb3, 0xfe, 0xf9, 0xff, 0xbd, 0x81, 0xff, 0xde, 0x00,
	0xff, 0xdd, 0x89, 0xff, 0xde, 0x05, 0xff, 0xdd, 0xff, 0xde, 0xff, 0xbd, 0xed, 0x11, 0xf3, 0x89,
	0xdb, 0x49, 0x84, 0xdb, 0x48, 0x07, 0xdb, 0x28, 0xdb, 0x48, 0xdb, 0x48, 0xdb, 0x49, 0xe3, 0x69,
	0xe4, 0x6e, 0xff, 0xdd, 0xff, 0xdd, 0x89, 0xff, 0xde, 0x12, 0xff, 0xdd, 0xff, 0xde, 0xed, 0x31,
	0xf3, 0x89, 0xdb, 0x49, 0xdb, 0x48, 0xdb, 0x48, 0xdb, 0x28, 0xdb, 0x28, 0xdb, 0x48, 0xe3, 0x48,
	0xdb, 0x48, 0xdb, 0x28, 0xdb, 0x48, 0xdb, 0x29, 0xeb, 0x89, 0xf5, 0x93, 0xff, 0xde, 0xff, 0xdd,
	0x89, 0xff, 0xde, 0x00, 0xff, 0xdd, 0x81, 0xff, 0xde, 0x06, 0xfe, 0xf9, 0xf5, 0x72, 0xec, 0x0c,
	0xf3, 0xca, 0xeb, 0x89, 0xe3, 0x69, 0xdb, 0x48, 0x81, 0xdb, 0x69, 0x87, 0xdb, 0x49, 0x80, 0xdb,
	0x48, 0x05, 0xe3, 0x69, 0xeb, 0x89, 0xeb, 0xaa, 0xec, 0x0c, 0xf5, 0x72, 0xfe, 0xf9, 0x81, 0xff,
	0xde, 0x00, 0xff, 0xdd, 0x8b, 0xff, 0xde, 0x03, 0xed, 0x32, 0xf3, 0x89, 0xdb, 0x49, 0xdb, 0x49,
	0x85, 0xdb, 0x48, 0x05, 0xdb, 0x49, 0xdb, 0x69, 0xf3, 0xaa, 0xed, 0xb3, 0xff, 0xde, 0xff, 0xdd,
	0x87, 0xff, 0xde, 0x04, 0xff, 0xdd, 0xff, 0xde, 0xf6, 0x97, 0xeb, 0x8a, 0xdb, 0x49, 0x82, 0xdb,
	0x48, 0x00, 0xdb, 0x28, 0x83, 0xdb, 0x48, 0x03, 0xeb, 0x89, 0xed, 0x93, 0xff, 0xde, 0xff, 0xdd,
	0x8c, 0xff, 0xde, 0x04, 0xf6, 0x77, 0xec, 0x8e, 0xeb, 0xaa, 0xeb, 0x89, 0xe3, 0x49, 0x82, 0xdb,
	0x69, 0x01, 0xe3, 0x69, 0xdb, 0x69, 0x83, 0xdb, 0x49, 0x84, 0xdb, 0x48, 0x80, 0xdb, 0x49, 0x06,
	0xdb, 0x69, 0xdb, 0x49, 0xdb, 0x48, 0xeb, 0x69, 0xeb, 0xaa, 0xec, 0xaf, 0xfe, 0x97, 0x8c, 0xff,
	0xde, 0x05, 0xff, 0xdd, 0xff, 0xde, 0xed, 0x31, 0xeb, 0x89, 0xdb, 0x69, 0xdb, 0x49, 0x84, 0xdb,
	0x48, 0x81, 0xdb, 0x49, 0x03, 0xeb, 0xaa, 0xf6, 0xd9, 0xff, 0xde, 0xff, 0xdd, 0x86, 0xff, 0xde,
	0x05, 0xff, 0xdd, 0xff, 0x9c, 0xe3, 0xcb, 0xe3, 0x48, 0xdb, 0x49, 0xdb, 0x28, 0x81, 0xdb, 0x48,
	0x81, 0xdb, 0x28, 0x03, 0xdb, 0x48, 0xdb, 0x49, 0xeb, 0x48, 0xed, 0x52, 0x8a, 0xff, 0xde, 0x0c,
	0xff, 0xdd, 0xff, 0xde, 0xff, 0xde, 0xf6, 0x97, 0xec, 0x4d, 0xeb, 0x89, 0xe3, 0x69, 0xdb, 0x49,
	0xdb, 0x69, 0xdb, 0x49, 0xdb, 0x49, 0xe3, 0x49, 0xe3, 0x49, 0x85, 0xdb, 0x49, 0x89, 0xdb, 0x48,
	0x09, 0xdb, 0x49, 0xdb, 0x48, 0xdb, 0x48, 0xeb, 0x69, 0xf3, 0xca, 0xec, 0x8e, 0xf6, 0xd8, 0xff,
	0xde, 0xff, 0xde, 0xff, 0xdd, 0x88, 0xff, 0xde, 0x04, 0xff, 0xdd, 0xff, 0xde, 0xed, 0x11, 0xeb,
	0x69, 0xdb, 0x49, 0x85, 0xdb, 0x48, 0x80, 0xdb, 0x49, 0x03, 0xe3, 0x69, 0xe4, 0x2d, 0xff, 0xbd,
	0xff, 0xdd, 0x85, 0xff, 0xde, 0x04, 0xff, 0xdd, 0xff, 0xde, 0xed, 0x32, 0xeb, 0x69, 0xdb, 0x48,
	0x81, 0xdb, 0x28, 0x81, 0xdb, 0x48, 0x06, 0xdb, 0x28, 0xdb, 0x48, 0xdb, 0x48, 0xeb, 0x69, 0xec,
	0xd0, 0xff, 0xde, 0xff, 0xdd, 0x88, 0xff, 0xde, 0x07, 0xff, 0xdd, 0xff, 0xde, 0xff, 0x3b, 0xec,
	0xcf, 0xeb, 0x8a, 0xe3, 0x48, 0xdb, 0x49, 0xdb, 0x49, 0x82, 0xdb, 0x48, 0x80, 0xe3, 0x49, 0x01,
	0xdb, 0x49, 0xdb, 0x48, 0x83, 0xdb, 0x49, 0x81, 0xdb, 0x48, 0x00, 0xdb, 0x49, 0x88, 0xdb, 0x48,
	0x80, 0xdb, 0x49, 0x03, 0xe3, 0x69, 0xeb, 0xca, 0xed, 0x11, 0xff, 0x5b, 0x8c, 0xff, 0xde, 0x02,
	0xe4, 0x6e, 0xe3, 0x48, 0xdb, 0x69, 0x83, 0xdb, 0x48, 0x07, 0xdb, 0x28, 0xdb, 0x48, 0xdb, 0x48,
	0xdb, 0x49, 0xeb, 0x89, 0xed, 0x93, 0xff, 0xde, 0xff, 0xdd, 0x83, 0xff, 0xde, 0x05, 0xff, 0xdd,
	0xff, 0xde, 0xff, 0x1a, 0xeb, 0xaa, 0xdb, 0x49, 0xdb, 0x48, 0x82, 0xdb, 0x28, 0x82, 0xdb, 0x48,
	0x02, 0xe3, 0x48, 0xec, 0x4d, 0xff, 0xbd, 0x88, 0xff, 0xde, 0x0b, 0xff, 0xdd, 0xff, 0xde, 0xff,
	0xde, 0xf6, 0x15, 0xe3, 0xaa, 0xeb, 0x69, 0xdb, 0x49, 0xdb, 0x49, 0xdb, 0x48, 0xdb, 0x48, 0xdb,
	0x49, 0xdb, 0x49, 0x81, 0xdb, 0x48, 0x00, 0xdb, 0x49, 0x81, 0xdb, 0x48, 0x86, 0xdb, 0x49, 0x84,
	0xdb, 0x48, 0x80, 0xdb, 0x28, 0x81, 0xdb, 0x48, 0x80, 0xdb, 0x49, 0x06, 0xdb, 0x69, 0xeb, 0x69,
	0xe3, 0xca, 0xf6, 0x56, 0xff, 0xde, 0xff, 0xde, 0xff, 0xdd, 0x86, 0xff, 0xde, 0x05, 0xff, 0xdd,
	0xff, 0xde, 0xff, 0x9c, 0xeb, 0xec, 0xe3, 0x48, 0xdb, 0x49, 0x82, 0xdb, 0x48, 0x08, 0xdb, 0x28,
	0xdb, 0x48, 0xdb, 0x48, 0xdb, 0x49, 0xdb, 0x68, 0xe3, 0xaa, 0xff, 0x3b, 0xff, 0xde, 0xff, 0xdd,
	0x82, 0xff, 0xde, 0x06, 0xff, 0xdd, 0xff, 0xde, 0xec, 0xaf, 0xeb, 0x89, 0xdb, 0x69, 0xdb, 0x48,
	0xdb, 0x48, 0x81, 0xdb, 0x28, 0x80, 0xdb, 0x48, 0x05, 0xdb, 0x49, 0xdb, 0x48, 0xeb, 0xaa, 0xf7,
	0x3b, 0xff, 0xde, 0xff, 0xdd, 0x86, 0xff, 0xde, 0x06, 0xff, 0xdd, 0xff, 0xde, 0xff, 0xbd, 0xed,
	0x10, 0xf3, 0xaa, 0xdb, 0x49, 0xdb, 0x69, 0x82, 0xdb, 0x48, 0x00, 0xdb, 0x49, 0x81, 0xdb, 0x48,
	0x8b, 0xdb, 0x49, 0x80, 0xdb, 0x48, 0x02, 0xdb, 0x28, 0xdb, 0x48, 0xdb, 0x48, 0x82, 0xdb, 0x28,
	0x83, 0xdb, 0x48, 0x06, 0xdb, 0x69, 0xdb, 0x48, 0xeb, 0x89, 0xf5, 0x31, 0xff, 0xbd, 0xff, 0xde,
	0xff, 0xdd, 0x86, 0xff, 0xde, 0x04, 0xff, 0xdd, 0xff, 0xde, 0xf6, 0xfa, 0xeb, 0x8a, 0xdb, 0x49,
	0x83, 0xdb, 0x48, 0x07, 0xdb, 0x28, 0xdb, 0x48, 0xdb, 0x48, 0xdb, 0x49, 0xe3, 0x89, 0xec, 0xf0,
	0xff, 0xde, 0xff, 0xdd, 0x81, 0xff, 0xde, 0x04, 0xff, 0xdd, 0xff, 0xde, 0xf6, 0x77, 0xeb, 0xaa,
	0xdb, 0x69, 0x86, 0xdb, 0x48, 0x04, 0xdb, 0x28, 0xeb, 0x69, 0xf6, 0x36, 0xff, 0xde, 0xff, 0xdd,
	0x86, 0xff, 0xde, 0x06, 0xff, 0xdd, 0xff, 0xde, 0xff, 0x3a, 0xec, 0x4d, 0xeb, 0x69, 0xdb, 0x49,
	0xdb, 0x49, 0x87, 0xdb, 0x48, 0x02, 0xdb, 0x49, 0xe3, 0x49, 0xe3, 0x49, 0x87, 0xdb, 0x49, 0x89,
	0xdb, 0x48, 0x00, 0xdb, 0x28, 0x82, 0xdb, 0x48, 0x80, 0xdb, 0x49, 0x04, 0xeb, 0x89, 0xec, 0x8e,
	0xff, 0x5b, 0xff, 0xde, 0xff, 0xdd, 0x86, 0xff, 0xde, 0x03, 0xff, 0xdd, 0xff, 0xde, 0xf5, 0xd5,
	0xf3, 0x89, 0x82, 0xdb, 0x48, 0x09, 0xdb, 0x28, 0xdb, 0x48, 0xdb, 0x28, 0xdb, 0x28, 0xdb, 0x48,
	0xdb, 0x69, 0xeb, 0xeb, 0xf6, 0xf9, 0xff, 0xde, 0xff, 0xdd, 0x82, 0xff, 0xde, 0x02, 0xe4, 0x2d,
	0xe3, 0x69, 0xdb, 0x49, 0x81, 0xdb, 0x48, 0x08, 0xe3, 0x48, 0xdb, 0x48, 0xdb, 0x28, 0xdb, 0x28,
	0xdb, 0x48, 0xeb, 0x48, 0xe4, 0xd0, 0xff, 0xde, 0xff, 0xdd, 0x86, 0xff, 0xde, 0x07, 0xff, 0xdd,
	0xff, 0xde, 0xf6, 0xfa, 0xeb, 0xcb, 0xeb, 0x49, 0xdb, 0x49, 0xdb, 0x48, 0xdb, 0x28, 0x84, 0xdb,
	0x48, 0x81, 0xdb, 0x49, 0x04, 0xdb, 0x48, 0xdb, 0x49, 0xe3, 0x49, 0xdb, 0x69, 0xdb, 0x69, 0x84,
	0xdb, 0x49, 0x05, 0xdb, 0x48, 0xdb, 0x49, 0xdb, 0x49, 0xdb, 0x69, 0xdb, 0x69, 0xdb, 0x49, 0x83,
	0xdb, 0x48, 0x80, 0xdb, 0x28, 0x83, 0xdb, 0x48, 0x06, 0xdb, 0x49, 0xdb, 0x69, 0xe3, 0x69, 0xe4,
	0x0c, 0xf7, 0x1a, 0xff, 0xde, 0xff, 0xdd, 0x86, 0xff, 0xde, 0x06, 0xff, 0xbd, 0xff, 0xde, 0xec,
	0xaf, 0xeb, 0x48, 0xdb, 0x49, 0xdb, 0x28, 0xdb, 0x28, 0x83, 0xdb, 0x48, 0x02, 0xdb, 0x69, 0xe3,
	0xaa, 0xec, 0xaf, 0x81, 0xff, 0xde, 0x04, 0xff, 0xdd, 0xff, 0xde, 0xf6, 0x77, 0xeb, 0x8a, 0xdb,
	0x49, 0x84, 0xdb, 0x48, 0x80, 0xdb, 0x28, 0x02, 0xe3, 0x28, 0xeb, 0xcb, 0xff, 0x9c, 0x87, 0xff,
	0xde, 0x05, 0xff, 0xdd, 0xff, 0xde, 0xf6, 0xd9, 0xeb, 0xaa, 0xe3, 0x49, 0xdb, 0x48, 0x81, 0xdb,
	0x28, 0x84, 0xdb, 0x48, 0x84, 0xdb, 0x49, 0x10, 0xe3, 0x69, 0xeb, 0x89, 0xf3, 0x89, 0xeb, 0x69,
	0xeb, 0x89, 0xeb, 0xaa, 0xeb, 0xeb, 0xeb, 0xca, 0xeb, 0x69, 0xeb, 0x69, 0xeb, 0x89, 0xeb, 0x89,
	0xe3, 0x69, 0xdb, 0x49, 0xdb, 0x49, 0xdb, 0x48, 0xdb, 0x28, 0x89, 0xdb, 0x48, 0x05, 0xdb, 0x49,
	0xe3, 0x48, 0xe3, 0xeb, 0xf7, 0x1a, 0xff, 0xde, 0xff, 0xdd, 0x87, 0xff, 0xde, 0x03, 0xff, 0x5b,
	0xeb, 0xcb, 0xdb, 0x48, 0xdb, 0x49, 0x81, 0xdb, 0x28, 0x81, 0xdb, 0x48, 0x80, 0xdb, 0x69, 0x08,
	0xf3, 0xaa, 0xf6, 0x98, 0xff, 0xde, 0xff, 0xbd, 0xff, 0xde, 0xff, 0xde, 0xe4, 0x2d, 0xe3, 0x48,
	0xdb, 0x49, 0x85, 0xdb, 0x48, 0x02, 0xdb, 0x49, 0xeb, 0x8a, 0xf6, 0x16, 0x87, 0xff, 0xde, 0x06,
	0xff, 0xdd, 0xff, 0xde, 0xf7, 0x1a, 0xeb, 0xcb, 0xe3, 0x69, 0xdb, 0x49, 0xdb, 0x48, 0x81, 0xdb,
	0x28, 0x84, 0xdb, 0x48, 0x19, 0xe3, 0x49, 0xdb, 0x49, 0xdb, 0x49, 0xe3, 0x28, 0xeb, 0x48, 0xeb,
	0x69, 0xe3, 0xec, 0xec, 0xf0, 0xf5, 0xd4, 0xf6, 0x57, 0xf6, 0xd9, 0xff, 0x1a, 0xff, 0x3b, 0xff,
	0x1a, 0xf6, 0xd9, 0xf6, 0x77, 0xf5, 0xf5, 0xed, 0x10, 0xec, 0x0c, 0xeb, 0x69, 0xeb, 0x48, 0xe3,
	0x28, 0xdb, 0x49, 0xdb, 0x49, 0xdb, 0x48, 0xdb, 0x48, 0x81, 0xdb, 0x28, 0x09, 0xdb, 0x48, 0xdb,
	0x28, 0xdb, 0x48, 0xdb, 0x48, 0xdb, 0x28, 0xdb, 0x48, 0xdb, 0x49, 0xe3, 0x69, 0xe3, 0xeb, 0xf7,
	0x1a, 0x87, 0xff, 0xde, 0x04, 0xff, 0xdd, 0xff, 0xde, 0xed, 0xd4, 0xf3, 0x89, 0xdb, 0x49, 0x86,
	0xdb, 0x48, 0x07, 0xe3, 0x48, 0xe4, 0x6e, 0xff, 0xde, 0xff, 0xdd, 0xff, 0xde, 0xf6, 0xd9, 0xeb,
	0x48, 0xdb, 0x28, 0x85, 0xdb, 0x48, 0x02, 0xdb, 0x49, 0xe3, 0x69, 0xe4, 0x6e, 0x87, 0xff, 0xde,
	0x06, 0xff, 0xdd, 0xff, 0xde, 0xff, 0x7b, 0xec, 0x0c, 0xe3, 0x49, 0xdb, 0x49, 0xdb, 0x48, 0x82,
	0xdb, 0x28, 0x82, 0xdb, 0x48, 0x08, 0xdb, 0x28, 0xdb, 0x48, 0xdb, 0x49, 0xe3, 0x69, 0xeb, 0xaa,
	0xe3, 0xec, 0xed, 0x72, 0xf6, 0xd9, 0xff, 0xbd, 0x89, 0xff, 0xde, 0x07, 0xff, 0xbd, 0xfe, 0xf9,
	0xed, 0x52, 0xe3, 0xeb, 0xeb, 0xaa, 0xe3, 0x69, 0xdb, 0x49, 0xdb, 0x49, 0x83, 0xdb, 0x28, 0x08,
	0xdb, 0x48, 0xdb, 0x28, 0xdb, 0x28, 0xdb, 0x48, 0xdb, 0x48, 0xdb, 0x49, 0xe3, 0x48, 0xe4, 0x0c,
	0xff, 0x9c, 0x87, 0xff, 0xde, 0x04, 0xff, 0xdd, 0xff, 0xde, 0xec, 0x0c, 0xe3, 0x48, 0xdb, 0x49,
	0x85, 0xdb, 0x48, 0x08, 0xdb, 0x28, 0xeb, 0x89, 0xff, 0x1a, 0xff, 0xde, 0xff, 0xde, 0xec, 0xf1,
	0xeb, 0x48, 0xdb, 0x49, 0xdb, 0x28, 0x82, 0xdb, 0x48, 0x06, 0xe3, 0x49, 0xdb, 0x48, 0xdb, 0x69,
	0xeb, 0x8a, 0xf6, 0xd9, 0xff, 0xde, 0xff, 0xdd, 0x85, 0xff, 0xde, 0x04, 0xff, 0xdd, 0xff, 0xbd,
	0xec, 0x6e, 0xeb, 0x69, 0xdb, 0x49, 0x87, 0xdb, 0x48, 0x06, 0xdb, 0x49, 0xdb, 0x48, 0xdb, 0x08,
	0xeb, 0x69, 0xec, 0x4d, 0xf6, 0x77, 0xff, 0xbd, 0x81, 0xff, 0xde, 0x82, 0xff, 0xdd, 0x81, 0xff,
	0xde, 0x82, 0xff, 0xdd, 0x81, 0xff, 0xde, 0x07, 0xff, 0x9d, 0xf6, 0x57, 0xec, 0x4d, 0xeb, 0x69,
	0xdb, 0x28, 0xdb, 0x48, 0xdb, 0x28, 0xdb, 0x28, 0x81, 0xdb, 0x48, 0x09, 0xdb, 0x28, 0xdb, 0x48,
	0xdb, 0x28, 0xdb, 0x48, 0xdb, 0x48, 0xdb, 0x69, 0xe3, 0x48, 0xec, 0x8e, 0xff, 0xde, 0xff, 0xdd,
	0x85, 0xff, 0xde, 0x04, 0xff, 0xdd, 0xff, 0xde, 0xf6, 0x57, 0xeb, 0x8a, 0xdb, 0x49, 0x83, 0xdb,
	0x48, 0x80, 0xdb, 0x28, 0x06, 0xdb, 0x49, 0xeb, 0x89, 0xed, 0x52, 0xff, 0xde, 0xff, 0x9c, 0xe3,
	0xcb, 0xdb, 0x48, 0x81, 0xdb, 0x28, 0x80, 0xdb, 0x48, 0x06, 0xe3, 0x48, 0xe3, 0x49, 0xdb, 0x49,
	0xe3, 0x48, 0xe4, 0x6e, 0xff, 0xde, 0xff, 0xdd, 0x85, 0xff, 0xde, 0x04, 0xff, 0xdd, 0xff, 0xde,
	0xed, 0x52, 0xf3, 0x89, 0xdb, 0x49, 0x83, 0xdb, 0x48, 0x00, 0xdb, 0x28, 0x81, 0xdb, 0x48, 0x80,
	0xdb, 0x49, 0x02, 0xeb, 0x89, 0xe3, 0xcb, 0xf5, 0xf5, 0x81, 0xff, 0xde, 0x80, 0xff, 0xdd, 0x8b,
	0xff, 0xde, 0x80, 0xff, 0xdd, 0x80, 0xff, 0xde, 0x06, 0xff, 0xdd, 0xf5, 0xd4, 0xe3, 0x8a, 0xeb,
	0x69, 0xdb, 0x49, 0xdb, 0x49, 0xdb, 0x48, 0x84, 0xdb, 0x28, 0x80, 0xdb, 0x48, 0x04, 0xdb, 0x49,
	0xeb, 0x89, 0xed, 0x93, 0xff, 0xde, 0xff, 0xdd, 0x87, 0xff, 0xde, 0x04, 0xe4, 0x4d, 0xe3, 0x49,
	0xdb, 0x49, 0xdb, 0x48, 0xdb, 0x48, 0x82, 0xdb, 0x28, 0x09, 0xdb, 0x49, 0xe3, 0x69, 0xe4, 0x0b,
	0xff, 0x9c, 0xf6, 0x16, 0xeb, 0xca, 0xdb, 0x69, 0xdb, 0x48, 0xdb, 0x28, 0xdb, 0x28, 0x82, 0xdb,
	0x48, 0x04, 0xdb, 0x28, 0xeb, 0x89, 0xf6, 0x98, 0xff, 0xde, 0xff, 0xdd, 0x84, 0xff, 0xde, 0x07,
	0xff, 0xdd, 0xff, 0xde, 0xf6, 0x98, 0xeb, 0xaa, 0xdb, 0x49, 0xdb, 0x48, 0xdb, 0x28, 0xdb, 0x28,
	0x83, 0xdb, 0x48, 0x08, 0xdb, 0x28, 0xdb, 0x48, 0xdb, 0x48, 0xf3, 0x8a, 0xf5, 0x31, 0xff, 0x9c,
	0xff, 0xde, 0xff, 0xde, 0xff, 0xdd, 0x91, 0xff, 0xde, 0x07, 0xff, 0xdd, 0xff, 0xde, 0xff, 0xde,
	0xff, 0x7c, 0xec, 0xf0, 0xeb, 0x89, 0xdb, 0x49, 0xdb, 0x49, 0x82, 0xdb, 0x28, 0x81, 0xdb, 0x48,
	0x06, 0xdb, 0x28, 0xdb, 0x48, 0xdb, 0x69, 0xf3, 0xca, 0xf6, 0xd9, 0xff, 0xde, 0xff, 0xdd, 0x84,
	0xff, 0xde, 0x05, 0xff, 0xdd, 0xff, 0xde, 0xf6, 0x77, 0xf3, 0xaa, 0xdb, 0x49, 0xdb, 0x49, 0x83,
	0xdb, 0x28, 0x08, 0xdb, 0x48, 0xdb, 0x69, 0xeb, 0xca, 0xf6, 0x36, 0xe4, 0x8e, 0xe3, 0x89, 0xdb,
	0x69, 0xdb, 0x49, 0xdb, 0x48, 0x82, 0xdb, 0x28, 0x02, 0xdb, 0x48, 0xe3, 0x48, 0xe4, 0x4d, 0x88,
	0xff, 0xde, 0x05, 0xff, 0xbd, 0xe4, 0x0c, 0xe3, 0x49, 0xdb, 0x49, 0xdb, 0x28, 0xdb, 0x28, 0x84,
	0xdb, 0x48, 0x06, 0xdb, 0x49, 0xe3, 0x28, 0xe3, 0x49, 0xf5, 0xf5, 0xff, 0xde, 0xff, 0xde, 0xff,
	0xdd, 0x95, 0xff, 0xde, 0x04, 0xff, 0xdd, 0xff, 0xde, 0xff, 0xde, 0xf5, 0xb4, 0xf3, 0xaa, 0x86,
	0xdb, 0x28, 0x81, 0xdb, 0x48, 0x02, 0xe3, 0x48, 0xec, 0x0c, 0xff, 0xbd, 0x88, 0xff, 0xde, 0x03,
	0xe4, 0x2d, 0xe3, 0x49, 0xdb, 0x49, 0xdb, 0x48, 0x81, 0xdb, 0x28, 0x06, 0xdb, 0x48, 0xdb, 0x49,
	0xdb, 0x69, 0xe3, 0x89, 0xe4, 0xaf, 0xe3, 0xaa, 0xdb, 0x48, 0x81, 0xdb, 0x49, 0x00, 0xdb, 0x48,
	0x81, 0xdb, 0x28, 0x04, 0xdb, 0x49, 0xeb, 0xaa, 0xf6, 0x36, 0xff, 0xde, 0xff, 0xdd, 0x84, 0xff,
	0xde, 0x04, 0xff, 0xdd, 0xff, 0xde, 0xed, 0x93, 0xeb, 0x89, 0xdb, 0x69, 0x86, 0xdb, 0x48, 0x05,
	0xdb, 0x49, 0xe3, 0x69, 0xeb, 0xaa, 0xf6, 0x98, 0xff, 0xde, 0xff, 0xdd, 0x98, 0xff, 0xde, 0x80,
	0xff, 0xdd, 0x06, 0xff, 0xde, 0xf6, 0x57, 0xe3, 0x49, 0xdb, 0x49, 0xdb, 0x49, 0xdb, 0x48, 0xdb,
	0x48, 0x81, 0xdb, 0x28, 0x82, 0xdb, 0x48, 0x03, 0xeb, 0x89, 0xed, 0xb4, 0xff, 0xde, 0xff, 0xdd,
	0x84, 0xff, 0xde, 0x04, 0xff, 0xdd, 0xff, 0xde, 0xf5, 0xd4, 0xeb, 0x69, 0xdb, 0x49, 0x81, 0xdb,
	0x28, 0x11, 0xdb, 0x48, 0xdb, 0x49, 0xdb, 0x49, 0xdb, 0x48, 0xdb, 0x28, 0xe3, 0xeb, 0xe3, 0x69,
	0xdb, 0x28, 0xdb, 0x48, 0xdb, 0x49, 0xdb, 0x49, 0xe3, 0x49, 0xdb, 0x48, 0xdb, 0x28, 0xdb, 0x28,
	0xdb, 0x08, 0xe3, 0xaa, 0xff, 0x9c, 0x85, 0xff, 0xde, 0x05, 0xff, 0xdd, 0xff, 0xde, 0xff, 0x5b,
	0xeb, 0xaa, 0xdb, 0x48, 0xdb, 0x49, 0x83, 0xdb, 0x48, 0x07, 0xdb, 0x28, 0xdb, 0x48, 0xdb, 0x49,
	0xe3, 0x69, 0xeb, 0xcb, 0xf6, 0xd9, 0xff, 0xde, 0xff, 0xdd, 0x9b, 0xff, 0xde, 0x06, 0xff, 0xbd,
	0xff, 0xde, 0xf6, 0x77, 0xe3, 0x8a, 0xe3, 0x69, 0xdb, 0x49, 0xdb, 0x48, 0x82, 0xdb, 0x28, 0x07,
	0xdb, 0x48, 0xe3, 0x48, 0xdb, 0x48, 0xdb, 0x48, 0xeb, 0xeb, 0xff, 0x7c, 0xff, 0xde, 0xff, 0xdd,
	0x85, 0xff, 0xde, 0x16, 0xff, 0x7c, 0xe3, 0x49, 0xdb, 0x08, 0xdb, 0x28, 0xdb, 0x28, 0xdb, 0x48,
	0xdb, 0x49, 0xdb, 0x49, 0xdb, 0x48, 0xdb, 0x28, 0xdb, 0x08, 0xe3, 0xca, 0xe4, 0x0c, 0xe3, 0x08,
	0xdb, 0x48, 0xdb, 0x48, 0xe3, 0x48, 0xe3, 0x48, 0xdb, 0x48, 0xdb, 0x28, 0xdb, 0x28, 0xe3, 0x08,
	0xec, 0xaf, 0x86, 0xff, 0xde, 0x05, 0xff, 0xdd, 0xff, 0xde, 0xed, 0x11, 0xeb, 0x69, 0xdb, 0x69,
	0xdb, 0x48, 0x81, 0xe3, 0x48, 0x80, 0xdb, 0x48, 0x80, 0xdb, 0x28, 0x04, 0xdb, 0x48, 0xeb, 0xaa,
	0xf6, 0x98, 0xff, 0xde, 0xff, 0xbd, 0x9d, 0xff, 0xde, 0x05, 0xff, 0xbd, 0xff, 0xde, 0xf6, 0x36,
	0xf3, 0xaa, 0xdb, 0x48, 0xdb, 0x48, 0x81, 0xdb, 0x28, 0x82, 0xdb, 0x48, 0x04, 0xdb, 0x49, 0xeb,
	0xa9, 0xed, 0x93, 0xff, 0xde, 0xff, 0xdd, 0x86, 0xff, 0xde, 0x0e, 0xe4, 0x6e, 0xe3, 0x28, 0xdb,
	0x48, 0xdb, 0x48, 0xdb, 0x49, 0xdb, 0x49, 0xdb, 0x48, 0xdb, 0x48, 0xdb, 0x49, 0xe3, 0x28, 0xe4,
	0x2d, 0xf6, 0x15, 0xf3, 0x69, 0xdb, 0x69, 0xdb, 0x69, 0x81, 0xdb, 0x48, 0x05, 0xdb, 0x49, 0xdb,
	0x28, 0xf3, 0x69, 0xf6, 0xb8, 0xff, 0xde, 0xff, 0xdd, 0x85, 0xff, 0xde, 0x01, 0xff, 0x5b, 0xe3,
	0xaa, 0x82, 0xdb, 0x48, 0x01, 0xdb, 0x49, 0xe3, 0x49, 0x82, 0xdb, 0x48, 0x03, 0xf3, 0x69, 0xed,
	0xb4, 0xff, 0xde, 0xff, 0xbd, 0x9f, 0xff, 0xde, 0x07, 0xff, 0xdd, 0xff, 0xde, 0xed, 0x52, 0xeb,
	0x89, 0xdb, 0x49, 0xdb, 0x48, 0xdb, 0x28, 0xdb, 0x28, 0x81, 0xdb, 0x48, 0x04, 0xdb, 0x28, 0xdb,
	0x48, 0xdb, 0x69, 0xe3, 0xeb, 0xff, 0x9c, 0x85, 0xff, 0xde, 0x05, 0xff, 0xdd, 0xff, 0xde, 0xf6,
	0x98, 0xf3, 0x89, 0xdb, 0x69, 0xdb, 0x69, 0x82, 0xdb, 0x49, 0x0c, 0xdb, 0x69, 0xeb, 0x69, 0xf6,
	0x36, 0xff, 0xde, 0xec, 0xd0, 0xf3, 0xca, 0xdb, 0x48, 0xdb, 0x48, 0xdb, 0x29, 0xdb, 0x49, 0xdb,
	0x49, 0xf3, 0xcb, 0xed, 0x73, 0x86, 0xff, 0xde, 0x04, 0xff, 0xdd, 0xff, 0xde, 0xed, 0x93, 0xeb,
	0x89, 0xdb, 0x49, 0x84, 0xdb, 0x48, 0x05, 0xdb, 0x49, 0xdb, 0x69, 0xeb, 0x49, 0xec, 0xaf, 0xff,
	0xde, 0xff, 0xbd, 0xa1, 0xff, 0xde, 0x80, 0xff, 0xdd, 0x02, 0xec, 0x6e, 0xe3, 0x69, 0xdb, 0x49,
	0x81, 0xdb, 0x28, 0x08, 0xdb, 0x48, 0xdb, 0x28, 0xdb, 0x28, 0xdb, 0x48, 0xdb, 0x69, 0xeb, 0xaa,
	0xf5, 0xd4, 0xff, 0xde, 0xff, 0xdd, 0x86, 0xff, 0xde, 0x08, 0xed, 0x52, 0xf3, 0xeb, 0xdb, 0x69,
	0xdb, 0x69, 0xdb, 0x49, 0xdb, 0x48, 0xdb, 0x48, 0xf3, 0xca, 0xed, 0x32, 0x81, 0xff, 0xde, 0x06,
	0xf5, 0xb4, 0xeb, 0xaa, 0xeb, 0x48, 0xeb, 0x48, 0xeb, 0x89, 0xec, 0x0c, 0xf6, 0x36, 0x88, 0xff,
	0xde, 0x03, 0xff, 0xbd, 0xe3, 0xeb, 0xdb, 0x48, 0xdb, 0x49, 0x84, 0xdb, 0x48, 0x80, 0xdb, 0x49,
	0x03, 0xeb, 0xcb, 0xff, 0x5b, 0xff, 0xde, 0xff, 0xdd, 0xa1, 0xff, 0xde, 0x03, 0xff, 0xdd, 0xff,
	0xde, 0xf6, 0xfa, 0xeb, 0x8a, 0x85, 0xdb, 0x28, 0x03, 0xdb, 0x48, 0xdb, 0x49, 0xe3, 0x48, 0xe3,
	0xec, 0x89, 0xff, 0xde, 0x08, 0xf6, 0x16, 0xec, 0x2c, 0xeb, 0xaa, 0xeb, 0x69, 0xeb, 0x49, 0xeb,
	0xcb, 0xf5, 0xf5, 0xff, 0xde, 0xff, 0xdd, 0x81, 0xff, 0xde, 0x04, 0xff, 0x7c, 0xf6, 0x57, 0xf6,
	0x15, 0xfe, 0xb8, 0xff, 0x9d, 0x87, 0xff, 0xde, 0x03, 0xff, 0xdd, 0xff, 0xde, 0xf6, 0x98, 0xeb,
	0x89, 0x83, 0xdb, 0x48, 0x80, 0xdb, 0x28, 0x05, 0xdb, 0x48, 0xdb, 0x49, 0xf3, 0xaa, 0xed, 0xd4,
	0xff, 0xde, 0xff, 0xdd, 0xa3, 0xff, 0xde, 0x07, 0xff, 0xdd, 0xff, 0xde, 0xec, 0xf1, 0xeb, 0x48,
	0xdb, 0x48, 0xdb, 0x48, 0xdb, 0x28, 0xdb, 0x28, 0x82, 0xdb, 0x48, 0x04, 0xdb, 0x28, 0xe3, 0x69,
	0xf6, 0xd9, 0xff, 0xde, 0xff, 0xdd, 0x87, 0xff, 0xde, 0x04, 0xff, 0xbd, 0xfe, 0xd9, 0xf6, 0x56,
	0xf6, 0x98, 0xff, 0x9c, 0x83, 0xff, 0xde, 0x00, 0xff, 0xdd, 0x83, 0xff, 0xde, 0x00, 0xff, 0xdd,
	0x86, 0xff, 0xde, 0x04, 0xff, 0xdd, 0xff, 0xde, 0xed, 0x11, 0xeb, 0x48, 0xdb, 0x49, 0x85, 0xdb,
	0x48, 0x02, 0xe3, 0x48, 0xe3, 0xeb, 0xff, 0xbd, 0xa7, 0xff, 0xde, 0x02, 0xff, 0x5b, 0xe3, 0x8a,
	0xdb, 0x28, 0x85, 0xdb, 0x48, 0x04, 0xdb, 0x49, 0xeb, 0x68, 0xed, 0x72, 0xff, 0xde, 0xff, 0xdd,
	0x86, 0xff, 0xde, 0x00, 0xff, 0xdd, 0x83, 0xff, 0xde, 0x00, 0xff, 0xdd, 0x84, 0xff, 0xde, 0x81,
	0xff, 0xdd, 0x8a, 0xff, 0xde, 0x01, 0xe3, 0xec, 0xe3, 0x28, 0x82, 0xdb, 0x48, 0x07, 0xe3, 0x48,
	0xdb, 0x48, 0xdb, 0x48, 0xdb, 0x49, 0xeb, 0x89, 0xed, 0x93, 0xff, 0xde, 0xff, 0xbd, 0xa5, 0xff,
	0xde, 0x04, 0xff, 0xdd, 0xff, 0xde, 0xed, 0x11, 0xeb, 0x89, 0xdb, 0x69, 0x83, 0xdb, 0x48, 0x80,
	0xdb, 0x28, 0x01, 0xe3, 0x48, 0xe4, 0x4d, 0x8a, 0xff, 0xde, 0x81, 0xff, 0xdd, 0x82, 0xff, 0xde,
	0x00, 0x00, 0x00, 0x00, 0x00, 0x00, 0x00, 0x00, 0x00, 0x00, 0x00, 0x00, 0x00, 0x00,
};

static const uint8_t bootanim_last[13491] = {
	0x42, 0x41, 0x4e, 0x31, 0x40, 0x01, 0xf0, 0x00, 0x0c, 0x01, 0x01, 0x00, 0x01, 0x00, 0x00, 0x00,
	0x00, 0x40, 0x01, 0xf0, 0x00, 0x9a, 0x34, 0x00, 0x00, 0xff, 0xff, 0xde, 0xff, 0xff, 0xde, 0xff,
	0xff, 0xde, 0xff, 0xff, 0xde, 0xff, 0xff, 0xde, 0xff, 0xff, 0xde, 0xff, 0xff, 0xde, 0xff, 0xff,
	0xde, 0xff, 0xff, 0xde, 0xff, 0xff, 0xde, 0xff, 0xff, 0xde, 0xff, 0xff, 0xde, 0xff, 0xff, 0xde,
	0xff, 0xff, 0xde, 0xff, 0xff, 0xde, 0xff, 0xff, 0xde, 0xff, 0xff, 0xde, 0xff, 0xff, 0xde, 0xff,
	0xff, 0xde, 0xff, 0xff, 0xde, 0xff, 0xff, 0xde, 0xff, 0xff, 0xde, 0xff, 0xff, 0xde, 0xff, 0xff,
	0xde, 0xff, 0xff, 0xde, 0xff, 0xff, 0xde, 0xff, 0xff, 0xde, 0xff, 0xff, 0xde, 0xff, 0xff, 0xde,
	0xff, 0xff, 0xde, 0xff, 0xff, 0xde, 0xff, 0xff, 0xde, 0xff, 0xff, 0xde, 0xff, 0xff, 0xde, 0xff,
	0xff, 0xde, 0xff, 0xff, 0xde, 0xff, 0xff, 0xde, 0xff, 0xff, 0xde, 0xff, 0xff, 0xde, 0xff, 0xff,
	0xde, 0xff, 0xff, 0xde, 0xff, 0xff, 0xde, 0xff, 0xff, 0xde, 0xff, 0xff, 0xde, 0xff, 0xff, 0xde,
	0xff, 0xff, 0xde, 0xff, 0xff, 0xde, 0xff, 0xff, 0xde, 0xff, 0xff, 0xde, 0xff, 0xff, 0xde, 0xff,
	0xff, 0xde, 0xff, 0xff, 0xde, 0xff, 0xff, 0xde, 0xff, 0xff, 0xde, 0xff, 0xff, 0xde, 0xff, 0xff,
	0xde, 0xff, 0xff, 0xde, 0xff, 0xff, 0xde, 0xff, 0xff, 0xde, 0xff, 0xff, 0xde, 0xff, 0xff, 0xde,
	0xff, 0xff, 0xde, 0xff, 0xff, 0xde, 0xff, 0xff, 0xde, 0xff, 0xff, 0xde, 0xff, 0xff, 0xde, 0xff,
	0xff, 0xde, 0xff, 0xff, 0xde, 0x88, 0xff, 0xde, 0x80, 0xff, 0xdd, 0x83, 0xff, 0xde, 0x14, 0xff,
	0x5b, 0xf6, 0xb8, 0xf6, 0x36, 0xed, 0x52, 0xec, 0xef, 0xe4, 0x6e, 0xe4, 0x2d, 0xe3, 0xcb, 0xe3,
	0xaa, 0xe3, 0x8a, 0xe3, 0x8a, 0xe3, 0xaa, 0xe3, 0xca, 0xe3, 0xcb, 0xe4, 0x2d, 0xe4, 0x6e, 0xec,
	0xf0, 0xed, 0x72, 0xf6, 0x36, 0xf6, 0xb8, 0xff, 0x5b, 0x83, 0xff, 0xde, 0x80, 0xff, 0xdd, 0xff,
	0xff, 0xde, 0xff, 0xff, 0xde, 0x96, 0xff, 0xde, 0x00, 0xff, 0xdd, 0x82, 0xff, 0xde, 0x0b, 0xff,
	0xbd, 0xfe, 0xf9, 0xf6, 0x15, 0xed, 0x31, 0xec, 0x4d, 0xe3, 0xca, 0xeb, 0xaa, 0xeb, 0xaa, 0xeb,
	0x69, 0xe3, 0x69, 0xe3, 0x69, 0xdb, 0x28, 0x81, 0xdb, 0x48, 0x00, 0xdb, 0x49, 0x82, 0xdb, 0x48,
	0x0a, 0xe3, 0x69, 0xeb, 0x89, 0xeb, 0x89, 0xeb, 0xaa, 0xeb, 0xaa, 0xe3, 0xaa, 0xec, 0x4d, 0xed,
	0x11, 0xf6, 0x15, 0xfe, 0xfa, 0xff, 0xbd, 0x81, 0xff, 0xde, 0x80, 0xff, 0xdd, 0xff, 0xff, 0xde,
	0xff, 0xff, 0xde, 0x91, 0xff, 0xde, 0x00, 0xff, 0xdd, 0x81, 0xff, 0xde, 0x0a, 0xff, 0x7c, 0xfe,
	0x56, 0xf4, 0xf0, 0xe3, 0xcb, 0xf3, 0xca, 0xeb, 0xaa, 0xeb, 0xa9, 0xe3, 0x69, 0xdb, 0x49, 0xdb,
	0x49, 0xdb, 0x69, 0x82, 0xdb, 0x49, 0x01, 0xdb, 0x48, 0xdb, 0x49, 0x88, 0xdb, 0x69, 0x80, 0xdb,
	0x48, 0x07, 0xe3, 0x69, 0xeb, 0x69, 0xeb, 0x89, 0xeb, 0x8a, 0xe4, 0x0c, 0xf5, 0x31, 0xf6, 0x97,
	0xff, 0xbd, 0x81, 0xff, 0xde, 0x00, 0xff, 0xdd, 0xff, 0xff, 0xde, 0xff, 0xff, 0xde, 0x8d, 0xff,
	0xde, 0x00, 0xff, 0xdd, 0x81, 0xff, 0xde, 0x06, 0xf6, 0xb8, 0xed, 0x31, 0xe3, 0xcb, 0xf3, 0x89,
	0xeb, 0x48, 0xe3, 0x28, 0xdb, 0x48, 0x82, 0xdb, 0x69, 0x00, 0xdb, 0x49, 0x84, 0xdb, 0x48, 0x83,
	0xdb, 0x49, 0x80, 0xdb, 0x48, 0x81, 0xdb, 0x49, 0x0c, 0xdb, 0x48, 0xdb, 0x49, 0xdb, 0x48, 0xdb,
	0x49, 0xdb, 0x69, 0xdb, 0x49, 0xdb, 0x49, 0xe3, 0x48, 0xeb, 0x89, 0xf3, 0xca, 0xe3, 0xeb, 0xed,
	0x31, 0xf6, 0xb8, 0x81, 0xff, 0xde, 0x00, 0xff, 0xdd, 0xff, 0xff, 0xde, 0xff, 0xff, 0xde, 0x89,
	0xff, 0xde, 0x0b, 0xff, 0xdd, 0xff, 0xde, 0xff, 0xde, 0xff, 0x7c, 0xf5, 0xd4, 0xec, 0x2d, 0xeb,
	0xaa, 0xeb, 0x8a, 0xdb, 0x49, 0xdb, 0x69, 0xdb, 0x69, 0xdb, 0x49, 0x83, 0xdb, 0x48, 0x80, 0xdb,
	0x49, 0x02, 0xdb, 0x48, 0xdb, 0x49, 0xdb, 0x48, 0x85, 0xdb, 0x49, 0x0b, 0xdb, 0x48, 0xdb, 0x49,
	0xdb, 0x48, 0xdb, 0x48, 0xdb, 0x49, 0xdb, 0x48, 0xdb, 0x48, 0xdb, 0x49, 0xdb, 0x48, 0xdb, 0x48,
	0xdb, 0x49, 0xdb, 0x49, 0x81, 0xdb, 0x69, 0x08, 0xe3, 0x48, 0xeb, 0x69, 0xeb, 0x89, 0xec, 0x2d,
	0xf6, 0x15, 0xff, 0x9d, 0xff, 0xde, 0xff, 0xde, 0xff, 0xdd, 0xff, 0xff, 0xde, 0xff, 0xff, 0xde,
	0x85, 0xff, 0xde, 0x0d, 0xff, 0xdd, 0xff, 0xde, 0xff, 0xde, 0xff, 0x7c, 0xf5, 0x93, 0xe3, 0xcb,
	0xeb, 0x89, 0xe3, 0x48, 0xdb, 0x49, 0xdb, 0x69, 0xdb, 0x69, 0xe3, 0x69, 0xdb, 0x49, 0xdb, 0x49,
	0x88, 0xdb, 0x48, 0x80, 0xdb, 0x49, 0x83, 0xdb, 0x48, 0x80, 0xdb, 0x49, 0x84, 0xdb, 0x48, 0x81,
	0xdb, 0x49, 0x00, 0xe3, 0x49, 0x82, 0xdb, 0x49, 0x80, 0xdb, 0x48, 0x07, 0xe3, 0x48, 0xf3, 0x89,
	0xe4, 0x0c, 0xf5, 0xd4, 0xff, 0x9c, 0xff, 0xde, 0xff, 0xde, 0xff, 0xdd, 0xff, 0xff, 0xde, 0xff,
	0xff, 0xde, 0x81, 0xff, 0xde, 0x08, 0xff, 0xdd, 0xff, 0xde, 0xff, 0xde, 0xff, 0x9d, 0xf5, 0xd4,
	0xeb, 0xeb, 0xeb, 0x89, 0xdb, 0x48, 0xdb, 0x49, 0x81, 0xdb, 0x48, 0x04, 0xe3, 0x49, 0xe3, 0x69,
	0xe3, 0x69, 0xdb, 0x49, 0xdb, 0x49, 0x85, 0xdb, 0x48, 0x80, 0xdb, 0x49, 0x03, 0xe3, 0x49, 0xdb,
	0x48, 0xdb, 0x49, 0xdb, 0x49, 0x81, 0xdb, 0x48, 0x02, 0xdb, 0x49, 0xdb, 0x48, 0xdb, 0x49, 0x82,
	0xdb, 0x48, 0x81, 0xdb, 0x49, 0x80, 0xe3, 0x49, 0x80, 0xdb, 0x49, 0x82, 0xdb, 0x48, 0x06, 0xdb,
	0x49, 0xdb, 0x69, 0xe3, 0x69, 0xeb, 0xaa, 0xe3, 0xeb, 0xf5, 0xd4, 0xff, 0xbd, 0xff, 0xff, 0xde,
	0xff, 0xff, 0xde, 0x81, 0xff, 0xde, 0x12, 0xff, 0xdd, 0xff, 0xde, 0xff, 0xde, 0xf6, 0x36, 0xec,
	0x0c, 0xeb, 0x89, 0xdb, 0x49, 0xdb, 0x69, 0xdb, 0x69, 0xdb, 0x48, 0xdb, 0x48, 0xdb, 0x28, 0xdb,
	0x48, 0xdb, 0x49, 0xe3, 0x49, 0xe3, 0x49, 0xe3, 0x69, 0xdb, 0x69, 0xdb, 0x49, 0x84, 0xdb, 0x48,
	0x81, 0xdb, 0x49, 0x02, 0xdb, 0x48, 0xdb, 0x49, 0xdb, 0x49, 0x82, 0xdb, 0x48, 0x01, 0xdb, 0x49,
	0xe3, 0x48, 0x82, 0xdb, 0x48, 0x05, 0xdb, 0x49, 0xe3, 0x49, 0xe3, 0x69, 0xe3, 0x69, 0xe3, 0x49,
	0xdb, 0x49, 0x83, 0xdb, 0x48, 0x82, 0xdb, 0x49, 0x06, 0xdb, 0x48, 0xeb, 0x89, 0xec, 0x2c, 0xfe,
	0x97, 0xff, 0xde, 0xff, 0xde, 0xff, 0xdd, 0xff, 0xff, 0xde, 0xff, 0xff, 0xde, 0x09, 0xf7, 0x1a,
	0xec, 0xaf, 0xf3, 0x8a, 0xe3, 0x49, 0xdb, 0x69, 0xe3, 0x69, 0xe3, 0x49, 0xdb, 0x49, 0xdb, 0x48,
	0xdb, 0x28, 0x81, 0xdb, 0x48, 0x80, 0xdb, 0x49, 0x02, 0xdb, 0x69, 0xe3, 0x69, 0xdb, 0x49, 0x83,
	0xdb, 0x48, 0x8a, 0xdb, 0x49, 0x80, 0xe3, 0x49, 0x07, 0xdb, 0x49, 0xdb, 0x48, 0xdb, 0x48, 0xe3,
	0x49, 0xe3, 0x69, 0xe3, 0x69, 0xdb, 0x49, 0xdb, 0x49, 0x88, 0xdb, 0x48, 0x07, 0xdb, 0x49, 0xdb,
	0x69, 0xdb, 0x48, 0xf3, 0xca, 0xec, 0xcf, 0xff, 0x3b, 0xff, 0xde, 0xff, 0xdd, 0xff, 0xff, 0xde,
	0xfa, 0xff, 0xde, 0x0a, 0xff, 0xdd, 0xff, 0xde, 0xff, 0xde, 0xf5, 0xf5, 0xeb, 0xca, 0xe3, 0x69,
	0xdb, 0x49, 0xdb, 0x49, 0xdb, 0x48, 0xdb, 0x49, 0xe3, 0x49, 0x84, 0xdb, 0x48, 0x80, 0xdb, 0x49,
	0x81, 0xe3, 0x49, 0x81, 0xdb, 0x48, 0x06, 0xdb, 0x49, 0xdb, 0x69, 0xe3, 0x69, 0xdb, 0x49, 0xdb,
	0x48, 0xdb, 0x28, 0xdb, 0x28, 0x83, 0xdb, 0x48, 0x80, 0xdb, 0x28, 0x08, 0xdb, 0x49, 0xe3, 0x69,
	0xdb, 0x69, 0xdb, 0x69, 0xdb, 0x49, 0xe3, 0x69, 0xe3, 0x69, 0xe3, 0x49, 0xdb, 0x49, 0x83, 0xdb,
	0x48, 0x02, 0xdb, 0x49, 0xdb, 0x48, 0xe3, 0x49, 0x83, 0xdb, 0x48, 0x80, 0xdb, 0x49, 0x05, 0xe3,
	0x68, 0xe3, 0xaa, 0xf6, 0x15, 0xff, 0xde, 0xff, 0xde, 0xff, 0xdd, 0xff, 0xff, 0xde, 0xf7, 0xff,
	0xde, 0x06, 0xff, 0xdd, 0xff, 0xde, 0xff, 0x7c, 0xec, 0xcf, 0xf3, 0xaa, 0xdb, 0x49, 0xdb, 0x49,
	0x82, 0xdb, 0x48, 0x01, 0xdb, 0x49, 0xe3, 0x48, 0x84, 0xdb, 0x48, 0x15, 0xdb, 0x49, 0xe3, 0x49,
	0xdb, 0x49, 0xdb, 0x49, 0xdb, 0x69, 0xdb, 0x49, 0xdb, 0x48, 0xe3, 0x49, 0xeb, 0x69, 0xeb, 0x89,
	0xeb, 0x89, 0xf3, 0xaa, 0xe3, 0x69, 0xe3, 0x69, 0xe3, 0x8a, 0xe3, 0xcb, 0xe3, 0xeb, 0xe3, 0xcb,
	0xe3, 0xaa, 0xe3, 0x89, 0xe3, 0x69, 0xf3, 0xaa, 0x81, 0xeb, 0x89, 0x04, 0xe3, 0x69, 0xdb, 0x49,
	0xdb, 0x69, 0xdb, 0x69, 0xdb, 0x49, 0x81, 0xdb, 0x48, 0x82, 0xdb, 0x49, 0x81, 0xdb, 0x48, 0x80,
	0xdb, 0x28, 0x81, 0xdb, 0x48, 0x06, 0xdb, 0x49, 0xdb, 0x48, 0xeb, 0xaa, 0xec, 0xf0, 0xff, 0x9c,
	0xff, 0xde, 0xff, 0xdd, 0xff, 0xff, 0xde, 0xf7, 0xff, 0xde, 0x04, 0xf6, 0xb8, 0xeb, 0xcb, 0xeb,
	0x69, 0xdb, 0x69, 0xdb, 0x49, 0x86, 0xdb, 0x48, 0x00, 0xdb, 0x49, 0x83, 0xdb, 0x48, 0x1d, 0xdb,
	0x49, 0xdb, 0x48, 0xe3, 0x48, 0xeb, 0x89, 0xf3, 0xca, 0xe3, 0xaa, 0xe4, 0x2d, 0xe4, 0xaf, 0xed,
	0x93, 0xf6, 0x36, 0xfe, 0xd9, 0xff, 0x3a, 0xff, 0x7c, 0xff, 0x9c, 0xff, 0x9d, 0xff, 0xbd, 0xff,
	0x9d, 0xff, 0x9c, 0xff, 0x7c, 0xff, 0x3a, 0xfe, 0xd9, 0xf6, 0x36, 0xf5, 0xb4, 0xec, 0xf0, 0xec,
	0x4d, 0xeb, 0xaa, 0xeb, 0x69, 0xeb, 0x48, 0xe3, 0x28, 0xdb, 0x48, 0x82, 0xdb, 0x49, 0x03, 0xe3,
	0x49, 0xdb, 0x49, 0xdb, 0x48, 0xdb, 0x48, 0x81, 0xdb, 0x28, 0x83, 0xdb, 0x48, 0x05, 0xdb, 0x49,
	0xeb, 0x69, 0xec, 0x0c, 0xf6, 0xf9, 0xff, 0xde, 0xff, 0xdd, 0xff, 0xff, 0xde, 0xf5, 0xff, 0xde,
	0x04, 0xf6, 0x15, 0xf3, 0xca, 0xe3, 0x48, 0xdb, 0x69, 0xdb, 0x49, 0x89, 0xdb, 0x48, 0x81, 0xdb,
	0x49, 0x06, 0xdb, 0x28, 0xeb, 0x28, 0xeb, 0x89, 0xe4, 0x0c, 0xed, 0x52, 0xf6, 0x77, 0xff, 0x5b,
	0x91, 0xff, 0xde, 0x0b, 0xff, 0x5b, 0xf6, 0x36, 0xec, 0xf0, 0xe3, 0xaa, 0xeb, 0x89, 0xeb, 0x89,
	0xe3, 0x69, 0xdb, 0x69, 0xdb, 0x69, 0xdb, 0x49, 0xdb, 0x49, 0xdb, 0x48, 0x82, 0xdb, 0x28, 0x84,
	0xdb, 0x48, 0x03, 0xdb, 0x69, 0xdb, 0x48, 0xeb, 0xca, 0xf6, 0x36, 0xff, 0xff, 0xde, 0xf5, 0xff,
	0xde, 0x03, 0xed, 0x32, 0xf3, 0xaa, 0xdb, 0x49, 0xdb, 0x49, 0x82, 0xdb, 0x48, 0x00, 0xdb, 0x28,
	0x84, 0xdb, 0x48, 0x08, 0xe3, 0x48, 0xdb, 0x69, 0xdb, 0x49, 0xe3, 0x49, 0xf3, 0x89, 0xe3, 0xaa,
	0xf5, 0x31, 0xfe, 0xd8, 0xff, 0xbd, 0x83, 0xff, 0xde, 0x00, 0xff, 0xbd, 0x81, 0xff, 0xdd, 0x85,
	0xff, 0xde, 0x81, 0xff, 0xdd, 0x01, 0xff, 0xbd, 0xff, 0xdd, 0x82, 0xff, 0xde, 0x07, 0xff, 0xbd,
	0xfe, 0xb8, 0xf5, 0x72, 0xec, 0x2c, 0xeb, 0xaa, 0xe3, 0x69, 0xdb, 0x48, 0xdb, 0x48, 0x82, 0xdb,
	0x28, 0x83, 0xdb, 0x48, 0x80, 0xdb, 0x28, 0x04, 0xdb, 0x48, 0xdb, 0x69, 0xdb, 0x48, 0xeb, 0x69,
	0xed, 0x93, 0xff, 0xff, 0xde, 0xf2, 0xff, 0xde, 0x02, 0xff, 0xdd, 0xec, 0xf0, 0xeb, 0x69, 0x8b,
	0xdb, 0x48, 0x06, 0xdb, 0x49, 0xdb, 0x48, 0xeb, 0x89, 0xeb, 0x8a, 0xec, 0x8e, 0xf6, 0x56, 0xff,
	0x9d, 0x81, 0xff, 0xde, 0x80, 0xff, 0xdd, 0x92, 0xff, 0xde, 0x81, 0xff, 0xdd, 0x81, 0xff, 0xde,
	0x07, 0xff, 0xbd, 0xf6, 0x77, 0xec, 0xaf, 0xeb, 0x48, 0xe3, 0x28, 0xdb, 0x28, 0xdb, 0x48, 0xdb,
	0x28, 0x82, 0xdb, 0x48, 0x81, 0xdb, 0x28, 0x83, 0xdb, 0x48, 0x01, 0xf3, 0xaa, 0xed, 0x52, 0xff,
	0xff, 0xde, 0xf0, 0xff, 0xde, 0x03, 0xff, 0xbd, 0xec, 0xcf, 0xeb, 0x89, 0xdb, 0x49, 0x83, 0xdb,
	0x48, 0x80, 0xdb, 0x28, 0x81, 0xdb, 0x48, 0x81, 0xdb, 0x28, 0x03, 0xe3, 0x28, 0xeb, 0x89, 0xec,
	0xd0, 0xf6, 0xd9, 0x81, 0xff, 0xde, 0x80, 0xff, 0xdd, 0x99, 0xff, 0xde, 0x80, 0xff, 0xdd, 0x81,
	0xff, 0xde, 0x05, 0xf6, 0xb8, 0xec, 0x8e, 0xeb, 0x89, 0xe3, 0x28, 0xdb, 0x49, 0xdb, 0x49, 0x81,
	0xdb, 0x48, 0x81, 0xdb, 0x28, 0x83, 0xdb, 0x48, 0x02, 0xdb, 0x69, 0xf3, 0xaa, 0xed, 0x10, 0xff,
	0xff, 0xde, 0xee, 0xff, 0xde, 0x0a, 0xff, 0xdd, 0xec, 0xcf, 0xeb, 0x89, 0xdb, 0x49, 0xdb, 0x48,
	0xdb, 0x48, 0xdb, 0x28, 0xdb, 0x48, 0xdb, 0x48, 0xdb, 0x28, 0xdb, 0x28, 0x81, 0xdb, 0x48, 0x05,
	0xdb, 0x28, 0xdb, 0x48, 0xdb, 0x08, 0xeb, 0x69, 0xec, 0x6e, 0xf6, 0xb9, 0x81, 0xff, 0xde, 0x00,
	0xff, 0xdd, 0x9f, 0xff, 0xde, 0x00, 0xff, 0xdd, 0x81, 0xff, 0xde, 0x08, 0xf6, 0x77, 0xec, 0x6e,
	0xeb, 0xaa, 0xdb, 0x49, 0xdb, 0x69, 0xdb, 0x49, 0xdb, 0x48, 0xdb, 0x48, 0xdb, 0x28, 0x84, 0xdb,
	0x48, 0x80, 0xdb, 0x69, 0x01, 0xeb, 0x89, 0xec, 0xf0, 0xff, 0xff, 0xde, 0xec, 0xff, 0xde, 0x03,
	0xff, 0xdd, 0xec, 0xf0, 0xeb, 0x89, 0xdb, 0x49, 0x81, 0xdb, 0x48, 0x83, 0xdb, 0x28, 0x81, 0xdb,
	0x48, 0x03, 0xdb, 0x28, 0xeb, 0x48, 0xe3, 0xcb, 0xf6, 0x36, 0x81, 0xff, 0xde, 0x00, 0xff, 0xdd,
	0xa3, 0xff, 0xde, 0x00, 0xff, 0xdd, 0x81, 0xff, 0xde, 0x03, 0xf6, 0x36, 0xeb, 0xcb, 0xeb, 0x89,
	0xdb, 0x69, 0x84, 0xdb, 0x48, 0x00, 0xdb, 0x28, 0x81, 0xdb, 0x48, 0x80, 0xdb, 0x49, 0x03, 0xeb,
	0x89, 0xed, 0x11, 0xff, 0xde, 0xff, 0xdd, 0xff, 0xff, 0xde, 0xe7, 0xff, 0xde, 0x04, 0xff, 0xdd,
	0xff, 0xde, 0xed, 0x31, 0xf3, 0x89, 0xdb, 0x49, 0x82, 0xdb, 0x48, 0x82, 0xdb, 0x28, 0x80, 0xdb,
	0x48, 0x07, 0xdb, 0x49, 0xdb, 0x48, 0xf3, 0x89, 0xf5, 0x11, 0xff, 0x7c, 0xff, 0xde, 0xff, 0xde,
	0xff, 0xdd, 0xa7, 0xff, 0xde, 0x07, 0xff, 0xdd, 0xff, 0xde, 0xff, 0xde, 0xff, 0x5c, 0xf5, 0x10,
	0xeb, 0x89, 0xdb, 0x48, 0xdb, 0x49, 0x81, 0xdb, 0x48, 0x80, 0xdb, 0x28, 0x83, 0xdb, 0x48, 0x02,
	0xdb, 0x69, 0xeb, 0xaa, 0xed, 0x52, 0xff, 0xff, 0xde, 0xe7, 0xff, 0xde, 0x09, 0xff, 0xdd, 0xff,
	0xde, 0xed, 0x93, 0xf3, 0xa9, 0xdb, 0x49, 0xdb, 0x48, 0xdb, 0x48, 0xdb, 0x28, 0xdb, 0x28, 0xdb,
	0x48, 0x82, 0xdb, 0x28, 0x07, 0xdb, 0x48, 0xdb, 0x49, 0xe3, 0x48, 0xe3, 0xaa, 0xf6, 0x57, 0xff,
	0xde, 0xff, 0xde, 0xff, 0xbd, 0x8f, 0xff, 0xde, 0x81, 0xff, 0xdd, 0x83, 0xff, 0xde, 0x81, 0xff,
	0xdd, 0x8f, 0xff, 0xde, 0x05, 0xff, 0xbd, 0xff, 0xde, 0xff, 0xde, 0xf5, 0xf5, 0xeb, 0x8a, 0xe3,
	0x48, 0x81, 0xdb, 0x49, 0x85, 0xdb, 0x48, 0x80, 0xdb, 0x69, 0x03, 0xeb, 0xa9, 0xf5, 0xd4, 0xff,
	0xde, 0xff, 0xdd, 0xff, 0xff, 0xde, 0xe3, 0xff, 0xde, 0x03, 0xff, 0xdd, 0xff, 0xde, 0xf6, 0x57,
	0xf3, 0x89, 0x81, 0xdb, 0x48, 0x82, 0xdb, 0x28, 0x80, 0xdb, 0x48, 0x80, 0xdb, 0x28, 0x03, 0xdb,
	0x49, 0xeb, 0x89, 0xec, 0x4d, 0xff, 0x3b, 0x8e, 0xff, 0xde, 0x80, 0xff, 0xdd, 0x8f, 0xff, 0xde,
	0x80, 0xff, 0xdd, 0x8c, 0xff, 0xde, 0x07, 0xff, 0xdd, 0xff, 0xde, 0xf6, 0xf9, 0xec, 0x0c, 0xe3,
	0x48, 0xdb, 0x69, 0xdb, 0x49, 0xdb, 0x28, 0x87, 0xdb, 0x48, 0x03, 0xf3, 0xca, 0xf6, 0x98, 0xff,
	0xde, 0xff, 0xdd, 0xff, 0xff, 0xde, 0xe3, 0xff, 0xde, 0x02, 0xf7, 0x1a, 0xeb, 0xca, 0xe3, 0x69,
	0x81, 0xdb, 0x48, 0x82, 0xdb, 0x28, 0x81, 0xdb, 0x48, 0x05, 0xdb, 0x28, 0xeb, 0x69, 0xf5, 0x11,
	0xff, 0xbd, 0xff, 0xde, 0xff, 0xdd, 0x8a, 0xff, 0xde, 0x80, 0xff, 0xdd, 0x82, 0xff, 0xde, 0x0e,
	0xff, 0x9c, 0xfe, 0xf9, 0xf6, 0x36, 0xf5, 0xd4, 0xed, 0x72, 0xec, 0xf0, 0xec, 0xaf, 0xe4, 0x8e,
	0xe4, 0xaf, 0xec, 0xf0, 0xed, 0x52, 0xf5, 0xd4, 0xf6, 0x36, 0xfe, 0xf9, 0xff, 0x9c, 0x82, 0xff,
	0xde, 0x80, 0xff, 0xdd, 0x8a, 0xff, 0xde, 0x07, 0xff, 0xdd, 0xff, 0xde, 0xff, 0x7c, 0xec, 0x8f,
	0xeb, 0x89, 0xdb, 0x49, 0xdb, 0x48, 0xdb, 0x28, 0x86, 0xdb, 0x48, 0x02, 0xe3, 0x69, 0xec, 0x0b,
	0xff, 0x5b, 0xff, 0xff, 0xde, 0xe2, 0xff, 0xde, 0x04, 0xff, 0xdd, 0xff, 0xbd, 0xec, 0x2d, 0xe3,
	0x69, 0xdb, 0x49, 0x81, 0xdb, 0x28, 0x80, 0xdb, 0x48, 0x81, 0xdb, 0x28, 0x03, 0xdb, 0x48, 0xdb,
	0x28, 0xeb, 0x89, 0xed, 0x52, 0x8c, 0xff, 0xde, 0x00, 0xff, 0xdd, 0x81, 0xff, 0xde, 0x0d, 0xff,
	0xbd, 0xfe, 0xb8, 0xf5, 0x93, 0xec, 0xae, 0xe3, 0xcb, 0xeb, 0xaa, 0xeb, 0x89, 0xeb, 0xaa, 0xeb,
	0xaa, 0xe3, 0x69, 0xe3, 0x69, 0xe3, 0x49, 0xe3, 0x69, 0xe3, 0x69, 0x81, 0xeb, 0x89, 0x05, 0xeb,
	0xaa, 0xe3, 0xaa, 0xec, 0xaf, 0xf5, 0xb3, 0xfe, 0xf9, 0xff, 0xbd, 0x81, 0xff, 0xde, 0x00, 0xff,
	0xdd, 0x89, 0xff, 0xde, 0x05, 0xff, 0xdd, 0xff, 0xde, 0xff, 0xbd, 0xed, 0x11, 0xf3, 0x89, 0xdb,
	0x49, 0x84, 0xdb, 0x48, 0x07, 0xdb, 0x28, 0xdb, 0x48, 0xdb, 0x48, 0xdb, 0x49, 0xe3, 0x69, 0xe4,
	0x6e, 0xff, 0xdd, 0xff, 0xdd, 0xff, 0xff, 0xde, 0xdf, 0xff, 0xde, 0x12, 0xff, 0xdd, 0xff, 0xde,
	0xed, 0x31, 0xf3, 0x89, 0xdb, 0x49, 0xdb, 0x48, 0xdb, 0x48, 0xdb, 0x28, 0xdb, 0x28, 0xdb, 0x48,
	0xe3, 0x48, 0xdb, 0x48, 0xdb, 0x28, 0xdb, 0x48, 0xdb, 0x29, 0xeb, 0x89, 0xf5, 0x93, 0xff, 0xde,
	0xff, 0xdd, 0x89, 0xff, 0xde, 0x00, 0xff, 0xdd, 0x81, 0xff, 0xde, 0x06, 0xfe, 0xf9, 0xf5, 0x72,
	0xec, 0x0c, 0xf3, 0xca, 0xeb, 0x89, 0xe3, 0x69, 0xdb, 0x48, 0x81, 0xdb, 0x69, 0x87, 0xdb, 0x49,
	0x80, 0xdb, 0x48, 0x05, 0xe3, 0x69, 0xeb, 0x89, 0xeb, 0xaa, 0xec, 0x0c, 0xf5, 0x72, 0xfe, 0xf9,
	0x81, 0xff, 0xde, 0x00, 0xff, 0xdd, 0x8b, 0xff, 0xde, 0x03, 0xed, 0x32, 0xf3, 0x89, 0xdb, 0x49,
	0xdb, 0x49, 0x85, 0xdb, 0x48, 0x05, 0xdb, 0x49, 0xdb, 0x69, 0xf3, 0xaa, 0xed, 0xb3, 0xff, 0xde,
	0xff, 0xdd, 0xff, 0xff, 0xde, 0xdd, 0xff, 0xde, 0x04, 0xff, 0xdd, 0xff, 0xde, 0xf6, 0x97, 0xeb,
	0x8a, 0xdb, 0x49, 0x82, 0xdb, 0x48, 0x00, 0xdb, 0x28, 0x83, 0xdb, 0x48, 0x03, 0xeb, 0x89, 0xed,
	0x93, 0xff, 0xde, 0xff, 0xdd, 0x8c, 0xff, 0xde, 0x04, 0xf6, 0x77, 0xec, 0x8e, 0xeb, 0xaa, 0xeb,
	0x89, 0xe3, 0x49, 0x82, 0xdb, 0x69, 0x01, 0xe3, 0x69, 0xdb, 0x69, 0x83, 0xdb, 0x49, 0x84, 0xdb,
	0x48, 0x80, 0xdb, 0x49, 0x06, 0xdb, 0x69, 0xdb, 0x49, 0xdb, 0x48, 0xeb, 0x69, 0xeb, 0xaa, 0xec,
	0xaf, 0xfe, 0x97, 0x8c, 0xff, 0xde, 0x05, 0xff, 0xdd, 0xff, 0xde, 0xed, 0x31, 0xeb, 0x89, 0xdb,
	0x69, 0xdb, 0x49, 0x84, 0xdb, 0x48, 0x81, 0xdb, 0x49, 0x03, 0xeb, 0xaa, 0xf6, 0xd9, 0xff, 0xde,
	0xff, 0xdd, 0xff, 0xff, 0xde, 0xdc, 0xff, 0xde, 0x05, 0xff, 0xdd, 0xff, 0x9c, 0xe3, 0xcb, 0xe3,
	0x48, 0xdb, 0x49, 0xdb, 0x28, 0x81, 0xdb, 0x48, 0x81, 0xdb, 0x28, 0x03, 0xdb, 0x48, 0xdb, 0x49,
	0xeb, 0x48, 0xed, 0x52, 0x8a, 0xff, 0xde, 0x0c, 0xff, 0xdd, 0xff, 0xde, 0xff, 0xde, 0xf6, 0x97,
	0xec, 0x4d, 0xeb, 0x89, 0xe3, 0x69, 0xdb, 0x49, 0xdb, 0x69, 0xdb, 0x49, 0xdb, 0x49, 0xe3, 0x49,
	0xe3, 0x49, 0x85, 0xdb, 0x49, 0x89, 0xdb, 0x48, 0x09, 0xdb, 0x49, 0xdb, 0x48, 0xdb, 0x48, 0xeb,
	0x69, 0xf3, 0xca, 0xec, 0x8e, 0xf6, 0xd8, 0xff, 0xde, 0xff, 0xde, 0xff, 0xdd, 0x88, 0xff, 0xde,
	0x04, 0xff, 0xdd, 0xff, 0xde, 0xed, 0x11, 0xeb, 0x69, 0xdb, 0x49, 0x85, 0xdb, 0x48, 0x80, 0xdb,
	0x49, 0x03, 0xe3, 0x69, 0xe4, 0x2d, 0xff, 0xbd, 0xff, 0xdd, 0xff, 0xff, 0xde, 0xdb, 0xff, 0xde,
	0x04, 0xff, 0xdd, 0xff, 0xde, 0xed, 0x32, 0xeb, 0x69, 0xdb, 0x48, 0x81, 0xdb, 0x28, 0x81, 0xdb,
	0x48, 0x06, 0xdb, 0x28, 0xdb, 0x48, 0xdb, 0x48, 0xeb, 0x69, 0xec, 0xd0, 0xff, 0xde, 0xff, 0xdd,
	0x88, 0xff, 0xde, 0x07, 0xff, 0xdd, 0xff, 0xde, 0xff, 0x3b, 0xec, 0xcf, 0xeb, 0x8a, 0xe3, 0x48,
	0xdb, 0x49, 0xdb, 0x49, 0x82, 0xdb, 0x48, 0x80, 0xe3, 0x49, 0x01, 0xdb, 0x49, 0xdb, 0x48, 0x83,
	0xdb, 0x49, 0x81, 0xdb, 0x48, 0x00, 0xdb, 0x49, 0x88, 0xdb, 0x48, 0x80, 0xdb, 0x49, 0x03, 0xe3,
	0x69, 0xeb, 0xca, 0xed, 0x11, 0xff, 0x5b, 0x8c, 0xff, 0xde, 0x02, 0xe4, 0x6e, 0xe3, 0x48, 0xdb,
	0x69, 0x83, 0xdb, 0x48, 0x07, 0xdb, 0x28, 0xdb, 0x48, 0xdb, 0x48, 0xdb, 0x49, 0xeb, 0x89, 0xed,
	0x93, 0xff, 0xde, 0xff, 0xdd, 0xff, 0xff, 0xde, 0xd9, 0xff, 0xde, 0x05, 0xff, 0xdd, 0xff, 0xde,
	0xff, 0x1a, 0xeb, 0xaa, 0xdb, 0x49, 0xdb, 0x48, 0x82, 0xdb, 0x28, 0x82, 0xdb, 0x48, 0x02, 0xe3,
	0x48, 0xec, 0x4d, 0xff, 0xbd, 0x88, 0xff, 0xde, 0x0b, 0xff, 0xdd, 0xff, 0xde, 0xff, 0xde, 0xf6,
	0x15, 0xe3, 0xaa, 0xeb, 0x69, 0xdb, 0x49, 0xdb, 0x49, 0xdb, 0x48, 0xdb, 0x48, 0xdb, 0x49, 0xdb,
	0x49, 0x81, 0xdb, 0x48, 0x00, 0xdb, 0x49, 0x81, 0xdb, 0x48, 0x86, 0xdb, 0x49, 0x84, 0xdb, 0x48,
	0x80, 0xdb, 0x28, 0x81, 0xdb, 0x48, 0x80, 0xdb, 0x49, 0x06, 0xdb, 0x69, 0xeb, 0x69, 0xe3, 0xca,
	0xf6, 0x56, 0xff, 0xde, 0xff, 0xde, 0xff, 0xdd, 0x86, 0xff, 0xde, 0x05, 0xff, 0xdd, 0xff, 0xde,
	0xff, 0x9c, 0xeb, 0xec, 0xe3, 0x48, 0xdb, 0x49, 0x82, 0xdb, 0x48, 0x08, 0xdb, 0x28, 0xdb, 0x48,
	0xdb, 0x48, 0xdb, 0x49, 0xdb, 0x68, 0xe3, 0xaa, 0xff, 0x3b, 0xff, 0xde, 0xff, 0xdd, 0xff, 0xff,
	0xde, 0xd8, 0xff, 0xde, 0x06, 0xff, 0xdd, 0xff, 0xde, 0xec, 0xaf, 0xeb, 0x89, 0xdb, 0x69, 0xdb,
	0x48, 0xdb, 0x48, 0x81, 0xdb, 0x28, 0x80, 0xdb, 0x48, 0x05, 0xdb, 0x49, 0xdb, 0x48, 0xeb, 0xaa,
	0xf7, 0x3b, 0xff, 0xde, 0xff, 0xdd, 0x86, 0xff, 0xde, 0x06, 0xff, 0xdd, 0xff, 0xde, 0xff, 0xbd,
	0xed, 0x10, 0xf3, 0xaa, 0xdb, 0x49, 0xdb, 0x69, 0x82, 0xdb, 0x48, 0x00, 0xdb, 0x49, 0x81, 0xdb,
	0x48, 0x8b, 0xdb, 0x49, 0x80, 0xdb, 0x48, 0x02, 0xdb, 0x28, 0xdb, 0x48, 0xdb, 0x48, 0x82, 0xdb,
	0x28, 0x83, 0xdb, 0x48, 0x06, 0xdb, 0x69, 0xdb, 0x48, 0xeb, 0x89, 0xf5, 0x31, 0xff, 0xbd, 0xff,
	0xde, 0xff, 0xdd, 0x86, 0xff, 0xde, 0x04, 0xff, 0xdd, 0xff, 0xde, 0xf6, 0xfa, 0xeb, 0x8a, 0xdb,
	0x49, 0x83, 0xdb, 0x48, 0x07, 0xdb, 0x28, 0xdb, 0x48, 0xdb, 0x48, 0xdb, 0x49, 0xe3, 0x89, 0xec,
	0xf0, 0xff, 0xde, 0xff, 0xdd, 0xff, 0xff, 0xde, 0xd7, 0xff, 0xde, 0x04, 0xff, 0xdd, 0xff, 0xde,
	0xf6, 0x77, 0xeb, 0xaa, 0xdb, 0x69, 0x86, 0xdb, 0x48, 0x04, 0xdb, 0x28, 0xeb, 0x69, 0xf6, 0x36,
	0xff, 0xde, 0xff, 0xdd, 0x86, 0xff, 0xde, 0x06, 0xff, 0xdd, 0xff, 0xde, 0xff, 0x3a, 0xec, 0x4d,
	0xeb, 0x69, 0xdb, 0x49, 0xdb, 0x49, 0x87, 0xdb, 0x48, 0x02, 0xdb, 0x49, 0xe3, 0x49, 0xe3, 0x49,
	0x87, 0xdb, 0x49, 0x89, 0xdb, 0x48, 0x00, 0xdb, 0x28, 0x82, 0xdb, 0x48, 0x80, 0xdb, 0x49, 0x04,
	0xeb, 0x89, 0xec, 0x8e, 0xff, 0x5b, 0xff, 0xde, 0xff, 0xdd, 0x86, 0xff, 0xde, 0x03, 0xff, 0xdd,
	0xff, 0xde, 0xf5, 0xd5, 0xf3, 0x89, 0x82, 0xdb, 0x48, 0x09, 0xdb, 0x28, 0xdb, 0x48, 0xdb, 0x28,
	0xdb, 0x28, 0xdb, 0x48, 0xdb, 0x69, 0xeb, 0xeb, 0xf6, 0xf9, 0xff, 0xde, 0xff, 0xdd, 0xff, 0xff,
	0xde, 0xd8, 0xff, 0xde, 0x02, 0xe4, 0x2d, 0xe3, 0x69, 0xdb, 0x49, 0x81, 0xdb, 0x48, 0x08, 0xe3,
	0x48, 0xdb, 0x48, 0xdb, 0x28, 0xdb, 0x28, 0xdb, 0x48, 0xeb, 0x48, 0xe4, 0xd0, 0xff, 0xde, 0xff,
	0xdd, 0x86, 0xff, 0xde, 0x07, 0xff, 0xdd, 0xff, 0xde, 0xf6, 0xfa, 0xeb, 0xcb, 0xeb, 0x49, 0xdb,
	0x49, 0xdb, 0x48, 0xdb, 0x28, 0x84, 0xdb, 0x48, 0x81, 0xdb, 0x49, 0x04, 0xdb, 0x48, 0xdb, 0x49,
	0xe3, 0x49, 0xdb, 0x69, 0xdb, 0x69, 0x84, 0xdb, 0x49, 0x05, 0xdb, 0x48, 0xdb, 0x49, 0xdb, 0x49,
	0xdb, 0x69, 0xdb, 0x69, 0xdb, 0x49, 0x83, 0xdb, 0x48, 0x80, 0xdb, 0x28, 0x83, 0xdb, 0x48, 0x06,
	0xdb, 0x49, 0xdb, 0x69, 0xe3, 0x69, 0xe4, 0x0c, 0xf7, 0x1a, 0xff, 0xde, 0xff, 0xdd, 0x86, 0xff,
	0xde, 0x06, 0xff, 0xbd, 0xff, 0xde, 0xec, 0xaf, 0xeb, 0x48, 0xdb, 0x49, 0xdb, 0x28, 0xdb, 0x28,
	0x83, 0xdb, 0x48, 0x02, 0xdb, 0x69, 0xe3, 0xaa, 0xec, 0xaf, 0xff, 0xff, 0xde, 0xd7, 0xff, 0xde,
	0x04, 0xff, 0xdd, 0xff, 0xde, 0xf6, 0x77, 0xeb, 0x8a, 0xdb, 0x49, 0x84, 0xdb, 0x48, 0x80, 0xdb,
	0x28, 0x02, 0xe3, 0x28, 0xeb, 0xcb, 0xff, 0x9c, 0x87, 0xff, 0xde, 0x05, 0xff, 0xdd, 0xff, 0xde,
	0xf6, 0xd9, 0xeb, 0xaa, 0xe3, 0x49, 0xdb, 0x48, 0x81, 0xdb, 0x28, 0x84, 0xdb, 0x48, 0x84, 0xdb,
	0x49, 0x10, 0xe3, 0x69, 0xeb, 0x89, 0xf3, 0x89, 0xeb, 0x69, 0xeb, 0x89, 0xeb, 0xaa, 0xeb, 0xeb,
	0xeb, 0xca, 0xeb, 0x69, 0xeb, 0x69, 0xeb, 0x89, 0xeb, 0x89, 0xe3, 0x69, 0xdb, 0x49, 0xdb, 0x49,
	0xdb, 0x48, 0xdb, 0x28, 0x89, 0xdb, 0x48, 0x05, 0xdb, 0x49, 0xe3, 0x48, 0xe3, 0xeb, 0xf7, 0x1a,
	0xff, 0xde, 0xff, 0xdd, 0x87, 0xff, 0xde, 0x03, 0xff, 0x5b, 0xeb, 0xcb, 0xdb, 0x48, 0xdb, 0x49,
	0x81, 0xdb, 0x28, 0x81, 0xdb, 0x48, 0x80, 0xdb, 0x69, 0x03, 0xf3, 0xaa, 0xf6, 0x98, 0xff, 0xde,
	0xff, 0xbd, 0xff, 0xff, 0xde, 0xd6, 0xff, 0xde, 0x02, 0xe4, 0x2d, 0xe3, 0x48, 0xdb, 0x49, 0x85,
	0xdb, 0x48, 0x02, 0xdb, 0x49, 0xeb, 0x8a, 0xf6, 0x16, 0x87, 0xff, 0xde, 0x06, 0xff, 0xdd, 0xff,
	0xde, 0xf7, 0x1a, 0xeb, 0xcb, 0xe3, 0x69, 0xdb, 0x49, 0xdb, 0x48, 0x81, 0xdb, 0x28, 0x84, 0xdb,
	0x48, 0x19, 0xe3, 0x49, 0xdb, 0x49, 0xdb, 0x49, 0xe3, 0x28, 0xeb, 0x48, 0xeb, 0x69, 0xe3, 0xec,
	0xec, 0xf0, 0xf5, 0xd4, 0xf6, 0x57, 0xf6, 0xd9, 0xff, 0x1a, 0xff, 0x3b, 0xff, 0x1a, 0xf6, 0xd9,
	0xf6, 0x77, 0xf5, 0xf5, 0xed, 0x10, 0xec, 0x0c, 0xeb, 0x69, 0xeb, 0x48, 0xe3, 0x28, 0xdb, 0x49,
	0xdb, 0x49, 0xdb, 0x48, 0xdb, 0x48, 0x81, 0xdb, 0x28, 0x09, 0xdb, 0x48, 0xdb, 0x28, 0xdb, 0x48,
	0xdb, 0x48, 0xdb, 0x28, 0xdb, 0x48, 0xdb, 0x49, 0xe3, 0x69, 0xe3, 0xeb, 0xf7, 0x1a, 0x87, 0xff,
	0xde, 0x04, 0xff, 0xdd, 0xff, 0xde, 0xed, 0xd4, 0xf3, 0x89, 0xdb, 0x49, 0x86, 0xdb, 0x48, 0x03,
	0xe3, 0x48, 0xe4, 0x6e, 0xff, 0xde, 0xff, 0xdd, 0xff, 0xff, 0xde, 0xd5, 0xff, 0xde, 0x02, 0xf6,
	0xd9, 0xeb, 0x48, 0xdb, 0x28, 0x85, 0xdb, 0x48, 0x02, 0xdb, 0x49, 0xe3, 0x69, 0xe4, 0x6e, 0x87,
	0xff, 0xde, 0x06, 0xff, 0xdd, 0xff, 0xde, 0xff, 0x7b, 0xec, 0x0c, 0xe3, 0x49, 0xdb, 0x49, 0xdb,
	0x48, 0x82, 0xdb, 0x28, 0x82, 0xdb, 0x48, 0x08, 0xdb, 0x28, 0xdb, 0x48, 0xdb, 0x49, 0xe3, 0x69,
	0xeb, 0xaa, 0xe3, 0xec, 0xed, 0x72, 0xf6, 0xd9, 0xff, 0xbd, 0x89, 0xff, 0xde, 0x07, 0xff, 0xbd,
	0xfe, 0xf9, 0xed, 0x52, 0xe3, 0xeb, 0xeb, 0xaa, 0xe3, 0x69, 0xdb, 0x49, 0xdb, 0x49, 0x83, 0xdb,
	0x28, 0x08, 0xdb, 0x48, 0xdb, 0x28, 0xdb, 0x28, 0xdb, 0x48, 0xdb, 0x48, 0xdb, 0x49, 0xe3, 0x48,
	0xe4, 0x0c, 0xff, 0x9c, 0x87, 0xff, 0xde, 0x04, 0xff, 0xdd, 0xff, 0xde, 0xec, 0x0c, 0xe3, 0x48,
	0xdb, 0x49, 0x85, 0xdb, 0x48, 0x02, 0xdb, 0x28, 0xeb, 0x89, 0xff, 0x1a, 0xff, 0xff, 0xde, 0xd6,
	0xff, 0xde, 0x03, 0xec, 0xf1, 0xeb, 0x48, 0xdb, 0x49, 0xdb, 0x28, 0x82, 0xdb, 0x48, 0x06, 0xe3,
	0x49, 0xdb, 0x48, 0xdb, 0x69, 0xeb, 0x8a, 0xf6, 0xd9, 0xff, 0xde, 0xff, 0xdd, 0x85, 0xff, 0xde,
	0x04, 0xff, 0xdd, 0xff, 0xbd, 0xec, 0x6e, 0xeb, 0x69, 0xdb, 0x49, 0x87, 0xdb, 0x48, 0x06, 0xdb,
	0x49, 0xdb, 0x48, 0xdb, 0x08, 0xeb, 0x69, 0xec, 0x4d, 0xf6, 0x77, 0xff, 0xbd, 0x81, 0xff, 0xde,
	0x82, 0xff, 0xdd, 0x81, 0xff, 0xde, 0x82, 0xff, 0xdd, 0x81, 0xff, 0xde, 0x07, 0xff, 0x9d, 0xf6,
	0x57, 0xec, 0x4d, 0xeb, 0x69, 0xdb, 0x28, 0xdb, 0x48, 0xdb, 0x28, 0xdb, 0x28, 0x81, 0xdb, 0x48,
	0x09, 0xdb, 0x28, 0xdb, 0x48, 0xdb, 0x28, 0xdb, 0x48, 0xdb, 0x48, 0xdb, 0x69, 0xe3, 0x48, 0xec,
	0x8e, 0xff, 0xde, 0xff, 0xdd, 0x85, 0xff, 0xde, 0x04, 0xff, 0xdd, 0xff, 0xde, 0xf6, 0x57, 0xeb,
	0x8a, 0xdb, 0x49, 0x83, 0xdb, 0x48, 0x80, 0xdb, 0x28, 0x02, 0xdb, 0x49, 0xeb, 0x89, 0xed, 0x52,
	0xff, 0xff, 0xde, 0xd5, 0xff, 0xde, 0x02, 0xff, 0x9c, 0xe3, 0xcb, 0xdb, 0x48, 0x81, 0xdb, 0x28,
	0x80, 0xdb, 0x48, 0x06, 0xe3, 0x48, 0xe3, 0x49, 0xdb, 0x49, 0xe3, 0x48, 0xe4, 0x6e, 0xff, 0xde,
	0xff, 0xdd, 0x85, 0xff, 0xde, 0x04, 0xff, 0xdd, 0xff, 0xde, 0xed, 0x52, 0xf3, 0x89, 0xdb, 0x49,
	0x83, 0xdb, 0x48, 0x00, 0xdb, 0x28, 0x81, 0xdb, 0x48, 0x80, 0xdb, 0x49, 0x02, 0xeb, 0x89, 0xe3,
	0xcb, 0xf5, 0xf5, 0x81, 0xff, 0xde, 0x80, 0xff, 0xdd, 0x8b, 0xff, 0xde, 0x80, 0xff, 0xdd, 0x80,
	0xff, 0xde, 0x06, 0xff, 0xdd, 0xf5, 0xd4, 0xe3, 0x8a, 0xeb, 0x69, 0xdb, 0x49, 0xdb, 0x49, 0xdb,
	0x48, 0x84, 0xdb, 0x28, 0x80, 0xdb, 0x48, 0x04, 0xdb, 0x49, 0xeb, 0x89, 0xed, 0x93, 0xff, 0xde,
	0xff, 0xdd, 0x87, 0xff, 0xde, 0x04, 0xe4, 0x4d, 0xe3, 0x49, 0xdb, 0x49, 0xdb, 0x48, 0xdb, 0x48,
	0x82, 0xdb, 0x28, 0x03, 0xdb, 0x49, 0xe3, 0x69, 0xe4, 0x0b, 0xff, 0x9c, 0xff, 0xff, 0xde, 0xd4,
	0xff, 0xde, 0x05, 0xf6, 0x16, 0xeb, 0xca, 0xdb, 0x69, 0xdb, 0x48, 0xdb, 0x28, 0xdb, 0x28, 0x82,
	0xdb, 0x48, 0x04, 0xdb, 0x28, 0xeb, 0x89, 0xf6, 0x98, 0xff, 0xde, 0xff, 0xdd, 0x84, 0xff, 0xde,
	0x07, 0xff, 0xdd, 0xff, 0xde, 0xf6, 0x98, 0xeb, 0xaa, 0xdb, 0x49, 0xdb, 0x48, 0xdb, 0x28, 0xdb,
	0x28, 0x83, 0xdb, 0x48, 0x08, 0xdb, 0x28, 0xdb, 0x48, 0xdb, 0x48, 0xf3, 0x8a, 0xf5, 0x31, 0xff,
	0x9c, 0xff, 0xde, 0xff, 0xde, 0xff, 0xdd, 0x91, 0xff, 0xde, 0x07, 0xff, 0xdd, 0xff, 0xde, 0xff,
	0xde, 0xff, 0x7c, 0xec, 0xf0, 0xeb, 0x89, 0xdb, 0x49, 0xdb, 0x49, 0x82, 0xdb, 0x28, 0x81, 0xdb,
	0x48, 0x06, 0xdb, 0x28, 0xdb, 0x48, 0xdb, 0x69, 0xf3, 0xca, 0xf6, 0xd9, 0xff, 0xde, 0xff, 0xdd,
	0x84, 0xff, 0xde, 0x05, 0xff, 0xdd, 0xff, 0xde, 0xf6, 0x77, 0xf3, 0xaa, 0xdb, 0x49, 0xdb, 0x49,
	0x83, 0xdb, 0x28, 0x03, 0xdb, 0x48, 0xdb, 0x69, 0xeb, 0xca, 0xf6, 0x36, 0xff, 0xff, 0xde, 0xd4,
	0xff, 0xde, 0x04, 0xe4, 0x8e, 0xe3, 0x89, 0xdb, 0x69, 0xdb, 0x49, 0xdb, 0x48, 0x82, 0xdb, 0x28,
	0x02, 0xdb, 0x48, 0xe3, 0x48, 0xe4, 0x4d, 0x88, 0xff, 0xde, 0x05, 0xff, 0xbd, 0xe4, 0x0c, 0xe3,
	0x49, 0xdb, 0x49, 0xdb, 0x28, 0xdb, 0x28, 0x84, 0xdb, 0x48, 0x06, 0xdb, 0x49, 0xe3, 0x28, 0xe3,
	0x49, 0xf5, 0xf5, 0xff, 0xde, 0xff, 0xde, 0xff, 0xdd, 0x95, 0xff, 0xde, 0x04, 0xff, 0xdd, 0xff,
	0xde, 0xff, 0xde, 0xf5, 0xb4, 0xf3, 0xaa, 0x86, 0xdb, 0x28, 0x81, 0xdb, 0x48, 0x02, 0xe3, 0x48,
	0xec, 0x0c, 0xff, 0xbd, 0x88, 0xff, 0xde, 0x03, 0xe4, 0x2d, 0xe3, 0x49, 0xdb, 0x49, 0xdb, 0x48,
	0x81, 0xdb, 0x28, 0x04, 0xdb, 0x48, 0xdb, 0x49, 0xdb, 0x69, 0xe3, 0x89, 0xe4, 0xaf, 0xff, 0xff,
	0xde, 0xd4, 0xff, 0xde, 0x01, 0xe3, 0xaa, 0xdb, 0x48, 0x81, 0xdb, 0x49, 0x00, 0xdb, 0x48, 0x81,
	0xdb, 0x28, 0x04, 0xdb, 0x49, 0xeb, 0xaa, 0xf6, 0x36, 0xff, 0xde, 0xff, 0xdd, 0x84, 0xff, 0xde,
	0x04, 0xff, 0xdd, 0xff, 0xde, 0xed, 0x93, 0xeb, 0x89, 0xdb, 0x69, 0x86, 0xdb, 0x48, 0x05, 0xdb,
	0x49, 0xe3, 0x69, 0xeb, 0xaa, 0xf6, 0x98, 0xff, 0xde, 0xff, 0xdd, 0x98, 0xff, 0xde, 0x80, 0xff,
	0xdd, 0x06, 0xff, 0xde, 0xf6, 0x57, 0xe3, 0x49, 0xdb, 0x49, 0xdb, 0x49, 0xdb, 0x48, 0xdb, 0x48,
	0x81, 0xdb, 0x28, 0x82, 0xdb, 0x48, 0x03, 0xeb, 0x89, 0xed, 0xb4, 0xff, 0xde, 0xff, 0xdd, 0x84,
	0xff, 0xde, 0x04, 0xff, 0xdd, 0xff, 0xde, 0xf5, 0xd4, 0xeb, 0x69, 0xdb, 0x49, 0x81, 0xdb, 0x28,
	0x05, 0xdb, 0x48, 0xdb, 0x49, 0xdb, 0x49, 0xdb, 0x48, 0xdb, 0x28, 0xe3, 0xeb, 0xff, 0xff, 0xde,
	0xd4, 0xff, 0xde, 0x0b, 0xe3, 0x69, 0xdb, 0x28, 0xdb, 0x48, 0xdb, 0x49, 0xdb, 0x49, 0xe3, 0x49,
	0xdb, 0x48, 0xdb, 0x28, 0xdb, 0x28, 0xdb, 0x08, 0xe3, 0xaa, 0xff, 0x9c, 0x85, 0xff, 0xde, 0x05,
	0xff, 0xdd, 0xff, 0xde, 0xff, 0x5b, 0xeb, 0xaa, 0xdb, 0x48, 0xdb, 0x49, 0x83, 0xdb, 0x48, 0x07,
	0xdb, 0x28, 0xdb, 0x48, 0xdb, 0x49, 0xe3, 0x69, 0xeb, 0xcb, 0xf6, 0xd9, 0xff, 0xde, 0xff, 0xdd,
	0x9b, 0xff, 0xde, 0x06, 0xff, 0xbd, 0xff, 0xde, 0xf6, 0x77, 0xe3, 0x8a, 0xe3, 0x69, 0xdb, 0x49,
	0xdb, 0x48, 0x82, 0xdb, 0x28, 0x07, 0xdb, 0x48, 0xe3, 0x48, 0xdb, 0x48, 0xdb, 0x48, 0xeb, 0xeb,
	0xff, 0x7c, 0xff, 0xde, 0xff, 0xdd, 0x85, 0xff, 0xde, 0x0b, 0xff, 0x7c, 0xe3, 0x49, 0xdb, 0x08,
	0xdb, 0x28, 0xdb, 0x28, 0xdb, 0x48, 0xdb, 0x49, 0xdb, 0x49, 0xdb, 0x48, 0xdb, 0x28, 0xdb, 0x08,
	0xe3, 0xca, 0xff, 0xff, 0xde, 0xd4, 0xff, 0xde, 0x0a, 0xe4, 0x0c, 0xe3, 0x08, 0xdb, 0x48, 0xdb,
	0x48, 0xe3, 0x48, 0xe3, 0x48, 0xdb, 0x48, 0xdb, 0x28, 0xdb, 0x28, 0xe3, 0x08, 0xec, 0xaf, 0x86,
	0xff, 0xde, 0x05, 0xff, 0xdd, 0xff, 0xde, 0xed, 0x11, 0xeb, 0x69, 0xdb, 0x69, 0xdb, 0x48, 0x81,
	0xe3, 0x48, 0x80, 0xdb, 0x48, 0x80, 0xdb, 0x28, 0x04, 0xdb, 0x48, 0xeb, 0xaa, 0xf6, 0x98, 0xff,
	0xde, 0xff, 0xbd, 0x9d, 0xff, 0xde, 0x05, 0xff, 0xbd, 0xff, 0xde, 0xf6, 0x36, 0xf3, 0xaa, 0xdb,
	0x48, 0xdb, 0x48, 0x81, 0xdb, 0x28, 0x82, 0xdb, 0x48, 0x04, 0xdb, 0x49, 0xeb, 0xa9, 0xed, 0x93,
	0xff, 0xde, 0xff, 0xdd, 0x86, 0xff, 0xde, 0x0a, 0xe4, 0x6e, 0xe3, 0x28, 0xdb, 0x48, 0xdb, 0x48,
	0xdb, 0x49, 0xdb, 0x49, 0xdb, 0x48, 0xdb, 0x48, 0xdb, 0x49, 0xe3, 0x28, 0xe4, 0x2d, 0xff, 0xff,
	0xde, 0xd4, 0xff, 0xde, 0x03, 0xf6, 0x15, 0xf3, 0x69, 0xdb, 0x69, 0xdb, 0x69, 0x81, 0xdb, 0x48,
	0x05, 0xdb, 0x49, 0xdb, 0x28, 0xf3, 0x69, 0xf6, 0xb8, 0xff, 0xde, 0xff, 0xdd, 0x85, 0xff, 0xde,
	0x01, 0xff, 0x5b, 0xe3, 0xaa, 0x82, 0xdb, 0x48, 0x01, 0xdb, 0x49, 0xe3, 0x49, 0x82, 0xdb, 0x48,
	0x03, 0xf3, 0x69, 0xed, 0xb4, 0xff, 0xde, 0xff, 0xbd, 0x9f, 0xff, 0xde, 0x07, 0xff, 0xdd, 0xff,
	0xde, 0xed, 0x52, 0xeb, 0x89, 0xdb, 0x49, 0xdb, 0x48, 0xdb, 0x28, 0xdb, 0x28, 0x81, 0xdb, 0x48,
	0x04, 0xdb, 0x28, 0xdb, 0x48, 0xdb, 0x69, 0xe3, 0xeb, 0xff, 0x9c, 0x85, 0xff, 0xde, 0x05, 0xff,
	0xdd, 0xff, 0xde, 0xf6, 0x98, 0xf3, 0x89, 0xdb, 0x69, 0xdb, 0x69, 0x82, 0xdb, 0x49, 0x02, 0xdb,
	0x69, 0xeb, 0x69, 0xf6, 0x36, 0xff, 0xff, 0xde, 0xd5, 0xff, 0xde, 0x08, 0xec, 0xd0, 0xf3, 0xca,
	0xdb, 0x48, 0xdb, 0x48, 0xdb, 0x29, 0xdb, 0x49, 0xdb, 0x49, 0xf3, 0xcb, 0xed, 0x73, 0x86, 0xff,
	0xde, 0x04, 0xff, 0xdd, 0xff, 0xde, 0xed, 0x93, 0xeb, 0x89, 0xdb, 0x49, 0x84, 0xdb, 0x48, 0x05,
	0xdb, 0x49, 0xdb, 0x69, 0xeb, 0x49, 0xec, 0xaf, 0xff, 0xde, 0xff, 0xbd, 0xa1, 0xff, 0xde, 0x80,
	0xff, 0xdd, 0x02, 0xec, 0x6e, 0xe3, 0x69, 0xdb, 0x49, 0x81, 0xdb, 0x28, 0x08, 0xdb, 0x48, 0xdb,
	0x28, 0xdb, 0x28, 0xdb, 0x48, 0xdb, 0x69, 0xeb, 0xaa, 0xf5, 0xd4, 0xff, 0xde, 0xff, 0xdd, 0x86,
	0xff, 0xde, 0x08, 0xed, 0x52, 0xf3, 0xeb, 0xdb, 0x69, 0xdb, 0x69, 0xdb, 0x49, 0xdb, 0x48, 0xdb,
	0x48, 0xf3, 0xca, 0xed, 0x32, 0xff, 0xff, 0xde, 0xd7, 0xff, 0xde, 0x06, 0xf5, 0xb4, 0xeb, 0xaa,
	0xeb, 0x48, 0xeb, 0x48, 0xeb, 0x89, 0xec, 0x0c, 0xf6, 0x36, 0x88, 0xff, 0xde, 0x03, 0xff, 0xbd,
	0xe3, 0xeb, 0xdb, 0x48, 0xdb, 0x49, 0x84, 0xdb, 0x48, 0x80, 0xdb, 0x49, 0x03, 0xeb, 0xcb, 0xff,
	0x5b, 0xff, 0xde, 0xff, 0xdd, 0xa1, 0xff, 0xde, 0x03, 0xff, 0xdd, 0xff, 0xde, 0xf6, 0xfa, 0xeb,
	0x8a, 0x85, 0xdb, 0x28, 0x03, 0xdb, 0x48, 0xdb, 0x49, 0xe3, 0x48, 0xe3, 0xec, 0x89, 0xff, 0xde,
	0x08, 0xf6, 0x16, 0xec, 0x2c, 0xeb, 0xaa, 0xeb, 0x69, 0xeb, 0x49, 0xeb, 0xcb, 0xf5, 0xf5, 0xff,
	0xde, 0xff, 0xdd, 0xff, 0xff, 0xde, 0xd7, 0xff, 0xde, 0x04, 0xff, 0x7c, 0xf6, 0x57, 0xf6, 0x15,
	0xfe, 0xb8, 0xff, 0x9d, 0x87, 0xff, 0xde, 0x03, 0xff, 0xdd, 0xff, 0xde, 0xf6, 0x98, 0xeb, 0x89,
	0x83, 0xdb, 0x48, 0x80, 0xdb, 0x28, 0x05, 0xdb, 0x48, 0xdb, 0x49, 0xf3, 0xaa, 0xed, 0xd4, 0xff,
	0xde, 0xff, 0xdd, 0xa3, 0xff, 0xde, 0x07, 0xff, 0xdd, 0xff, 0xde, 0xec, 0xf1, 0xeb, 0x48, 0xdb,
	0x48, 0xdb, 0x48, 0xdb, 0x28, 0xdb, 0x28, 0x82, 0xdb, 0x48, 0x04, 0xdb, 0x28, 0xe3, 0x69, 0xf6,
	0xd9, 0xff, 0xde, 0xff, 0xdd, 0x87, 0xff, 0xde, 0x04, 0xff, 0xbd, 0xfe, 0xd9, 0xf6, 0x56, 0xf6,
	0x98, 0xff, 0x9c, 0xff, 0xff, 0xde, 0xd9, 0xff, 0xde, 0x00, 0xff, 0xdd, 0x83, 0xff, 0xde, 0x00,
	0xff, 0xdd, 0x86, 0xff, 0xde, 0x04, 0xff, 0xdd, 0xff, 0xde, 0xed, 0x11, 0xeb, 0x48, 0xdb, 0x49,
	0x85, 0xdb, 0x48, 0x02, 0xe3, 0x48, 0xe3, 0xeb, 0xff, 0xbd, 0xa7, 0xff, 0xde, 0x02, 0xff, 0x5b,
	0xe3, 0x8a, 0xdb, 0x28, 0x85, 0xdb, 0x48, 0x04, 0xdb, 0x49, 0xeb, 0x68, 0xed, 0x72, 0xff, 0xde,
	0xff, 0xdd, 0x86, 0xff, 0xde, 0x00, 0xff, 0xdd, 0x83, 0xff, 0xde, 0x00, 0xff, 0xdd, 0xff, 0xff,
	0xde, 0xda, 0xff, 0xde, 0x81, 0xff, 0xdd, 0x8a, 0xff, 0xde, 0x01, 0xe3, 0xec, 0xe3, 0x28, 0x82,
	0xdb, 0x48, 0x07, 0xe3, 0x48, 0xdb, 0x48, 0xdb, 0x48, 0xdb, 0x49, 0xeb, 0x89, 0xed, 0x93, 0xff,
	0xde, 0xff, 0xbd, 0xa5, 0xff, 0xde, 0x04, 0xff, 0xdd, 0xff, 0xde, 0xed, 0x11, 0xeb, 0x89, 0xdb,
	0x69, 0x83, 0xdb, 0x48, 0x80, 0xdb, 0x28, 0x01, 0xe3, 0x48, 0xe4, 0x4d, 0x8a, 0xff, 0xde, 0x81,
	0xff, 0xdd, 0xff, 0xff, 0xde, 0xe8, 0xff, 0xde, 0x07, 0xff, 0xdd, 0xff, 0xde, 0xff, 0x1a, 0xeb,
	0xcb, 0xdb, 0x49, 0xdb, 0x48, 0xdb, 0x28, 0xdb, 0x28, 0x83, 0xdb, 0x48, 0x03, 0xeb, 0xcb, 0xff,
	0x5b, 0xff, 0xde, 0xff, 0xdd, 0xa5, 0xff, 0xde, 0x04, 0xff, 0xdd, 0xff, 0xde, 0xff, 0x1a, 0xeb,
	0xaa, 0xdb, 0x49, 0x81, 0xdb, 0x48, 0x82, 0xdb, 0x28, 0x04, 0xdb, 0x49, 0xeb, 0xcb, 0xff, 0x5b,
	0xff, 0xde, 0xff, 0xdd, 0xff, 0xff, 0xde, 0xf4, 0xff, 0xde, 0x06, 0xff, 0xdd, 0xff, 0xde, 0xf6,
	0x57, 0xf3, 0xcb, 0xdb, 0x69, 0xdb, 0x49, 0xdb, 0x48, 0x81, 0xdb, 0x28, 0x80, 0xdb, 0x48, 0x01,
	0xe3, 0x48, 0xe4, 0x8e, 0xab, 0xff, 0xde, 0x03, 0xe4, 0x4e, 0xe3, 0x49, 0xdb, 0x48, 0xdb, 0x48,
	0x81, 0xdb, 0x28, 0x80, 0xdb, 0x48, 0x04, 0xdb, 0x69, 0xeb, 0xca, 0xf6, 0x97, 0xff, 0xde, 0xff,
	0xdd, 0xff, 0xff, 0xde, 0xf4, 0xff, 0xde, 0x0f, 0xff, 0xdd, 0xff, 0xde, 0xf6, 0x57, 0xf3, 0xaa,
	0xdb, 0x69, 0xe3, 0x49, 0xe3, 0x48, 0xdb, 0x48, 0xdb, 0x48, 0xdb, 0x28, 0xdb, 0x28, 0xdb, 0x29,
	0xeb, 0x48, 0xf5, 0xd4, 0xff, 0xde, 0xff, 0xbd, 0xa7, 0xff, 0xde, 0x06, 0xff, 0xbd, 0xff, 0xde,
	0xed, 0x73, 0xeb, 0x49, 0xdb, 0x49, 0xdb, 0x48, 0xdb, 0x28, 0x81, 0xdb, 0x48, 0x80, 0xdb, 0x49,
	0x03, 0xeb, 0x89, 0xf6, 0x57, 0xff, 0xde, 0xff, 0xdd, 0xff, 0xff, 0xde, 0xf4, 0xff, 0xde, 0x07,
	0xff, 0xdd, 0xff, 0xde, 0xff, 0x3b, 0xeb, 0x89, 0xdb, 0x48, 0xe3, 0x49, 0xe3, 0x69, 0xe3, 0x49,
	0x82, 0xdb, 0x49, 0x01, 0xeb, 0x8a, 0xf6, 0xf9, 0xa9, 0xff, 0xde, 0x03, 0xff, 0xdd, 0xff, 0xde,
	0xf6, 0xb8, 0xeb, 0x69, 0x84, 0xdb, 0x49, 0x05, 0xdb, 0x48, 0xdb, 0x28, 0xeb, 0x8a, 0xff, 0x3b,
	0xff, 0xde, 0xff, 0xdd, 0xff, 0xff, 0xde, 0xf7, 0xff, 0xde, 0x01, 0xec, 0x6e, 0xeb, 0x28, 0x81,
	0xdb, 0x49, 0x06, 0xe3, 0x49, 0xdb, 0x49, 0xe3, 0x89, 0xeb, 0x89, 0xec, 0xaf, 0xff, 0xde, 0xff,
	0xdd, 0xaa, 0xff, 0xde, 0x03, 0xff, 0xdd, 0xe4, 0x4d, 0xe3, 0x89, 0xdb, 0x69, 0x81, 0xdb, 0x49,
	0x03, 0xdb, 0x48, 0xdb, 0x28, 0xeb, 0x28, 0xec, 0xaf, 0xff, 0xff, 0xde, 0xfa, 0xff, 0xde, 0x09,
	0xff, 0x5b, 0xeb, 0xaa, 0xeb, 0x28, 0xdb, 0x48, 0xdb, 0x69, 0xdb, 0x69, 0xdb, 0x28, 0xeb, 0x69,
	0xec, 0x4d, 0xff, 0x5b, 0xab, 0xff, 0xde, 0x0b, 0xff, 0xdd, 0xff, 0xde, 0xf7, 0x1a, 0xeb, 0xeb,
	0xeb, 0x48, 0xdb, 0x28, 0xdb, 0x69, 0xdb, 0x69, 0xdb, 0x08, 0xeb, 0x28, 0xeb, 0xec, 0xff, 0x7c,
	0xff, 0xff, 0xde, 0xfb, 0xff, 0xde, 0x09, 0xff, 0x5b, 0xf4, 0xcf, 0xe3, 0x8a, 0xeb, 0xca, 0xeb,
	0xaa, 0xe3, 0x8a, 0xec, 0xf0, 0xff, 0x7c, 0xff, 0xde, 0xff, 0xdd, 0xad, 0xff, 0xde, 0x07, 0xf7,
	0x1a, 0xec, 0xaf, 0xe3, 0x8a, 0xeb, 0xca, 0xeb, 0xca, 0xe3, 0xaa, 0xf5, 0x11, 0xff, 0x5c, 0xff,
	0xff, 0xde, 0xfe, 0xff, 0xde, 0x03, 0xff, 0x7c, 0xfe, 0xd9, 0xf6, 0xd9, 0xff, 0x5b, 0xb3, 0xff,
	0xde, 0x03, 0xff, 0x5b, 0xf6, 0xd9, 0xfe, 0xd9, 0xff, 0x7c, 0xff, 0xff, 0xde, 0xff, 0xff, 0xde,
	0xb6, 0xff, 0xde, 0x00, 0xff, 0xdd, 0xff, 0xff, 0xde, 0xff, 0xff, 0xde, 0x85, 0xff, 0xde, 0x81,
	0xff, 0xdd, 0xb3, 0xff, 0xde, 0x80, 0xff, 0xdd, 0xff, 0xff, 0xde, 0xff, 0xff, 0xde, 0xff, 0xff,
	0xde, 0xff, 0xff, 0xde, 0xff, 0xff, 0xde, 0xff, 0xff, 0xde, 0xff, 0xff, 0xde, 0xff, 0xff, 0xde,
	0xff, 0xff, 0xde, 0xb5, 0xff, 0xde, 0x00, 0xff, 0xdd, 0xc3, 0xff, 0xde, 0x00, 0xff, 0xdd, 0xff,
	0xff, 0xde, 0xff, 0xff, 0xde, 0xff, 0xff, 0xde, 0xff, 0xff, 0xde, 0xb2, 0xff, 0xde, 0x07, 0xff,
	0x9c, 0xf5, 0xb3, 0xec, 0xaf, 0xe4, 0xaf, 0xe4, 0xaf, 0xe4, 0x8e, 0xe4, 0x6e, 0xe4, 0x6e, 0x81,
	0xe4, 0x8e, 0x00, 0xe4, 0x6e, 0x84, 0xe4, 0x8e, 0x02, 0xe4, 0x8f, 0xe4, 0x8e, 0xec, 0x8f, 0xa6,
	0xe4, 0x8e, 0x00, 0xe4, 0x8f, 0x82, 0xe4, 0x8e, 0x80, 0xe4, 0xaf, 0x04, 0xe4, 0x8e, 0xec, 0xaf,
	0xec, 0xf0, 0xf6, 0x15, 0xff, 0xbd, 0xff, 0xff, 0xde, 0xf3, 0xff, 0xde, 0x04, 0xff, 0xbd, 0xe4,
	0x4d, 0xf3, 0xaa, 0xe3, 0x48, 0xe3, 0x68, 0x81, 0xe3, 0x48, 0x80, 0xe3, 0x28, 0xba, 0xe3, 0x48,
	0x03, 0xe3, 0x68, 0xe3, 0x89, 0xfc, 0x0b, 0xec, 0xd0, 0xff, 0xff, 0xde, 0xf1, 0xff, 0xde, 0x04,
	0xff, 0xdd, 0xff, 0xde, 0xf6, 0x36, 0xeb, 0x89, 0xdb, 0x69, 0x82, 0xdb, 0x49, 0x84, 0xdb, 0x48,
	0x83, 0xdb, 0x49, 0x83, 0xdb, 0x48, 0x85, 0xdb, 0x49, 0x85, 0xdb, 0x48, 0x83, 0xdb, 0x49, 0x00,
	0xdb, 0x48, 0x8c, 0xdb, 0x49, 0x00, 0xdb, 0x48, 0x8a, 0xdb, 0x49, 0x80, 0xdb, 0x69, 0x04, 0xdb,
	0x89, 0xeb, 0xaa, 0xf6, 0xfa, 0xff, 0xde, 0xff, 0xdd, 0xff, 0xff, 0xde, 0xee, 0xff, 0xde, 0x06,
	0xff, 0xdd, 0xff, 0xde, 0xf5, 0xd4, 0xeb, 0x69, 0xdb, 0x49, 0xdb, 0x48, 0xdb, 0x49, 0x81, 0xdb,
	0x48, 0x00, 0xdb, 0x28, 0x9e, 0xdb, 0x48, 0x80, 0xdb, 0x28, 0x95, 0xdb, 0x48, 0x82, 0xdb, 0x49,
	0x81, 0xdb, 0x48, 0x03, 0xeb, 0x89, 0xf6, 0xb8, 0xff, 0xde, 0xff, 0xdd, 0xff, 0xff, 0xde, 0xee,
	0xff, 0xde, 0x06, 0xff, 0xdd, 0xff, 0xde, 0xf6, 0x77, 0xeb, 0xaa, 0xdb, 0x49, 0xdb, 0x48, 0xdb,
	0x48, 0x83, 0xdb, 0x28, 0x88, 0xdb, 0x48, 0x81, 0xdb, 0x28, 0x83, 0xdb, 0x48, 0x00, 0xdb, 0x28,
	0x82, 0xdb, 0x48, 0x82, 0xdb, 0x28, 0x00, 0xdb, 0x48, 0x82, 0xdb, 0x28, 0x80, 0xdb, 0x48, 0x81,
	0xdb, 0x28, 0x85, 0xdb, 0x48, 0x00, 0xdb, 0x28, 0x84, 0xdb, 0x48, 0x00, 0xdb, 0x28, 0x88, 0xdb,
	0x48, 0x04, 0xdb, 0x28, 0xe3, 0xaa, 0xff, 0x3a, 0xff, 0xde, 0xff, 0xdd, 0xff, 0xff, 0xde, 0xee,
	0xff, 0xde, 0x06, 0xff, 0xdd, 0xff, 0xde, 0xf7, 0x1a, 0xeb, 0xaa, 0xdb, 0x28, 0xdb, 0x28, 0xdb,
	0x48, 0x82, 0xdb, 0x28, 0x04, 0xdb, 0x48, 0xe3, 0x48, 0xdb, 0x48, 0xe3, 0x49, 0xe3, 0x49, 0x82,
	0xdb, 0x48, 0x80, 0xdb, 0x28, 0x85, 0xdb, 0x48, 0x01, 0xdb, 0x49, 0xdb, 0x48, 0x83, 0xdb, 0x28,
	0x02, 0xdb, 0x48, 0xdb, 0x28, 0xdb, 0x28, 0x84, 0xdb, 0x48, 0x80, 0xdb, 0x28, 0x8e, 0xdb, 0x48,
	0x00, 0xdb, 0x28, 0x86, 0xdb, 0x48, 0x04, 0xdb, 0x49, 0xdb, 0x28, 0xdb, 0x49, 0xe3, 0xec, 0xff,
	0x9d, 0xff, 0xff, 0xde, 0xf2, 0xff, 0xde, 0x02, 0xff, 0x9c, 0xe3, 0xaa, 0xdb, 0x08, 0x81, 0xdb,
	0x48, 0x80, 0xdb, 0x28, 0x89, 0xdb, 0x48, 0x00, 0xdb, 0x28, 0x8b, 0xdb, 0x48, 0x00, 0xdb, 0x28,
	0x95, 0xdb, 0x48, 0x80, 0xdb, 0x49, 0x80, 0xdb, 0x48, 0x02, 0xdb, 0x28, 0xdb, 0x48, 0xdb, 0x28,
	0x83, 0xdb, 0x48, 0x81, 0xdb, 0x49, 0x01, 0xe3, 0x48, 0xe4, 0x2d, 0xff, 0xff, 0xde, 0xf4, 0xff,
	0xde, 0x05, 0xe4, 0x2d, 0xe3, 0x48, 0xdb, 0x69, 0xdb, 0x48, 0xdb, 0x48, 0xdb, 0x28, 0xac, 0xdb,
	0x48, 0x02, 0xdb, 0x49, 0xdb, 0x48, 0xe3, 0x49, 0x84, 0xdb, 0x48, 0x00, 0xdb, 0x28, 0x84, 0xdb,
	0x48, 0x81, 0xdb, 0x49, 0x01, 0xe3, 0x48, 0xe4, 0xd0, 0xff, 0xff, 0xde, 0xf2, 0xff, 0xde, 0x06,
	0xff, 0xdd, 0xff, 0xde, 0xf5, 0xb4, 0xf3, 0xaa, 0xdb, 0x8a, 0xdb, 0x69, 0xdb, 0x49, 0x81, 0xdb,
	0x48, 0x06, 0xdb, 0x49, 0xdb, 0x48, 0xdb, 0x49, 0xdb, 0x48, 0xdb, 0x49, 0xdb, 0x49, 0xdb, 0x48,
	0x9b, 0xdb, 0x49, 0x82, 0xdb, 0x48, 0x84, 0xdb, 0x49, 0x09, 0xe3, 0x49, 0xdb, 0x49, 0xdb, 0x49,
	0xdb, 0x48, 0xdb, 0x48, 0xdb, 0x49, 0xdb, 0x49, 0xdb, 0x48, 0xdb, 0x49, 0xdb, 0x48, 0x84, 0xdb,
	0x49, 0x04, 0xdb, 0x69, 0xeb, 0x89, 0xf6, 0x15, 0xff, 0xde, 0xff, 0xdd, 0xff, 0xff, 0xde, 0xf2,
	0xff, 0xde, 0x05, 0xff, 0x9c, 0xe4, 0x2d, 0xeb, 0xaa, 0xdb, 0x48, 0xdb, 0x08, 0xdb, 0x08, 0x95,
	0xdb, 0x28, 0x82, 0xdb, 0x48, 0x83, 0xdb, 0x28, 0x81, 0xdb, 0x48, 0x9a, 0xdb, 0x28, 0x03, 0xdb,
	0x48, 0xf3, 0xaa, 0xe4, 0x6e, 0xff, 0xbd, 0xff, 0xff, 0xde, 0xf5, 0xff, 0xde, 0x07, 0xff, 0x7c,
	0xf5, 0x31, 0xe3, 0xcb, 0xeb, 0xcb, 0xeb, 0xcb, 0xeb, 0xec, 0xec, 0x0c, 0xeb, 0xec, 0x82, 0xeb,
	0xeb, 0x82, 0xeb, 0xec, 0x01, 0xec, 0x0c, 0xeb, 0xec, 0x84, 0xeb, 0xeb, 0x80, 0xeb, 0xec, 0x03,
	0xeb, 0xeb, 0xeb, 0xec, 0xec, 0x0c, 0xec, 0x2c, 0x89, 0xec, 0x0c, 0x00, 0xeb, 0xec, 0x81, 0xeb,
	0xeb, 0x01, 0xeb, 0xec, 0xec, 0x0c, 0x81, 0xeb, 0xec, 0x81, 0xec, 0x0c, 0x82, 0xeb, 0xec, 0x84,
	0xeb, 0xeb, 0x07, 0xeb, 0xec, 0xec, 0x0c, 0xec, 0x0c, 0xeb, 0xeb, 0xeb, 0xeb, 0xe3, 0xec, 0xf5,
	0x73, 0xff, 0x9c, 0xff, 0xff, 0xde, 0xf8, 0xff, 0xde, 0x01, 0xff, 0xbd, 0xff, 0x9d, 0xad, 0xff,
	0x9c, 0x00, 0xff, 0x9d, 0x8d, 0xff, 0x9c, 0x01, 0xff, 0x9d, 0xff, 0xbd, 0xff, 0xff, 0xde, 0xff,
	0xff, 0xde, 0xbc, 0xff, 0xde, 0x00, 0xff, 0xdd, 0xff, 0xff, 0xde, 0xff, 0xff, 0xde, 0x8f, 0xff,
	0xde, 0x93, 0xff, 0xbd, 0xff, 0xff, 0xde, 0xff, 0xff, 0xde, 0xff, 0xff, 0xde, 0xff, 0xff, 0xde,
	0xe5, 0xff, 0xde, 0x06, 0xf6, 0x15, 0xf5, 0xf5, 0xed, 0xf5, 0xed, 0x93, 0xed, 0x93, 0xed, 0x72,
	0xed, 0x73, 0x83, 0xed, 0x93, 0x80, 0xed, 0x73, 0x06, 0xed, 0x72, 0xed, 0x73, 0xed, 0x93, 0xed,
	0xf5, 0xed, 0xf5, 0xf5, 0xb4, 0xf5, 0xf5, 0xff, 0xff, 0xde, 0xff, 0xff, 0xde, 0xa6, 0xff, 0xde,
	0x04, 0xff, 0x9c, 0xeb, 0xeb, 0xeb, 0x8a, 0xeb, 0xaa, 0xeb, 0x89, 0x83, 0xeb, 0x69, 0x00, 0xeb,
	0x89, 0x83, 0xeb, 0x69, 0x06, 0xeb, 0x89, 0xeb, 0xaa, 0xeb, 0xca, 0xeb, 0xca, 0xeb, 0x69, 0xeb,
	0xca, 0xff, 0xbd, 0xff, 0xff, 0xde, 0xff, 0xff, 0xde, 0xa5, 0xff, 0xde, 0x02, 0xff, 0x5b, 0xdb,
	0x8a, 0xdb, 0x49, 0x8f, 0xdb, 0x69, 0x02, 0xdb, 0x48, 0xdb, 0x8a, 0xff, 0x7c, 0xff, 0xff, 0xde,
	0xff, 0xff, 0xde, 0xa3, 0xff, 0xde, 0x0b, 0xff, 0xdd, 0xff, 0xde, 0xf6, 0xd9, 0xeb, 0xca, 0xdb,
	0x49, 0xdb, 0x28, 0xdb, 0x48, 0xdb, 0x49, 0xe3, 0x69, 0xe3, 0x69, 0xdb, 0x49, 0xdb, 0x49, 0x82,
	0xdb, 0x48, 0x00, 0xdb, 0x49, 0x81, 0xdb, 0x69, 0x80, 0xdb, 0x49, 0x02, 0xdb, 0x48, 0xe3, 0xca,
	0xff, 0x1a, 0xff, 0xff, 0xde, 0xff, 0xff, 0xde, 0xa3, 0xff, 0xde, 0x03, 0xff, 0xdd, 0xff, 0xde,
	0xf6, 0x36, 0xeb, 0x89, 0x82, 0xdb, 0x49, 0x80, 0xe3, 0x69, 0x80, 0xdb, 0x49, 0x81, 0xdb, 0x48,
	0x80, 0xdb, 0x49, 0x09, 0xe3, 0x49, 0xe3, 0x69, 0xdb, 0x49, 0xdb, 0x49, 0xdb, 0x48, 0xdb, 0x49,
	0xf3, 0xea, 0xf6, 0xb8, 0xff, 0xde, 0xff, 0xdd, 0xff, 0xff, 0xde, 0xff, 0xff, 0xde, 0xa1, 0xff,
	0xde, 0x04, 0xff, 0xbd, 0xff, 0xde, 0xed, 0x93, 0xeb, 0x69, 0xdb, 0x69, 0x81, 0xdb, 0x49, 0x81,
	0xe3, 0x49, 0x03, 0xdb, 0x49, 0xdb, 0x48, 0xdb, 0x48, 0xdb, 0x49, 0x81, 0xe3, 0x49, 0x81, 0xdb,
	0x49, 0x05, 0xdb, 0x48, 0xdb, 0x69, 0xf3, 0xaa, 0xf6, 0x36, 0xff, 0xde, 0xff, 0xdd, 0xff, 0xff,
	0xde, 0xff, 0xff, 0xde, 0xa1, 0xff, 0xde, 0x06, 0xff, 0xbd, 0xff, 0xde, 0xed, 0x11, 0xeb, 0x69,
	0xdb, 0x69, 0xe3, 0x49, 0xe3, 0x49, 0x82, 0xdb, 0x49, 0x00, 0xdb, 0x48, 0x88, 0xdb, 0x49, 0x04,
	0xe3, 0x69, 0xf3, 0xca, 0xed, 0x93, 0xff, 0xde, 0xff, 0xdd, 0xff, 0xff, 0xde, 0xff, 0xff, 0xde,
	0xa3, 0xff, 0xde, 0x06, 0xe4, 0x8e, 0xe3, 0x48, 0xdb, 0x69, 0xdb, 0x49, 0xe3, 0x49, 0xdb, 0x49,
	0xdb, 0x49, 0x81, 0xdb, 0x48, 0x82, 0xdb, 0x49, 0x00, 0xdb, 0x48, 0x82, 0xdb, 0x49, 0x03, 0xe3,
	0x49, 0xe3, 0x69, 0xeb, 0x89, 0xec, 0xf0, 0xff, 0xff, 0xde, 0xff, 0xff, 0xde, 0xa5, 0xff, 0xde,
	0x0d, 0xe4, 0x0c, 0xe3, 0x69, 0xdb, 0x49, 0xdb, 0x49, 0xe3, 0x49, 0xdb, 0x49, 0xdb, 0x49, 0xdb,
	0x48, 0xdb, 0x48, 0xdb, 0x49, 0xdb, 0x49, 0xe3, 0x48, 0xdb, 0x48, 0xdb, 0x49, 0x81, 0xdb, 0x48,
	0x00, 0xe3, 0x49, 0x82, 0xe3, 0x69, 0x00, 0xe4, 0x2d, 0xff, 0xff, 0xde, 0xff, 0xff, 0xde, 0xa4,
	0xff, 0xde, 0x02, 0xff, 0x9d, 0xe3, 0xcb, 0xe3, 0x69, 0x81, 0xdb, 0x49, 0x83, 0xdb, 0x48, 0x80,
	0xe3, 0x49, 0x80, 0xdb, 0x48, 0x02, 0xdb, 0x49, 0xdb, 0x48, 0xdb, 0x49, 0x83, 0xe3, 0x69, 0x01,
	0xe3, 0xeb, 0xff, 0xbd, 0xff, 0xff, 0xde, 0xff, 0xff, 0xde, 0xa1, 0xff, 0xde, 0x05, 0xff, 0xdd,
	0xff, 0xde, 0xff, 0x3b, 0xeb, 0xaa, 0xdb, 0x49, 0xdb, 0x49, 0x85, 0xdb, 0x48, 0x01, 0xe3, 0x49,
	0xe3, 0x48, 0x81, 0xdb, 0x48, 0x81, 0xdb, 0x49, 0x81, 0xe3, 0x69, 0x04, 0xdb, 0x48, 0xeb, 0xca,
	0xff, 0x5b, 0xff, 0xde, 0xff, 0xdd, 0xff, 0xff, 0xde, 0xff, 0xff, 0xde, 0x9f, 0xff, 0xde, 0x06,
	0xff, 0xdd, 0xff, 0xde, 0xf6, 0xd9, 0xeb, 0x89, 0xdb, 0x49, 0xdb, 0x48, 0xdb, 0x49, 0x82, 0xdb,
	0x48, 0x80, 0xdb, 0x49, 0x0f, 0xdb, 0x48, 0xdb, 0x49, 0xdb, 0x48, 0xdb, 0x49, 0xdb, 0x48, 0xdb,
	0x49, 0xdb, 0x49, 0xe3, 0x69, 0xe3, 0x49, 0xe3, 0x69, 0xe3, 0x69, 0xdb, 0x69, 0xeb, 0x8a, 0xfe,
	0xfa, 0xff, 0xde, 0xff, 0xdd, 0xff, 0xff, 0xde, 0xff, 0xff, 0xde, 0x9f, 0xff, 0xde, 0x10, 0xff,
	0xdd, 0xff, 0xde, 0xf6, 0x36, 0xf3, 0xaa, 0xdb, 0x49, 0xdb, 0x48, 0xdb, 0x49, 0xdb, 0x48, 0xdb,
	0x48, 0xdb, 0x49, 0xdb, 0x48, 0xe3, 0x48, 0xdb, 0x49, 0xdb, 0x48, 0xdb, 0x49, 0xdb, 0x48, 0xdb,
	0x48, 0x81, 0xdb, 0x49, 0x80, 0xe3, 0x49, 0x06, 0xe3, 0x69, 0xe3, 0x49, 0xe3, 0x69, 0xf3, 0xca,
	0xf6, 0x77, 0xff, 0xde, 0xff, 0xdd, 0xff, 0xff, 0xde, 0xff, 0xff, 0xde, 0x9f, 0xff, 0xde, 0x04,
	0xff, 0xdd, 0xff, 0xde, 0xed, 0xb4, 0xeb, 0x89, 0xdb, 0x49, 0x84, 0xdb, 0x48, 0x81, 0xdb, 0x49,
	0x80, 0xdb, 0x48, 0x80, 0xe3, 0x49, 0x0a, 0xdb, 0x49, 0xe3, 0x49, 0xe3, 0x49, 0xdb, 0x49, 0xe3,
	0x69, 0xe3, 0x49, 0xe3, 0x69, 0xf3, 0xca, 0xf6, 0x15, 0xff, 0xde, 0xff, 0xdd, 0xff, 0xff, 0xde,
	0xff, 0xff, 0xde, 0x9f, 0xff, 0xde, 0x04, 0xff, 0xbd, 0xff, 0xde, 0xed, 0x11, 0xeb, 0x69, 0xdb,
	0x49, 0x81, 0xdb, 0x48, 0x14, 0xdb, 0x49, 0xdb, 0x48, 0xdb, 0x48, 0xdb, 0x49, 0xdb, 0x48, 0xdb,
	0x48, 0xdb, 0x49, 0xdb, 0x48, 0xdb, 0x49, 0xe3, 0x49, 0xdb, 0x49, 0xe3, 0x49, 0xdb, 0x49, 0xdb,
	0x49, 0xe3, 0x49, 0xe3, 0x69, 0xe3, 0x69, 0xeb, 0xaa, 0xed, 0x93, 0xff, 0xde, 0xff, 0xdd, 0xff,
	0xff, 0xde, 0xff, 0xff, 0xde, 0xa1, 0xff, 0xde, 0x01, 0xe4, 0x8e, 0xeb, 0x69, 0x81, 0xdb, 0x48,
	0x02, 0xe3, 0x48, 0xe3, 0x49, 0xdb, 0x49, 0x82, 0xdb, 0x48, 0x00, 0xdb, 0x49, 0x81, 0xe3, 0x49,
	0x0a, 0xdb, 0x49, 0xe3, 0x49, 0xdb, 0x49, 0xdb, 0x49, 0xe3, 0x49, 0xe3, 0x49, 0xe3, 0x69, 0xeb,
	0xaa, 0xec, 0xf0, 0xff, 0xde, 0xff, 0xdd, 0xff, 0xff, 0xde, 0xff, 0xff, 0xde, 0xa1, 0xff, 0xde,
	0x0f, 0xe3, 0xeb, 0xe3, 0x48, 0xdb, 0x49, 0xdb, 0x48, 0xdb, 0x49, 0xe3, 0x49, 0xe3, 0x49, 0xdb,
	0x49, 0xdb, 0x48, 0xdb, 0x48, 0xdb, 0x49, 0xdb, 0x49, 0xdb, 0x48, 0xe3, 0x49, 0xdb, 0x49, 0xe3,
	0x49, 0x83, 0xdb, 0x49, 0x03, 0xe3, 0x49, 0xdb, 0x69, 0xeb, 0x89, 0xec, 0x8e, 0xff, 0xff, 0xde,
	0xff, 0xff, 0xde, 0xa2, 0xff, 0xde, 0x04, 0xff, 0x9c, 0xe3, 0x8a, 0xe3, 0x49, 0xdb, 0x49, 0xdb,
	0x48, 0x81, 0xe3, 0x49, 0x04, 0xdb, 0x49, 0xdb, 0x48, 0xdb, 0x48, 0xdb, 0x49, 0xdb, 0x48, 0x82,
	0xe3, 0x49, 0x02, 0xdb, 0x49, 0xe3, 0x49, 0xdb, 0x48, 0x81, 0xdb, 0x49, 0x03, 0xdb, 0x69, 0xe3,
	0x69, 0xe4, 0x0b, 0xff, 0xbd, 0xff, 0xff, 0xde, 0xff, 0xff, 0xde, 0xa1, 0xff, 0xde, 0x03, 0xff,
	0x1a, 0xeb, 0xaa, 0xdb, 0x48, 0xdb, 0x49, 0x83, 0xe3, 0x49, 0x80, 0xdb, 0x48, 0x00, 0xdb, 0x49,
	0x81, 0xdb, 0x48, 0x0b, 0xe3, 0x49, 0xdb, 0x48, 0xdb, 0x49, 0xdb, 0x49, 0xdb, 0x48, 0xdb, 0x48,
	0xdb, 0x49, 0xdb, 0x48, 0xe3, 0x49, 0xe3, 0x69, 0xeb, 0xeb, 0xff, 0x5b, 0xff, 0xff, 0xde, 0xff,
	0xff, 0xde, 0x9f, 0xff, 0xde, 0x08, 0xff, 0xdd, 0xff, 0xde, 0xf6, 0xb8, 0xeb, 0x89, 0xdb, 0x69,
	0xdb, 0x48, 0xdb, 0x49, 0xe3, 0x49, 0xe3, 0x49, 0x84, 0xdb, 0x49, 0x0f, 0xdb, 0x48, 0xe3, 0x49,
	0xdb, 0x49, 0xdb, 0x49, 0xdb, 0x48, 0xdb, 0x49, 0xdb, 0x48, 0xdb, 0x48, 0xdb, 0x49, 0xdb, 0x49,
	0xe3, 0x49, 0xdb, 0x69, 0xeb, 0xca, 0xfe, 0xd9, 0xff, 0xde, 0xff, 0xdd, 0xff, 0xff, 0xde, 0xff,
	0xff, 0xde, 0x9d, 0xff, 0xde, 0x07, 0xff, 0xdd, 0xff, 0xde, 0xf6, 0x15, 0xf3, 0xaa, 0xdb, 0x69,
	0xdb, 0x49, 0xdb, 0x49, 0xe3, 0x49, 0x82, 0xdb, 0x49, 0x02, 0xe3, 0x49, 0xdb, 0x49, 0xdb, 0x48,
	0x82, 0xdb, 0x49, 0x80, 0xdb, 0x48, 0x81, 0xdb, 0x49, 0x81, 0xdb, 0x69, 0x03, 0xeb, 0x89, 0xf6,
	0x77, 0xff, 0xde, 0xff, 0xdd, 0xff, 0xff, 0xde, 0xff, 0xff, 0xde, 0x9d, 0xff, 0xde, 0x05, 0xff,
	0xdd, 0xff, 0xde, 0xed, 0x93, 0xeb, 0xaa, 0xdb, 0x69, 0xe3, 0x49, 0x83, 0xdb, 0x49, 0x80, 0xe3,
	0x49, 0x80, 0xdb, 0x49, 0x04, 0xdb, 0x48, 0xdb, 0x49, 0xdb, 0x48, 0xdb, 0x48, 0xdb, 0x49, 0x81,
	0xdb, 0x48, 0x07, 0xdb, 0x49, 0xdb, 0x48, 0xdb, 0x49, 0xdb, 0x49, 0xeb, 0xa9, 0xf5, 0xd4, 0xff,
	0xde, 0xff, 0xdd, 0xff, 0xff, 0xde, 0xff, 0xff, 0xde, 0x9f, 0xff, 0xde, 0x03, 0xec, 0xf0, 0xeb,
	0x69, 0xdb, 0x69, 0xe3, 0x49, 0x83, 0xdb, 0x49, 0x80, 0xe3, 0x49, 0x80, 0xdb, 0x49, 0x82, 0xdb,
	0x48, 0x80, 0xdb, 0x49, 0x80, 0xdb, 0x48, 0x80, 0xdb, 0x49, 0x80, 0xdb, 0x69, 0x03, 0xeb, 0x69,
	0xed, 0x52, 0xff, 0xde, 0xff, 0xdd, 0xff, 0xff, 0xde, 0xff, 0xff, 0xde, 0x9f, 0xff, 0xde, 0x03,
	0xe4, 0x6e, 0xeb, 0x89, 0xdb, 0x69, 0xe3, 0x49, 0x82, 0xdb, 0x49, 0x80, 0xe3, 0x49, 0x00, 0xdb,
	0x48, 0x82, 0xdb, 0x49, 0x81, 0xdb, 0x48, 0x01, 0xdb, 0x49, 0xdb, 0x48, 0x81, 0xdb, 0x49, 0x03,
	0xdb, 0x48, 0xdb, 0x49, 0xe3, 0x69, 0xec, 0xcf, 0xff, 0xff, 0xde, 0xff, 0xff, 0xde, 0xa0, 0xff,
	0xde, 0x05, 0xff, 0xbd, 0xe3, 0xcb, 0xe3, 0x48, 0xdb, 0x69, 0xdb, 0x49, 0xdb, 0x48, 0x88, 0xdb,
	0x49, 0x80, 0xdb, 0x48, 0x01, 0xdb, 0x49, 0xdb, 0x48, 0x81, 0xdb, 0x49, 0x80, 0xdb, 0x48, 0x02,
	0xdb, 0x49, 0xe3, 0x69, 0xe4, 0x4d, 0xff, 0xff, 0xde, 0xff, 0xff, 0xde, 0xa0, 0xff, 0xde, 0x02,
	0xff, 0x7c, 0xe3, 0x69, 0xdb, 0x48, 0x82, 0xdb, 0x49, 0x04, 0xe3, 0x49, 0xdb, 0x49, 0xdb, 0x49,
	0xdb, 0x48, 0xdb, 0x48, 0x83, 0xdb, 0x49, 0x02, 0xdb, 0x48, 0xdb, 0x49, 0xdb, 0x48, 0x81, 0xdb,
	0x49, 0x80, 0xdb, 0x48, 0x03, 0xdb, 0x69, 0xdb, 0x48, 0xe3, 0xeb, 0xff, 0x9d, 0xff, 0xff, 0xde,
	0xff, 0xff, 0xde, 0x9d, 0xff, 0xde, 0x0a, 0xff, 0xdd, 0xff, 0xde, 0xf6, 0xd9, 0xeb, 0xaa, 0xdb,
	0x49, 0xdb, 0x48, 0xdb, 0x48, 0xdb, 0x49, 0xe3, 0x49, 0xe3, 0x49, 0xdb, 0x49, 0x81, 0xdb, 0x48,
	0x84, 0xdb, 0x49, 0x04, 0xdb, 0x48, 0xdb, 0x49, 0xdb, 0x48, 0xdb, 0x49, 0xdb, 0x48, 0x81, 0xdb,
	0x49, 0x02, 0xdb, 0x69, 0xe3, 0xaa, 0xff, 0x5b, 0xff, 0xff, 0xde, 0xff, 0xff, 0xde, 0x9d, 0xff,
	0xde, 0x0a, 0xff, 0xdd, 0xff, 0xde, 0xf6, 0x57, 0xeb, 0x89, 0xdb, 0x49, 0xdb, 0x48, 0xdb, 0x48,
	0xe3, 0x49, 0xe3, 0x69, 0xe3, 0x69, 0xdb, 0x49, 0x82, 0xdb, 0x48, 0x84, 0xdb, 0x49, 0x00, 0xdb,
	0x48, 0x84, 0xdb, 0x49, 0x04, 0xdb, 0x69, 0xf4, 0x0b, 0xfe, 0xd9, 0xff, 0xde, 0xff, 0xdd, 0xff,
	0xff, 0xde, 0xff, 0xff, 0xde, 0x9b, 0xff, 0xde, 0x06, 0xff, 0xbd, 0xff, 0xde, 0xed, 0x93, 0xeb,
	0x69, 0xdb, 0x49, 0xdb, 0x48, 0xdb, 0x49, 0x81, 0xe3, 0x49, 0x80, 0xdb, 0x49, 0x81, 0xdb, 0x48,
	0x81, 0xdb, 0x49, 0x80, 0xdb, 0x48, 0x80, 0xdb, 0x49, 0x81, 0xdb, 0x48, 0x81, 0xdb, 0x49, 0x04,
	0xdb, 0x69, 0xeb, 0xca, 0xf6, 0x56, 0xff, 0xde, 0xff, 0xdd, 0xff, 0xff, 0xde, 0xff, 0xff, 0xde,
	0x9b, 0xff, 0xde, 0x11, 0xff, 0xbd, 0xff, 0xde, 0xed, 0x31, 0xeb, 0x69, 0xdb, 0x49, 0xdb, 0x48,
	0xdb, 0x49, 0xdb, 0x48, 0xdb, 0x49, 0xdb, 0x48, 0xdb, 0x48, 0xdb, 0x49, 0xdb, 0x49, 0xdb, 0x48,
	0xdb, 0x49, 0xdb, 0x49, 0xdb, 0x48, 0xdb, 0x48, 0x82, 0xdb, 0x49, 0x81, 0xdb, 0x48, 0x07, 0xdb,
	0x49, 0xe3, 0x49, 0xe3, 0x69, 0xdb, 0x69, 0xeb, 0xaa, 0xed, 0x93, 0xff, 0xde, 0xff, 0xdd, 0xff,
	0xff, 0xde, 0xff, 0xff, 0xde, 0x9d, 0xff, 0xde, 0x07, 0xe4, 0x8f, 0xe3, 0x48, 0xdb, 0x49, 0xdb,
	0x49, 0xe3, 0x49, 0xdb, 0x49, 0xdb, 0x48, 0xdb, 0x48, 0x81, 0xdb, 0x49, 0x04, 0xe3, 0x49, 0xdb,
	0x48, 0xdb, 0x48, 0xdb, 0x49, 0xdb, 0x48, 0x86, 0xdb, 0x49, 0x06, 0xe3, 0x49, 0xe3, 0x69, 0xdb,
	0x69, 0xeb, 0x89, 0xec, 0xf0, 0xff, 0xde, 0xff, 0xdd, 0xff, 0xff, 0xde, 0xff, 0xff, 0xde, 0x9d,
	0xff, 0xde, 0x01, 0xe4, 0x2c, 0xe3, 0x69, 0x81, 0xdb, 0x49, 0x81, 0xdb, 0x48, 0x81, 0xdb, 0x49,
	0x00, 0xe3, 0x49, 0x8b, 0xdb, 0x49, 0x03, 0xe3, 0x69, 0xdb, 0x69, 0xe3, 0x69, 0xe4, 0x2d, 0xff,
	0xff, 0xde, 0xff, 0xff, 0xde, 0x9e, 0xff, 0xde, 0x04, 0xff, 0x9c, 0xeb, 0xeb, 0xe3, 0x49, 0xdb,
	0x69, 0xdb, 0x49, 0x82, 0xdb, 0x48, 0x80, 0xdb, 0x49, 0x00, 0xe3, 0x49, 0x83, 0xdb, 0x49, 0x02,
	0xdb, 0x48, 0xdb, 0x49, 0xdb, 0x49, 0x82, 0xe3, 0x49, 0x06, 0xdb, 0x49, 0xdb, 0x48, 0xdb, 0x49,
	0xdb, 0x49, 0xe3, 0x49, 0xe3, 0xeb, 0xff, 0xbd, 0xff, 0xff, 0xde, 0xff, 0xff, 0xde, 0x9b, 0xff,
	0xde, 0x05, 0xff, 0xdd, 0xff, 0xde, 0xff, 0x3a, 0xeb, 0x8a, 0xdb, 0x49, 0xe3, 0x69, 0x82, 0xdb,
	0x48, 0x8a, 0xdb, 0x49, 0x83, 0xe3, 0x49, 0x80, 0xdb, 0x48, 0x05, 0xdb, 0x49, 0xdb, 0x48, 0xeb,
	0xaa, 0xff, 0x5b, 0xff, 0xde, 0xff, 0xdd, 0xff, 0xff, 0xde, 0xff, 0xff, 0xde, 0x99, 0xff, 0xde,
	0x04, 0xff, 0xdd, 0xff, 0xde, 0xf6, 0x98, 0xeb, 0xaa, 0xdb, 0x49, 0x82, 0xdb, 0x48, 0x80, 0xdb,
	0x49, 0x00, 0xdb, 0x48, 0x83, 0xdb, 0x49, 0x81, 0xe3, 0x49, 0x81, 0xdb, 0x49, 0x81, 0xe3, 0x49,
	0x00, 0xdb, 0x49, 0x81, 0xdb, 0x48, 0x04, 0xdb, 0x49, 0xeb, 0x8a, 0xf6, 0xd9, 0xff, 0xde, 0xff,
	0xdd, 0xff, 0xff, 0xde, 0xff, 0xff, 0xde, 0x99, 0xff, 0xde, 0x04, 0xff, 0xdd, 0xff, 0xde, 0xf6,
	0x15, 0xf3, 0xaa, 0xdb, 0x49, 0x82, 0xdb, 0x48, 0x80, 0xdb, 0x49, 0x03, 0xdb, 0x48, 0xdb, 0x49,
	0xdb, 0x49, 0xdb, 0x48, 0x81, 0xdb, 0x49, 0x83, 0xe3, 0x49, 0x0b, 0xdb, 0x49, 0xe3, 0x49, 0xdb,
	0x48, 0xdb, 0x49, 0xdb, 0x48, 0xdb, 0x49, 0xdb, 0x48, 0xdb, 0x49, 0xf3, 0xca, 0xf6, 0x56, 0xff,
	0xde, 0xff, 0xdd, 0xff, 0xff, 0xde, 0xff, 0xff, 0xde, 0x99, 0xff, 0xde, 0x04, 0xff, 0xdd, 0xff,
	0xde, 0xed, 0x72, 0xeb, 0x89, 0xdb, 0x49, 0x81, 0xdb, 0x48, 0x81, 0xdb, 0x49, 0x82, 0xdb, 0x48,
	0x87, 0xdb, 0x49, 0x82, 0xdb, 0x48, 0x06, 0xe3, 0x49, 0xdb, 0x48, 0xdb, 0x49, 0xeb, 0xa9, 0xf5,
	0xd4, 0xff, 0xde, 0xff, 0xdd, 0xff, 0xff, 0xde, 0xff, 0xff, 0xde, 0x99, 0xff, 0xde, 0x03, 0xff,
	0xdd, 0xff, 0xde, 0xec, 0xaf, 0xeb, 0x69, 0x82, 0xdb, 0x48, 0x04, 0xdb, 0x49, 0xe3, 0x49, 0xdb,
	0x49, 0xdb, 0x48, 0xdb, 0x49, 0x81, 0xdb, 0x48, 0x81, 0xdb, 0x49, 0x04, 0xe3, 0x49, 0xdb, 0x49,
	0xe3, 0x49, 0xe3, 0x49, 0xdb, 0x49, 0x84, 0xdb, 0x48, 0x04, 0xdb, 0x69, 0xeb, 0x89, 0xed, 0x11,
	0xff, 0xde, 0xff, 0xdd, 0xff, 0xff, 0xde, 0xff, 0xff, 0xde, 0x9b, 0xff, 0xde, 0x03, 0xe4, 0x0c,
	0xe3, 0x28, 0xdb, 0x48, 0xdb, 0x28, 0x81, 0xdb, 0x48, 0x00, 0xe3, 0x48, 0x83, 0xdb, 0x48, 0x81,
	0xdb, 0x49, 0x80, 0xe3, 0x49, 0x03, 0xdb, 0x49, 0xe3, 0x49, 0xe3, 0x49, 0xdb, 0x49, 0x83, 0xdb,
	0x48, 0x80, 0xdb, 0x49, 0x03, 0xeb, 0x69, 0xec, 0x8e, 0xff, 0xde, 0xff, 0xdd, 0xff, 0xff, 0xde,
	0xff, 0xff, 0xde, 0x9a, 0xff, 0xde, 0x02, 0xff, 0x9d, 0xe3, 0xab, 0xe3, 0x28, 0x85, 0xdb, 0x48,
	0x02, 0xdb, 0x49, 0xdb, 0x48, 0xdb, 0x48, 0x82, 0xdb, 0x49, 0x00, 0xe3, 0x48, 0x81, 0xdb, 0x49,
	0x00, 0xe3, 0x49, 0x85, 0xdb, 0x48, 0x03, 0xe3, 0x69, 0xe3, 0x49, 0xe3, 0xeb, 0xff, 0xbd, 0xff,
	0xff, 0xde, 0xff, 0xff, 0xde, 0x9b, 0xff, 0xde, 0x02, 0xf7, 0x1a, 0xeb, 0xaa, 0xdb, 0x48, 0x81,
	0xdb, 0x28, 0x81, 0xdb, 0x48, 0x01, 0xe3, 0x48, 0xdb, 0x48, 0x86, 0xdb, 0x49, 0x06, 0xe3, 0x49,
	0xdb, 0x49, 0xdb, 0x49, 0xdb, 0x48, 0xe3, 0x48, 0xdb, 0x49, 0xdb, 0x49, 0x81, 0xdb, 0x48, 0x03,
	0xdb, 0x49, 0xe3, 0x48, 0xeb, 0xca, 0xff, 0x5b, 0xff, 0xff, 0xde, 0xff, 0xff, 0xde, 0x99, 0xff,
	0xde, 0x08, 0xff, 0xdd, 0xff, 0xde, 0xf6, 0x98, 0xeb, 0x69, 0xdb, 0x48, 0xdb, 0x28, 0xdb, 0x28,
	0xdb, 0x48, 0xdb, 0x48, 0x81, 0xe3, 0x48, 0x80, 0xdb, 0x48, 0x85, 0xdb, 0x49, 0x07, 0xdb, 0x48,
	0xdb, 0x49, 0xdb, 0x49, 0xdb, 0x48, 0xdb, 0x49, 0xdb, 0x48, 0xdb, 0x48, 0xe3, 0x48, 0x82, 0xdb,
	0x48, 0x03, 0xeb, 0xaa, 0xf6, 0xd9, 0xff, 0xde, 0xff, 0xdd, 0xff, 0xff, 0xde, 0xff, 0xff, 0xde,
	0x97, 0xff, 0xde, 0x08, 0xff, 0xdd, 0xff, 0xde, 0xf5, 0xf5, 0xf3, 0x89, 0xdb, 0x49, 0xdb, 0x48,
	0xdb, 0x28, 0xdb, 0x48, 0xe3, 0x48, 0x84, 0xdb, 0x48, 0x00, 0xdb, 0x49, 0x81, 0xdb, 0x48, 0x08,
	0xdb, 0x49, 0xdb, 0x48, 0xdb, 0x48, 0xdb, 0x49, 0xdb, 0x48, 0xdb, 0x49, 0xdb, 0x48, 0xdb, 0x48,
	0xe3, 0x48, 0x82, 0xdb, 0x48, 0x04, 0xdb, 0x49, 0xeb, 0x89, 0xf6, 0x36, 0xff, 0xde, 0xff, 0xdd,
	0xff, 0xff, 0xde, 0xff, 0xff, 0xde, 0x97, 0xff, 0xde, 0x07, 0xff, 0xdd, 0xff, 0xde, 0xed, 0x52,
	0xeb, 0x69, 0xdb, 0x48, 0xdb, 0x28, 0xdb, 0x48, 0xdb, 0x28, 0x84, 0xdb, 0x48, 0x80, 0xdb, 0x49,
	0x80, 0xdb, 0x48, 0x80, 0xdb, 0x49, 0x00, 0xdb, 0x48, 0x83, 0xdb, 0x49, 0x84, 0xdb, 0x48, 0x04,
	0xdb, 0x49, 0xeb, 0x89, 0xf5, 0xb3, 0xff, 0xde, 0xff, 0xdd, 0xff, 0xff, 0xde, 0xff, 0xff, 0xde,
	0x99, 0xff, 0xde, 0x01, 0xec, 0x8f, 0xeb, 0x69, 0x8e, 0xdb, 0x48, 0x82, 0xdb, 0x49, 0x80, 0xdb,
	0x48, 0x00, 0xdb, 0x49, 0x84, 0xdb, 0x48, 0x01, 0xeb, 0x69, 0xec, 0xf0, 0xff, 0xff, 0xde, 0xff,
	0xff, 0xde, 0x9a, 0xff, 0xde, 0x03, 0xff, 0xdd, 0xe3, 0xec, 0xe3, 0x48, 0xdb, 0x49, 0x8e, 0xdb,
	0x48, 0x80, 0xdb, 0x49, 0x01, 0xdb, 0x48, 0xdb, 0x49, 0x83, 0xdb, 0x48, 0x04, 0xdb, 0x49, 0xdb,
	0x48, 0xdb, 0x48, 0xe3, 0x69, 0xe4, 0x4d, 0xff, 0xff, 0xde, 0xff, 0xff, 0xde, 0x9a, 0xff, 0xde,
	0x05, 0xff, 0x9c, 0xe3, 0x8a, 0xdb, 0x48, 0xdb, 0x49, 0xdb, 0x48, 0xdb, 0x28, 0x8d, 0xdb, 0x48,
	0x02, 0xdb, 0x49, 0xdb, 0x48, 0xdb, 0x49, 0x85, 0xdb, 0x48, 0x03, 0xdb, 0x49, 0xe3, 0x48, 0xe3,
	0xcb, 0xff, 0xbd, 0xff, 0xff, 0xde, 0xff, 0xff, 0xde, 0x97, 0xff, 0xde, 0x03, 0xff, 0xdd, 0xff,
	0xde, 0xf6, 0xfa, 0xeb, 0xaa, 0x96, 0xdb, 0x48, 0x00, 0xdb, 0x49, 0x81, 0xdb, 0x48, 0x06, 0xe3,
	0x48, 0xdb, 0x49, 0xdb, 0x49, 0xe3, 0xaa, 0xff, 0x5b, 0xff, 0xde, 0xff, 0xdd, 0xff, 0xff, 0xde,
	0xff, 0xff, 0xde, 0x95, 0xff, 0xde, 0x04, 0xff, 0xdd, 0xff, 0xde, 0xf6, 0x77, 0xf3, 0xaa, 0xdb,
	0x69, 0x86, 0xdb, 0x48, 0x00, 0xdb, 0x49, 0x81, 0xdb, 0x48, 0x80, 0xdb, 0x49, 0x8c, 0xdb, 0x48,
	0x05, 0xe3, 0x48, 0xdb, 0x49, 0xf3, 0xca, 0xf6, 0xb8, 0xff, 0xde, 0xff, 0xdd, 0xff, 0xff, 0xde,
	0xff, 0xff, 0xde, 0x95, 0xff, 0xde, 0x05, 0xff, 0xdd, 0xff, 0xde, 0xed, 0xb4, 0xeb, 0x89, 0xdb,
	0x69, 0xe3, 0x48, 0x83, 0xdb, 0x48, 0x84, 0xdb, 0x49, 0x81, 0xdb, 0x48, 0x00, 0xdb, 0x49, 0x86,
	0xdb, 0x48, 0x80, 0xe3, 0x49, 0x81, 0xdb, 0x48, 0x04, 0xdb, 0x49, 0xeb, 0x89, 0xf6, 0x15, 0xff,
	0xde, 0xff, 0xdd, 0xff, 0xff, 0xde, 0xff, 0xff, 0xde, 0x95, 0xff, 0xde, 0x04, 0xff, 0xdd, 0xff,
	0xde, 0xed, 0x11, 0xeb, 0x69, 0xdb, 0x49, 0x84, 0xdb, 0x48, 0x03, 0xdb, 0x49, 0xdb, 0x48, 0xe3,
	0x49, 0xe3, 0x49, 0x81, 0xdb, 0x49, 0x83, 0xdb, 0x48, 0x00, 0xdb, 0x49, 0x85, 0xdb, 0x48, 0x07,
	0xdb, 0x49, 0xdb, 0x48, 0xdb, 0x48, 0xdb, 0x69, 0xeb, 0x89, 0xed, 0x52, 0xff, 0xde, 0xff, 0xdd,
	0xff, 0xff, 0xde, 0xff, 0xff, 0xde, 0x97, 0xff, 0xde, 0x02, 0xe4, 0x6e, 0xe3, 0x48, 0xdb, 0x49,
	0x83, 0xdb, 0x48, 0x02, 0xe3, 0x48, 0xe3, 0x49, 0xdb, 0x49, 0x82, 0xdb, 0x48, 0x05, 0xdb, 0x49,
	0xdb, 0x48, 0xdb, 0x49, 0xdb, 0x48, 0xdb, 0x49, 0xdb, 0x49, 0x89, 0xdb, 0x48, 0x02, 0xdb, 0x69,
	0xe3, 0x49, 0xec, 0xcf, 0xff, 0xff, 0xde, 0xff, 0xff, 0xde, 0x98, 0xff, 0xde, 0x02, 0xff, 0xbd,
	0xe3, 0xeb, 0xe3, 0x48, 0x82, 0xdb, 0x48, 0x08, 0xe3, 0x48, 0xe3, 0x49, 0xdb, 0x48, 0xe3, 0x49,
	0xe3, 0x49, 0xdb, 0x49, 0xdb, 0x49, 0xdb, 0x48, 0xdb, 0x48, 0x84, 0xdb, 0x49, 0x80, 0xdb, 0x48,
	0x03, 0xdb, 0x49, 0xdb, 0x48, 0xdb, 0x48, 0xdb, 0x49, 0x83, 0xdb, 0x48, 0x02, 0xdb, 0x49, 0xe3,
	0x69, 0xe4, 0x4d, 0xff, 0xff, 0xde, 0xff, 0xff, 0xde, 0x98, 0xff, 0xde, 0x0b, 0xff, 0x5b, 0xe3,
	0xaa, 0xdb, 0x28, 0xdb, 0x48, 0xdb, 0x48, 0xe3, 0x48, 0xdb, 0x48, 0xdb, 0x48, 0xe3, 0x48, 0xdb,
	0x49, 0xdb, 0x48, 0xdb, 0x48, 0x81, 0xdb, 0x49, 0x0b, 0xdb, 0x48, 0xdb, 0x49, 0xdb, 0x49, 0xdb,
	0x48, 0xdb, 0x49, 0xdb, 0x48, 0xdb, 0x48, 0xdb, 0x49, 0xdb, 0x49, 0xdb, 0x48, 0xdb, 0x48, 0xe3,
	0x49, 0x83, 0xdb, 0x48, 0x80, 0xdb, 0x49, 0x02, 0xdb, 0x48, 0xe3, 0xeb, 0xff, 0x9c, 0xff, 0xff,
	0xde, 0xff, 0xff, 0xde, 0x95, 0xff, 0xde, 0x07, 0xff, 0xdd, 0xff, 0xde, 0xf6, 0xb8, 0xeb, 0x8a,
	0xdb, 0x49, 0xdb, 0x48, 0xdb, 0x48, 0xe3, 0x49, 0x83, 0xdb, 0x48, 0x84, 0xdb, 0x49, 0x80, 0xdb,
	0x48, 0x80, 0xdb, 0x49, 0x06, 0xdb, 0x48, 0xdb, 0x49, 0xdb, 0x49, 0xdb, 0x48, 0xdb, 0x48, 0xdb,
	0x49, 0xdb, 0x49, 0x84, 0xdb, 0x48, 0x02, 0xdb, 0x49, 0xe3, 0xaa, 0xff, 0x3a, 0xff, 0xff, 0xde,
	0xff, 0xff, 0xde, 0x95, 0xff, 0xde, 0x03, 0xff, 0xdd, 0xff, 0xde, 0xf6, 0x15, 0xeb, 0x8a, 0x81,
	0xdb, 0x49, 0x82, 0xdb, 0x48, 0x01, 0xdb, 0x49, 0xdb, 0x48, 0x81, 0xdb, 0x49, 0x00, 0xe3, 0x49,
	0x82, 0xdb, 0x49, 0x02, 0xdb, 0x48, 0xdb, 0x49, 0xdb, 0x49, 0x83, 0xdb, 0x48, 0x01, 0xdb, 0x49,
	0xdb, 0x48, 0x83, 0xdb, 0x49, 0x04, 0xdb, 0x69, 0xeb, 0xca, 0xf6, 0x98, 0xff, 0xde, 0xff, 0xdd,
	0xff, 0xff, 0xde, 0xff, 0xff, 0xde, 0x93, 0xff, 0xde, 0x04, 0xff, 0xdd, 0xff, 0xde, 0xed, 0x52,
	0xeb, 0x89, 0xdb, 0x69, 0x86, 0xdb, 0x48, 0x81, 0xdb, 0x49, 0x80, 0xe3, 0x49, 0x82, 0xdb, 0x49,
	0x86, 0xdb, 0x48, 0x82, 0xdb, 0x49, 0x06, 0xdb, 0x48, 0xdb, 0x49, 0xdb, 0x69, 0xeb, 0xaa, 0xf5,
	0xf5, 0xff, 0xde, 0xff, 0xdd, 0xff, 0xff, 0xde, 0xff, 0xff, 0xde, 0x95, 0xff, 0xde, 0x02, 0xec,
	0xaf, 0xeb, 0x69, 0xdb, 0x49, 0x86, 0xdb, 0x48, 0x86, 0xdb, 0x49, 0x01, 0xdb, 0x48, 0xdb, 0x49,
	0x81, 0xdb, 0x48, 0x00, 0xdb, 0x49, 0x82, 0xdb, 0x48, 0x81, 0xdb, 0x49, 0x80, 0xdb, 0x48, 0x04,
	0xdb, 0x69, 0xeb, 0x89, 0xed, 0x31, 0xff, 0xde, 0xff, 0xdd, 0xff, 0xff, 0xde, 0xff, 0xff, 0xde,
	0x95, 0xff, 0xde, 0x02, 0xe4, 0x0c, 0xe3, 0x48, 0xdb, 0x49, 0x83, 0xdb, 0x48, 0x03, 0xdb, 0x49,
	0xdb, 0x48, 0xe3, 0x49, 0xe3, 0x49, 0x86, 0xdb, 0x49, 0x82, 0xdb, 0x48, 0x81, 0xdb, 0x49, 0x00,
	0xdb, 0x48, 0x84, 0xdb, 0x49, 0x02, 0xdb, 0x69, 0xe3, 0x69, 0xec, 0x8e, 0xff, 0xff, 0xde, 0xff,
	0xff, 0xde, 0x96, 0xff, 0xde, 0x03, 0xff, 0x9c, 0xe3, 0xab, 0xdb, 0x49, 0xdb, 0x49, 0x85, 0xdb,
	0x48, 0x08, 0xdb, 0x49, 0xe3, 0x49, 0xe3, 0x49, 0xdb, 0x49, 0xdb, 0x49, 0xdb, 0x48, 0xdb, 0x49,
	0xdb, 0x48, 0xdb, 0x48, 0x81, 0xdb, 0x49, 0x87, 0xdb, 0x48, 0x81, 0xdb, 0x49, 0x03, 0xdb, 0x69,
	0xe3, 0x49, 0xe3, 0xeb, 0xff, 0xbd, 0xff, 0xff, 0xde, 0xff, 0xff, 0xde, 0x95, 0xff, 0xde, 0x01,
	0xfe, 0xfa, 0xeb, 0xaa, 0x86, 0xdb, 0x48, 0x83, 0xdb, 0x49, 0x03, 0xdb, 0x48, 0xdb, 0x49, 0xdb,
	0x48, 0xdb, 0x48, 0x82, 0xdb, 0x49, 0x01, 0xdb, 0x48, 0xdb, 0x49, 0x88, 0xdb, 0x48, 0x80, 0xdb,
	0x49, 0x03, 0xeb, 0xcb, 0xff, 0x5b, 0xff, 0xde, 0xff, 0xdd, 0xff, 0xff, 0xde, 0xff, 0xff, 0xde,
	0x91, 0xff, 0xde, 0x04, 0xff, 0xdd, 0xff, 0xde, 0xf6, 0x57, 0xeb, 0x89, 0xdb, 0x49, 0x82, 0xdb,
	0x48, 0x02, 0xdb, 0x49, 0xdb, 0x48, 0xdb, 0x48, 0x82, 0xdb, 0x49, 0x0c, 0xdb, 0x48, 0xdb, 0x49,
	0xdb, 0x49, 0xdb, 0x48, 0xdb, 0x48, 0xdb, 0x49, 0xdb, 0x48, 0xdb, 0x48, 0xdb, 0x49, 0xdb, 0x49,
	0xdb, 0x48, 0xdb, 0x49, 0xdb, 0x49, 0x86, 0xdb, 0x48, 0x05, 0xdb, 0x49, 0xdb, 0x69, 0xeb, 0xca,
	0xf6, 0xd9, 0xff, 0xde, 0xff, 0xdd, 0xff, 0xff, 0xde, 0xff, 0xff, 0xde, 0x91, 0xff, 0xde, 0x04,
	0xff, 0xdd, 0xff, 0xde, 0xed, 0xb4, 0xeb, 0x89, 0xdb, 0x49, 0x83, 0xdb, 0x48, 0x08, 0xdb, 0x49,
	0xdb, 0x48, 0xdb, 0x48, 0xdb, 0x49, 0xdb, 0x49, 0xdb, 0x48, 0xdb, 0x49, 0xdb, 0x49, 0xdb, 0x48,
	0x82, 0xdb, 0x49, 0x08, 0xdb, 0x48, 0xdb, 0x49, 0xe3, 0x49, 0xdb, 0x49, 0xdb, 0x48, 0xdb, 0x48,
	0xdb, 0x49, 0xdb, 0x48, 0xdb, 0x49, 0x84, 0xdb, 0x48, 0x04, 0xdb, 0x69, 0xeb, 0xaa, 0xf6, 0x36,
	0xff, 0xde, 0xff, 0xdd, 0xff, 0xff, 0xde, 0xff, 0xff, 0xde, 0x93, 0xff, 0xde, 0x04, 0xec, 0xf0,
	0xeb, 0x69, 0xdb, 0x69, 0xdb, 0x48, 0xdb, 0x49, 0x81, 0xdb, 0x48, 0x02, 0xe3, 0x49, 0xdb, 0x49,
	0xdb, 0x49, 0x84, 0xdb, 0x48, 0x01, 0xdb, 0x49, 0xdb, 0x48, 0x82, 0xdb, 0x49, 0x80, 0xe3, 0x49,
	0x80, 0xdb, 0x48, 0x81, 0xdb, 0x49, 0x83, 0xdb, 0x48, 0x05, 0xdb, 0x49, 0xdb, 0x69, 0xeb, 0x89,
	0xed, 0x73, 0xff, 0xde, 0xff, 0xdd, 0xff, 0xff, 0xde, 0xff, 0xff, 0xde, 0x93, 0xff, 0xde, 0x02,
	0xe4, 0x4d, 0xe3, 0x49, 0xdb, 0x69, 0x82, 0xdb, 0x48, 0x80, 0xdb, 0x49, 0x80, 0xdb, 0x48, 0x81,
	0xdb, 0x49, 0x00, 0xdb, 0x48, 0x81, 0xdb, 0x49, 0x01, 0xdb, 0x48, 0xe3, 0x49, 0x82, 0xdb, 0x49,
	0x80, 0xdb, 0x48, 0x81, 0xdb, 0x49, 0x85, 0xdb, 0x48, 0x02, 0xdb, 0x69, 0xeb, 0x69, 0xec, 0xaf,
	0xff, 0xff, 0xde, 0xff, 0xff, 0xde, 0x94, 0xff, 0xde, 0x0b, 0xff, 0xbd, 0xdb, 0xaa, 0xdb, 0x48,
	0xdb, 0x49, 0xdb, 0x48, 0xdb, 0x49, 0xe3, 0x49, 0xdb, 0x49, 0xdb, 0x48, 0xdb, 0x48, 0xdb, 0x49,
	0xdb, 0x48, 0x81, 0xdb, 0x49, 0x80, 0xdb, 0x48, 0x82, 0xdb, 0x49, 0x80, 0xe3, 0x49, 0x80, 0xdb,
	0x49, 0x81, 0xdb, 0x48, 0x00, 0xdb, 0x49, 0x85, 0xdb, 0x48, 0x04, 0xdb, 0x49, 0xe3, 0x69, 0xe3,
	0x49, 0xe4, 0x0c, 0xff, 0xdd, 0xff, 0xff, 0xde, 0xff, 0xff, 0xde, 0x93, 0xff, 0xde, 0x12, 0xff,
	0x3a, 0xeb, 0xaa, 0xdb, 0x49, 0xe3, 0x49, 0xdb, 0x48, 0xdb, 0x49, 0xdb, 0x49, 0xdb, 0x48, 0xdb,
	0x49, 0xdb, 0x48, 0xdb, 0x49, 0xdb, 0x48, 0xdb, 0x48, 0xdb, 0x49, 0xe3, 0x49, 0xdb, 0x49, 0xdb,
	0x48, 0xdb, 0x49, 0xdb, 0x49, 0x81, 0xdb, 0x48, 0x00, 0xe3, 0x49, 0x82, 0xdb, 0x49, 0x02, 0xdb,
	0x48, 0xdb, 0x49, 0xdb, 0x49, 0x84, 0xdb, 0x48, 0x04, 0xdb, 0x49, 0xdb, 0x69, 0xdb, 0x49, 0xe3,
	0xaa, 0xff, 0x7c, 0xff, 0xff, 0xde, 0xff, 0xff, 0xde, 0x91, 0xff, 0xde, 0x0d, 0xff, 0xdd, 0xff,
	0xde, 0xf6, 0x98, 0xf3, 0xaa, 0xdb, 0x69, 0xe3, 0x49, 0xe3, 0x49, 0xdb, 0x49, 0xdb, 0x48, 0xdb,
	0x49, 0xe3, 0x49, 0xdb, 0x49, 0xdb, 0x48, 0xdb, 0x48, 0x81, 0xdb, 0x49, 0x06, 0xe3, 0x49, 0xdb,
	0x49, 0xdb, 0x49, 0xdb, 0x48, 0xdb, 0x49, 0xdb, 0x48, 0xdb, 0x48, 0x82, 0xdb, 0x49, 0x80, 0xdb,
	0x48, 0x80, 0xdb, 0x49, 0x85, 0xdb, 0x48, 0x05, 0xe3, 0x49, 0xdb, 0x69, 0xeb, 0xcb, 0xfe, 0xfa,
	0xff, 0xde, 0xff, 0xdd, 0xff, 0xff, 0xde, 0xff, 0xff, 0xde, 0x8f, 0xff, 0xde, 0x0d, 0xff, 0xdd,
	0xff, 0xde, 0xf5, 0xf4, 0xeb, 0xaa, 0xdb, 0x69, 0xdb, 0x49, 0xdb, 0x49, 0xdb, 0x48, 0xdb, 0x48,
	0xdb, 0x49, 0xdb, 0x49, 0xe3, 0x49, 0xdb, 0x49, 0xdb, 0x48, 0x86, 0xdb, 0x49, 0x80, 0xdb, 0x48,
	0x80, 0xdb, 0x49, 0x03, 0xe3, 0x49, 0xdb, 0x48, 0xdb, 0x49, 0xdb, 0x49, 0x87, 0xdb, 0x48, 0x05,
	0xdb, 0x49, 0xdb, 0x69, 0xf3, 0xaa, 0xf6, 0x77, 0xff, 0xde, 0xff, 0xdd, 0xff, 0xff, 0xde, 0xff,
	0xff, 0xde, 0x8f, 0xff, 0xde, 0x04, 0xff, 0xdd, 0xff, 0xde, 0xed, 0x32, 0xeb, 0x89, 0xdb, 0x69,
	0x82, 0xdb, 0x48, 0x8e, 0xdb, 0x49, 0x02, 0xe3, 0x48, 0xe3, 0x49, 0xdb, 0x48, 0x81, 0xdb, 0x49,
	0x85, 0xdb, 0x48, 0x80, 0xdb, 0x49, 0x04, 0xe3, 0x69, 0xf3, 0xa9, 0xed, 0x93, 0xff, 0xde, 0xff,
	0xdd, 0xff, 0xff, 0xde, 0xff, 0xff, 0xde, 0x91, 0xff, 0xde, 0x06, 0xe4, 0x6e, 0xe3, 0x69, 0xdb,
	0x49, 0xdb, 0x48, 0xdb, 0x49, 0xdb, 0x48, 0xdb, 0x48, 0x87, 0xdb, 0x49, 0x00, 0xdb, 0x48, 0x82,
	0xdb, 0x49, 0x02, 0xdb, 0x48, 0xdb, 0x49, 0xdb, 0x49, 0x83, 0xdb, 0x48, 0x00, 0xdb, 0x49, 0x84,
	0xdb, 0x48, 0x80, 0xdb, 0x49, 0x02, 0xe3, 0x69, 0xeb, 0x69, 0xec, 0xd0, 0xff, 0xff, 0xde, 0xff,
	0xff, 0xde, 0x92, 0xff, 0xde, 0x03, 0xff, 0xbd, 0xe3, 0xcb, 0xdb, 0x48, 0xdb, 0x49, 0x81, 0xdb,
	0x48, 0x80, 0xdb, 0x49, 0x05, 0xdb, 0x48, 0xdb, 0x49, 0xdb, 0x49, 0xdb, 0x48, 0xe3, 0x49, 0xe3,
	0x49, 0x82, 0xdb, 0x49, 0x03, 0xdb, 0x48, 0xdb, 0x49, 0xdb, 0x48, 0xdb, 0x49, 0x83, 0xdb, 0x48,
	0x00, 0xdb, 0x49, 0x86, 0xdb, 0x48, 0x80, 0xdb, 0x49, 0x02, 0xdb, 0x69, 0xe3, 0x48, 0xe4, 0x2d,
	0xff, 0xff, 0xde, 0xff, 0xff, 0xde, 0x92, 0xff, 0xde, 0x05, 0xff, 0x3a, 0xeb, 0x8a, 0xdb, 0x48,
	0xdb, 0x48, 0xe3, 0x49, 0xdb, 0x49, 0x82, 0xdb, 0x48, 0x01, 0xdb, 0x49, 0xdb, 0x48, 0x85, 0xdb,
	0x49, 0x01, 0xdb, 0x48, 0xdb, 0x49, 0x84, 0xdb, 0x48, 0x00, 0xdb, 0x49, 0x87, 0xdb, 0x48, 0x80,
	0xdb, 0x49, 0x80, 0xdb, 0x48, 0x01, 0xe3, 0xcb, 0xff, 0x7c, 0xff, 0xff, 0xde, 0xff, 0xff, 0xde,
	0x8f, 0xff, 0xde, 0x06, 0xff, 0xdd, 0xff, 0xde, 0xf6, 0x98, 0xf3, 0xaa, 0xdb, 0x49, 0xdb, 0x48,
	0xe3, 0x48, 0x83, 0xdb, 0x48, 0x03, 0xe3, 0x48, 0xdb, 0x48, 0xe3, 0x49, 0xe3, 0x49, 0x81, 0xdb,
	0x49, 0x80, 0xdb, 0x48, 0x00, 0xdb, 0x49, 0x82, 0xdb, 0x48, 0x00, 0xdb, 0x49, 0x8b, 0xdb, 0x48,
	0x06, 0xdb, 0x49, 0xdb, 0x48, 0xdb, 0x49, 0xeb, 0xaa, 0xff, 0x1a, 0xff, 0xde, 0xff, 0xdd, 0xff,
	0xff, 0xde, 0xff, 0xff, 0xde, 0x8d, 0xff, 0xde, 0x06, 0xff, 0xdd, 0xff, 0xde, 0xf5, 0xd4, 0xeb,
	0x89, 0xdb, 0x69, 0xdb, 0x48, 0xdb, 0x49, 0x83, 0xdb, 0x48, 0x08, 0xe3, 0x48, 0xe3, 0x49, 0xdb,
	0x49, 0xdb, 0x49, 0xdb, 0x48, 0xdb, 0x49, 0xdb, 0x48, 0xdb, 0x48, 0xdb, 0x49, 0x88, 0xdb, 0x48,
	0x00, 0xdb, 0x49, 0x87, 0xdb, 0x48, 0x05, 0xe3, 0x48, 0xdb, 0x69, 0xf3, 0xca, 0xf6, 0x77, 0xff,
	0xde, 0xff, 0xdd, 0xff, 0xff, 0xde, 0xff, 0xff, 0xde, 0x8d, 0xff, 0xde, 0x04, 0xff, 0xdd, 0xff,
	0xde, 0xed, 0x11, 0xeb, 0x69, 0xdb, 0x69, 0x86, 0xdb, 0x48, 0x80, 0xdb, 0x49, 0x81, 0xdb, 0x48,
	0x80, 0xdb, 0x49, 0x84, 0xdb, 0x48, 0x00, 0xdb, 0x49, 0x8c, 0xdb, 0x48, 0x05, 0xe3, 0x48, 0xdb,
	0x69, 0xeb, 0x89, 0xed, 0x93, 0xff, 0xde, 0xff, 0xdd, 0xff, 0xff, 0xde, 0xff, 0xff, 0xde, 0x8f,
	0xff, 0xde, 0x02, 0xe4, 0x4e, 0xe3, 0x49, 0xdb, 0x49, 0x86, 0xdb, 0x48, 0x83, 0xdb, 0x49, 0x80,
	0xdb, 0x48, 0x00, 0xdb, 0x49, 0x83, 0xdb, 0x48, 0x02, 0xdb, 0x49, 0xdb, 0x48, 0xe3, 0x49, 0x83,
	0xdb, 0x48, 0x00, 0xdb, 0x49, 0x84, 0xdb, 0x48, 0x80, 0xdb, 0x49, 0x03, 0xeb, 0x69, 0xec, 0xf0,
	0xff, 0xde, 0xff, 0xdd, 0xff, 0xff, 0xde, 0xff, 0xff, 0xde, 0x8e, 0xff, 0xde, 0x03, 0xff, 0xbd,
	0xe3, 0xcb, 0xe3, 0x49, 0xdb, 0x49, 0x86, 0xdb, 0x48, 0x01, 0xdb, 0x49, 0xdb, 0x48, 0x83, 0xdb,
	0x49, 0x05, 0xdb, 0x48, 0xdb, 0x49, 0xdb, 0x49, 0xdb, 0x48, 0xdb, 0x49, 0xdb, 0x48, 0x81, 0xdb,
	0x49, 0x01, 0xdb, 0x48, 0xdb, 0x49, 0x87, 0xdb, 0x48, 0x80, 0xdb, 0x49, 0x02, 0xdb, 0x69, 0xe3,
	0x48, 0xe4, 0x2c, 0xff, 0xff, 0xde, 0xff, 0xff, 0xde, 0x90, 0xff, 0xde, 0x01, 0xff, 0x3a, 0xeb,
	0xaa, 0x88, 0xdb, 0x48, 0x85, 0xdb, 0x49, 0x80, 0xdb, 0x48, 0x84, 0xdb, 0x49, 0x02, 0xdb, 0x48,
	0xdb, 0x49, 0xdb, 0x49, 0x82, 0xdb, 0x48, 0x00, 0xdb, 0x49, 0x81, 0xdb, 0x48, 0x81, 0xdb, 0x49,
	0x03, 0xdb, 0x69, 0xdb, 0x49, 0xe3, 0xeb, 0xff, 0x9c, 0xff, 0xff, 0xde, 0xff, 0xff, 0xde, 0x8d,
	0xff, 0xde, 0x04, 0xff, 0xdd, 0xff, 0xde, 0xf6, 0x98, 0xeb, 0x8a, 0xdb, 0x49, 0x84, 0xdb, 0x48,
	0x88, 0xdb, 0x49, 0x00, 0xe3, 0x49, 0x81, 0xdb, 0x49, 0x00, 0xdb, 0x48, 0x81, 0xdb, 0x49, 0x81,
	0xdb, 0x48, 0x81, 0xdb, 0x49, 0x83, 0xdb, 0x48, 0x08, 0xdb, 0x49, 0xdb, 0x48, 0xdb, 0x48, 0xdb,
	0x49, 0xdb, 0x49, 0xeb, 0xca, 0xff, 0x1a, 0xff, 0xde, 0xff, 0xdd, 0xff, 0xff, 0xde, 0xff, 0xff,
	0xde, 0x8b, 0xff, 0xde, 0x04, 0xff, 0xdd, 0xff, 0xde, 0xf5, 0xf5, 0xf3, 0xaa, 0xdb, 0x49, 0x84,
	0xdb, 0x48, 0x01, 0xdb, 0x49, 0xdb, 0x48, 0x86, 0xdb, 0x49, 0x80, 0xe3, 0x49, 0x81, 0xdb, 0x49,
	0x00, 0xdb, 0x48, 0x81, 0xdb, 0x49, 0x09, 0xdb, 0x48, 0xdb, 0x49, 0xdb, 0x49, 0xdb, 0x48, 0xdb,
	0x49, 0xdb, 0x49, 0xe3, 0x49, 0xdb, 0x48, 0xdb, 0x48, 0xdb, 0x49, 0x82, 0xdb, 0x48, 0x04, 0xdb,
	0x49, 0xeb, 0xaa, 0xf6, 0x77, 0xff, 0xde, 0xff, 0xdd, 0xff, 0xff, 0xde, 0xff, 0xff, 0xde, 0x8b,
	0xff, 0xde, 0x04, 0xff, 0xdd, 0xff, 0xde, 0xed, 0x31, 0xeb, 0x89, 0xdb, 0x69, 0x83, 0xdb, 0x48,
	0x02, 0xdb, 0x49, 0xdb, 0x48, 0xdb, 0x48, 0x86, 0xdb, 0x49, 0x00, 0xe3, 0x49, 0x87, 0xdb, 0x49,
	0x80, 0xdb, 0x48, 0x02, 0xdb, 0x49, 0xdb, 0x48, 0xdb, 0x48, 0x81, 0xdb, 0x49, 0x09, 0xdb, 0x48,
	0xdb, 0x49, 0xdb, 0x48, 0xdb, 0x49, 0xdb, 0x48, 0xdb, 0x49, 0xeb, 0xaa, 0xed, 0xd4, 0xff, 0xde,
	0xff, 0xdd, 0xff, 0xff, 0xde, 0xff, 0xff, 0xde, 0x8d, 0xff, 0xde, 0x07, 0xe4, 0x4d, 0xe3, 0x69,
	0xdb, 0x49, 0xdb, 0x49, 0xe3, 0x49, 0xe3, 0x48, 0xdb, 0x48, 0xdb, 0x48, 0x81, 0xdb, 0x49, 0x00,
	0xdb, 0x48, 0x8a, 0xdb, 0x49, 0x81, 0xe3, 0x49, 0x81, 0xdb, 0x48, 0x00, 0xdb, 0x49, 0x87, 0xdb,
	0x48, 0x80, 0xdb, 0x49, 0x02, 0xdb, 0x69, 0xeb, 0x89, 0xed, 0x10, 0xff, 0xff, 0xde, 0xff, 0xff,
	0xde, 0x8e, 0xff, 0xde, 0x03, 0xff, 0xbd, 0xe3, 0xaa, 0xdb, 0x48, 0xdb, 0x69, 0x81, 0xdb, 0x48,
	0x83, 0xdb, 0x49, 0x00, 0xdb, 0x48, 0x85, 0xdb, 0x49, 0x00, 0xe3, 0x49, 0x81, 0xdb, 0x49, 0x00,
	0xe3, 0x49, 0x82, 0xdb, 0x49, 0x03, 0xdb, 0x48, 0xdb, 0x49, 0xdb, 0x49, 0xdb, 0x48, 0x88, 0xdb,
	0x49, 0x02, 0xdb, 0x69, 0xe3, 0x69, 0xe4, 0x4d, 0xff, 0xff, 0xde, 0xff, 0xff, 0xde, 0x8e, 0xff,
	0xde, 0x05, 0xff, 0x3b, 0xeb, 0xaa, 0xdb, 0x69, 0xdb, 0x49, 0xdb, 0x48, 0xdb, 0x48, 0x81, 0xdb,
	0x49, 0x00, 0xdb, 0x48, 0x83, 0xdb, 0x49, 0x80, 0xdb, 0x48, 0x88, 0xdb, 0x49, 0x02, 0xdb, 0x48,
	0xdb, 0x49, 0xdb, 0x48, 0x81, 0xdb, 0x49, 0x00, 0xdb, 0x48, 0x87, 0xdb, 0x49, 0x03, 0xdb, 0x69,
	0xdb, 0x48, 0xe3, 0xaa, 0xff, 0x9c, 0xff, 0xff, 0xde, 0xff, 0xff, 0xde, 0x8b, 0xff, 0xde, 0x0a,
	0xff, 0xdd, 0xff, 0xde, 0xf6, 0x98, 0xf3, 0xaa, 0xdb, 0x69, 0xe3, 0x49, 0xdb, 0x48, 0xdb, 0x49,
	0xdb, 0x49, 0xdb, 0x48, 0xdb, 0x49, 0x81, 0xdb, 0x48, 0x04, 0xdb, 0x49, 0xdb, 0x48, 0xdb, 0x49,
	0xdb, 0x48, 0xdb, 0x48, 0x82, 0xdb, 0x49, 0x0a, 0xdb, 0x48, 0xdb, 0x49, 0xdb, 0x49, 0xdb, 0x48,
	0xdb, 0x49, 0xdb, 0x49, 0xe3, 0x49, 0xe3, 0x48, 0xdb, 0x48, 0xdb, 0x49, 0xdb, 0x49, 0x81, 0xdb,
	0x48, 0x00, 0xe3, 0x49, 0x82, 0xdb, 0x49, 0x00, 0xdb, 0x48, 0x82, 0xdb, 0x49, 0x03, 0xeb, 0xca,
	0xff, 0x1a, 0xff, 0xde, 0xff, 0xdd, 0xff, 0xff, 0xde, 0xff, 0xff, 0xde, 0x89, 0xff, 0xde, 0x04,
	0xff, 0xdd, 0xff, 0xde, 0xf5, 0xf5, 0xeb, 0xa9, 0xdb, 0x69, 0x81, 0xdb, 0x49, 0x80, 0xdb, 0x48,
	0x80, 0xdb, 0x49, 0x81, 0xdb, 0x48, 0x86, 0xdb, 0x49, 0x80, 0xdb, 0x48, 0x01, 0xdb, 0x49, 0xdb,
	0x48, 0x81, 0xdb, 0x49, 0x80, 0xdb, 0x48, 0x01, 0xdb, 0x49, 0xdb, 0x48, 0x81, 0xdb, 0x49, 0x81,
	0xdb, 0x48, 0x80, 0xdb, 0x49, 0x00, 0xdb, 0x48, 0x81, 0xdb, 0x49, 0x04, 0xdb, 0x69, 0xeb, 0xaa,
	0xf6, 0x77, 0xff, 0xde, 0xff, 0xdd, 0xff, 0xff, 0xde, 0xff, 0xff, 0xde, 0x89, 0xff, 0xde, 0x04,
	0xff, 0xdd, 0xff, 0xde, 0xed, 0x31, 0xeb, 0x89, 0xdb, 0x69, 0x81, 0xdb, 0x49, 0x80, 0xdb, 0x48,
	0x80, 0xdb, 0x49, 0x01, 0xdb, 0x48, 0xdb, 0x49, 0x82, 0xdb, 0x48, 0x80, 0xdb, 0x49, 0x81, 0xdb,
	0x48, 0x03, 0xdb, 0x49, 0xdb, 0x48, 0xdb, 0x49, 0xdb, 0x48, 0x84, 0xdb, 0x49, 0x00, 0xdb, 0x48,
	0x81, 0xdb, 0x49, 0x80, 0xdb, 0x48, 0x01, 0xdb, 0x49, 0xdb, 0x48, 0x83, 0xdb, 0x49, 0x04, 0xdb,
	0x69, 0xeb, 0xaa, 0xed, 0x93, 0xff, 0xde, 0xff, 0xdd, 0xff, 0xff, 0xde, 0xff, 0xff, 0xde, 0x8b,
	0xff, 0xde, 0x02, 0xe4, 0x6e, 0xe3, 0x69, 0xdb, 0x69, 0x83, 0xdb, 0x48, 0x81, 0xdb, 0x49, 0x8b,
	0xdb, 0x48, 0x89, 0xdb, 0x49, 0x02, 0xdb, 0x48, 0xdb, 0x49, 0xdb, 0x48, 0x84, 0xdb, 0x49, 0x02,
	0xdb, 0x69, 0xe3, 0x69, 0xec, 0xaf, 0xff, 0xff, 0xde, 0xff, 0xff, 0xde, 0x8c, 0xff, 0xde, 0x03,
	0xff, 0xbd, 0xe3, 0xec, 0xe3, 0x69, 0xdb, 0x49, 0x83, 0xdb, 0x48, 0x02, 0xdb, 0x49, 0xdb, 0x48,
	0xdb, 0x49, 0x88, 0xdb, 0x48, 0x80, 0xdb, 0x49, 0x03, 0xdb, 0x48, 0xdb, 0x49, 0xdb, 0x49, 0xdb,
	0x48, 0x86, 0xdb, 0x49, 0x03, 0xdb, 0x48, 0xdb, 0x49, 0xdb, 0x49, 0xe3, 0x49, 0x82, 0xdb, 0x49,
	0x03, 0xdb, 0x48, 0xdb, 0x49, 0xe3, 0x69, 0xe4, 0x2c, 0xff, 0xff, 0xde, 0xff, 0xff, 0xde, 0x8c,
	0xff, 0xde, 0x03, 0xff, 0x3b, 0xeb, 0xaa, 0xdb, 0x49, 0xdb, 0x49, 0x84, 0xdb, 0x48, 0x09, 0xdb,
	0x49, 0xdb, 0x48, 0xdb, 0x49, 0xdb, 0x48, 0xdb, 0x49, 0xdb, 0x49, 0xdb, 0x48, 0xdb, 0x49, 0xdb,
	0x48, 0xdb, 0x49, 0x83, 0xdb, 0x48, 0x91, 0xdb, 0x49, 0x81, 0xdb, 0x48, 0x01, 0xe3, 0xcb, 0xff,
	0x7c, 0xff, 0xff, 0xde, 0xff, 0xff, 0xde, 0x89, 0xff, 0xde, 0x04, 0xff, 0xdd, 0xff, 0xde, 0xf6,
	0x98, 0xeb, 0xaa, 0xdb, 0x49, 0x84, 0xdb, 0x48, 0x04, 0xdb, 0x49, 0xe3, 0x49, 0xdb, 0x49, 0xdb,
	0x48, 0xdb, 0x48, 0x82, 0xdb, 0x49, 0x02, 0xdb, 0x48, 0xdb, 0x49, 0xdb, 0x49, 0x81, 0xdb, 0x48,
	0x02, 0xdb, 0x49, 0xdb, 0x48, 0xdb, 0x48, 0x88, 0xdb, 0x49, 0x0b, 0xdb, 0x48, 0xdb, 0x49, 0xdb,
	0x49, 0xe3, 0x49, 0xdb, 0x49, 0xdb, 0x48, 0xdb, 0x48, 0xdb, 0x49, 0xdb, 0x49, 0xdb, 0x69, 0xeb,
	0xca, 0xfe, 0xfa, 0xff, 0xff, 0xde, 0xff, 0xff, 0xde, 0x89, 0xff, 0xde, 0x04, 0xff, 0xbd, 0xff,
	0xde, 0xf5, 0xd4, 0xeb, 0x89, 0xdb, 0x69, 0x83, 0xdb, 0x48, 0x8a, 0xdb, 0x49, 0x01, 0xdb, 0x48,
	0xdb, 0x49, 0x81, 0xdb, 0x48, 0x80, 0xdb, 0x49, 0x00, 0xdb, 0x48, 0x89, 0xdb, 0x49, 0x00, 0xdb,
	0x48, 0x82, 0xdb, 0x49, 0x06, 0xdb, 0x48, 0xdb, 0x49, 0xdb, 0x69, 0xf3, 0xca, 0xf6, 0x56, 0xff,
	0xde, 0xff, 0xdd, 0xff, 0xff, 0xde, 0xff, 0xff, 0xde, 0x87, 0xff, 0xde, 0x06, 0xff, 0xdd, 0xff,
	0xde, 0xed, 0x11, 0xeb, 0x69, 0xdb, 0x69, 0xdb, 0x48, 0xdb, 0x48, 0x89, 0xdb, 0x49, 0x80, 0xdb,
	0x48, 0x81, 0xdb, 0x49, 0x00, 0xdb, 0x48, 0x86, 0xdb, 0x49, 0x03, 0xdb, 0x48, 0xdb, 0x49, 0xdb,
	0x49, 0xdb, 0x48, 0x82, 0xdb, 0x49, 0x82, 0xdb, 0x48, 0x82, 0xdb, 0x49, 0x04, 0xdb, 0x69, 0xeb,
	0x89, 0xed, 0x73, 0xff, 0xde, 0xff, 0xdd, 0xff, 0xff, 0xde, 0xff, 0xff, 0xde, 0x89, 0xff, 0xde,
	0x01, 0xe4, 0x2d, 0xe3, 0x48, 0x81, 0xdb, 0x48, 0x01, 0xe3, 0x49, 0xdb, 0x48, 0x82, 0xdb, 0x49,
	0x80, 0xdb, 0x48, 0x86, 0xdb, 0x49, 0x00, 0xdb, 0x48, 0x85, 0xdb, 0x49, 0x00, 0xdb, 0x48, 0x82,
	0xdb, 0x49, 0x84, 0xdb, 0x48, 0x01, 0xdb, 0x49, 0xdb, 0x48, 0x83, 0xdb, 0x49, 0x01, 0xeb, 0x69,
	0xec, 0xd0, 0xff, 0xff, 0xde, 0xff, 0xff, 0xde, 0x8a, 0xff, 0xde, 0x01, 0xff, 0x9c, 0xe3, 0xcb,
	0x82, 0xdb, 0x48, 0x80, 0xdb, 0x49, 0x00, 0xe3, 0x49, 0x83, 0xdb, 0x49, 0x00, 0xdb, 0x48, 0x85,
	0xdb, 0x49, 0x04, 0xdb, 0x48, 0xdb, 0x49, 0xdb, 0x48, 0xdb, 0x49, 0xdb, 0x49, 0x82, 0xdb, 0x48,
	0x00, 0xdb, 0x49, 0x87, 0xdb, 0x48, 0x01, 0xdb, 0x49, 0xdb, 0x48, 0x81, 0xdb, 0x49, 0x03, 0xe3,
	0x49, 0xdb, 0x69, 0xe3, 0x69, 0xe4, 0x2c, 0xff, 0xff, 0xde, 0xff, 0xff, 0xde, 0x8a, 0xff, 0xde,
	0x01, 0xfe, 0xfa, 0xeb, 0xaa, 0x81, 0xdb, 0x48, 0x80, 0xe3, 0x49, 0x81, 0xdb, 0x49, 0x81, 0xdb,
	0x48, 0x01, 0xdb, 0x49, 0xdb, 0x48, 0x81, 0xdb, 0x49, 0x00, 0xdb, 0x48, 0x82, 0xdb, 0x49, 0x05,
	0xdb, 0x48, 0xdb, 0x49, 0xdb, 0x49, 0xdb, 0x48, 0xdb, 0x49, 0xdb, 0x49, 0x84, 0xdb, 0x48, 0x00,
	0xdb, 0x49, 0x82, 0xdb, 0x48, 0x01, 0xdb, 0x49, 0xdb, 0x48, 0x84, 0xdb, 0x49, 0x02, 0xe3, 0x49,
	0xeb, 0xcb, 0xff, 0x7c, 0xff, 0xff, 0xde, 0xff, 0xff, 0xde, 0x87, 0xff, 0xde, 0x08, 0xff, 0xdd,
	0xff, 0xde, 0xf6, 0x36, 0xeb, 0x8a, 0xdb, 0x49, 0xdb, 0x48, 0xdb, 0x49, 0xe3, 0x49, 0xe3, 0x49,
	0x8d, 0xdb, 0x49, 0x80, 0xdb, 0x48, 0x83, 0xdb, 0x49, 0x83, 0xdb, 0x48, 0x00, 0xdb, 0x49, 0x84,
	0xdb, 0x48, 0x80, 0xdb, 0x49, 0x00, 0xdb, 0x48, 0x83, 0xdb, 0x49, 0x01, 0xeb, 0xaa, 0xf6, 0xb8,
	0xff, 0xff, 0xde, 0xff, 0xff, 0xde, 0x87, 0xff, 0xde, 0x06, 0xff, 0xdd, 0xff, 0xde, 0xed, 0x73,
	0xeb, 0x69, 0xdb, 0x69, 0xdb, 0x49, 0xe3, 0x49, 0x86, 0xdb, 0x49, 0x80, 0xdb, 0x48, 0x82, 0xdb,
	0x49, 0x03, 0xdb, 0x48, 0xdb, 0x49, 0xdb, 0x49, 0xdb, 0x48, 0x83, 0xdb, 0x49, 0x06, 0xdb, 0x48,
	0xdb, 0x49, 0xdb, 0x49, 0xdb, 0x48, 0xdb, 0x49, 0xdb, 0x48, 0xdb, 0x49, 0x84, 0xdb, 0x48, 0x84,
	0xdb, 0x49, 0x05, 0xdb, 0x48, 0xdb, 0x49, 0xf3, 0xca, 0xf6, 0x15, 0xff, 0xde, 0xff, 0xdd, 0xff,
	0xff, 0xde, 0xff, 0xff, 0xde, 0x85, 0xff, 0xde, 0x0b, 0xff, 0xdd, 0xff, 0xde, 0xec, 0xaf, 0xeb,
	0x69, 0xe3, 0x69, 0xe3, 0x49, 0xdb, 0x49, 0xdb, 0x48, 0xdb, 0x48, 0xdb, 0x49, 0xdb, 0x49, 0xdb,
	0x48, 0x81, 0xdb, 0x49, 0x00, 0xdb, 0x48, 0x86, 0xdb, 0x49, 0x00, 0xdb, 0x48, 0x85, 0xdb, 0x49,
	0x80, 0xdb, 0x48, 0x00, 0xdb, 0x49, 0x83, 0xdb, 0x48, 0x80, 0xdb, 0x49, 0x81, 0xdb, 0x48, 0x81,
	0xdb, 0x49, 0x06, 0xdb, 0x48, 0xdb, 0x49, 0xdb, 0x69, 0xeb, 0xaa, 0xed, 0x93, 0xff, 0xde, 0xff,
	0xdd, 0xff, 0xff, 0xde, 0xff, 0xff, 0xde, 0x86, 0xff, 0xde, 0x05, 0xff, 0xbd, 0xe3, 0xec, 0xe3,
	0x48, 0xdb, 0x69, 0xe3, 0x69, 0xdb, 0x49, 0x83, 0xdb, 0x48, 0x00, 0xdb, 0x49, 0x81, 0xe3, 0x49,
	0x82, 0xdb, 0x49, 0x00, 0xdb, 0x48, 0x88, 0xdb, 0x49, 0x00, 0xdb, 0x48, 0x81, 0xdb, 0x49, 0x84,
	0xdb, 0x48, 0x05, 0xdb, 0x49, 0xdb, 0x48, 0xdb, 0x48, 0xdb, 0x49, 0xdb, 0x49, 0xdb, 0x48, 0x81,
	0xdb, 0x49, 0x04, 0xdb, 0x69, 0xe3, 0x89, 0xec, 0xaf, 0xff, 0xde, 0xff, 0xdd, 0xff, 0xff, 0xde,
	0xff, 0xff, 0xde, 0x84, 0xff, 0xde, 0x07, 0xff, 0xdd, 0xff, 0xde, 0xff, 0x5b, 0xe3, 0xaa, 0xdb,
	0x69, 0xdb, 0x69, 0xe3, 0x69, 0xdb, 0x49, 0x82, 0xdb, 0x48, 0x09, 0xdb, 0x49, 0xe3, 0x49, 0xe3,
	0x49, 0xdb, 0x49, 0xdb, 0x48, 0xdb, 0x48, 0xdb, 0x49, 0xdb, 0x48, 0xdb, 0x49, 0xdb, 0x48, 0x81,
	0xdb, 0x49, 0x00, 0xe3, 0x49, 0x83, 0xdb, 0x49, 0x01, 0xdb, 0x48, 0xdb, 0x49, 0x87, 0xdb, 0x48,
	0x00, 0xdb, 0x49, 0x84, 0xdb, 0x48, 0x05, 0xdb, 0x49, 0xe3, 0x49, 0xe3, 0x69, 0xe3, 0x48, 0xe3,
	0xeb, 0xff, 0xbd, 0xff, 0xff, 0xde, 0xff, 0xff, 0xde, 0x85, 0xff, 0xde, 0x0e, 0xff, 0xdd, 0xff,
	0xde, 0xf6, 0xd9, 0xeb, 0xca, 0xdb, 0x69, 0xe3, 0x69, 0xdb, 0x49, 0xdb, 0x49, 0xdb, 0x48, 0xdb,
	0x48, 0xdb, 0x49, 0xdb, 0x49, 0xdb, 0x48, 0xe3, 0x49, 0xdb, 0x49, 0x83, 0xdb, 0x48, 0x01, 0xdb,
	0x49, 0xdb, 0x48, 0x81, 0xdb, 0x49, 0x80, 0xe3, 0x49, 0x80, 0xdb, 0x49, 0x03, 0xdb, 0x48, 0xdb,
	0x49, 0xdb, 0x48, 0xdb, 0x49, 0x85, 0xdb, 0x48, 0x00, 0xe3, 0x48, 0x81, 0xdb, 0x49, 0x82, 0xdb,
	0x48, 0x08, 0xdb, 0x49, 0xe3, 0x49, 0xe3, 0x49, 0xe3, 0x69, 0xdb, 0x69, 0xeb, 0xca, 0xff, 0x3a,
	0xff, 0xde, 0xff, 0xdd, 0xff, 0xff, 0xde, 0xff, 0xff, 0xde, 0x83, 0xff, 0xde, 0x03, 0xff, 0xdd,
	0xff, 0xde, 0xf6, 0x15, 0xeb, 0x89, 0x82, 0xdb, 0x49, 0x00, 0xdb, 0x48, 0x81, 0xdb, 0x49, 0x80,
	0xe3, 0x49, 0x00, 0xe3, 0x48, 0x84, 0xdb, 0x48, 0x00, 0xdb, 0x49, 0x81, 0xdb, 0x48, 0x80, 0xe3,
	0x49, 0x00, 0xdb, 0x49, 0x81, 0xdb, 0x48, 0x08, 0xdb, 0x49, 0xdb, 0x48, 0xdb, 0x49, 0xe3, 0x49,
	0xdb, 0x49, 0xdb, 0x48, 0xdb, 0x48, 0xe3, 0x48, 0xe3, 0x48, 0x82, 0xdb, 0x49, 0x81, 0xdb, 0x48,
	0x80, 0xdb, 0x49, 0x07, 0xe3, 0x49, 0xe3, 0x69, 0xe3, 0x69, 0xdb, 0x69, 0xf3, 0xca, 0xf6, 0xb8,
	0xff, 0xde, 0xff, 0xdd, 0xff, 0xff, 0xde, 0xff, 0xff, 0xde, 0x83, 0xff, 0xde, 0x0e, 0xff, 0xdd,
	0xff, 0xde, 0xed, 0x31, 0xeb, 0x69, 0xdb, 0x69, 0xdb, 0x48, 0xdb, 0x48, 0xdb, 0x49, 0xdb, 0x49,
	0xe3, 0x49, 0xe3, 0x49, 0xe3, 0x69, 0xe3, 0x49, 0xdb, 0x49, 0xdb, 0x49, 0x85, 0xdb, 0x48, 0x03,
	0xdb, 0x49, 0xdb, 0x48, 0xdb, 0x49, 0xdb, 0x48, 0x84, 0xdb, 0x49, 0x01, 0xdb, 0x48, 0xdb, 0x49,
	0x82, 0xe3, 0x49, 0x80, 0xdb, 0x48, 0x82, 0xdb, 0x49, 0x03, 0xdb, 0x48, 0xdb, 0x49, 0xdb, 0x48,
	0xdb, 0x49, 0x81, 0xe3, 0x49, 0x80, 0xdb, 0x49, 0x03, 0xeb, 0xaa, 0xf5, 0xf5, 0xff, 0xde, 0xff,
	0xdd, 0xff, 0xff, 0xde, 0xff, 0xff, 0xde, 0x85, 0xff, 0xde, 0x05, 0xec, 0x8e, 0xe3, 0x69, 0xe3,
	0x69, 0xdb, 0x49, 0xdb, 0x49, 0xe3, 0x49, 0x83, 0xe3, 0x69, 0x80, 0xdb, 0x49, 0x85, 0xdb, 0x48,
	0x00, 0xdb, 0x49, 0x82, 0xdb, 0x48, 0x80, 0xe3, 0x49, 0x80, 0xdb, 0x49, 0x81, 0xdb, 0x48, 0x81,
	0xe3, 0x69, 0x05, 0xe3, 0x49, 0xdb, 0x49, 0xdb, 0x48, 0xdb, 0x49, 0xdb, 0x49, 0xdb, 0x48, 0x82,
	0xdb, 0x49, 0x00, 0xe3, 0x49, 0x83, 0xdb, 0x49, 0x03, 0xeb, 0x89, 0xed, 0x52, 0xff, 0xde, 0xff,
	0xdd, 0xff, 0xff, 0xde, 0xff, 0xff, 0xde, 0x83, 0xff, 0xde, 0x08, 0xff, 0xdd, 0xff, 0xde, 0xed,
	0x31, 0xf3, 0xca, 0xe3, 0x8a, 0xe3, 0x69, 0xdb, 0x69, 0xdb, 0x49, 0xdb, 0x69, 0x81, 0xe3, 0x69,
	0x00, 0xdb, 0x69, 0x8a, 0xdb, 0x49, 0x00, 0xdb, 0x48, 0x86, 0xdb, 0x49, 0x82, 0xdb, 0x69, 0x03,
	0xe3, 0x69, 0xdb, 0x49, 0xdb, 0x49, 0xdb, 0x48, 0x81, 0xdb, 0x49, 0x00, 0xdb, 0x69, 0x82, 0xdb,
	0x49, 0x06, 0xdb, 0x69, 0xe3, 0x69, 0xdb, 0x6a, 0xf3, 0xca, 0xed, 0xd4, 0xff, 0xde, 0xff, 0xdd,
	0xff, 0xff, 0xde, 0xff, 0xff, 0xde, 0x83, 0xff, 0xde, 0x07, 0xff, 0xdd, 0xff, 0xde, 0xff, 0x3a,
	0xec, 0x0c, 0xeb, 0x89, 0xdb, 0x48, 0xdb, 0x28, 0xe3, 0x69, 0x82, 0xeb, 0x89, 0x85, 0xeb, 0x69,
	0x80, 0xe3, 0x69, 0x06, 0xe3, 0x48, 0xe3, 0x49, 0xe3, 0x69, 0xeb, 0x69, 0xeb, 0x69, 0xe3, 0x69,
	0xe3, 0x48, 0x83, 0xeb, 0x69, 0x82, 0xeb, 0x89, 0x05, 0xe3, 0x48, 0xdb, 0x28, 0xe3, 0x48, 0xe3,
	0x69, 0xe3, 0x69, 0xeb, 0x69, 0x83, 0xeb, 0x89, 0x06, 0xeb, 0x69, 0xe3, 0x28, 0xdb, 0x07, 0xe3,
	0x48, 0xeb, 0xaa, 0xec, 0x6e, 0xff, 0x9c, 0xff, 0xff, 0xde, 0xff, 0xff, 0xde, 0x88, 0xff, 0xde,
	0x04, 0xf6, 0xf9, 0xf4, 0xf0, 0xe4, 0x2d, 0xe4, 0x4d, 0xe4, 0x6e, 0x81, 0xec, 0x8e, 0x00, 0xec,
	0x6e, 0x82, 0xe4, 0x6e, 0x06, 0xec, 0x6e, 0xe4, 0x6e, 0xe4, 0x8e, 0xe4, 0x6e, 0xe4, 0x6e, 0xe4,
	0x4e, 0xe4, 0x4e, 0x82, 0xe4, 0x6e, 0x00, 0xe4, 0x4e, 0x81, 0xe4, 0x6e, 0x00, 0xe4, 0x8e, 0x81,
	0xec, 0x8e, 0x80, 0xe4, 0x8e, 0x01, 0xe4, 0x6e, 0xec, 0x8e, 0x82, 0xe4, 0x6e, 0x0a, 0xe4, 0x8e,
	0xec, 0x8f, 0xec, 0x8f, 0xec, 0x8e, 0xec, 0x8e, 0xe4, 0x6e, 0xe4, 0x4d, 0xe4, 0x6e, 0xec, 0x6e,
	0xf5, 0x73, 0xff, 0x7c, 0xff, 0xff, 0xde, 0xff, 0xff, 0xde, 0xff, 0xff, 0xde, 0xff, 0xff, 0xde,
	0xff, 0xff, 0xde, 0xff, 0xff, 0xde, 0xff, 0xff, 0xde, 0xff, 0xff, 0xde, 0xff, 0xff, 0xde, 0xff,
	0xff, 0xde, 0xff, 0xff, 0xde, 0xff, 0xff, 0xde, 0xff, 0xff, 0xde, 0xff, 0xff, 0xde, 0xff, 0xff,
	0xde, 0xff, 0xff, 0xde, 0xff, 0xff, 0xde, 0xff, 0xff, 0xde, 0xff, 0xff, 0xde, 0xff, 0xff, 0xde,
	0xff, 0xff, 0xde, 0xff, 0xff, 0xde, 0xff, 0xff, 0xde, 0xff, 0xff, 0xde, 0xff, 0xff, 0xde, 0xff,
	0xff, 0xde, 0xff, 0xff, 0xde, 0xff, 0xff, 0xde, 0xff, 0xff, 0xde, 0xff, 0xff, 0xde, 0xff, 0xff,
	0xde, 0xff, 0xff, 0xde, 0xff, 0xff, 0xde, 0xff, 0xff, 0xde, 0xff, 0xff, 0xde, 0xff, 0xff, 0xde,
	0xff, 0xff, 0xde, 0xff, 0xff, 0xde, 0xff, 0xff, 0xde, 0xff, 0xff, 0xde, 0xff, 0xff, 0xde, 0xff,
	0xff, 0xde, 0xff, 0xff, 0xde, 0xff, 0xff, 0xde, 0xff, 0xff, 0xde, 0xff, 0xff, 0xde, 0xff, 0xff,
	0xde, 0xff, 0xff, 0xde, 0xff, 0xff, 0xde, 0xff, 0xff, 0xde, 0xff, 0xff, 0xde, 0xff, 0xff, 0xde,
	0xff, 0xff, 0xde, 0xff, 0xff, 0xde, 0xff, 0xff, 0xde, 0xff, 0xff, 0xde, 0xff, 0xff, 0xde, 0xff,
	0xff, 0xde, 0xff, 0xff, 0xde, 0xff, 0xff, 0xde, 0xff, 0xff, 0xde, 0xff, 0xff, 0xde, 0xff, 0xff,
	0xde, 0xff, 0xff, 0xde, 0xff, 0xff, 0xde, 0xff, 0xff, 0xde, 0xff, 0xff, 0xde, 0xff, 0xff, 0xde,
	0x81, 0xff, 0xde,
};
