/* Generated by tools/encode_icons.py -- do not edit.
 *
 *   python3 tools/encode_icons.py --in reveal/icons --size 40
 *
 * 6 icons at 40x40, RGB565A8, 28800 bytes of flash.
 * Byte order is little-endian RGB565, matching CONFIG_LV_COLOR_16_SWAP=irrelevant to image data.
 */
#pragma once
#include <lvgl.h>
#include <stdint.h>

#define ICON_PX 40

static const uint8_t icon_claude_map[] __attribute__((aligned(64))) = {
	0x00, 0x00, 0x00, 0x00, 0x00, 0x00, 0x00, 0x00, 0x00, 0x00, 0x00, 0x00, 0x00, 0x00, 0x00, 0x00,
	0x00, 0x00, 0x00, 0x00, 0x00, 0x00, 0x00, 0x00, 0x00, 0x00, 0x00, 0x00, 0x00, 0x00, 0x00, 0x00,
	0x00, 0x00, 0x00, 0x00, 0x00, 0x00, 0x00, 0x00, 0x00, 0x00, 0x00, 0x00, 0x00, 0x00, 0x00, 0x00,
	0x00, 0x00, 0x00, 0x00, 0x00, 0x00, 0x00, 0x00, 0x00, 0x00, 0x00, 0x00, 0x00, 0x00, 0x00, 0x00,
	0x00, 0x00, 0x00, 0x00, 0x00, 0x00, 0x00, 0x00, 0x00, 0x00, 0x00, 0x00, 0x00, 0x00, 0x00, 0x00,
	0x00, 0x00, 0x00, 0x00, 0x00, 0x00, 0x00, 0x00, 0x00, 0x00, 0x00, 0x00, 0x00, 0x00, 0x00, 0x00,
	0x00, 0x00, 0x00, 0x00, 0x00, 0xf8, 0xe0, 0xff, 0xef, 0x7b, 0xef, 0x7b, 0xef, 0x7b, 0xef, 0x7b,
	0xef, 0x7b, 0xef, 0x7b, 0xef, 0x7b, 0xef, 0x7b, 0xef, 0x7b, 0xef, 0x7b, 0xef, 0x7b, 0xef, 0x7b,
	0xef, 0x7b, 0xef, 0x7b, 0xef, 0x7b, 0xef, 0x7b, 0xe0, 0xff, 0x00, 0xf8, 0x00, 0x00, 0x00, 0x00,
	0x00, 0x00, 0x00, 0x00, 0x00, 0x00, 0x00, 0x00, 0x00, 0x00, 0x00, 0x00, 0x00, 0x00, 0x00, 0x00,
	0x00, 0x00, 0x00, 0x00, 0x00, 0x00, 0x00, 0x00, 0x00, 0x00, 0x00, 0x00, 0x00, 0x00, 0xef, 0xfb,
	0xe7, 0xbb, 0x00, 0x00, 0x00, 0x00, 0x00, 0x00, 0x00, 0x00, 0x00, 0x00, 0x00, 0x00, 0x00, 0x00,
	0x00, 0x00, 0x00, 0x00, 0x00, 0x00, 0x00, 0x00, 0x00, 0x00, 0x00, 0x00, 0x00, 0x00, 0x00, 0x00,
	0x00, 0x00, 0x00, 0x00, 0x00, 0x00, 0x00, 0x00, 0x00, 0x00, 0x00, 0x00, 0x00, 0x00, 0xe7, 0xbb,
	0xef, 0xfb, 0x00, 0x00, 0x00, 0x00, 0x00, 0x00, 0x00, 0x00, 0x00, 0x00, 0x00, 0x00, 0x00, 0x00,
	0x00, 0x00, 0x00, 0x00, 0x00, 0x00, 0x00, 0x00, 0x00, 0x00, 0x00, 0x00, 0xaa, 0xaa, 0x00, 0x00,
	0x00, 0x00, 0x00, 0x00, 0xac, 0xd3, 0xaa, 0xd3, 0x8a, 0xd3, 0xcb, 0xd3, 0xcb, 0xd3, 0xcb, 0xd3,
	0xcb, 0xd3, 0xcb, 0xd3, 0xcb, 0xd3, 0xcb, 0xd3, 0xcb, 0xd3, 0xcb, 0xd3, 0xcb, 0xd3, 0xcb, 0xd3,
	0x8b, 0xd3, 0xcb, 0xd3, 0xcb, 0xd3, 0xca, 0xd3, 0xaa, 0xd3, 0xac, 0xd3, 0x00, 0x00, 0x00, 0x00,
	0x00, 0x00, 0xaa, 0xaa, 0x00, 0x00, 0x00, 0x00, 0x00, 0x00, 0x00, 0x00, 0x00, 0x00, 0x00, 0x00,
	0x00, 0x00, 0x00, 0x00, 0x00, 0x00, 0x00, 0x00, 0x00, 0x00, 0xaa, 0xaa, 0x00, 0x00, 0xaa, 0xd3,
	0xcb, 0xdb, 0xcb, 0xdb, 0xcb, 0xdb, 0xab, 0xdb, 0xaa, 0xdb, 0xcb, 0xdb, 0xaa, 0xdb, 0xaa, 0xdb,
	0xab, 0xdb, 0xab, 0xdb, 0xaa, 0xdb, 0xab, 0xdb, 0xab, 0xdb, 0xab, 0xdb, 0xab, 0xdb, 0xab, 0xdb,
	0xab, 0xdb, 0xab, 0xdb, 0xcb, 0xdb, 0xaa, 0xdb, 0xcb, 0xdb, 0xcb, 0xdb, 0xcb, 0xdb, 0xcb, 0xdb,
	0xaa, 0xd3, 0x00, 0x00, 0xaa, 0xaa, 0x00, 0x00, 0x00, 0x00, 0x00, 0x00, 0x00, 0x00, 0x00, 0x00,
	0x00, 0x00, 0x00, 0x00, 0x00, 0x00, 0x00, 0x00, 0xaa, 0xfa, 0x00, 0x00, 0x8a, 0xd3, 0xcb, 0xdb,
	0xeb, 0xeb, 0xcb, 0xe3, 0xcb, 0xdb, 0xcb, 0xdb, 0xcb, 0xdb, 0xaa, 0xdb, 0xcb, 0xdb, 0xaa, 0xdb,
	0xaa, 0xdb, 0xca, 0xdb, 0xca, 0xdb, 0xcb, 0xdb, 0xcb, 0xdb, 0xcb, 0xdb, 0xaa, 0xdb, 0xcb, 0xdb,
	0xcb, 0xdb, 0xcb, 0xdb, 0xcb, 0xdb, 0xcb, 0xdb, 0xcb, 0xdb, 0xcb, 0xdb, 0xcb, 0xe3, 0xeb, 0xeb,
	0xcb, 0xdb, 0x8a, 0xd3, 0x00, 0x00, 0xaa, 0xfa, 0x00, 0x00, 0x00, 0x00, 0x00, 0x00, 0x00, 0x00,
	0x00, 0x00, 0x00, 0x00, 0x00, 0x00, 0xaa, 0xaa, 0x00, 0x00, 0xaa, 0xd3, 0x0b, 0xec, 0xaa, 0xdb,
	0xaa, 0xd3, 0xaa, 0xdb, 0xaa, 0xdb, 0xaa, 0xd3, 0xaa, 0xdb, 0xab, 0xdb, 0xcb, 0xdb, 0xcb, 0xdb,
	0xaa, 0xdb, 0xaa, 0xd3, 0xaa, 0xdb, 0xaa, 0xdb, 0xaa, 0xdb, 0xcb, 0xdb, 0xaa, 0xdb, 0xaa, 0xdb,
	0xaa, 0xdb, 0xaa, 0xdb, 0xaa, 0xdb, 0xaa, 0xdb, 0xaa, 0xdb, 0xaa, 0xdb, 0xaa, 0xd3, 0xaa, 0xd3,
	0xaa, 0xdb, 0x0b, 0xec, 0xaa, 0xd3, 0x00, 0x00, 0xaa, 0xaa, 0x00, 0x00, 0x00, 0x00, 0x00, 0x00,
	0x00, 0x00, 0x00, 0x00, 0xef, 0xfb, 0x00, 0x00, 0x8a, 0xcb, 0xca, 0xdb, 0xcb, 0xdb, 0xaa, 0xdb,
	0xaa, 0xdb, 0xaa, 0xdb, 0xaa, 0xdb, 0xaa, 0xdb, 0xcb, 0xdb, 0xaa, 0xdb, 0x89, 0xd3, 0x89, 0xd3,
	0xaa, 0xdb, 0xaa, 0xdb, 0xcb, 0xdb, 0xaa, 0xdb, 0xaa, 0xdb, 0x89, 0xd3, 0xaa, 0xdb, 0xaa, 0xdb,
	0xaa, 0xdb, 0xaa, 0xdb, 0xaa, 0xdb, 0xaa, 0xdb, 0xaa, 0xdb, 0xaa, 0xdb, 0xaa, 0xdb, 0xaa, 0xdb,
	0xaa, 0xd3, 0xcb, 0xdb, 0xca, 0xdb, 0x6a, 0xc3, 0x00, 0x00, 0xef, 0xfb, 0x00, 0x00, 0x00, 0x00,
	0x00, 0x00, 0x00, 0x00, 0xe7, 0xbb, 0x00, 0x00, 0x8a, 0xd3, 0xeb, 0xeb, 0xaa, 0xd3, 0xaa, 0xdb,
	0xaa, 0xdb, 0xaa, 0xdb, 0xaa, 0xdb, 0xaa, 0xdb, 0x8a, 0xd3, 0x4d, 0xdc, 0x98, 0xf6, 0x93, 0xed,
	0x8a, 0xd3, 0xaa, 0xdb, 0xaa, 0xdb, 0xaa, 0xdb, 0x8a, 0xd3, 0xd0, 0xe4, 0x0c, 0xdc, 0x8a, 0xdb,
	0xaa, 0xdb, 0xaa, 0xdb, 0xaa, 0xdb, 0xaa, 0xdb, 0xaa, 0xdb, 0xaa, 0xdb, 0xaa, 0xdb, 0xaa, 0xdb,
	0xaa, 0xdb, 0xaa, 0xd3, 0xeb, 0xeb, 0x8a, 0xd3, 0x00, 0x00, 0xe7, 0xbb, 0x00, 0x00, 0x00, 0x00,
	0x00, 0x00, 0x00, 0x00, 0x00, 0x00, 0x00, 0x50, 0x8a, 0xd3, 0xcb, 0xe3, 0xaa, 0xd3, 0xaa, 0xdb,
	0xaa, 0xdb, 0xaa, 0xdb, 0xaa, 0xdb, 0xaa, 0xdb, 0x69, 0xd3, 0x16, 0xee, 0xde, 0xff, 0x9d, 0xff,
	0x6e, 0xdc, 0x69, 0xd3, 0xcb, 0xdb, 0x89, 0xd3, 0x8e, 0xe4, 0xff, 0xff, 0x36, 0xee, 0x69, 0xd3,
	0xcb, 0xdb, 0xcb, 0xdb, 0x8a, 0xdb, 0x8a, 0xd3, 0xaa, 0xdb, 0xaa, 0xdb, 0xaa, 0xdb, 0xaa, 0xdb,
	0xaa, 0xdb, 0xaa, 0xd3, 0xcb, 0xe3, 0xaa, 0xd3, 0x00, 0x50, 0x00, 0x00, 0x00, 0x00, 0x00, 0x00,
	0x00, 0x00, 0x00, 0xf8, 0x00, 0x00, 0x88, 0x92, 0x8a, 0xd3, 0xaa, 0xdb, 0xaa, 0xd3, 0xaa, 0xdb,
	0xaa, 0xdb, 0xaa, 0xdb, 0xaa, 0xdb, 0xcb, 0xdb, 0x69, 0xd3, 0x73, 0xed, 0x9d, 0xff, 0x9d, 0xff,
	0x16, 0xee, 0x69, 0xd3, 0xcb, 0xdb, 0x49, 0xd3, 0x73, 0xe5, 0xff, 0xff, 0xf5, 0xed, 0x69, 0xd3,
	0xcb, 0xdb, 0x69, 0xd3, 0xec, 0xdb, 0x2d, 0xdc, 0x89, 0xd3, 0xaa, 0xdb, 0xaa, 0xdb, 0xaa, 0xdb,
	0xaa, 0xdb, 0xaa, 0xdb, 0xca, 0xdb, 0xaa, 0xd3, 0x88, 0x92, 0x00, 0x00, 0x00, 0xf8, 0x00, 0x00,
	0x00, 0x00, 0xe0, 0x7b, 0x00, 0x00, 0xc9, 0xaa, 0x8a, 0xd3, 0xaa, 0xdb, 0xaa, 0xdb, 0xaa, 0xdb,
	0xaa, 0xdb, 0xaa, 0xdb, 0x69, 0xd3, 0x8a, 0xdb, 0xaa, 0xdb, 0xcb, 0xdb, 0xfa, 0xf6, 0x9d, 0xff,
	0x5c, 0xff, 0x0c, 0xdc, 0x8a, 0xd3, 0x69, 0xd3, 0xb4, 0xed, 0xff, 0xff, 0x52, 0xe5, 0x69, 0xd3,
	0x89, 0xd3, 0x4d, 0xdc, 0x3b, 0xff, 0x5c, 0xff, 0x4d, 0xdc, 0x89, 0xd3, 0xaa, 0xdb, 0xaa, 0xdb,
	0xaa, 0xdb, 0xaa, 0xdb, 0xaa, 0xdb, 0x8a, 0xd3, 0xc8, 0xa2, 0x00, 0x00, 0xe0, 0x7b, 0x00, 0x00,
	0x00, 0x00, 0xef, 0x7b, 0x00, 0x00, 0xe8, 0xb2, 0x8a, 0xd3, 0xaa, 0xdb, 0xaa, 0xdb, 0xaa, 0xdb,
	0xaa, 0xdb, 0xaa, 0xdb, 0xd0, 0xe4, 0x4d, 0xdc, 0x69, 0xd3, 0x69, 0xd3, 0xf0, 0xe4, 0x9e, 0xff,
	0xbe, 0xff, 0xd4, 0xed, 0x69, 0xd3, 0x69, 0xd3, 0x36, 0xee, 0xff, 0xff, 0xaf, 0xe4, 0x48, 0xd3,
	0x0c, 0xdc, 0x3c, 0xff, 0x9d, 0xff, 0xbe, 0xff, 0xd0, 0xe4, 0x69, 0xd3, 0xaa, 0xdb, 0xaa, 0xdb,
	0xaa, 0xdb, 0xaa, 0xdb, 0xaa, 0xdb, 0x8a, 0xd3, 0xe8, 0xaa, 0x00, 0x00, 0xef, 0x7b, 0x00, 0x00,
	0x00, 0x00, 0xef, 0x7b, 0x00, 0x00, 0xe8, 0xaa, 0x8a, 0xd3, 0xaa, 0xdb, 0xaa, 0xdb, 0xaa, 0xdb,
	0x69, 0xd3, 0xaf, 0xe4, 0xbe, 0xff, 0x3c, 0xff, 0x11, 0xe5, 0x69, 0xd3, 0x69, 0xd3, 0x78, 0xf6,
	0xde, 0xff, 0x7d, 0xff, 0x0c, 0xdc, 0x48, 0xd3, 0x99, 0xf6, 0xbe, 0xff, 0xec, 0xdb, 0x89, 0xd3,
	0xfa, 0xf6, 0xbe, 0xff, 0xbe, 0xff, 0x98, 0xf6, 0x8a, 0xdb, 0xaa, 0xdb, 0xaa, 0xdb, 0xaa, 0xdb,
	0xaa, 0xdb, 0xaa, 0xdb, 0xaa, 0xdb, 0x8a, 0xd3, 0xe8, 0xaa, 0x00, 0x00, 0xef, 0x7b, 0x00, 0x00,
	0x00, 0x00, 0xef, 0x7b, 0x00, 0x00, 0xc8, 0xb2, 0x8a, 0xd3, 0xaa, 0xdb, 0x8a, 0xdb, 0xaa, 0xdb,
	0x89, 0xdb, 0x0c, 0xdc, 0xfa, 0xf6, 0x9e, 0xff, 0x9d, 0xff, 0xf5, 0xed, 0x69, 0xd3, 0x2d, 0xdc,
	0xbe, 0xff, 0xff, 0xff, 0xf5, 0xed, 0x28, 0xd3, 0x3b, 0xff, 0x3c, 0xff, 0x69, 0xd3, 0x37, 0xee,
	0xdf, 0xff, 0x9d, 0xff, 0x3c, 0xff, 0xeb, 0xdb, 0x89, 0xd3, 0xaa, 0xdb, 0xaa, 0xdb, 0xaa, 0xdb,
	0x8a, 0xdb, 0xaa, 0xdb, 0xaa, 0xdb, 0x8a, 0xd3, 0xc8, 0xb2, 0x00, 0x00, 0xef, 0x7b, 0x00, 0x00,
	0x00, 0x00, 0xef, 0x7b, 0x00, 0x00, 0xc8, 0xb2, 0x8a, 0xd3, 0x8a, 0xdb, 0x8a, 0xdb, 0x8a, 0xdb,
	0xaa, 0xdb, 0x69, 0xd3, 0xeb, 0xdb, 0x57, 0xf6, 0xbe, 0xff, 0xde, 0xff, 0xda, 0xf6, 0xeb, 0xdb,
	0xd5, 0xed, 0xff, 0xff, 0x9d, 0xff, 0x2d, 0xdc, 0x9d, 0xff, 0x37, 0xee, 0x11, 0xe5, 0xff, 0xff,
	0x9d, 0xff, 0xbe, 0xff, 0x8f, 0xe4, 0x69, 0xd3, 0xaa, 0xdb, 0xaa, 0xdb, 0xaa, 0xdb, 0xaa, 0xdb,
	0x8a, 0xdb, 0x8a, 0xdb, 0xaa, 0xdb, 0x89, 0xd3, 0xc8, 0xb2, 0x00, 0x00, 0xef, 0x7b, 0x00, 0x00,
	0x00, 0x00, 0xef, 0x7b, 0x00, 0x00, 0xc8, 0xb2, 0x8a, 0xd3, 0x8a, 0xdb, 0x8a, 0xdb, 0x8a, 0xdb,
	0x8a, 0xdb, 0xaa, 0xdb, 0x69, 0xd3, 0x69, 0xd3, 0x52, 0xe5, 0x7d, 0xff, 0xff, 0xff, 0x5c, 0xff,
	0x93, 0xed, 0x7d, 0xff, 0xff, 0xff, 0x16, 0xee, 0x5c, 0xff, 0x1b, 0xf7, 0x7d, 0xff, 0xbe, 0xff,
	0xff, 0xff, 0x94, 0xed, 0x48, 0xd3, 0x8a, 0xdb, 0x69, 0xd3, 0x48, 0xd3, 0x48, 0xd3, 0x89, 0xdb,
	0x8a, 0xdb, 0x8a, 0xdb, 0x8a, 0xdb, 0x89, 0xd3, 0xc8, 0xb2, 0x00, 0x00, 0xef, 0x7b, 0x00, 0x00,
	0x00, 0x00, 0xef, 0x7b, 0x00, 0x00, 0xc8, 0xb2, 0x89, 0xd3, 0x8a, 0xdb, 0x89, 0xdb, 0x8a, 0xdb,
	0x8a, 0xdb, 0x8a, 0xdb, 0xaa, 0xdb, 0xaa, 0xdb, 0x48, 0xd3, 0x4d, 0xdc, 0xb9, 0xf6, 0xff, 0xff,
	0xff, 0xff, 0x9e, 0xff, 0xdf, 0xff, 0xbe, 0xff, 0xbe, 0xff, 0xff, 0xff, 0xbe, 0xff, 0xff, 0xff,
	0x78, 0xf6, 0x07, 0xd3, 0x69, 0xd3, 0xaa, 0xdb, 0x0c, 0xdc, 0xaf, 0xe4, 0x32, 0xe5, 0xec, 0xdb,
	0x89, 0xdb, 0x89, 0xdb, 0x8a, 0xdb, 0x89, 0xd3, 0xc8, 0xb2, 0x00, 0x00, 0xef, 0x7b, 0x00, 0x00,
	0x00, 0x00, 0xef, 0x7b, 0x00, 0x00, 0xc8, 0xb2, 0x89, 0xd3, 0x89, 0xdb, 0x89, 0xdb, 0x89, 0xdb,
	0x69, 0xd3, 0x48, 0xd3, 0x48, 0xd3, 0x28, 0xd3, 0x48, 0xd3, 0x07, 0xd3, 0x07, 0xd3, 0x31, 0xe5,
	0x7d, 0xff, 0xdf, 0xff, 0xde, 0xff, 0xdf, 0xff, 0xdf, 0xff, 0xde, 0xff, 0xbe, 0xff, 0xdf, 0xff,
	0xb4, 0xed, 0x73, 0xed, 0x99, 0xf6, 0x3c, 0xff, 0xbe, 0xff, 0xff, 0xff, 0xff, 0xff, 0xf1, 0xe4,
	0x48, 0xd3, 0x8a, 0xdb, 0x8a, 0xdb, 0x89, 0xd3, 0xc8, 0xb2, 0x00, 0x00, 0xef, 0x7b, 0x00, 0x00,
	0x00, 0x00, 0xef, 0x7b, 0x00, 0x00, 0xc8, 0xb2, 0x69, 0xd3, 0x89, 0xdb, 0x69, 0xdb, 0xcb, 0xdb,
	0x78, 0xf6, 0x78, 0xf6, 0x36, 0xee, 0xf5, 0xed, 0xb4, 0xed, 0x93, 0xed, 0x52, 0xe5, 0x8e, 0xe4,
	0x52, 0xe5, 0x9d, 0xff, 0xdf, 0xff, 0xdf, 0xff, 0xdf, 0xff, 0xdf, 0xff, 0xde, 0xff, 0xbe, 0xff,
	0xff, 0xff, 0xff, 0xff, 0xde, 0xff, 0x1b, 0xf7, 0x57, 0xf6, 0x73, 0xed, 0x8e, 0xe4, 0x8a, 0xdb,
	0x89, 0xdb, 0x89, 0xdb, 0x89, 0xdb, 0x69, 0xd3, 0xc8, 0xb2, 0x00, 0x00, 0xef, 0x7b, 0x00, 0x00,
	0x00, 0x00, 0xe0, 0x7b, 0x00, 0x00, 0xc8, 0xb2, 0x69, 0xd3, 0x89, 0xdb, 0x69, 0xdb, 0x89, 0xdb,
	0x93, 0xed, 0x78, 0xf6, 0x98, 0xf6, 0xda, 0xf6, 0x1b, 0xf7, 0x3c, 0xff, 0x7d, 0xff, 0x9d, 0xff,
	0x1b, 0xf7, 0x9d, 0xff, 0xdf, 0xff, 0xdf, 0xff, 0xdf, 0xff, 0xdf, 0xff, 0xdf, 0xff, 0x9d, 0xff,
	0x37, 0xee, 0xf0, 0xe4, 0x0c, 0xdc, 0x8a, 0xdb, 0x28, 0xd3, 0x07, 0xd3, 0x07, 0xd3, 0x69, 0xdb,
	0x89, 0xdb, 0x89, 0xdb, 0x89, 0xdb, 0x69, 0xd3, 0xc8, 0xb2, 0x00, 0x00, 0xe0, 0x7b, 0x00, 0x00,
	0x00, 0x00, 0xe0, 0x7b, 0x00, 0x00, 0xc8, 0xb2, 0x69, 0xd3, 0x89, 0xdb, 0x89, 0xdb, 0x69, 0xdb,
	0x28, 0xd3, 0x28, 0xd3, 0x48, 0xd3, 0x48, 0xd3, 0x69, 0xd3, 0x89, 0xdb, 0x48, 0xd3, 0x48, 0xd3,
	0xf0, 0xe4, 0xbe, 0xff, 0xff, 0xff, 0xde, 0xff, 0xdf, 0xff, 0xde, 0xff, 0xdf, 0xff, 0x3c, 0xff,
	0x1b, 0xf7, 0x3b, 0xff, 0x1b, 0xf7, 0xfb, 0xf6, 0xb9, 0xf6, 0x78, 0xf6, 0x73, 0xed, 0xaa, 0xdb,
	0x69, 0xdb, 0x89, 0xdb, 0x89, 0xdb, 0x69, 0xd3, 0xc8, 0xb2, 0x00, 0x00, 0xe0, 0x7b, 0x00, 0x00,
	0x00, 0x00, 0xe0, 0x7b, 0x00, 0x00, 0xc8, 0xb2, 0x69, 0xd3, 0x89, 0xdb, 0x69, 0xdb, 0x89, 0xdb,
	0x89, 0xdb, 0x8a, 0xdb, 0x89, 0xdb, 0x89, 0xdb, 0x69, 0xd3, 0x28, 0xd3, 0x0c, 0xdc, 0x77, 0xf6,
	0xff, 0xff, 0x1b, 0xf7, 0x7d, 0xff, 0xff, 0xff, 0xde, 0xff, 0xbe, 0xff, 0xdf, 0xff, 0xfa, 0xf6,
	0x8e, 0xe4, 0x52, 0xe5, 0x78, 0xf6, 0x1b, 0xf7, 0x9e, 0xff, 0xdf, 0xff, 0xff, 0xff, 0x32, 0xe5,
	0x48, 0xd3, 0x89, 0xdb, 0x89, 0xdb, 0x69, 0xd3, 0xc8, 0xb2, 0x00, 0x00, 0xe0, 0x7b, 0x00, 0x00,
	0x00, 0x00, 0xe0, 0x7b, 0x00, 0x00, 0xc7, 0xb2, 0x69, 0xdb, 0x89, 0xdb, 0x89, 0xdb, 0x69, 0xdb,
	0x69, 0xdb, 0x69, 0xdb, 0x69, 0xdb, 0x28, 0xd3, 0xcb, 0xdb, 0xd5, 0xed, 0xbe, 0xff, 0xff, 0xff,
	0x73, 0xed, 0xb4, 0xed, 0xde, 0xff, 0xda, 0xf6, 0xdf, 0xff, 0xde, 0xff, 0x9e, 0xff, 0xff, 0xff,
	0xb9, 0xf6, 0x48, 0xd3, 0xe7, 0xd2, 0x8a, 0xdb, 0x0c, 0xdc, 0x11, 0xe5, 0x11, 0xe5, 0xaa, 0xdb,
	0x69, 0xdb, 0x69, 0xdb, 0x69, 0xdb, 0x69, 0xd3, 0xc7, 0xb2, 0x00, 0x00, 0xe0, 0x7b, 0x00, 0x00,
	0x00, 0x00, 0xe0, 0x7b, 0x00, 0x00, 0xc8, 0xb2, 0x69, 0xd3, 0x69, 0xdb, 0x69, 0xdb, 0x69, 0xdb,
	0x69, 0xdb, 0x69, 0xdb, 0x48, 0xd3, 0xaf, 0xe4, 0x1b, 0xff, 0xff, 0xff, 0xfa, 0xf6, 0x0c, 0xdc,
	0x4d, 0xdc, 0xff, 0xff, 0xb4, 0xed, 0x16, 0xee, 0xda, 0xf6, 0x98, 0xf6, 0xff, 0xff, 0x57, 0xf6,
	0x5c, 0xff, 0x5c, 0xff, 0xeb, 0xdb, 0x28, 0xd3, 0x69, 0xdb, 0x28, 0xd3, 0x28, 0xd3, 0x69, 0xdb,
	0x69, 0xdb, 0x69, 0xdb, 0x89, 0xdb, 0x69, 0xd3, 0xa7, 0xb2, 0x00, 0x00, 0xe0, 0x7b, 0x00, 0x00,
	0x00, 0x00, 0xe0, 0x7b, 0x00, 0x00, 0xc7, 0xb2, 0x69, 0xd3, 0x89, 0xdb, 0x69, 0xdb, 0x69, 0xdb,
	0x69, 0xdb, 0x28, 0xd3, 0x73, 0xed, 0xdf, 0xff, 0x5c, 0xff, 0x73, 0xed, 0x48, 0xd3, 0xaa, 0xdb,
	0x9d, 0xff, 0xfb, 0xf6, 0x28, 0xd3, 0xfa, 0xf6, 0x16, 0xee, 0x0c, 0xdc, 0xdf, 0xff, 0x3b, 0xff,
	0x6e, 0xe4, 0xfa, 0xf6, 0x7d, 0xff, 0x0c, 0xdc, 0x28, 0xd3, 0x8a, 0xdb, 0x89, 0xdb, 0x69, 0xdb,
	0x69, 0xdb, 0x69, 0xdb, 0x69, 0xdb, 0x49, 0xd3, 0xc7, 0xb2, 0x00, 0x00, 0xe0, 0x7b, 0x00, 0x00,
	0x00, 0x00, 0xe0, 0x7b, 0x00, 0x00, 0xa7, 0xaa, 0x69, 0xdb, 0x69, 0xdb, 0x69, 0xdb, 0x69, 0xdb,
	0x69, 0xdb, 0x48, 0xdb, 0xf0, 0xe4, 0xf5, 0xed, 0x2d, 0xdc, 0x07, 0xd3, 0x48, 0xdb, 0xb9, 0xf6,
	0xbe, 0xff, 0xec, 0xdb, 0x69, 0xd3, 0x7d, 0xff, 0xd5, 0xed, 0xc6, 0xd2, 0xf5, 0xed, 0xff, 0xff,
	0x57, 0xf6, 0x69, 0xdb, 0x78, 0xf6, 0x9d, 0xff, 0x4d, 0xe4, 0x48, 0xdb, 0x69, 0xdb, 0x69, 0xdb,
	0x69, 0xdb, 0x69, 0xdb, 0x69, 0xdb, 0x69, 0xdb, 0xa7, 0xaa, 0x00, 0x00, 0xe0, 0x7b, 0x00, 0x00,
	0x00, 0x00, 0xe0, 0x7b, 0x00, 0x00, 0xc7, 0xaa, 0x49, 0xd3, 0x69, 0xdb, 0x69, 0xdb, 0x69, 0xdb,
	0x69, 0xdb, 0x69, 0xdb, 0x28, 0xdb, 0x27, 0xd3, 0x48, 0xdb, 0x28, 0xd3, 0xd4, 0xed, 0xff, 0xff,
	0xf0, 0xe4, 0xe7, 0xd2, 0x2d, 0xdc, 0xde, 0xff, 0x32, 0xed, 0x07, 0xd3, 0xaa, 0xdb, 0xfa, 0xf6,
	0xde, 0xff, 0x11, 0xe5, 0xe6, 0xd2, 0x94, 0xed, 0xfb, 0xf6, 0x8a, 0xdb, 0x49, 0xdb, 0x69, 0xdb,
	0x69, 0xdb, 0x69, 0xdb, 0x69, 0xdb, 0x69, 0xdb, 0x87, 0xaa, 0x00, 0x00, 0xe0, 0x7b, 0x00, 0x00,
	0x00, 0x00, 0xe0, 0x7b, 0x00, 0x00, 0x66, 0xa2, 0x48, 0xd3, 0x69, 0xdb, 0x69, 0xdb, 0x69, 0xdb,
	0x69, 0xdb, 0x69, 0xdb, 0x69, 0xdb, 0x89, 0xdb, 0x48, 0xdb, 0xf1, 0xe4, 0xde, 0xff, 0x94, 0xed,
	0x28, 0xd3, 0x27, 0xd3, 0xd0, 0xe4, 0xdf, 0xff, 0xaf, 0xe4, 0x28, 0xd3, 0x28, 0xd3, 0x6e, 0xe4,
	0x9d, 0xff, 0x3c, 0xff, 0xcb, 0xdb, 0x07, 0xd3, 0xec, 0xdb, 0x89, 0xdb, 0x48, 0xdb, 0x69, 0xdb,
	0x69, 0xdb, 0x69, 0xdb, 0x69, 0xdb, 0x48, 0xd3, 0xa7, 0xa2, 0x00, 0x00, 0xe0, 0x7b, 0x00, 0x00,
	0x00, 0x00, 0x00, 0xf8, 0x00, 0x00, 0x25, 0x7a, 0x48, 0xd3, 0x69, 0xdb, 0x49, 0xdb, 0x69, 0xdb,
	0x48, 0xdb, 0x69, 0xdb, 0x69, 0xdb, 0x49, 0xdb, 0x48, 0xdb, 0xb9, 0xf6, 0xf5, 0xed, 0x28, 0xdb,
	0x69, 0xdb, 0x07, 0xd3, 0x94, 0xed, 0xbe, 0xff, 0x4d, 0xe4, 0x28, 0xd3, 0x89, 0xdb, 0x07, 0xd3,
	0x73, 0xed, 0x5c, 0xff, 0x0c, 0xdc, 0x48, 0xdb, 0x48, 0xdb, 0x69, 0xdb, 0x69, 0xdb, 0x49, 0xdb,
	0x69, 0xdb, 0x49, 0xdb, 0x69, 0xdb, 0x48, 0xd3, 0x25, 0x7a, 0x00, 0x00, 0x00, 0xf8, 0x00, 0x00,
	0x00, 0x00, 0x00, 0x00, 0x00, 0x00, 0x80, 0x31, 0x48, 0xd3, 0x69, 0xe3, 0x49, 0xdb, 0x69, 0xdb,
	0x49, 0xdb, 0x49, 0xdb, 0x69, 0xdb, 0x69, 0xdb, 0x48, 0xdb, 0xaa, 0xdb, 0x48, 0xdb, 0x48, 0xdb,
	0x69, 0xdb, 0x28, 0xdb, 0x78, 0xf6, 0x9e, 0xff, 0x0c, 0xdc, 0x28, 0xdb, 0x69, 0xdb, 0x69, 0xdb,
	0x69, 0xdb, 0xcb, 0xdb, 0x48, 0xdb, 0x48, 0xdb, 0x69, 0xdb, 0x69, 0xdb, 0x48, 0xdb, 0x48, 0xdb,
	0x69, 0xdb, 0x49, 0xdb, 0x89, 0xe3, 0x48, 0xd3, 0x00, 0x30, 0x00, 0x00, 0x00, 0x00, 0x00, 0x00,
	0x00, 0x00, 0x00, 0x00, 0x4a, 0xfd, 0x00, 0x00, 0x28, 0xcb, 0x89, 0xeb, 0x48, 0xdb, 0x48, 0xdb,
	0x49, 0xdb, 0x48, 0xdb, 0x69, 0xdb, 0x48, 0xdb, 0x48, 0xdb, 0x48, 0xdb, 0x48, 0xdb, 0x48, 0xdb,
	0x69, 0xdb, 0x28, 0xd3, 0x11, 0xe5, 0x37, 0xf6, 0x89, 0xdb, 0x48, 0xdb, 0x48, 0xdb, 0x48, 0xdb,
	0x48, 0xdb, 0x48, 0xdb, 0x69, 0xdb, 0x69, 0xdb, 0x69, 0xdb, 0x48, 0xdb, 0x49, 0xdb, 0x48, 0xdb,
	0x48, 0xdb, 0x49, 0xdb, 0x89, 0xeb, 0x28, 0xcb, 0x00, 0x00, 0x4a, 0xfd, 0x00, 0x00, 0x00, 0x00,
	0x00, 0x00, 0x00, 0x00, 0xe0, 0xfb, 0x00, 0x00, 0x46, 0x9a, 0x48, 0xdb, 0x68, 0xdb, 0x49, 0xdb,
	0x69, 0xdb, 0x48, 0xdb, 0x48, 0xdb, 0x48, 0xdb, 0x48, 0xdb, 0x48, 0xdb, 0x48, 0xdb, 0x48, 0xdb,
	0x69, 0xdb, 0x48, 0xdb, 0x48, 0xdb, 0x28, 0xdb, 0x48, 0xdb, 0x49, 0xdb, 0x48, 0xdb, 0x48, 0xdb,
	0x48, 0xdb, 0x49, 0xdb, 0x48, 0xdb, 0x48, 0xdb, 0x48, 0xdb, 0x48, 0xdb, 0x48, 0xdb, 0x49, 0xdb,
	0x48, 0xdb, 0x48, 0xdb, 0x48, 0xdb, 0x66, 0x9a, 0x00, 0x00, 0xef, 0xfb, 0x00, 0x00, 0x00, 0x00,
	0x00, 0x00, 0x00, 0x00, 0x00, 0x00, 0xff, 0xff, 0x00, 0x00, 0xa7, 0xb2, 0x89, 0xeb, 0x48, 0xdb,
	0x48, 0xdb, 0x48, 0xdb, 0x48, 0xdb, 0x48, 0xdb, 0x48, 0xdb, 0x48, 0xdb, 0x48, 0xdb, 0x48, 0xdb,
	0x48, 0xdb, 0x48, 0xdb, 0x48, 0xdb, 0x48, 0xdb, 0x48, 0xdb, 0x48, 0xdb, 0x48, 0xdb, 0x48, 0xdb,
	0x48, 0xdb, 0x48, 0xdb, 0x48, 0xdb, 0x48, 0xdb, 0x48, 0xdb, 0x48, 0xdb, 0x48, 0xdb, 0x48, 0xdb,
	0x48, 0xdb, 0x89, 0xeb, 0xa7, 0xb2, 0x00, 0x00, 0xff, 0xff, 0x00, 0x00, 0x00, 0x00, 0x00, 0x00,
	0x00, 0x00, 0x00, 0x00, 0x00, 0x00, 0x00, 0x00, 0xef, 0xfb, 0x00, 0x00, 0xa7, 0xb2, 0x48, 0xdb,
	0x89, 0xeb, 0x69, 0xe3, 0x69, 0xdb, 0x48, 0xdb, 0x48, 0xdb, 0x48, 0xdb, 0x48, 0xdb, 0x48, 0xdb,
	0x48, 0xdb, 0x48, 0xdb, 0x48, 0xdb, 0x48, 0xdb, 0x48, 0xdb, 0x48, 0xdb, 0x48, 0xdb, 0x48, 0xdb,
	0x48, 0xdb, 0x48, 0xdb, 0x48, 0xdb, 0x48, 0xdb, 0x48, 0xdb, 0x48, 0xdb, 0x69, 0xe3, 0x89, 0xeb,
	0x48, 0xdb, 0xa7, 0xb2, 0x00, 0x00, 0xef, 0xfb, 0x00, 0x00, 0x00, 0x00, 0x00, 0x00, 0x00, 0x00,
	0x00, 0x00, 0x00, 0x00, 0x00, 0x00, 0x00, 0x00, 0x00, 0x00, 0xff, 0xff, 0x00, 0x00, 0x05, 0x82,
	0xe7, 0xc2, 0x28, 0xd3, 0x28, 0xd3, 0x28, 0xd3, 0x28, 0xd3, 0x28, 0xd3, 0x28, 0xd3, 0x28, 0xd3,
	0x28, 0xd3, 0x28, 0xd3, 0x28, 0xd3, 0x28, 0xd3, 0x48, 0xd3, 0x28, 0xd3, 0x28, 0xd3, 0x28, 0xd3,
	0x48, 0xd3, 0x28, 0xd3, 0x28, 0xd3, 0x28, 0xd3, 0x28, 0xd3, 0x28, 0xd3, 0x28, 0xd3, 0xe7, 0xc2,
	0x05, 0x82, 0x00, 0x00, 0xff, 0xff, 0x00, 0x00, 0x00, 0x00, 0x00, 0x00, 0x00, 0x00, 0x00, 0x00,
	0x00, 0x00, 0x00, 0x00, 0x00, 0x00, 0x00, 0x00, 0x00, 0x00, 0x00, 0x00, 0xef, 0xfb, 0x00, 0x00,
	0x00, 0x00, 0x00, 0x00, 0x24, 0x49, 0x84, 0x69, 0xa5, 0x71, 0xc4, 0x71, 0xc4, 0x71, 0xe4, 0x71,
	0xc4, 0x71, 0xc4, 0x71, 0xe4, 0x71, 0xc4, 0x71, 0xc4, 0x71, 0xe4, 0x71, 0xe4, 0x71, 0xc4, 0x71,
	0xc4, 0x71, 0xc4, 0x71, 0xc4, 0x71, 0xa4, 0x71, 0x84, 0x69, 0x24, 0x49, 0x00, 0x00, 0x00, 0x00,
	0x00, 0x00, 0xef, 0xfb, 0x00, 0x00, 0x00, 0x00, 0x00, 0x00, 0x00, 0x00, 0x00, 0x00, 0x00, 0x00,
	0x00, 0x00, 0x00, 0x00, 0x00, 0x00, 0x00, 0x00, 0x00, 0x00, 0x00, 0x00, 0x00, 0x00, 0xe0, 0xfb,
	0xff, 0xff, 0x00, 0x00, 0x00, 0x00, 0x00, 0x00, 0x00, 0x00, 0x00, 0x00, 0x00, 0x00, 0x00, 0x00,
	0x00, 0x00, 0x00, 0x00, 0x00, 0x00, 0x00, 0x00, 0x00, 0x00, 0x00, 0x00, 0x00, 0x00, 0x00, 0x00,
	0x00, 0x00, 0x00, 0x00, 0x00, 0x00, 0x00, 0x00, 0x00, 0x00, 0x00, 0x00, 0x00, 0x00, 0xff, 0xff,
	0xe0, 0xfb, 0x00, 0x00, 0x00, 0x00, 0x00, 0x00, 0x00, 0x00, 0x00, 0x00, 0x00, 0x00, 0x00, 0x00,
	0x00, 0x00, 0x00, 0x00, 0x00, 0x00, 0x00, 0x00, 0x00, 0x00, 0x00, 0x00, 0x00, 0x00, 0x00, 0x00,
	0x00, 0x00, 0x00, 0x00, 0x00, 0xf8, 0xe0, 0xff, 0xe0, 0x7b, 0xe0, 0x7b, 0xe0, 0x7b, 0xe0, 0x7b,
	0xe0, 0x7b, 0xe0, 0x7b, 0xe0, 0x7b, 0xe0, 0x7b, 0xe0, 0x7b, 0xe0, 0x7b, 0xe0, 0x7b, 0xe0, 0x7b,
	0xe0, 0x7b, 0xe0, 0x7b, 0xe0, 0x7b, 0xe0, 0x7b, 0xe0, 0xff, 0x00, 0xf8, 0x00, 0x00, 0x00, 0x00,
	0x00, 0x00, 0x00, 0x00, 0x00, 0x00, 0x00, 0x00, 0x00, 0x00, 0x00, 0x00, 0x00, 0x00, 0x00, 0x00,
	0x00, 0x00, 0x00, 0x00, 0x00, 0x00, 0x00, 0x00, 0x00, 0x00, 0x00, 0x00, 0x00, 0x00, 0x00, 0x00,
	0x00, 0x00, 0x00, 0x00, 0x00, 0x00, 0x00, 0x00, 0x00, 0x00, 0x00, 0x00, 0x00, 0x00, 0x00, 0x00,
	0x00, 0x00, 0x00, 0x00, 0x00, 0x00, 0x00, 0x00, 0x00, 0x00, 0x00, 0x00, 0x00, 0x00, 0x00, 0x00,
	0x00, 0x00, 0x00, 0x00, 0x00, 0x00, 0x00, 0x00, 0x00, 0x00, 0x00, 0x00, 0x00, 0x00, 0x00, 0x00,
	0x00, 0x00, 0x00, 0x00, 0x00, 0x00, 0x00, 0x00, 0x00, 0x00, 0x00, 0x00, 0x00, 0x00, 0x00, 0x00,
	0x00, 0x00, 0x00, 0x00, 0x00, 0x00, 0x00, 0x00, 0x00, 0x00, 0x00, 0x00, 0x00, 0x00, 0x00, 0x00,
	0x00, 0x00, 0x00, 0x00, 0x00, 0x00, 0x00, 0x00, 0x00, 0x00, 0x00, 0x00, 0x00, 0x00, 0x00, 0x00,
	0x00, 0x00, 0x00, 0x00, 0x00, 0x00, 0x00, 0x00, 0x00, 0x00, 0x00, 0x00, 0x00, 0x00, 0x00, 0x00,
	0x00, 0x00, 0x01, 0x01, 0x02, 0x02, 0x02, 0x02, 0x02, 0x02, 0x02, 0x02, 0x02, 0x02, 0x02, 0x02,
	0x02, 0x02, 0x02, 0x02, 0x01, 0x01, 0x00, 0x00, 0x00, 0x00, 0x00, 0x00, 0x00, 0x00, 0x00, 0x00,
	0x00, 0x00, 0x00, 0x00, 0x00, 0x00, 0x00, 0x02, 0x04, 0x00, 0x00, 0x00, 0x00, 0x00, 0x00, 0x00,
	0x00, 0x00, 0x00, 0x00, 0x00, 0x00, 0x00, 0x00, 0x00, 0x00, 0x00, 0x00, 0x00, 0x00, 0x00, 0x04,
	0x02, 0x00, 0x00, 0x00, 0x00, 0x00, 0x00, 0x00, 0x00, 0x00, 0x00, 0x00, 0x00, 0x00, 0x03, 0x00,
	0x00, 0x00, 0x0d, 0x18, 0x1d, 0x1f, 0x1f, 0x1f, 0x1f, 0x1f, 0x1f, 0x1f, 0x1f, 0x1f, 0x1f, 0x1f,
	0x1f, 0x1f, 0x1f, 0x1d, 0x18, 0x0d, 0x00, 0x00, 0x00, 0x03, 0x00, 0x00, 0x00, 0x00, 0x00, 0x00,
	0x00, 0x00, 0x00, 0x00, 0x00, 0x03, 0x00, 0x29, 0x91, 0xcd, 0xe7, 0xf3, 0xf7, 0xf8, 0xf9, 0xf9,
	0xf9, 0xf9, 0xf9, 0xf9, 0xf9, 0xf9, 0xf9, 0xf9, 0xf9, 0xf9, 0xf8, 0xf7, 0xf3, 0xe7, 0xcd, 0x91,
	0x29, 0x00, 0x03, 0x00, 0x00, 0x00, 0x00, 0x00, 0x00, 0x00, 0x00, 0x00, 0x03, 0x00, 0x6a, 0xf6,
	0xff, 0xff, 0xff, 0xff, 0xff, 0xff, 0xff, 0xff, 0xff, 0xff, 0xff, 0xff, 0xff, 0xff, 0xff, 0xff,
	0xff, 0xff, 0xff, 0xff, 0xff, 0xff, 0xff, 0xff, 0xf6, 0x6a, 0x00, 0x03, 0x00, 0x00, 0x00, 0x00,
	0x00, 0x00, 0x00, 0x03, 0x00, 0x69, 0xff, 0xff, 0xfb, 0xfd, 0xfe, 0xfe, 0xfe, 0xfe, 0xfe, 0xfe,
	0xfe, 0xfe, 0xfe, 0xfe, 0xfe, 0xfe, 0xfe, 0xfe, 0xfe, 0xfe, 0xfe, 0xfe, 0xfe, 0xfe, 0xfd, 0xfb,
	0xff, 0xff, 0x69, 0x00, 0x03, 0x00, 0x00, 0x00, 0x00, 0x00, 0x02, 0x00, 0x28, 0xfa, 0xfc, 0xfd,
	0xff, 0xff, 0xff, 0xff, 0xff, 0xff, 0xff, 0xff, 0xff, 0xff, 0xff, 0xff, 0xff, 0xff, 0xff, 0xff,
	0xff, 0xff, 0xff, 0xff, 0xff, 0xff, 0xff, 0xff, 0xfd, 0xfc, 0xfa, 0x29, 0x00, 0x02, 0x00, 0x00,
	0x00, 0x00, 0x04, 0x00, 0x97, 0xff, 0xfb, 0xff, 0xff, 0xff, 0xff, 0xff, 0xff, 0xff, 0xff, 0xff,
	0xff, 0xff, 0xff, 0xff, 0xff, 0xff, 0xff, 0xff, 0xff, 0xff, 0xff, 0xff, 0xff, 0xff, 0xff, 0xff,
	0xff, 0xfb, 0xff, 0x97, 0x00, 0x04, 0x00, 0x00, 0x00, 0x01, 0x00, 0x03, 0xd4, 0xfe, 0xfd, 0xff,
	0xff, 0xff, 0xff, 0xff, 0xff, 0xff, 0xff, 0xff, 0xff, 0xff, 0xff, 0xff, 0xff, 0xff, 0xff, 0xff,
	0xff, 0xff, 0xff, 0xff, 0xff, 0xff, 0xff, 0xff, 0xff, 0xfd, 0xfe, 0xd4, 0x03, 0x00, 0x01, 0x00,
	0x00, 0x01, 0x00, 0x13, 0xeb, 0xff, 0xfe, 0xff, 0xff, 0xff, 0xff, 0xff, 0xff, 0xff, 0xff, 0xff,
	0xff, 0xff, 0xff, 0xff, 0xff, 0xff, 0xff, 0xff, 0xff, 0xff, 0xff, 0xff, 0xff, 0xff, 0xff, 0xff,
	0xff, 0xfe, 0xff, 0xeb, 0x13, 0x00, 0x01, 0x00, 0x00, 0x02, 0x00, 0x1f, 0xf5, 0xff, 0xfe, 0xff,
	0xff, 0xff, 0xff, 0xff, 0xff, 0xff, 0xff, 0xff, 0xff, 0xff, 0xff, 0xff, 0xff, 0xff, 0xff, 0xff,
	0xff, 0xff, 0xff, 0xff, 0xff, 0xff, 0xff, 0xff, 0xff, 0xfe, 0xff, 0xf5, 0x1f, 0x00, 0x02, 0x00,
	0x00, 0x02, 0x00, 0x24, 0xf9, 0xff, 0xfe, 0xff, 0xff, 0xff, 0xff, 0xff, 0xff, 0xff, 0xff, 0xff,
	0xff, 0xff, 0xff, 0xff, 0xff, 0xff, 0xff, 0xff, 0xff, 0xff, 0xff, 0xff, 0xff, 0xff, 0xff, 0xff,
	0xff, 0xfe, 0xff, 0xf9, 0x24, 0x00, 0x02, 0x00, 0x00, 0x02, 0x00, 0x26, 0xfa, 0xff, 0xfe, 0xff,
	0xff, 0xff, 0xff, 0xff, 0xff, 0xff, 0xff, 0xff, 0xff, 0xff, 0xff, 0xff, 0xff, 0xff, 0xff, 0xff,
	0xff, 0xff, 0xff, 0xff, 0xff, 0xff, 0xff, 0xff, 0xff, 0xfe, 0xff, 0xfa, 0x26, 0x00, 0x02, 0x00,
	0x00, 0x02, 0x00, 0x27, 0xfb, 0xff, 0xfe, 0xff, 0xff, 0xff, 0xff, 0xff, 0xff, 0xff, 0xff, 0xff,
	0xff, 0xff, 0xff, 0xff, 0xff, 0xff, 0xff, 0xff, 0xff, 0xff, 0xff, 0xff, 0xff, 0xff, 0xff, 0xff,
	0xff, 0xfe, 0xff, 0xfb, 0x27, 0x00, 0x02, 0x00, 0x00, 0x02, 0x00, 0x27, 0xfb, 0xff, 0xfe, 0xff,
	0xff, 0xff, 0xff, 0xff, 0xff, 0xff, 0xff, 0xff, 0xff, 0xff, 0xff, 0xff, 0xff, 0xff, 0xff, 0xff,
	0xff, 0xff, 0xff, 0xff, 0xff, 0xff, 0xff, 0xff, 0xff, 0xfe, 0xff, 0xfb, 0x27, 0x00, 0x02, 0x00,
	0x00, 0x02, 0x00, 0x27, 0xfb, 0xff, 0xfe, 0xff, 0xff, 0xff, 0xff, 0xff, 0xff, 0xff, 0xff, 0xff,
	0xff, 0xff, 0xff, 0xff, 0xff, 0xff, 0xff, 0xff, 0xff, 0xff, 0xff, 0xff, 0xff, 0xff, 0xff, 0xff,
	0xff, 0xfe, 0xff, 0xfb, 0x27, 0x00, 0x02, 0x00, 0x00, 0x02, 0x00, 0x27, 0xfb, 0xff, 0xfe, 0xff,
	0xff, 0xff, 0xff, 0xff, 0xff, 0xff, 0xff, 0xff, 0xff, 0xff, 0xff, 0xff, 0xff, 0xff, 0xff, 0xff,
	0xff, 0xff, 0xff, 0xff, 0xff, 0xff, 0xff, 0xff, 0xff, 0xfe, 0xff, 0xfb, 0x27, 0x00, 0x02, 0x00,
	0x00, 0x02, 0x00, 0x27, 0xfb, 0xff, 0xfe, 0xff, 0xff, 0xff, 0xff, 0xff, 0xff, 0xff, 0xff, 0xff,
	0xff, 0xff, 0xff, 0xff, 0xff, 0xff, 0xff, 0xff, 0xff, 0xff, 0xff, 0xff, 0xff, 0xff, 0xff, 0xff,
	0xff, 0xfe, 0xff, 0xfb, 0x27, 0x00, 0x02, 0x00, 0x00, 0x02, 0x00, 0x27, 0xfb, 0xff, 0xfe, 0xff,
	0xff, 0xff, 0xff, 0xff, 0xff, 0xff, 0xff, 0xff, 0xff, 0xff, 0xff, 0xff, 0xff, 0xff, 0xff, 0xff,
	0xff, 0xff, 0xff, 0xff, 0xff, 0xff, 0xff, 0xff, 0xff, 0xfe, 0xff, 0xfb, 0x27, 0x00, 0x02, 0x00,
	0x00, 0x02, 0x00, 0x27, 0xfb, 0xff, 0xfe, 0xff, 0xff, 0xff, 0xff, 0xff, 0xff, 0xff, 0xff, 0xff,
	0xff, 0xff, 0xff, 0xff, 0xff, 0xff, 0xff, 0xff, 0xff, 0xff, 0xff, 0xff, 0xff, 0xff, 0xff, 0xff,
	0xff, 0xfe, 0xff, 0xfb, 0x27, 0x00, 0x02, 0x00, 0x00, 0x02, 0x00, 0x27, 0xfb, 0xff, 0xfe, 0xff,
	0xff, 0xff, 0xff, 0xff, 0xff, 0xff, 0xff, 0xff, 0xff, 0xff, 0xff, 0xff, 0xff, 0xff, 0xff, 0xff,
	0xff, 0xff, 0xff, 0xff, 0xff, 0xff, 0xff, 0xff, 0xff, 0xfe, 0xff, 0xfb, 0x27, 0x00, 0x02, 0x00,
	0x00, 0x02, 0x00, 0x27, 0xfb, 0xff, 0xfe, 0xff, 0xff, 0xff, 0xff, 0xff, 0xff, 0xff, 0xff, 0xff,
	0xff, 0xff, 0xff, 0xff, 0xff, 0xff, 0xff, 0xff, 0xff, 0xff, 0xff, 0xff, 0xff, 0xff, 0xff, 0xff,
	0xff, 0xfe, 0xff, 0xfb, 0x27, 0x00, 0x02, 0x00, 0x00, 0x02, 0x00, 0x27, 0xfb, 0xff, 0xfe, 0xff,
	0xff, 0xff, 0xff, 0xff, 0xff, 0xff, 0xff, 0xff, 0xff, 0xff, 0xff, 0xff, 0xff, 0xff, 0xff, 0xff,
	0xff, 0xff, 0xff, 0xff, 0xff, 0xff, 0xff, 0xff, 0xff, 0xfe, 0xff, 0xfb, 0x27, 0x00, 0x02, 0x00,
	0x00, 0x02, 0x00, 0x27, 0xfb, 0xff, 0xfe, 0xff, 0xff, 0xff, 0xff, 0xff, 0xff, 0xff, 0xff, 0xff,
	0xff, 0xff, 0xff, 0xff, 0xff, 0xff, 0xff, 0xff, 0xff, 0xff, 0xff, 0xff, 0xff, 0xff, 0xff, 0xff,
	0xff, 0xfe, 0xff, 0xfb, 0x27, 0x00, 0x02, 0x00, 0x00, 0x02, 0x00, 0x27, 0xfb, 0xff, 0xfe, 0xff,
	0xff, 0xff, 0xff, 0xff, 0xff, 0xff, 0xff, 0xff, 0xff, 0xff, 0xff, 0xff, 0xff, 0xff, 0xff, 0xff,
	0xff, 0xff, 0xff, 0xff, 0xff, 0xff, 0xff, 0xff, 0xff, 0xfe, 0xff, 0xfb, 0x27, 0x00, 0x02, 0x00,
	0x00, 0x02, 0x00, 0x27, 0xfa, 0xff, 0xfe, 0xff, 0xff, 0xff, 0xff, 0xff, 0xff, 0xff, 0xff, 0xff,
	0xff, 0xff, 0xff, 0xff, 0xff, 0xff, 0xff, 0xff, 0xff, 0xff, 0xff, 0xff, 0xff, 0xff, 0xff, 0xff,
	0xff, 0xfe, 0xff, 0xfa, 0x27, 0x00, 0x02, 0x00, 0x00, 0x02, 0x00, 0x25, 0xf9, 0xff, 0xfe, 0xff,
	0xff, 0xff, 0xff, 0xff, 0xff, 0xff, 0xff, 0xff, 0xff, 0xff, 0xff, 0xff, 0xff, 0xff, 0xff, 0xff,
	0xff, 0xff, 0xff, 0xff, 0xff, 0xff, 0xff, 0xff, 0xff, 0xfe, 0xff, 0xf9, 0x25, 0x00, 0x02, 0x00,
	0x00, 0x02, 0x00, 0x20, 0xf5, 0xff, 0xfe, 0xff, 0xff, 0xff, 0xff, 0xff, 0xff, 0xff, 0xff, 0xff,
	0xff, 0xff, 0xff, 0xff, 0xff, 0xff, 0xff, 0xff, 0xff, 0xff, 0xff, 0xff, 0xff, 0xff, 0xff, 0xff,
	0xff, 0xfe, 0xff, 0xf5, 0x20, 0x00, 0x02, 0x00, 0x00, 0x01, 0x00, 0x16, 0xec, 0xff, 0xfe, 0xff,
	0xff, 0xff, 0xff, 0xff, 0xff, 0xff, 0xff, 0xff, 0xff, 0xff, 0xff, 0xff, 0xff, 0xff, 0xff, 0xff,
	0xff, 0xff, 0xff, 0xff, 0xff, 0xff, 0xff, 0xff, 0xff, 0xfe, 0xff, 0xec, 0x16, 0x00, 0x01, 0x00,
	0x00, 0x01, 0x00, 0x05, 0xd7, 0xfe, 0xfd, 0xff, 0xff, 0xff, 0xff, 0xff, 0xff, 0xff, 0xff, 0xff,
	0xff, 0xff, 0xff, 0xff, 0xff, 0xff, 0xff, 0xff, 0xff, 0xff, 0xff, 0xff, 0xff, 0xff, 0xff, 0xff,
	0xff, 0xfd, 0xfe, 0xd7, 0x05, 0x00, 0x01, 0x00, 0x00, 0x00, 0x03, 0x00, 0x9f, 0xff, 0xfb, 0xff,
	0xff, 0xff, 0xff, 0xff, 0xff, 0xff, 0xff, 0xff, 0xff, 0xff, 0xff, 0xff, 0xff, 0xff, 0xff, 0xff,
	0xff, 0xff, 0xff, 0xff, 0xff, 0xff, 0xff, 0xff, 0xff, 0xfb, 0xff, 0x9f, 0x00, 0x03, 0x00, 0x00,
	0x00, 0x00, 0x02, 0x00, 0x36, 0xfc, 0xfc, 0xfd, 0xff, 0xff, 0xff, 0xff, 0xff, 0xff, 0xff, 0xff,
	0xff, 0xff, 0xff, 0xff, 0xff, 0xff, 0xff, 0xff, 0xff, 0xff, 0xff, 0xff, 0xff, 0xff, 0xff, 0xff,
	0xfd, 0xfc, 0xfc, 0x35, 0x00, 0x02, 0x00, 0x00, 0x00, 0x00, 0x00, 0x01, 0x00, 0x7b, 0xff, 0xfe,
	0xfb, 0xfd, 0xfe, 0xfe, 0xfe, 0xfe, 0xfe, 0xfe, 0xfe, 0xfe, 0xfe, 0xfe, 0xfe, 0xfe, 0xfe, 0xfe,
	0xfe, 0xfe, 0xfe, 0xfe, 0xfe, 0xfe, 0xfd, 0xfb, 0xfe, 0xff, 0x7b, 0x00, 0x01, 0x00, 0x00, 0x00,
	0x00, 0x00, 0x00, 0x00, 0x02, 0x00, 0x7d, 0xfa, 0xff, 0xff, 0xff, 0xff, 0xff, 0xff, 0xff, 0xff,
	0xff, 0xff, 0xff, 0xff, 0xff, 0xff, 0xff, 0xff, 0xff, 0xff, 0xff, 0xff, 0xff, 0xff, 0xff, 0xff,
	0xfa, 0x7e, 0x00, 0x02, 0x00, 0x00, 0x00, 0x00, 0x00, 0x00, 0x00, 0x00, 0x00, 0x01, 0x00, 0x40,
	0xa5, 0xd9, 0xef, 0xf8, 0xfb, 0xfd, 0xfd, 0xfd, 0xfd, 0xfd, 0xfd, 0xfd, 0xfd, 0xfd, 0xfd, 0xfd,
	0xfd, 0xfd, 0xfd, 0xfb, 0xf8, 0xef, 0xd9, 0xa5, 0x40, 0x00, 0x01, 0x00, 0x00, 0x00, 0x00, 0x00,
	0x00, 0x00, 0x00, 0x00, 0x00, 0x00, 0x02, 0x00, 0x00, 0x14, 0x27, 0x32, 0x38, 0x3a, 0x3a, 0x3a,
	0x3a, 0x3a, 0x3a, 0x3a, 0x3a, 0x3a, 0x3a, 0x3a, 0x3a, 0x3a, 0x3a, 0x38, 0x32, 0x27, 0x14, 0x00,
	0x00, 0x02, 0x00, 0x00, 0x00, 0x00, 0x00, 0x00, 0x00, 0x00, 0x00, 0x00, 0x00, 0x00, 0x00, 0x02,
	0x01, 0x00, 0x00, 0x00, 0x00, 0x00, 0x00, 0x00, 0x00, 0x00, 0x00, 0x00, 0x00, 0x00, 0x00, 0x00,
	0x00, 0x00, 0x00, 0x00, 0x00, 0x00, 0x00, 0x01, 0x02, 0x00, 0x00, 0x00, 0x00, 0x00, 0x00, 0x00,
	0x00, 0x00, 0x00, 0x00, 0x00, 0x00, 0x00, 0x00, 0x00, 0x01, 0x01, 0x01, 0x02, 0x02, 0x02, 0x02,
	0x02, 0x02, 0x02, 0x02, 0x02, 0x02, 0x02, 0x02, 0x02, 0x02, 0x02, 0x02, 0x01, 0x01, 0x01, 0x00,
	0x00, 0x00, 0x00, 0x00, 0x00, 0x00, 0x00, 0x00, 0x00, 0x00, 0x00, 0x00, 0x00, 0x00, 0x00, 0x00,
	0x00, 0x00, 0x00, 0x00, 0x00, 0x00, 0x00, 0x00, 0x00, 0x00, 0x00, 0x00, 0x00, 0x00, 0x00, 0x00,
	0x00, 0x00, 0x00, 0x00, 0x00, 0x00, 0x00, 0x00, 0x00, 0x00, 0x00, 0x00, 0x00, 0x00, 0x00, 0x00,
};

static const lv_image_dsc_t icon_claude = {
	.header = { .magic = LV_IMAGE_HEADER_MAGIC,
	            .cf = LV_COLOR_FORMAT_RGB565A8,
	            .w = 40, .h = 40, .stride = 80 },
	.data_size = sizeof(icon_claude_map),
	.data = icon_claude_map,
};

static const uint8_t icon_illustrator_map[] __attribute__((aligned(64))) = {
	0x00, 0x00, 0x00, 0x00, 0x00, 0x00, 0x00, 0x00, 0x00, 0x00, 0x00, 0x00, 0x00, 0x00, 0x00, 0x00,
	0x00, 0x00, 0x00, 0x00, 0x00, 0x00, 0x00, 0x00, 0x00, 0x00, 0x00, 0x00, 0x00, 0x00, 0x00, 0x00,
	0x00, 0x00, 0x00, 0x00, 0x00, 0x00, 0x00, 0x00, 0x00, 0x00, 0x00, 0x00, 0x00, 0x00, 0x00, 0x00,
	0x00, 0x00, 0x00, 0x00, 0x00, 0x00, 0x00, 0x00, 0x00, 0x00, 0x00, 0x00, 0x00, 0x00, 0x00, 0x00,
	0x00, 0x00, 0x00, 0x00, 0x00, 0x00, 0x00, 0x00, 0x00, 0x00, 0x00, 0x00, 0x00, 0x00, 0x00, 0x00,
	0x00, 0x00, 0x00, 0x00, 0x00, 0x00, 0x00, 0x00, 0x00, 0x00, 0x00, 0x00, 0x00, 0x00, 0x00, 0x00,
	0x00, 0x00, 0x00, 0x00, 0x00, 0x00, 0x00, 0x00, 0x00, 0x00, 0x00, 0x00, 0x00, 0x00, 0x00, 0x00,
	0x00, 0x00, 0x00, 0x00, 0x00, 0x00, 0x00, 0x00, 0x00, 0x00, 0x00, 0x00, 0x00, 0x00, 0x00, 0x00,
	0x00, 0x00, 0x00, 0x00, 0x00, 0x00, 0x00, 0x00, 0x00, 0x00, 0x00, 0x00, 0x00, 0x00, 0x00, 0x00,
	0x00, 0x00, 0x00, 0x00, 0x00, 0x00, 0x00, 0x00, 0x00, 0x00, 0x00, 0x00, 0x00, 0x00, 0x00, 0x00,
	0x00, 0x00, 0x00, 0x00, 0x00, 0x00, 0x00, 0x00, 0x00, 0x00, 0x00, 0x00, 0x00, 0x00, 0x00, 0x00,
	0x00, 0x38, 0x00, 0x00, 0x00, 0x00, 0x00, 0x00, 0x00, 0x00, 0x00, 0x00, 0x00, 0x00, 0x00, 0x00,
	0x00, 0x00, 0x00, 0x00, 0x00, 0x00, 0x00, 0x00, 0x00, 0x00, 0x00, 0x00, 0x00, 0x00, 0x00, 0x00,
	0x00, 0x00, 0x00, 0x00, 0x00, 0x00, 0x00, 0x00, 0x00, 0x00, 0x00, 0x00, 0x00, 0x00, 0x00, 0x38,
	0x00, 0x00, 0x00, 0x00, 0x00, 0x00, 0x00, 0x00, 0x00, 0x00, 0x00, 0x00, 0x00, 0x00, 0x00, 0x00,
	0x00, 0x00, 0x00, 0x00, 0x00, 0x00, 0x00, 0x00, 0x00, 0x00, 0x00, 0x00, 0x00, 0x50, 0x00, 0x00,
	0x00, 0x00, 0x00, 0x00, 0x00, 0x38, 0x00, 0x30, 0x00, 0x30, 0x00, 0x30, 0x00, 0x30, 0x00, 0x30,
	0x00, 0x30, 0x00, 0x30, 0x00, 0x30, 0x00, 0x30, 0x00, 0x30, 0x00, 0x30, 0x00, 0x30, 0x00, 0x30,
	0x00, 0x30, 0x00, 0x30, 0x00, 0x30, 0x00, 0x30, 0x00, 0x30, 0x00, 0x30, 0x00, 0x00, 0x00, 0x00,
	0x00, 0x00, 0x00, 0x50, 0x00, 0x00, 0x00, 0x00, 0x00, 0x00, 0x00, 0x00, 0x00, 0x00, 0x00, 0x00,
	0x00, 0x00, 0x00, 0x00, 0x00, 0x00, 0x00, 0x00, 0x00, 0x00, 0x00, 0x50, 0x00, 0x00, 0x00, 0x30,
	0x00, 0x30, 0x00, 0x30, 0x00, 0x30, 0x00, 0x30, 0x00, 0x30, 0x00, 0x30, 0x00, 0x30, 0x00, 0x30,
	0x00, 0x30, 0x00, 0x30, 0x00, 0x30, 0x00, 0x30, 0x00, 0x30, 0x00, 0x30, 0x00, 0x30, 0x00, 0x30,
	0x00, 0x30, 0x00, 0x30, 0x00, 0x30, 0x00, 0x30, 0x00, 0x30, 0x00, 0x30, 0x00, 0x30, 0x00, 0x30,
	0x00, 0x30, 0x00, 0x00, 0x00, 0x00, 0x00, 0x00, 0x00, 0x00, 0x00, 0x00, 0x00, 0x00, 0x00, 0x00,
	0x00, 0x00, 0x00, 0x00, 0x00, 0x00, 0x00, 0x00, 0x00, 0x50, 0x00, 0x00, 0x00, 0x30, 0x00, 0x30,
	0x00, 0x30, 0x00, 0x30, 0x00, 0x30, 0x00, 0x30, 0x00, 0x30, 0x00, 0x30, 0x00, 0x30, 0x00, 0x30,
	0x00, 0x30, 0x00, 0x30, 0x00, 0x30, 0x00, 0x30, 0x00, 0x30, 0x00, 0x30, 0x00, 0x30, 0x00, 0x30,
	0x00, 0x30, 0x00, 0x30, 0x00, 0x30, 0x00, 0x30, 0x00, 0x30, 0x00, 0x30, 0x00, 0x30, 0x00, 0x30,
	0x00, 0x30, 0x00, 0x30, 0x00, 0x00, 0x00, 0x50, 0x00, 0x00, 0x00, 0x00, 0x00, 0x00, 0x00, 0x00,
	0x00, 0x00, 0x00, 0x00, 0x00, 0x00, 0x00, 0x50, 0x00, 0x00, 0x00, 0x30, 0x00, 0x30, 0x00, 0x30,
	0x00, 0x30, 0x00, 0x30, 0x00, 0x30, 0x00, 0x30, 0x00, 0x30, 0x00, 0x30, 0x00, 0x30, 0x00, 0x30,
	0x00, 0x30, 0x00, 0x30, 0x00, 0x30, 0x00, 0x30, 0x00, 0x30, 0x00, 0x30, 0x00, 0x30, 0x00, 0x30,
	0x00, 0x30, 0x00, 0x30, 0x00, 0x30, 0x00, 0x30, 0x00, 0x30, 0x00, 0x30, 0x00, 0x30, 0x00, 0x30,
	0x00, 0x30, 0x00, 0x30, 0x00, 0x30, 0x00, 0x00, 0x00, 0x50, 0x00, 0x00, 0x00, 0x00, 0x00, 0x00,
	0x00, 0x00, 0x00, 0x00, 0x00, 0x00, 0x00, 0x00, 0x00, 0x28, 0x00, 0x30, 0x00, 0x30, 0x00, 0x30,
	0x00, 0x30, 0x00, 0x30, 0x00, 0x30, 0x00, 0x30, 0x00, 0x30, 0x00, 0x30, 0x00, 0x30, 0x00, 0x30,
	0x00, 0x30, 0x00, 0x30, 0x00, 0x30, 0x00, 0x30, 0x00, 0x30, 0x00, 0x30, 0x00, 0x30, 0x00, 0x30,
	0x00, 0x30, 0x00, 0x30, 0x00, 0x30, 0x00, 0x30, 0x00, 0x30, 0x00, 0x30, 0x00, 0x30, 0x00, 0x30,
	0x00, 0x30, 0x00, 0x30, 0x00, 0x30, 0x00, 0x28, 0x00, 0x00, 0x00, 0x00, 0x00, 0x00, 0x00, 0x00,
	0x00, 0x00, 0x00, 0x00, 0x00, 0x38, 0x00, 0x00, 0x00, 0x30, 0x00, 0x30, 0x00, 0x30, 0x00, 0x30,
	0x00, 0x30, 0x00, 0x30, 0x00, 0x30, 0x00, 0x30, 0x00, 0x30, 0x00, 0x30, 0x00, 0x30, 0x00, 0x30,
	0x00, 0x30, 0x00, 0x30, 0x00, 0x30, 0x00, 0x30, 0x00, 0x30, 0x00, 0x30, 0x00, 0x30, 0x00, 0x30,
	0x00, 0x30, 0x00, 0x30, 0x00, 0x30, 0x00, 0x30, 0x00, 0x30, 0x00, 0x30, 0x00, 0x30, 0x00, 0x30,
	0x00, 0x30, 0x00, 0x30, 0x00, 0x30, 0x00, 0x30, 0x00, 0x00, 0x00, 0x38, 0x00, 0x00, 0x00, 0x00,
	0x00, 0x00, 0x00, 0x00, 0x00, 0x00, 0x00, 0x00, 0x00, 0x30, 0x00, 0x30, 0x00, 0x30, 0x00, 0x30,
	0x00, 0x30, 0x00, 0x30, 0x00, 0x30, 0x00, 0x30, 0x00, 0x30, 0x00, 0x30, 0x00, 0x30, 0x00, 0x30,
	0x00, 0x30, 0x00, 0x30, 0x00, 0x30, 0x00, 0x30, 0x00, 0x30, 0x00, 0x30, 0x00, 0x30, 0x00, 0x30,
	0x00, 0x30, 0x00, 0x30, 0x00, 0x30, 0x00, 0x30, 0x00, 0x30, 0x00, 0x30, 0x00, 0x30, 0x00, 0x30,
	0x00, 0x30, 0x00, 0x30, 0x00, 0x30, 0x00, 0x30, 0x00, 0x00, 0x00, 0x00, 0x00, 0x00, 0x00, 0x00,
	0x00, 0x00, 0x00, 0x00, 0x00, 0x00, 0x00, 0x18, 0x00, 0x30, 0x00, 0x30, 0x00, 0x30, 0x00, 0x30,
	0x00, 0x30, 0x00, 0x30, 0x00, 0x30, 0x00, 0x30, 0x00, 0x30, 0x00, 0x30, 0x00, 0x30, 0x00, 0x30,
	0x00, 0x30, 0x00, 0x30, 0x00, 0x30, 0x00, 0x30, 0x00, 0x30, 0x00, 0x30, 0x00, 0x30, 0x00, 0x30,
	0x00, 0x30, 0x00, 0x30, 0x00, 0x30, 0x00, 0x30, 0x00, 0x30, 0x00, 0x30, 0x00, 0x30, 0x00, 0x30,
	0x00, 0x30, 0x00, 0x30, 0x00, 0x30, 0x00, 0x30, 0x00, 0x20, 0x00, 0x00, 0x00, 0x00, 0x00, 0x00,
	0x00, 0x00, 0x00, 0x00, 0x00, 0x00, 0x00, 0x28, 0x00, 0x30, 0x00, 0x30, 0x00, 0x30, 0x00, 0x30,
	0x00, 0x30, 0x00, 0x30, 0x00, 0x30, 0x00, 0x30, 0x00, 0x30, 0x00, 0x30, 0x00, 0x30, 0x00, 0x28,
	0x00, 0x28, 0x00, 0x28, 0x00, 0x28, 0x00, 0x28, 0x00, 0x30, 0x00, 0x30, 0x00, 0x30, 0x00, 0x30,
	0x00, 0x30, 0x00, 0x28, 0x00, 0x30, 0x20, 0x38, 0x00, 0x28, 0x00, 0x30, 0x00, 0x30, 0x00, 0x30,
	0x00, 0x30, 0x00, 0x30, 0x00, 0x30, 0x00, 0x30, 0x00, 0x28, 0x00, 0x00, 0x00, 0x00, 0x00, 0x00,
	0x00, 0x00, 0x00, 0x00, 0x00, 0x00, 0x00, 0x28, 0x00, 0x30, 0x00, 0x30, 0x00, 0x30, 0x00, 0x30,
	0x00, 0x30, 0x00, 0x30, 0x00, 0x30, 0x00, 0x30, 0x00, 0x30, 0x00, 0x30, 0x00, 0x30, 0xe0, 0x58,
	0x00, 0x59, 0x00, 0x59, 0x20, 0x59, 0x80, 0x48, 0x00, 0x28, 0x00, 0x30, 0x00, 0x30, 0x00, 0x30,
	0x00, 0x28, 0x20, 0x61, 0x00, 0xd4, 0x60, 0xe4, 0x60, 0x9a, 0x00, 0x28, 0x00, 0x30, 0x00, 0x30,
	0x00, 0x30, 0x00, 0x30, 0x00, 0x30, 0x00, 0x30, 0x00, 0x28, 0x00, 0x00, 0x00, 0x00, 0x00, 0x00,
	0x00, 0x00, 0x00, 0x00, 0x00, 0x00, 0x00, 0x28, 0x00, 0x30, 0x00, 0x30, 0x00, 0x30, 0x00, 0x30,
	0x00, 0x30, 0x00, 0x30, 0x00, 0x30, 0x00, 0x30, 0x00, 0x30, 0x00, 0x28, 0x40, 0x61, 0x00, 0xfd,
	0xe0, 0xfc, 0xe0, 0xfc, 0x20, 0xfd, 0xc0, 0xd3, 0x00, 0x28, 0x00, 0x30, 0x00, 0x30, 0x00, 0x30,
	0x00, 0x28, 0xa0, 0xcb, 0x40, 0xfd, 0xc0, 0xfc, 0x00, 0xfd, 0xa0, 0x50, 0x00, 0x28, 0x00, 0x30,
	0x00, 0x30, 0x00, 0x30, 0x00, 0x30, 0x00, 0x30, 0x00, 0x28, 0x00, 0x00, 0x00, 0x00, 0x00, 0x00,
	0x00, 0x00, 0x00, 0x00, 0x00, 0x00, 0x00, 0x28, 0x00, 0x30, 0x00, 0x30, 0x00, 0x30, 0x00, 0x30,
	0x00, 0x30, 0x00, 0x30, 0x00, 0x30, 0x00, 0x30, 0x00, 0x30, 0x00, 0x20, 0x00, 0xb3, 0x20, 0xfd,
	0xa0, 0xfc, 0xc0, 0xfc, 0xc0, 0xfc, 0xe0, 0xfc, 0xe0, 0x58, 0x00, 0x28, 0x00, 0x30, 0x00, 0x30,
	0x00, 0x28, 0x80, 0x9a, 0x20, 0xfd, 0x00, 0xfd, 0x20, 0xe4, 0x40, 0x38, 0x00, 0x30, 0x00, 0x30,
	0x00, 0x30, 0x00, 0x30, 0x00, 0x30, 0x00, 0x30, 0x00, 0x28, 0x00, 0x00, 0x00, 0x00, 0x00, 0x00,
	0x00, 0x00, 0x00, 0x00, 0x00, 0x00, 0x00, 0x28, 0x00, 0x30, 0x00, 0x30, 0x00, 0x30, 0x00, 0x30,
	0x00, 0x30, 0x00, 0x30, 0x00, 0x30, 0x00, 0x30, 0x00, 0x30, 0x40, 0x40, 0x60, 0xf4, 0xe0, 0xfc,
	0xc0, 0xfc, 0xc0, 0xfc, 0xa0, 0xfc, 0x20, 0xfd, 0x80, 0x9a, 0x00, 0x20, 0x00, 0x30, 0x00, 0x30,
	0x00, 0x30, 0x60, 0x40, 0x40, 0x92, 0xc0, 0xa2, 0x20, 0x61, 0x00, 0x28, 0x00, 0x30, 0x00, 0x30,
	0x00, 0x30, 0x00, 0x30, 0x00, 0x30, 0x00, 0x30, 0x00, 0x28, 0x00, 0x00, 0x00, 0x00, 0x00, 0x00,
	0x00, 0x00, 0x00, 0x00, 0x00, 0x00, 0x00, 0x28, 0x00, 0x30, 0x00, 0x30, 0x00, 0x30, 0x00, 0x30,
	0x00, 0x30, 0x00, 0x30, 0x00, 0x30, 0x00, 0x30, 0x00, 0x20, 0xc0, 0x79, 0x20, 0xfd, 0xc0, 0xfc,
	0xc0, 0xfc, 0xc0, 0xfc, 0xc0, 0xfc, 0xe0, 0xfc, 0x00, 0xe4, 0x00, 0x30, 0x00, 0x30, 0x00, 0x30,
	0x00, 0x20, 0x00, 0xb3, 0xa0, 0xec, 0x40, 0xe4, 0x60, 0xec, 0x80, 0x48, 0x00, 0x28, 0x00, 0x30,
	0x00, 0x30, 0x00, 0x30, 0x00, 0x30, 0x00, 0x30, 0x00, 0x28, 0x00, 0x00, 0x00, 0x00, 0x00, 0x00,
	0x00, 0x00, 0x00, 0x00, 0x00, 0x00, 0x00, 0x28, 0x00, 0x30, 0x00, 0x30, 0x00, 0x30, 0x00, 0x30,
	0x00, 0x30, 0x00, 0x30, 0x00, 0x30, 0x00, 0x30, 0x00, 0x28, 0x80, 0xc3, 0x00, 0xfd, 0xe0, 0xfc,
	0xc0, 0xd3, 0x00, 0xb3, 0x00, 0xfd, 0xa0, 0xfc, 0x00, 0xfd, 0x20, 0x61, 0x00, 0x28, 0x20, 0x38,
	0x00, 0x20, 0x20, 0xbb, 0x40, 0xfd, 0xe0, 0xfc, 0xc0, 0xfc, 0x80, 0x48, 0x00, 0x28, 0x00, 0x30,
	0x00, 0x30, 0x00, 0x30, 0x00, 0x30, 0x00, 0x30, 0x00, 0x28, 0x00, 0x00, 0x00, 0x00, 0x00, 0x00,
	0x00, 0x00, 0x00, 0x00, 0x00, 0x00, 0x00, 0x28, 0x00, 0x30, 0x00, 0x30, 0x00, 0x30, 0x00, 0x30,
	0x00, 0x30, 0x00, 0x30, 0x00, 0x30, 0x00, 0x28, 0xa0, 0x48, 0xc0, 0xfc, 0xc0, 0xfc, 0x20, 0xfd,
	0x60, 0x9a, 0x00, 0x61, 0x20, 0xfd, 0xa0, 0xfc, 0x20, 0xfd, 0xe0, 0xaa, 0x00, 0x20, 0x20, 0x38,
	0x00, 0x20, 0x20, 0xb3, 0x00, 0xfd, 0xc0, 0xfc, 0xa0, 0xfc, 0x80, 0x48, 0x00, 0x28, 0x00, 0x30,
	0x00, 0x30, 0x00, 0x30, 0x00, 0x30, 0x00, 0x30, 0x00, 0x28, 0x00, 0x00, 0x00, 0x00, 0x00, 0x00,
	0x00, 0x00, 0x00, 0x00, 0x00, 0x00, 0x00, 0x28, 0x00, 0x30, 0x00, 0x30, 0x00, 0x30, 0x00, 0x30,
	0x00, 0x30, 0x00, 0x30, 0x00, 0x30, 0x00, 0x20, 0x40, 0x92, 0x20, 0xfd, 0xa0, 0xfc, 0x00, 0xfd,
	0x20, 0x61, 0x20, 0x30, 0x80, 0xf4, 0xe0, 0xfc, 0xe0, 0xfc, 0x40, 0xec, 0x20, 0x38, 0x00, 0x30,
	0x00, 0x20, 0x20, 0xb3, 0x20, 0xfd, 0xc0, 0xfc, 0xa0, 0xfc, 0x80, 0x48, 0x00, 0x28, 0x00, 0x30,
	0x00, 0x30, 0x00, 0x30, 0x00, 0x30, 0x00, 0x30, 0x00, 0x28, 0x00, 0x00, 0x00, 0x00, 0x00, 0x00,
	0x00, 0x00, 0x00, 0x00, 0x00, 0x00, 0x00, 0x28, 0x00, 0x30, 0x00, 0x30, 0x00, 0x30, 0x00, 0x30,
	0x00, 0x30, 0x00, 0x30, 0x00, 0x30, 0x00, 0x30, 0xe0, 0xdb, 0xe0, 0xfc, 0xe0, 0xfc, 0x00, 0xdc,
	0x00, 0x28, 0x00, 0x10, 0xc0, 0xaa, 0x20, 0xfd, 0xa0, 0xfc, 0x00, 0xfd, 0x80, 0x71, 0x00, 0x28,
	0x00, 0x28, 0x20, 0xb3, 0x20, 0xfd, 0xc0, 0xfc, 0xa0, 0xfc, 0x80, 0x48, 0x00, 0x28, 0x00, 0x30,
	0x00, 0x30, 0x00, 0x30, 0x00, 0x30, 0x00, 0x30, 0x00, 0x28, 0x00, 0x00, 0x00, 0x00, 0x00, 0x00,
	0x00, 0x00, 0x00, 0x00, 0x00, 0x00, 0x00, 0x28, 0x00, 0x30, 0x00, 0x30, 0x00, 0x30, 0x00, 0x30,
	0x00, 0x30, 0x00, 0x30, 0x00, 0x28, 0x00, 0x59, 0xe0, 0xfc, 0xc0, 0xfc, 0xe0, 0xfc, 0x00, 0xdc,
	0x60, 0x92, 0x60, 0x92, 0x60, 0xc3, 0xe0, 0xfc, 0xa0, 0xfc, 0x20, 0xfd, 0x20, 0xbb, 0x00, 0x28,
	0x00, 0x28, 0x20, 0xb3, 0x20, 0xfd, 0xc0, 0xfc, 0xa0, 0xfc, 0x80, 0x48, 0x00, 0x28, 0x00, 0x30,
	0x00, 0x30, 0x00, 0x30, 0x00, 0x30, 0x00, 0x30, 0x00, 0x28, 0x00, 0x00, 0x00, 0x00, 0x00, 0x00,
	0x00, 0x00, 0x00, 0x00, 0x00, 0x00, 0x00, 0x28, 0x00, 0x30, 0x00, 0x30, 0x00, 0x30, 0x00, 0x30,
	0x00, 0x30, 0x00, 0x30, 0x00, 0x20, 0xc0, 0xaa, 0x20, 0xfd, 0xc0, 0xfc, 0xc0, 0xfc, 0xe0, 0xfc,
	0x20, 0xfd, 0x20, 0xfd, 0xe0, 0xfc, 0xc0, 0xfc, 0xc0, 0xfc, 0xe0, 0xfc, 0x80, 0xf4, 0x60, 0x40,
	0x00, 0x20, 0x20, 0xb3, 0x20, 0xfd, 0xc0, 0xfc, 0xa0, 0xfc, 0x80, 0x48, 0x00, 0x28, 0x00, 0x30,
	0x00, 0x30, 0x00, 0x30, 0x00, 0x30, 0x00, 0x30, 0x00, 0x28, 0x00, 0x00, 0x00, 0x00, 0x00, 0x00,
	0x00, 0x00, 0x00, 0x00, 0x00, 0x00, 0x00, 0x28, 0x00, 0x30, 0x00, 0x30, 0x00, 0x30, 0x00, 0x30,
	0x00, 0x30, 0x00, 0x30, 0x20, 0x38, 0x40, 0xec, 0xe0, 0xfc, 0xc0, 0xfc, 0xe0, 0xfc, 0xe0, 0xfc,
	0xe0, 0xfc, 0xe0, 0xfc, 0xe0, 0xfc, 0xe0, 0xfc, 0xc0, 0xfc, 0xc0, 0xfc, 0x20, 0xfd, 0xe0, 0x81,
	0x00, 0x18, 0x20, 0xbb, 0x20, 0xfd, 0xc0, 0xfc, 0xa0, 0xfc, 0x80, 0x48, 0x00, 0x28, 0x00, 0x30,
	0x00, 0x30, 0x00, 0x30, 0x00, 0x30, 0x00, 0x30, 0x00, 0x28, 0x00, 0x00, 0x00, 0x00, 0x00, 0x00,
	0x00, 0x00, 0x00, 0x00, 0x00, 0x00, 0x00, 0x28, 0x00, 0x30, 0x00, 0x30, 0x00, 0x30, 0x00, 0x30,
	0x00, 0x30, 0x00, 0x20, 0x80, 0x71, 0x00, 0xfd, 0xa0, 0xfc, 0xe0, 0xfc, 0x60, 0xec, 0x00, 0xdc,
	0x00, 0xdc, 0x00, 0xdc, 0x00, 0xdc, 0x40, 0xe4, 0xc0, 0xfc, 0xa0, 0xfc, 0x00, 0xfd, 0xa0, 0xcb,
	0x00, 0x18, 0x20, 0xb3, 0x00, 0xfd, 0xc0, 0xfc, 0xa0, 0xfc, 0x80, 0x48, 0x00, 0x28, 0x00, 0x30,
	0x00, 0x30, 0x00, 0x30, 0x00, 0x30, 0x00, 0x30, 0x00, 0x28, 0x00, 0x00, 0x00, 0x00, 0x00, 0x00,
	0x00, 0x00, 0x00, 0x00, 0x00, 0x00, 0x00, 0x28, 0x00, 0x30, 0x00, 0x30, 0x00, 0x30, 0x00, 0x30,
	0x00, 0x30, 0x00, 0x20, 0x40, 0xc3, 0x20, 0xfd, 0xc0, 0xfc, 0x00, 0xfd, 0x40, 0x69, 0x00, 0x28,
	0x00, 0x30, 0x00, 0x30, 0x00, 0x28, 0x60, 0x40, 0x80, 0xf4, 0xe0, 0xfc, 0xe0, 0xfc, 0xe0, 0xfc,
	0x60, 0x40, 0xe0, 0xb2, 0x20, 0xfd, 0xc0, 0xfc, 0xc0, 0xfc, 0x80, 0x48, 0x00, 0x28, 0x00, 0x30,
	0x00, 0x30, 0x00, 0x30, 0x00, 0x30, 0x00, 0x30, 0x00, 0x28, 0x00, 0x00, 0x00, 0x00, 0x00, 0x00,
	0x00, 0x00, 0x00, 0x00, 0x00, 0x00, 0x00, 0x28, 0x00, 0x30, 0x00, 0x30, 0x00, 0x30, 0x00, 0x30,
	0x00, 0x28, 0x60, 0x40, 0x60, 0xec, 0x80, 0xf4, 0xa0, 0xf4, 0x00, 0xdc, 0x20, 0x38, 0x00, 0x30,
	0x00, 0x30, 0x00, 0x30, 0x00, 0x30, 0x00, 0x28, 0x20, 0xbb, 0xc0, 0xf4, 0x60, 0xf4, 0xe0, 0xf4,
	0xc0, 0x81, 0xa0, 0xa2, 0xe0, 0xf4, 0x80, 0xf4, 0x80, 0xf4, 0x80, 0x48, 0x00, 0x28, 0x00, 0x30,
	0x00, 0x30, 0x00, 0x30, 0x00, 0x30, 0x00, 0x30, 0x00, 0x28, 0x00, 0x00, 0x00, 0x00, 0x00, 0x00,
	0x00, 0x00, 0x00, 0x00, 0x00, 0x00, 0x00, 0x28, 0x00, 0x30, 0x00, 0x30, 0x00, 0x30, 0x00, 0x30,
	0x00, 0x30, 0x20, 0x38, 0x60, 0x40, 0x60, 0x40, 0x60, 0x40, 0x40, 0x38, 0x00, 0x30, 0x00, 0x30,
	0x00, 0x30, 0x00, 0x30, 0x00, 0x30, 0x00, 0x30, 0x20, 0x38, 0x60, 0x40, 0x60, 0x40, 0x60, 0x40,
	0x40, 0x40, 0x40, 0x38, 0x60, 0x40, 0x60, 0x40, 0x60, 0x40, 0x00, 0x30, 0x00, 0x30, 0x00, 0x30,
	0x00, 0x30, 0x00, 0x30, 0x00, 0x30, 0x00, 0x30, 0x00, 0x28, 0x00, 0x00, 0x00, 0x00, 0x00, 0x00,
	0x00, 0x00, 0x00, 0x00, 0x00, 0x00, 0x00, 0x28, 0x00, 0x30, 0x00, 0x30, 0x00, 0x30, 0x00, 0x30,
	0x00, 0x30, 0x00, 0x30, 0x00, 0x28, 0x00, 0x28, 0x00, 0x28, 0x00, 0x30, 0x00, 0x30, 0x00, 0x30,
	0x00, 0x30, 0x00, 0x30, 0x00, 0x30, 0x00, 0x30, 0x00, 0x30, 0x00, 0x28, 0x00, 0x28, 0x00, 0x28,
	0x00, 0x30, 0x00, 0x30, 0x00, 0x28, 0x00, 0x28, 0x00, 0x28, 0x00, 0x30, 0x00, 0x30, 0x00, 0x30,
	0x00, 0x30, 0x00, 0x30, 0x00, 0x30, 0x00, 0x30, 0x00, 0x28, 0x00, 0x00, 0x00, 0x00, 0x00, 0x00,
	0x00, 0x00, 0x00, 0x00, 0x00, 0x00, 0x00, 0x18, 0x00, 0x30, 0x00, 0x30, 0x00, 0x30, 0x00, 0x30,
	0x00, 0x30, 0x00, 0x30, 0x00, 0x30, 0x00, 0x30, 0x00, 0x30, 0x00, 0x30, 0x00, 0x30, 0x00, 0x30,
	0x00, 0x30, 0x00, 0x30, 0x00, 0x30, 0x00, 0x30, 0x00, 0x30, 0x00, 0x30, 0x00, 0x30, 0x00, 0x30,
	0x00, 0x30, 0x00, 0x30, 0x00, 0x30, 0x00, 0x30, 0x00, 0x30, 0x00, 0x30, 0x00, 0x30, 0x00, 0x30,
	0x00, 0x30, 0x00, 0x30, 0x00, 0x30, 0x00, 0x30, 0x00, 0x18, 0x00, 0x00, 0x00, 0x00, 0x00, 0x00,
	0x00, 0x00, 0x00, 0x00, 0x00, 0x00, 0x00, 0x00, 0x00, 0x30, 0x00, 0x30, 0x00, 0x30, 0x00, 0x30,
	0x00, 0x30, 0x00, 0x30, 0x00, 0x30, 0x00, 0x30, 0x00, 0x30, 0x00, 0x30, 0x00, 0x30, 0x00, 0x30,
	0x00, 0x30, 0x00, 0x30, 0x00, 0x30, 0x00, 0x30, 0x00, 0x30, 0x00, 0x30, 0x00, 0x30, 0x00, 0x30,
	0x00, 0x30, 0x00, 0x30, 0x00, 0x30, 0x00, 0x30, 0x00, 0x30, 0x00, 0x30, 0x00, 0x30, 0x00, 0x30,
	0x00, 0x30, 0x00, 0x30, 0x00, 0x30, 0x00, 0x30, 0x00, 0x00, 0x00, 0x00, 0x00, 0x00, 0x00, 0x00,
	0x00, 0x00, 0x00, 0x00, 0x00, 0x50, 0x00, 0x00, 0x00, 0x28, 0x00, 0x30, 0x00, 0x30, 0x00, 0x30,
	0x00, 0x30, 0x00, 0x30, 0x00, 0x30, 0x00, 0x30, 0x00, 0x30, 0x00, 0x30, 0x00, 0x30, 0x00, 0x30,
	0x00, 0x30, 0x00, 0x30, 0x00, 0x30, 0x00, 0x30, 0x00, 0x30, 0x00, 0x30, 0x00, 0x30, 0x00, 0x30,
	0x00, 0x30, 0x00, 0x30, 0x00, 0x30, 0x00, 0x30, 0x00, 0x30, 0x00, 0x30, 0x00, 0x30, 0x00, 0x30,
	0x00, 0x30, 0x00, 0x30, 0x00, 0x30, 0x00, 0x28, 0x00, 0x00, 0x00, 0x50, 0x00, 0x00, 0x00, 0x00,
	0x00, 0x00, 0x00, 0x00, 0x00, 0x00, 0x00, 0x00, 0x00, 0x20, 0x00, 0x30, 0x00, 0x30, 0x00, 0x30,
	0x00, 0x30, 0x00, 0x30, 0x00, 0x30, 0x00, 0x30, 0x00, 0x30, 0x00, 0x30, 0x00, 0x30, 0x00, 0x30,
	0x00, 0x30, 0x00, 0x30, 0x00, 0x30, 0x00, 0x30, 0x00, 0x30, 0x00, 0x30, 0x00, 0x30, 0x00, 0x30,
	0x00, 0x30, 0x00, 0x30, 0x00, 0x30, 0x00, 0x30, 0x00, 0x30, 0x00, 0x30, 0x00, 0x30, 0x00, 0x30,
	0x00, 0x30, 0x00, 0x30, 0x00, 0x30, 0x00, 0x20, 0x00, 0x00, 0x00, 0x00, 0x00, 0x00, 0x00, 0x00,
	0x00, 0x00, 0x00, 0x00, 0x00, 0x00, 0x00, 0x78, 0x00, 0x00, 0x00, 0x28, 0x00, 0x30, 0x00, 0x30,
	0x00, 0x30, 0x00, 0x30, 0x00, 0x30, 0x00, 0x30, 0x00, 0x30, 0x00, 0x30, 0x00, 0x30, 0x00, 0x30,
	0x00, 0x30, 0x00, 0x30, 0x00, 0x30, 0x00, 0x30, 0x00, 0x30, 0x00, 0x30, 0x00, 0x30, 0x00, 0x30,
	0x00, 0x30, 0x00, 0x30, 0x00, 0x30, 0x00, 0x30, 0x00, 0x30, 0x00, 0x30, 0x00, 0x30, 0x00, 0x30,
	0x00, 0x30, 0x00, 0x30, 0x00, 0x28, 0x00, 0x00, 0x00, 0x78, 0x00, 0x00, 0x00, 0x00, 0x00, 0x00,
	0x00, 0x00, 0x00, 0x00, 0x00, 0x00, 0x00, 0x00, 0x00, 0x78, 0x00, 0x00, 0x00, 0x28, 0x00, 0x30,
	0x00, 0x30, 0x00, 0x30, 0x00, 0x30, 0x00, 0x30, 0x00, 0x30, 0x00, 0x30, 0x00, 0x30, 0x00, 0x30,
	0x00, 0x30, 0x00, 0x30, 0x00, 0x30, 0x00, 0x30, 0x00, 0x30, 0x00, 0x30, 0x00, 0x30, 0x00, 0x30,
	0x00, 0x30, 0x00, 0x30, 0x00, 0x30, 0x00, 0x30, 0x00, 0x30, 0x00, 0x30, 0x00, 0x30, 0x00, 0x30,
	0x00, 0x30, 0x00, 0x28, 0x00, 0x00, 0x00, 0x78, 0x00, 0x00, 0x00, 0x00, 0x00, 0x00, 0x00, 0x00,
	0x00, 0x00, 0x00, 0x00, 0x00, 0x00, 0x00, 0x00, 0x00, 0x00, 0x00, 0x00, 0x00, 0x00, 0x00, 0x18,
	0x00, 0x28, 0x00, 0x30, 0x00, 0x30, 0x00, 0x30, 0x00, 0x30, 0x00, 0x30, 0x00, 0x30, 0x00, 0x30,
	0x00, 0x30, 0x00, 0x30, 0x00, 0x30, 0x00, 0x30, 0x00, 0x30, 0x00, 0x30, 0x00, 0x30, 0x00, 0x30,
	0x00, 0x30, 0x00, 0x30, 0x00, 0x30, 0x00, 0x30, 0x00, 0x30, 0x00, 0x30, 0x00, 0x30, 0x00, 0x28,
	0x00, 0x18, 0x00, 0x00, 0x00, 0x00, 0x00, 0x00, 0x00, 0x00, 0x00, 0x00, 0x00, 0x00, 0x00, 0x00,
	0x00, 0x00, 0x00, 0x00, 0x00, 0x00, 0x00, 0x00, 0x00, 0x00, 0x00, 0x00, 0x00, 0x78, 0x00, 0x00,
	0x00, 0x00, 0x00, 0x00, 0x00, 0x10, 0x00, 0x10, 0x00, 0x18, 0x00, 0x18, 0x00, 0x18, 0x00, 0x18,
	0x00, 0x18, 0x00, 0x18, 0x00, 0x18, 0x00, 0x18, 0x00, 0x18, 0x00, 0x18, 0x00, 0x18, 0x00, 0x18,
	0x00, 0x18, 0x00, 0x18, 0x00, 0x18, 0x00, 0x18, 0x00, 0x10, 0x00, 0x10, 0x00, 0x00, 0x00, 0x00,
	0x00, 0x00, 0x00, 0x78, 0x00, 0x00, 0x00, 0x00, 0x00, 0x00, 0x00, 0x00, 0x00, 0x00, 0x00, 0x00,
	0x00, 0x00, 0x00, 0x00, 0x00, 0x00, 0x00, 0x00, 0x00, 0x00, 0x00, 0x00, 0x00, 0x00, 0x00, 0x00,
	0x00, 0xf8, 0x00, 0x00, 0x00, 0x00, 0x00, 0x00, 0x00, 0x00, 0x00, 0x00, 0x00, 0x00, 0x00, 0x00,
	0x00, 0x00, 0x00, 0x00, 0x00, 0x00, 0x00, 0x00, 0x00, 0x00, 0x00, 0x00, 0x00, 0x00, 0x00, 0x00,
	0x00, 0x00, 0x00, 0x00, 0x00, 0x00, 0x00, 0x00, 0x00, 0x00, 0x00, 0x00, 0x00, 0x00, 0x00, 0xf8,
	0x00, 0x00, 0x00, 0x00, 0x00, 0x00, 0x00, 0x00, 0x00, 0x00, 0x00, 0x00, 0x00, 0x00, 0x00, 0x00,
	0x00, 0x00, 0x00, 0x00, 0x00, 0x00, 0x00, 0x00, 0x00, 0x00, 0x00, 0x00, 0x00, 0x00, 0x00, 0x00,
	0x00, 0x00, 0x00, 0x00, 0x00, 0x00, 0x00, 0x00, 0x00, 0x00, 0x00, 0x00, 0x00, 0x00, 0x00, 0x00,
	0x00, 0x00, 0x00, 0x00, 0x00, 0x00, 0x00, 0x00, 0x00, 0x00, 0x00, 0x00, 0x00, 0x00, 0x00, 0x00,
	0x00, 0x00, 0x00, 0x00, 0x00, 0x00, 0x00, 0x00, 0x00, 0x00, 0x00, 0x00, 0x00, 0x00, 0x00, 0x00,
	0x00, 0x00, 0x00, 0x00, 0x00, 0x00, 0x00, 0x00, 0x00, 0x00, 0x00, 0x00, 0x00, 0x00, 0x00, 0x00,
	0x00, 0x00, 0x00, 0x00, 0x00, 0x00, 0x00, 0x00, 0x00, 0x00, 0x00, 0x00, 0x00, 0x00, 0x00, 0x00,
	0x00, 0x00, 0x00, 0x00, 0x00, 0x00, 0x00, 0x00, 0x00, 0x00, 0x00, 0x00, 0x00, 0x00, 0x00, 0x00,
	0x00, 0x00, 0x00, 0x00, 0x00, 0x00, 0x00, 0x00, 0x00, 0x00, 0x00, 0x00, 0x00, 0x00, 0x00, 0x00,
	0x00, 0x00, 0x00, 0x00, 0x00, 0x00, 0x00, 0x00, 0x00, 0x00, 0x00, 0x00, 0x00, 0x00, 0x00, 0x00,
	0x00, 0x00, 0x00, 0x00, 0x00, 0x00, 0x00, 0x00, 0x00, 0x00, 0x00, 0x00, 0x00, 0x00, 0x00, 0x00,
	0x00, 0x00, 0x00, 0x00, 0x00, 0x00, 0x00, 0x00, 0x00, 0x00, 0x00, 0x00, 0x00, 0x00, 0x00, 0x00,
	0x00, 0x00, 0x00, 0x00, 0x00, 0x00, 0x00, 0x00, 0x00, 0x00, 0x00, 0x00, 0x00, 0x00, 0x00, 0x00,
	0x00, 0x00, 0x00, 0x00, 0x00, 0x00, 0x00, 0x00, 0x00, 0x00, 0x00, 0x00, 0x00, 0x00, 0x00, 0x00,
	0x00, 0x00, 0x01, 0x01, 0x02, 0x02, 0x02, 0x02, 0x02, 0x02, 0x02, 0x02, 0x02, 0x02, 0x02, 0x02,
	0x02, 0x02, 0x02, 0x02, 0x01, 0x01, 0x00, 0x00, 0x00, 0x00, 0x00, 0x00, 0x00, 0x00, 0x00, 0x00,
	0x00, 0x00, 0x00, 0x00, 0x00, 0x00, 0x00, 0x02, 0x04, 0x01, 0x00, 0x00, 0x00, 0x00, 0x00, 0x00,
	0x00, 0x00, 0x00, 0x00, 0x00, 0x00, 0x00, 0x00, 0x00, 0x00, 0x00, 0x00, 0x00, 0x00, 0x01, 0x04,
	0x02, 0x00, 0x00, 0x00, 0x00, 0x00, 0x00, 0x00, 0x00, 0x00, 0x00, 0x00, 0x00, 0x00, 0x03, 0x00,
	0x00, 0x00, 0x0d, 0x18, 0x1c, 0x1d, 0x1d, 0x1e, 0x1f, 0x1f, 0x1f, 0x1f, 0x1f, 0x1f, 0x1f, 0x1f,
	0x1e, 0x1d, 0x1d, 0x1c, 0x18, 0x0e, 0x00, 0x00, 0x00, 0x03, 0x00, 0x00, 0x00, 0x00, 0x00, 0x00,
	0x00, 0x00, 0x00, 0x00, 0x00, 0x03, 0x00, 0x23, 0x87, 0xca, 0xe7, 0xf3, 0xf7, 0xf7, 0xf7, 0xf8,
	0xf9, 0xf9, 0xf9, 0xf9, 0xf9, 0xf9, 0xf9, 0xf9, 0xf8, 0xf7, 0xf7, 0xf7, 0xf3, 0xe8, 0xcb, 0x8a,
	0x25, 0x00, 0x02, 0x00, 0x00, 0x00, 0x00, 0x00, 0x00, 0x00, 0x00, 0x00, 0x03, 0x00, 0x66, 0xf2,
	0xff, 0xff, 0xff, 0xff, 0xff, 0xff, 0xff, 0xff, 0xff, 0xff, 0xff, 0xff, 0xff, 0xff, 0xff, 0xff,
	0xff, 0xff, 0xff, 0xff, 0xff, 0xff, 0xff, 0xff, 0xf4, 0x6a, 0x00, 0x03, 0x00, 0x00, 0x00, 0x00,
	0x00, 0x00, 0x00, 0x03, 0x00, 0x65, 0xff, 0xff, 0xfb, 0xfd, 0xfe, 0xfe, 0xfe, 0xfe, 0xfe, 0xfe,
	0xfe, 0xfe, 0xfe, 0xfe, 0xfe, 0xfe, 0xfe, 0xfe, 0xfe, 0xfe, 0xfe, 0xfe, 0xfe, 0xfe, 0xfd, 0xfb,
	0xff, 0xff, 0x6a, 0x00, 0x03, 0x00, 0x00, 0x00, 0x00, 0x00, 0x02, 0x00, 0x22, 0xf7, 0xfd, 0xfd,
	0xff, 0xff, 0xff, 0xff, 0xff, 0xff, 0xff, 0xff, 0xff, 0xff, 0xff, 0xff, 0xff, 0xff, 0xff, 0xff,
	0xff, 0xff, 0xff, 0xff, 0xff, 0xff, 0xff, 0xff, 0xfd, 0xfc, 0xf9, 0x26, 0x00, 0x02, 0x00, 0x00,
	0x00, 0x00, 0x04, 0x00, 0x8d, 0xff, 0xfb, 0xff, 0xff, 0xff, 0xff, 0xff, 0xff, 0xff, 0xff, 0xff,
	0xff, 0xff, 0xff, 0xff, 0xff, 0xff, 0xff, 0xff, 0xff, 0xff, 0xff, 0xff, 0xff, 0xff, 0xff, 0xff,
	0xff, 0xfb, 0xff, 0x92, 0x00, 0x04, 0x00, 0x00, 0x00, 0x00, 0x01, 0x01, 0xd0, 0xfe, 0xfd, 0xff,
	0xff, 0xff, 0xff, 0xff, 0xff, 0xff, 0xff, 0xff, 0xff, 0xff, 0xff, 0xff, 0xff, 0xff, 0xff, 0xff,
	0xff, 0xff, 0xff, 0xff, 0xff, 0xff, 0xff, 0xff, 0xff, 0xfd, 0xfe, 0xd4, 0x03, 0x00, 0x00, 0x00,
	0x00, 0x01, 0x00, 0x12, 0xec, 0xff, 0xfe, 0xff, 0xff, 0xff, 0xff, 0xff, 0xff, 0xff, 0xff, 0xff,
	0xff, 0xff, 0xff, 0xff, 0xff, 0xff, 0xff, 0xff, 0xff, 0xff, 0xff, 0xff, 0xff, 0xff, 0xff, 0xff,
	0xff, 0xfe, 0xff, 0xef, 0x15, 0x00, 0x01, 0x00, 0x00, 0x02, 0x00, 0x1e, 0xf5, 0xff, 0xfe, 0xff,
	0xff, 0xff, 0xff, 0xff, 0xff, 0xff, 0xff, 0xff, 0xff, 0xff, 0xff, 0xff, 0xff, 0xff, 0xff, 0xff,
	0xff, 0xff, 0xff, 0xff, 0xff, 0xff, 0xff, 0xff, 0xff, 0xfe, 0xff, 0xf8, 0x22, 0x00, 0x02, 0x00,
	0x00, 0x02, 0x00, 0x22, 0xf9, 0xff, 0xfe, 0xff, 0xff, 0xff, 0xff, 0xff, 0xff, 0xff, 0xff, 0xff,
	0xff, 0xff, 0xff, 0xff, 0xff, 0xff, 0xff, 0xff, 0xff, 0xff, 0xff, 0xff, 0xff, 0xff, 0xff, 0xff,
	0xff, 0xfe, 0xff, 0xfb, 0x26, 0x00, 0x02, 0x00, 0x00, 0x02, 0x00, 0x25, 0xfb, 0xff, 0xfe, 0xff,
	0xff, 0xff, 0xff, 0xff, 0xff, 0xff, 0xff, 0xff, 0xff, 0xff, 0xff, 0xff, 0xff, 0xff, 0xff, 0xff,
	0xff, 0xff, 0xff, 0xff, 0xff, 0xff, 0xff, 0xff, 0xff, 0xfe, 0xff, 0xfb, 0x26, 0x00, 0x02, 0x00,
	0x00, 0x02, 0x00, 0x26, 0xfb, 0xff, 0xfe, 0xff, 0xff, 0xff, 0xff, 0xff, 0xff, 0xff, 0xff, 0xff,
	0xff, 0xff, 0xff, 0xff, 0xff, 0xff, 0xff, 0xff, 0xff, 0xff, 0xff, 0xff, 0xff, 0xff, 0xff, 0xff,
	0xff, 0xfe, 0xff, 0xfb, 0x26, 0x00, 0x02, 0x00, 0x00, 0x02, 0x00, 0x26, 0xfb, 0xff, 0xfe, 0xff,
	0xff, 0xff, 0xff, 0xff, 0xff, 0xff, 0xff, 0xff, 0xff, 0xff, 0xff, 0xff, 0xff, 0xff, 0xff, 0xff,
	0xff, 0xff, 0xff, 0xff, 0xff, 0xff, 0xff, 0xff, 0xff, 0xfe, 0xff, 0xfb, 0x26, 0x00, 0x02, 0x00,
	0x00, 0x02, 0x00, 0x26, 0xfb, 0xff, 0xfe, 0xff, 0xff, 0xff, 0xff, 0xff, 0xff, 0xff, 0xff, 0xff,
	0xff, 0xff, 0xff, 0xff, 0xff, 0xff, 0xff, 0xff, 0xff, 0xff, 0xff, 0xff, 0xff, 0xff, 0xff, 0xff,
	0xff, 0xfe, 0xff, 0xfb, 0x26, 0x00, 0x02, 0x00, 0x00, 0x02, 0x00, 0x26, 0xfb, 0xff, 0xfe, 0xff,
	0xff, 0xff, 0xff, 0xff, 0xff, 0xff, 0xff, 0xff, 0xff, 0xff, 0xff, 0xff, 0xff, 0xff, 0xff, 0xff,
	0xff, 0xff, 0xff, 0xff, 0xff, 0xff, 0xff, 0xff, 0xff, 0xfe, 0xff, 0xfb, 0x26, 0x00, 0x02, 0x00,
	0x00, 0x02, 0x00, 0x26, 0xfb, 0xff, 0xfe, 0xff, 0xff, 0xff, 0xff, 0xff, 0xff, 0xff, 0xff, 0xff,
	0xff, 0xff, 0xff, 0xff, 0xff, 0xff, 0xff, 0xff, 0xff, 0xff, 0xff, 0xff, 0xff, 0xff, 0xff, 0xff,
	0xff, 0xfe, 0xff, 0xfb, 0x26, 0x00, 0x02, 0x00, 0x00, 0x02, 0x00, 0x26, 0xfb, 0xff, 0xfe, 0xff,
	0xff, 0xff, 0xff, 0xff, 0xff, 0xff, 0xff, 0xff, 0xff, 0xff, 0xff, 0xff, 0xff, 0xff, 0xff, 0xff,
	0xff, 0xff, 0xff, 0xff, 0xff, 0xff, 0xff, 0xff, 0xff, 0xfe, 0xff, 0xfb, 0x26, 0x00, 0x02, 0x00,
	0x00, 0x02, 0x00, 0x26, 0xfb, 0xff, 0xfe, 0xff, 0xff, 0xff, 0xff, 0xff, 0xff, 0xff, 0xff, 0xff,
	0xff, 0xff, 0xff, 0xff, 0xff, 0xff, 0xff, 0xff, 0xff, 0xff, 0xff, 0xff, 0xff, 0xff, 0xff, 0xff,
	0xff, 0xfe, 0xff, 0xfb, 0x26, 0x00, 0x02, 0x00, 0x00, 0x02, 0x00, 0x26, 0xfb, 0xff, 0xfe, 0xff,
	0xff, 0xff, 0xff, 0xff, 0xff, 0xff, 0xff, 0xff, 0xff, 0xff, 0xff, 0xff, 0xff, 0xff, 0xff, 0xff,
	0xff, 0xff, 0xff, 0xff, 0xff, 0xff, 0xff, 0xff, 0xff, 0xfe, 0xff, 0xfb, 0x26, 0x00, 0x02, 0x00,
	0x00, 0x02, 0x00, 0x26, 0xfb, 0xff, 0xfe, 0xff, 0xff, 0xff, 0xff, 0xff, 0xff, 0xff, 0xff, 0xff,
	0xff, 0xff, 0xff, 0xff, 0xff, 0xff, 0xff, 0xff, 0xff, 0xff, 0xff, 0xff, 0xff, 0xff, 0xff, 0xff,
	0xff, 0xfe, 0xff, 0xfb, 0x26, 0x00, 0x02, 0x00, 0x00, 0x02, 0x00, 0x26, 0xfb, 0xff, 0xfe, 0xff,
	0xff, 0xff, 0xff, 0xff, 0xff, 0xff, 0xff, 0xff, 0xff, 0xff, 0xff, 0xff, 0xff, 0xff, 0xff, 0xff,
	0xff, 0xff, 0xff, 0xff, 0xff, 0xff, 0xff, 0xff, 0xff, 0xfe, 0xff, 0xfb, 0x26, 0x00, 0x02, 0x00,
	0x00, 0x02, 0x00, 0x24, 0xfa, 0xff, 0xfe, 0xff, 0xff, 0xff, 0xff, 0xff, 0xff, 0xff, 0xff, 0xff,
	0xff, 0xff, 0xff, 0xff, 0xff, 0xff, 0xff, 0xff, 0xff, 0xff, 0xff, 0xff, 0xff, 0xff, 0xff, 0xff,
	0xff, 0xfe, 0xff, 0xfb, 0x26, 0x00, 0x02, 0x00, 0x00, 0x02, 0x00, 0x24, 0xfa, 0xff, 0xfe, 0xff,
	0xff, 0xff, 0xff, 0xff, 0xff, 0xff, 0xff, 0xff, 0xff, 0xff, 0xff, 0xff, 0xff, 0xff, 0xff, 0xff,
	0xff, 0xff, 0xff, 0xff, 0xff, 0xff, 0xff, 0xff, 0xff, 0xfe, 0xff, 0xfb, 0x26, 0x00, 0x02, 0x00,
	0x00, 0x02, 0x00, 0x23, 0xf9, 0xff, 0xfe, 0xff, 0xff, 0xff, 0xff, 0xff, 0xff, 0xff, 0xff, 0xff,
	0xff, 0xff, 0xff, 0xff, 0xff, 0xff, 0xff, 0xff, 0xff, 0xff, 0xff, 0xff, 0xff, 0xff, 0xff, 0xff,
	0xff, 0xfe, 0xff, 0xfb, 0x26, 0x00, 0x02, 0x00, 0x00, 0x02, 0x00, 0x23, 0xf9, 0xff, 0xfe, 0xff,
	0xff, 0xff, 0xff, 0xff, 0xff, 0xff, 0xff, 0xff, 0xff, 0xff, 0xff, 0xff, 0xff, 0xff, 0xff, 0xff,
	0xff, 0xff, 0xff, 0xff, 0xff, 0xff, 0xff, 0xff, 0xff, 0xfe, 0xff, 0xfb, 0x26, 0x00, 0x02, 0x00,
	0x00, 0x02, 0x00, 0x1f, 0xf6, 0xff, 0xfe, 0xff, 0xff, 0xff, 0xff, 0xff, 0xff, 0xff, 0xff, 0xff,
	0xff, 0xff, 0xff, 0xff, 0xff, 0xff, 0xff, 0xff, 0xff, 0xff, 0xff, 0xff, 0xff, 0xff, 0xff, 0xff,
	0xff, 0xfe, 0xff, 0xf8, 0x22, 0x00, 0x02, 0x00, 0x00, 0x01, 0x00, 0x14, 0xed, 0xff, 0xfe, 0xff,
	0xff, 0xff, 0xff, 0xff, 0xff, 0xff, 0xff, 0xff, 0xff, 0xff, 0xff, 0xff, 0xff, 0xff, 0xff, 0xff,
	0xff, 0xff, 0xff, 0xff, 0xff, 0xff, 0xff, 0xff, 0xff, 0xfe, 0xff, 0xf0, 0x18, 0x00, 0x01, 0x00,
	0x00, 0x01, 0x00, 0x03, 0xd4, 0xfe, 0xfd, 0xff, 0xff, 0xff, 0xff, 0xff, 0xff, 0xff, 0xff, 0xff,
	0xff, 0xff, 0xff, 0xff, 0xff, 0xff, 0xff, 0xff, 0xff, 0xff, 0xff, 0xff, 0xff, 0xff, 0xff, 0xff,
	0xff, 0xfd, 0xfe, 0xd8, 0x05, 0x00, 0x01, 0x00, 0x00, 0x00, 0x03, 0x00, 0x97, 0xff, 0xfb, 0xff,
	0xff, 0xff, 0xff, 0xff, 0xff, 0xff, 0xff, 0xff, 0xff, 0xff, 0xff, 0xff, 0xff, 0xff, 0xff, 0xff,
	0xff, 0xff, 0xff, 0xff, 0xff, 0xff, 0xff, 0xff, 0xff, 0xfb, 0xff, 0x9c, 0x00, 0x03, 0x00, 0x00,
	0x00, 0x00, 0x02, 0x00, 0x30, 0xfb, 0xfc, 0xfd, 0xff, 0xff, 0xff, 0xff, 0xff, 0xff, 0xff, 0xff,
	0xff, 0xff, 0xff, 0xff, 0xff, 0xff, 0xff, 0xff, 0xff, 0xff, 0xff, 0xff, 0xff, 0xff, 0xff, 0xff,
	0xfd, 0xfc, 0xfd, 0x35, 0x00, 0x02, 0x00, 0x00, 0x00, 0x00, 0x00, 0x02, 0x00, 0x7b, 0xff, 0xfe,
	0xfb, 0xfd, 0xfe, 0xfe, 0xfe, 0xfe, 0xfe, 0xfe, 0xfe, 0xfe, 0xfe, 0xfe, 0xfe, 0xfe, 0xfe, 0xfe,
	0xfe, 0xfe, 0xfe, 0xfe, 0xfe, 0xfe, 0xfd, 0xfb, 0xfd, 0xff, 0x80, 0x00, 0x02, 0x00, 0x00, 0x00,
	0x00, 0x00, 0x00, 0x00, 0x02, 0x00, 0x7f, 0xfa, 0xff, 0xff, 0xff, 0xff, 0xff, 0xff, 0xff, 0xff,
	0xff, 0xff, 0xff, 0xff, 0xff, 0xff, 0xff, 0xff, 0xff, 0xff, 0xff, 0xff, 0xff, 0xff, 0xff, 0xff,
	0xfc, 0x84, 0x00, 0x02, 0x01, 0x00, 0x00, 0x00, 0x00, 0x00, 0x00, 0x00, 0x00, 0x01, 0x00, 0x3d,
	0xa2, 0xdb, 0xf3, 0xfb, 0xfe, 0xfe, 0xfe, 0xfe, 0xfe, 0xfe, 0xfe, 0xfe, 0xfe, 0xfe, 0xfe, 0xfe,
	0xfe, 0xfe, 0xfe, 0xfe, 0xfb, 0xf3, 0xdc, 0xa4, 0x40, 0x00, 0x00, 0x00, 0x00, 0x00, 0x00, 0x00,
	0x00, 0x00, 0x00, 0x00, 0x00, 0x00, 0x02, 0x00, 0x00, 0x13, 0x29, 0x36, 0x3a, 0x3a, 0x3a, 0x3a,
	0x3a, 0x3a, 0x3a, 0x3a, 0x3a, 0x3a, 0x3a, 0x3a, 0x3a, 0x3a, 0x3a, 0x3a, 0x36, 0x2a, 0x13, 0x00,
	0x00, 0x02, 0x00, 0x00, 0x00, 0x00, 0x00, 0x00, 0x00, 0x00, 0x00, 0x00, 0x00, 0x00, 0x00, 0x02,
	0x01, 0x00, 0x00, 0x00, 0x00, 0x00, 0x00, 0x00, 0x00, 0x00, 0x00, 0x00, 0x00, 0x00, 0x00, 0x00,
	0x00, 0x00, 0x00, 0x00, 0x00, 0x00, 0x00, 0x01, 0x02, 0x00, 0x00, 0x00, 0x00, 0x00, 0x00, 0x00,
	0x00, 0x00, 0x00, 0x00, 0x00, 0x00, 0x00, 0x00, 0x00, 0x01, 0x02, 0x02, 0x02, 0x02, 0x02, 0x02,
	0x02, 0x02, 0x02, 0x02, 0x02, 0x02, 0x02, 0x02, 0x02, 0x02, 0x02, 0x02, 0x02, 0x02, 0x01, 0x00,
	0x00, 0x00, 0x00, 0x00, 0x00, 0x00, 0x00, 0x00, 0x00, 0x00, 0x00, 0x00, 0x00, 0x00, 0x00, 0x00,
	0x00, 0x00, 0x00, 0x00, 0x00, 0x00, 0x00, 0x00, 0x00, 0x00, 0x00, 0x00, 0x00, 0x00, 0x00, 0x00,
	0x00, 0x00, 0x00, 0x00, 0x00, 0x00, 0x00, 0x00, 0x00, 0x00, 0x00, 0x00, 0x00, 0x00, 0x00, 0x00,
};

static const lv_image_dsc_t icon_illustrator = {
	.header = { .magic = LV_IMAGE_HEADER_MAGIC,
	            .cf = LV_COLOR_FORMAT_RGB565A8,
	            .w = 40, .h = 40, .stride = 80 },
	.data_size = sizeof(icon_illustrator_map),
	.data = icon_illustrator_map,
};

static const uint8_t icon_photoshop_map[] __attribute__((aligned(64))) = {
	0x00, 0x00, 0x00, 0x00, 0x00, 0x00, 0x00, 0x00, 0x00, 0x00, 0x00, 0x00, 0x00, 0x00, 0x00, 0x00,
	0x00, 0x00, 0x00, 0x00, 0x00, 0x00, 0x00, 0x00, 0x00, 0x00, 0x00, 0x00, 0x00, 0x00, 0x00, 0x00,
	0x00, 0x00, 0x00, 0x00, 0x00, 0x00, 0x00, 0x00, 0x00, 0x00, 0x00, 0x00, 0x00, 0x00, 0x00, 0x00,
	0x00, 0x00, 0x00, 0x00, 0x00, 0x00, 0x00, 0x00, 0x00, 0x00, 0x00, 0x00, 0x00, 0x00, 0x00, 0x00,
	0x00, 0x00, 0x00, 0x00, 0x00, 0x00, 0x00, 0x00, 0x00, 0x00, 0x00, 0x00, 0x00, 0x00, 0x00, 0x00,
	0x00, 0x00, 0x00, 0x00, 0x00, 0x00, 0x00, 0x00, 0x00, 0x00, 0x00, 0x00, 0x00, 0x00, 0x00, 0x00,
	0x00, 0x00, 0x00, 0x00, 0x00, 0x00, 0x00, 0x00, 0x00, 0x00, 0x00, 0x00, 0x00, 0x00, 0x00, 0x00,
	0x00, 0x00, 0x00, 0x00, 0x00, 0x00, 0x00, 0x00, 0x00, 0x00, 0x00, 0x00, 0x00, 0x00, 0x00, 0x00,
	0x00, 0x00, 0x00, 0x00, 0x00, 0x00, 0x00, 0x00, 0x00, 0x00, 0x00, 0x00, 0x00, 0x00, 0x00, 0x00,
	0x00, 0x00, 0x00, 0x00, 0x00, 0x00, 0x00, 0x00, 0x00, 0x00, 0x00, 0x00, 0x00, 0x00, 0x00, 0x00,
	0x00, 0x00, 0x00, 0x00, 0x00, 0x00, 0x00, 0x00, 0x00, 0x00, 0x00, 0x00, 0x00, 0x00, 0x00, 0x00,
	0x07, 0x00, 0x00, 0x00, 0x00, 0x00, 0x00, 0x00, 0x00, 0x00, 0x00, 0x00, 0x00, 0x00, 0x00, 0x00,
	0x00, 0x00, 0x00, 0x00, 0x00, 0x00, 0x00, 0x00, 0x00, 0x00, 0x00, 0x00, 0x00, 0x00, 0x00, 0x00,
	0x00, 0x00, 0x00, 0x00, 0x00, 0x00, 0x00, 0x00, 0x00, 0x00, 0x00, 0x00, 0x00, 0x00, 0x07, 0x00,
	0x00, 0x00, 0x00, 0x00, 0x00, 0x00, 0x00, 0x00, 0x00, 0x00, 0x00, 0x00, 0x00, 0x00, 0x00, 0x00,
	0x00, 0x00, 0x00, 0x00, 0x00, 0x00, 0x00, 0x00, 0x00, 0x00, 0x00, 0x00, 0x0a, 0x00, 0x00, 0x00,
	0x00, 0x00, 0x00, 0x00, 0x27, 0x01, 0xe6, 0x00, 0xc6, 0x00, 0xc6, 0x00, 0xc6, 0x00, 0xc6, 0x00,
	0x07, 0x01, 0x07, 0x01, 0x07, 0x01, 0x07, 0x01, 0x07, 0x01, 0x07, 0x01, 0x07, 0x01, 0x07, 0x01,
	0xc6, 0x00, 0xc6, 0x00, 0xc6, 0x00, 0xc6, 0x00, 0xe6, 0x00, 0x26, 0x01, 0x00, 0x00, 0x00, 0x00,
	0x00, 0x00, 0x0a, 0x00, 0x00, 0x00, 0x00, 0x00, 0x00, 0x00, 0x00, 0x00, 0x00, 0x00, 0x00, 0x00,
	0x00, 0x00, 0x00, 0x00, 0x00, 0x00, 0x00, 0x00, 0x00, 0x00, 0x0a, 0x00, 0x00, 0x00, 0xe6, 0x00,
	0xe6, 0x00, 0xe6, 0x00, 0xe6, 0x00, 0xe6, 0x00, 0xe6, 0x00, 0xe6, 0x00, 0xe6, 0x00, 0xe6, 0x00,
	0xe6, 0x00, 0xe6, 0x00, 0xe6, 0x00, 0xe6, 0x00, 0xe6, 0x00, 0xe6, 0x00, 0xe6, 0x00, 0xe6, 0x00,
	0xe6, 0x00, 0xe6, 0x00, 0xe6, 0x00, 0xe6, 0x00, 0xe6, 0x00, 0xe6, 0x00, 0xe6, 0x00, 0xe6, 0x00,
	0xc6, 0x00, 0x00, 0x00, 0x0f, 0x00, 0x00, 0x00, 0x00, 0x00, 0x00, 0x00, 0x00, 0x00, 0x00, 0x00,
	0x00, 0x00, 0x00, 0x00, 0x00, 0x00, 0x00, 0x00, 0x0a, 0x00, 0x00, 0x00, 0xe6, 0x00, 0xe6, 0x00,
	0x07, 0x01, 0xe7, 0x00, 0xe6, 0x00, 0xe6, 0x00, 0xe6, 0x00, 0xe6, 0x00, 0xe6, 0x00, 0xe6, 0x00,
	0xe6, 0x00, 0xe6, 0x00, 0xe6, 0x00, 0xe6, 0x00, 0xe6, 0x00, 0xe6, 0x00, 0xe6, 0x00, 0xe6, 0x00,
	0xe6, 0x00, 0xe6, 0x00, 0xe6, 0x00, 0xe6, 0x00, 0xe6, 0x00, 0xe6, 0x00, 0xe7, 0x00, 0x07, 0x01,
	0xe7, 0x00, 0xe6, 0x00, 0x00, 0x00, 0x0a, 0x00, 0x00, 0x00, 0x00, 0x00, 0x00, 0x00, 0x00, 0x00,
	0x00, 0x00, 0x00, 0x00, 0x00, 0x00, 0x0a, 0x00, 0x00, 0x00, 0xe6, 0x00, 0x07, 0x01, 0xe6, 0x00,
	0xe6, 0x00, 0xe6, 0x00, 0xe6, 0x00, 0xe6, 0x00, 0xe6, 0x00, 0xe6, 0x00, 0xe6, 0x00, 0xe6, 0x00,
	0xe6, 0x00, 0xe6, 0x00, 0xe6, 0x00, 0xe6, 0x00, 0xe6, 0x00, 0xe6, 0x00, 0xe6, 0x00, 0xe6, 0x00,
	0xe6, 0x00, 0xe6, 0x00, 0xe6, 0x00, 0xe6, 0x00, 0xe6, 0x00, 0xe6, 0x00, 0xe6, 0x00, 0xe6, 0x00,
	0xe6, 0x00, 0x07, 0x01, 0xe6, 0x00, 0x00, 0x00, 0x0a, 0x00, 0x00, 0x00, 0x00, 0x00, 0x00, 0x00,
	0x00, 0x00, 0x00, 0x00, 0x00, 0x00, 0x00, 0x00, 0xe6, 0x00, 0xe6, 0x00, 0xe6, 0x00, 0xe6, 0x00,
	0xe6, 0x00, 0xe6, 0x00, 0xe6, 0x00, 0xe6, 0x00, 0xe6, 0x00, 0xe6, 0x00, 0xe6, 0x00, 0xe6, 0x00,
	0xe6, 0x00, 0xe6, 0x00, 0xe6, 0x00, 0xe6, 0x00, 0xe6, 0x00, 0xe6, 0x00, 0xe6, 0x00, 0xe6, 0x00,
	0xe6, 0x00, 0xe6, 0x00, 0xe6, 0x00, 0xe6, 0x00, 0xe6, 0x00, 0xe6, 0x00, 0xe6, 0x00, 0xe6, 0x00,
	0xe6, 0x00, 0xe6, 0x00, 0xe6, 0x00, 0xc6, 0x00, 0x00, 0x00, 0x00, 0x00, 0x00, 0x00, 0x00, 0x00,
	0x00, 0x00, 0x00, 0x00, 0x07, 0x00, 0x00, 0x00, 0xe6, 0x00, 0x07, 0x01, 0xe6, 0x00, 0xe6, 0x00,
	0xe6, 0x00, 0xe6, 0x00, 0xe6, 0x00, 0xe6, 0x00, 0xe6, 0x00, 0xe6, 0x00, 0xe6, 0x00, 0xe6, 0x00,
	0xe6, 0x00, 0xe6, 0x00, 0xe6, 0x00, 0xe6, 0x00, 0xe6, 0x00, 0xe6, 0x00, 0xe6, 0x00, 0xe6, 0x00,
	0xe6, 0x00, 0xe6, 0x00, 0xe6, 0x00, 0xe6, 0x00, 0xe6, 0x00, 0xe6, 0x00, 0xe6, 0x00, 0xe6, 0x00,
	0xe6, 0x00, 0xe6, 0x00, 0x07, 0x01, 0xe6, 0x00, 0x00, 0x00, 0x07, 0x00, 0x00, 0x00, 0x00, 0x00,
	0x00, 0x00, 0x00, 0x00, 0x00, 0x00, 0x00, 0x00, 0xe6, 0x00, 0xe7, 0x00, 0xe6, 0x00, 0xe6, 0x00,
	0xe6, 0x00, 0xe6, 0x00, 0xe6, 0x00, 0xe6, 0x00, 0xe6, 0x00, 0xe6, 0x00, 0xe6, 0x00, 0xe6, 0x00,
	0xe6, 0x00, 0xe6, 0x00, 0xe6, 0x00, 0xe6, 0x00, 0xe6, 0x00, 0xe6, 0x00, 0xe6, 0x00, 0xe6, 0x00,
	0xe6, 0x00, 0xe6, 0x00, 0xe6, 0x00, 0xe6, 0x00, 0xe6, 0x00, 0xe6, 0x00, 0xe6, 0x00, 0xe6, 0x00,
	0xe6, 0x00, 0xe6, 0x00, 0xe7, 0x00, 0xe6, 0x00, 0x00, 0x00, 0x00, 0x00, 0x00, 0x00, 0x00, 0x00,
	0x00, 0x00, 0x00, 0x00, 0x00, 0x00, 0x65, 0x00, 0xe6, 0x00, 0xe6, 0x00, 0xe6, 0x00, 0xe6, 0x00,
	0xe6, 0x00, 0xe6, 0x00, 0x07, 0x01, 0xe7, 0x00, 0xe7, 0x00, 0xe7, 0x00, 0xe7, 0x00, 0xe7, 0x00,
	0xe7, 0x00, 0xe6, 0x00, 0xe6, 0x00, 0xe6, 0x00, 0xe6, 0x00, 0xe6, 0x00, 0xe6, 0x00, 0xe6, 0x00,
	0xe6, 0x00, 0xe6, 0x00, 0xe6, 0x00, 0xe6, 0x00, 0xe6, 0x00, 0xe6, 0x00, 0xe6, 0x00, 0xe6, 0x00,
	0xe6, 0x00, 0xe6, 0x00, 0xe6, 0x00, 0xe6, 0x00, 0xc4, 0x00, 0x00, 0x00, 0x00, 0x00, 0x00, 0x00,
	0x00, 0x00, 0x00, 0x00, 0x00, 0x00, 0xc5, 0x00, 0xe6, 0x00, 0xe6, 0x00, 0xe6, 0x00, 0xe6, 0x00,
	0xe6, 0x00, 0xe6, 0x00, 0xa5, 0x00, 0xa5, 0x00, 0xa5, 0x00, 0xa5, 0x00, 0xa5, 0x00, 0xa5, 0x00,
	0xc5, 0x00, 0xe6, 0x00, 0x07, 0x01, 0xe7, 0x00, 0xe6, 0x00, 0xe6, 0x00, 0xe6, 0x00, 0xe6, 0x00,
	0xe6, 0x00, 0xe6, 0x00, 0xe6, 0x00, 0xe6, 0x00, 0xe6, 0x00, 0xe6, 0x00, 0xe6, 0x00, 0xe6, 0x00,
	0xe6, 0x00, 0xe6, 0x00, 0xe6, 0x00, 0xe6, 0x00, 0xa5, 0x00, 0x00, 0x00, 0x00, 0x00, 0x00, 0x00,
	0x00, 0x00, 0x00, 0x00, 0x00, 0x00, 0xa5, 0x00, 0xe6, 0x00, 0xe6, 0x00, 0xe6, 0x00, 0xe6, 0x00,
	0xe6, 0x00, 0x28, 0x01, 0xec, 0x09, 0xec, 0x09, 0xec, 0x09, 0xec, 0x09, 0xec, 0x09, 0xec, 0x09,
	0xab, 0x09, 0x28, 0x01, 0xa5, 0x00, 0xc5, 0x00, 0x07, 0x01, 0xe6, 0x00, 0xe6, 0x00, 0xe6, 0x00,
	0xe6, 0x00, 0xe6, 0x00, 0xe6, 0x00, 0xe6, 0x00, 0xe6, 0x00, 0xe6, 0x00, 0xe6, 0x00, 0xe6, 0x00,
	0xe6, 0x00, 0xe6, 0x00, 0xe6, 0x00, 0xe6, 0x00, 0xc5, 0x00, 0x00, 0x00, 0x00, 0x00, 0x00, 0x00,
	0x00, 0x00, 0x00, 0x00, 0x00, 0x00, 0xc6, 0x00, 0xe6, 0x00, 0xe6, 0x00, 0xe6, 0x00, 0x07, 0x01,
	0xa5, 0x00, 0x2d, 0x0a, 0x9f, 0x35, 0x5f, 0x35, 0x7f, 0x35, 0x7f, 0x35, 0x7f, 0x35, 0x7f, 0x35,
	0x5f, 0x35, 0xfd, 0x2c, 0xf7, 0x23, 0xcc, 0x09, 0xa5, 0x00, 0xe7, 0x00, 0xe6, 0x00, 0xe6, 0x00,
	0xe6, 0x00, 0xe6, 0x00, 0x07, 0x01, 0x07, 0x01, 0xe7, 0x00, 0xe6, 0x00, 0xe6, 0x00, 0xe6, 0x00,
	0xe6, 0x00, 0xe6, 0x00, 0xe6, 0x00, 0xe6, 0x00, 0xc5, 0x00, 0x00, 0x00, 0x00, 0x00, 0x00, 0x00,
	0x00, 0x00, 0x00, 0x00, 0x00, 0x00, 0xc5, 0x00, 0xe6, 0x00, 0xe6, 0x00, 0xe6, 0x00, 0x07, 0x01,
	0xa5, 0x00, 0x0d, 0x0a, 0x7f, 0x35, 0x3f, 0x35, 0x3f, 0x35, 0x3f, 0x35, 0x3f, 0x35, 0x3f, 0x35,
	0x3f, 0x35, 0x5f, 0x35, 0x9f, 0x35, 0x7f, 0x35, 0x8f, 0x12, 0xa5, 0x00, 0x07, 0x01, 0xe6, 0x00,
	0x07, 0x01, 0xc6, 0x00, 0xa5, 0x00, 0xa5, 0x00, 0xc5, 0x00, 0xc6, 0x00, 0xe6, 0x00, 0xe6, 0x00,
	0xe6, 0x00, 0xe6, 0x00, 0xe6, 0x00, 0xe6, 0x00, 0xc5, 0x00, 0x00, 0x00, 0x00, 0x00, 0x00, 0x00,
	0x00, 0x00, 0x00, 0x00, 0x00, 0x00, 0xc5, 0x00, 0xe6, 0x00, 0xe6, 0x00, 0xe6, 0x00, 0x07, 0x01,
	0xa5, 0x00, 0x0d, 0x0a, 0x7f, 0x35, 0x3f, 0x35, 0x5f, 0x35, 0x5f, 0x35, 0x5f, 0x35, 0x5f, 0x35,
	0x9f, 0x35, 0x5f, 0x35, 0x3f, 0x35, 0x5f, 0x35, 0x3f, 0x35, 0x69, 0x01, 0xc6, 0x00, 0xe6, 0x00,
	0xa5, 0x00, 0x48, 0x01, 0xec, 0x09, 0x0d, 0x0a, 0xec, 0x09, 0x48, 0x01, 0xc6, 0x00, 0xe6, 0x00,
	0xe6, 0x00, 0xe6, 0x00, 0xe6, 0x00, 0xe6, 0x00, 0xc5, 0x00, 0x00, 0x00, 0x00, 0x00, 0x00, 0x00,
	0x00, 0x00, 0x00, 0x00, 0x00, 0x00, 0xc5, 0x00, 0xe6, 0x00, 0xe6, 0x00, 0xe6, 0x00, 0x07, 0x01,
	0xa5, 0x00, 0x0d, 0x0a, 0x7f, 0x35, 0x3f, 0x35, 0x7f, 0x35, 0x39, 0x24, 0x8a, 0x09, 0xcb, 0x09,
	0x90, 0x12, 0x1e, 0x2d, 0x5f, 0x35, 0x3f, 0x35, 0x9f, 0x35, 0xf2, 0x12, 0x84, 0x00, 0x48, 0x01,
	0xb6, 0x23, 0x1e, 0x2d, 0x5f, 0x35, 0x7f, 0x35, 0x5f, 0x35, 0x3e, 0x35, 0xf2, 0x12, 0xa5, 0x00,
	0x07, 0x01, 0xe6, 0x00, 0xe6, 0x00, 0xe6, 0x00, 0xc5, 0x00, 0x00, 0x00, 0x00, 0x00, 0x00, 0x00,
	0x00, 0x00, 0x00, 0x00, 0x00, 0x00, 0xc5, 0x00, 0xe6, 0x00, 0xe6, 0x00, 0xe6, 0x00, 0x07, 0x01,
	0xa5, 0x00, 0x0d, 0x0a, 0x7f, 0x35, 0x3f, 0x35, 0x9f, 0x35, 0xf7, 0x23, 0x84, 0x00, 0xe6, 0x00,
	0x63, 0x00, 0x54, 0x1b, 0x9f, 0x35, 0x3f, 0x2d, 0x9f, 0x35, 0x96, 0x1b, 0x84, 0x00, 0x5a, 0x24,
	0xbf, 0x35, 0x5f, 0x35, 0x7f, 0x35, 0x9f, 0x35, 0x7f, 0x35, 0xbf, 0x35, 0xb6, 0x1b, 0xa5, 0x00,
	0x07, 0x01, 0xe6, 0x00, 0xe6, 0x00, 0xe6, 0x00, 0xc5, 0x00, 0x00, 0x00, 0x00, 0x00, 0x00, 0x00,
	0x00, 0x00, 0x00, 0x00, 0x00, 0x00, 0xc5, 0x00, 0xe6, 0x00, 0xe6, 0x00, 0xe6, 0x00, 0x07, 0x01,
	0xa5, 0x00, 0x0d, 0x0a, 0x7f, 0x35, 0x3f, 0x35, 0x9f, 0x35, 0xf7, 0x23, 0x64, 0x00, 0xc6, 0x00,
	0x64, 0x00, 0x96, 0x1b, 0x9f, 0x35, 0x3f, 0x2d, 0x9f, 0x35, 0x54, 0x1b, 0xaa, 0x09, 0x9f, 0x35,
	0x3f, 0x35, 0x5f, 0x35, 0x9b, 0x2c, 0x75, 0x1b, 0x39, 0x24, 0x7f, 0x35, 0xb6, 0x23, 0xa4, 0x00,
	0x07, 0x01, 0xe6, 0x00, 0xe6, 0x00, 0xe6, 0x00, 0xc5, 0x00, 0x00, 0x00, 0x00, 0x00, 0x00, 0x00,
	0x00, 0x00, 0x00, 0x00, 0x00, 0x00, 0xc5, 0x00, 0xe6, 0x00, 0xe6, 0x00, 0xe6, 0x00, 0x07, 0x01,
	0xa5, 0x00, 0x0d, 0x0a, 0x7f, 0x35, 0x3f, 0x35, 0x7f, 0x35, 0x7a, 0x24, 0x4e, 0x12, 0x6f, 0x12,
	0x54, 0x1b, 0x3f, 0x35, 0x5f, 0x35, 0x3f, 0x35, 0xbf, 0x35, 0x4e, 0x0a, 0x0d, 0x0a, 0x9f, 0x35,
	0x3f, 0x35, 0x7f, 0x35, 0xf7, 0x23, 0x28, 0x01, 0xa5, 0x00, 0x28, 0x01, 0xcb, 0x09, 0xe6, 0x00,
	0xe6, 0x00, 0xe6, 0x00, 0xe6, 0x00, 0xe6, 0x00, 0xc5, 0x00, 0x00, 0x00, 0x00, 0x00, 0x00, 0x00,
	0x00, 0x00, 0x00, 0x00, 0x00, 0x00, 0xc5, 0x00, 0xe6, 0x00, 0xe6, 0x00, 0xe6, 0x00, 0x07, 0x01,
	0xa5, 0x00, 0x0d, 0x0a, 0x7f, 0x35, 0x3f, 0x35, 0x5f, 0x35, 0x5f, 0x35, 0x9f, 0x35, 0x9f, 0x35,
	0x9f, 0x35, 0x3f, 0x35, 0x3f, 0x35, 0x9f, 0x35, 0xdc, 0x2c, 0xe6, 0x00, 0x69, 0x01, 0x5f, 0x35,
	0x5f, 0x35, 0x3f, 0x35, 0x7f, 0x35, 0x5f, 0x35, 0x7a, 0x2c, 0xb0, 0x12, 0xc5, 0x00, 0xe6, 0x00,
	0xe6, 0x00, 0xe6, 0x00, 0xe6, 0x00, 0xe6, 0x00, 0xc5, 0x00, 0x00, 0x00, 0x00, 0x00, 0x00, 0x00,
	0x00, 0x00, 0x00, 0x00, 0x00, 0x00, 0xc5, 0x00, 0xe6, 0x00, 0xe6, 0x00, 0xe6, 0x00, 0x07, 0x01,
	0xa5, 0x00, 0x0d, 0x0a, 0x7f, 0x35, 0x3f, 0x35, 0x5f, 0x35, 0x5f, 0x35, 0x5f, 0x35, 0x5f, 0x35,
	0x5f, 0x35, 0x7f, 0x35, 0x9f, 0x35, 0xdc, 0x2c, 0xab, 0x09, 0xc6, 0x00, 0xc5, 0x00, 0x90, 0x12,
	0x5f, 0x35, 0x9f, 0x35, 0x7f, 0x35, 0x5f, 0x35, 0x7f, 0x35, 0xbf, 0x35, 0x18, 0x24, 0xe6, 0x00,
	0xe6, 0x00, 0xe6, 0x00, 0xe6, 0x00, 0xe6, 0x00, 0xc5, 0x00, 0x00, 0x00, 0x00, 0x00, 0x00, 0x00,
	0x00, 0x00, 0x00, 0x00, 0x00, 0x00, 0xc5, 0x00, 0xe6, 0x00, 0xe6, 0x00, 0xe6, 0x00, 0x07, 0x01,
	0xa5, 0x00, 0x0d, 0x0a, 0x7f, 0x35, 0x3f, 0x35, 0x5f, 0x35, 0x3f, 0x35, 0x1e, 0x2d, 0x1e, 0x2d,
	0xfd, 0x2c, 0x7a, 0x2c, 0x13, 0x1b, 0x28, 0x01, 0xc5, 0x00, 0xe7, 0x00, 0xe7, 0x00, 0x64, 0x00,
	0x49, 0x01, 0x33, 0x1b, 0x9b, 0x2c, 0x5f, 0x35, 0x3f, 0x35, 0x3f, 0x35, 0xbf, 0x35, 0x4e, 0x0a,
	0xa5, 0x00, 0x07, 0x01, 0xe6, 0x00, 0xe6, 0x00, 0xc5, 0x00, 0x00, 0x00, 0x00, 0x00, 0x00, 0x00,
	0x00, 0x00, 0x00, 0x00, 0x00, 0x00, 0xc5, 0x00, 0xe6, 0x00, 0xe6, 0x00, 0xe6, 0x00, 0x07, 0x01,
	0xa5, 0x00, 0x0d, 0x0a, 0x7f, 0x35, 0x3f, 0x35, 0x7f, 0x35, 0x18, 0x24, 0x27, 0x01, 0x69, 0x01,
	0x28, 0x01, 0xc6, 0x00, 0xa5, 0x00, 0xe6, 0x00, 0x07, 0x01, 0xa5, 0x00, 0xcc, 0x09, 0xb6, 0x1b,
	0x8a, 0x09, 0xa5, 0x00, 0x84, 0x00, 0x33, 0x1b, 0x9f, 0x35, 0x3f, 0x2d, 0x9f, 0x35, 0xf2, 0x12,
	0xa4, 0x00, 0x07, 0x01, 0xe6, 0x00, 0xe6, 0x00, 0xc5, 0x00, 0x00, 0x00, 0x00, 0x00, 0x00, 0x00,
	0x00, 0x00, 0x00, 0x00, 0x00, 0x00, 0xa5, 0x00, 0xe6, 0x00, 0xe6, 0x00, 0xe6, 0x00, 0x07, 0x01,
	0xa5, 0x00, 0x0d, 0x0a, 0x7f, 0x35, 0x3f, 0x35, 0x9f, 0x35, 0xf7, 0x23, 0xa4, 0x00, 0xe6, 0x00,
	0xe6, 0x00, 0xe6, 0x00, 0x07, 0x01, 0xe6, 0x00, 0xe7, 0x00, 0xa5, 0x00, 0xec, 0x09, 0xbf, 0x35,
	0x5f, 0x35, 0xbc, 0x2c, 0x39, 0x24, 0xdd, 0x2c, 0x5f, 0x35, 0x3f, 0x2d, 0x9f, 0x35, 0x4e, 0x0a,
	0xa5, 0x00, 0x07, 0x01, 0xe6, 0x00, 0xe6, 0x00, 0xc5, 0x00, 0x00, 0x00, 0x00, 0x00, 0x00, 0x00,
	0x00, 0x00, 0x00, 0x00, 0x00, 0x00, 0xa5, 0x00, 0xe6, 0x00, 0xe6, 0x00, 0xe6, 0x00, 0x07, 0x01,
	0xa5, 0x00, 0x2d, 0x0a, 0x9f, 0x35, 0x3f, 0x35, 0x9f, 0x35, 0x18, 0x24, 0xc5, 0x00, 0x07, 0x01,
	0xe6, 0x00, 0xe6, 0x00, 0xe6, 0x00, 0xe6, 0x00, 0x07, 0x01, 0xa5, 0x00, 0x0d, 0x0a, 0xbf, 0x35,
	0x5f, 0x35, 0x7f, 0x35, 0x7f, 0x35, 0x5f, 0x35, 0x5f, 0x35, 0xbf, 0x35, 0x5a, 0x24, 0xe6, 0x00,
	0xe6, 0x00, 0xe6, 0x00, 0xe6, 0x00, 0xe6, 0x00, 0xc5, 0x00, 0x00, 0x00, 0x00, 0x00, 0x00, 0x00,
	0x00, 0x00, 0x00, 0x00, 0x00, 0x00, 0xa5, 0x00, 0xe6, 0x00, 0xe6, 0x00, 0xe6, 0x00, 0x07, 0x01,
	0xa5, 0x00, 0x0d, 0x0a, 0x3e, 0x35, 0xfd, 0x2c, 0x5e, 0x35, 0xd7, 0x23, 0xa5, 0x00, 0x07, 0x01,
	0xe6, 0x00, 0xe6, 0x00, 0xe6, 0x00, 0xe6, 0x00, 0xe6, 0x00, 0xe6, 0x00, 0x48, 0x01, 0xd6, 0x23,
	0xfd, 0x2c, 0x5f, 0x35, 0x5f, 0x35, 0x5f, 0x35, 0x1e, 0x2d, 0xb6, 0x1b, 0x28, 0x01, 0xc6, 0x00,
	0xe6, 0x00, 0xe6, 0x00, 0xe6, 0x00, 0xe6, 0x00, 0xc5, 0x00, 0x00, 0x00, 0x00, 0x00, 0x00, 0x00,
	0x00, 0x00, 0x00, 0x00, 0x00, 0x00, 0xa5, 0x00, 0xe6, 0x00, 0xe6, 0x00, 0xe6, 0x00, 0xe6, 0x00,
	0xe6, 0x00, 0x07, 0x01, 0x48, 0x01, 0x48, 0x01, 0x48, 0x01, 0x28, 0x01, 0xe6, 0x00, 0xe6, 0x00,
	0xe6, 0x00, 0xe6, 0x00, 0xe6, 0x00, 0xe6, 0x00, 0xe6, 0x00, 0xe6, 0x00, 0xc6, 0x00, 0xa5, 0x00,
	0x28, 0x01, 0xaa, 0x09, 0xec, 0x09, 0xcb, 0x09, 0x48, 0x01, 0xa5, 0x00, 0xe6, 0x00, 0xe6, 0x00,
	0xe6, 0x00, 0xe6, 0x00, 0xe6, 0x00, 0xe6, 0x00, 0xc5, 0x00, 0x00, 0x00, 0x00, 0x00, 0x00, 0x00,
	0x00, 0x00, 0x00, 0x00, 0x00, 0x00, 0xc5, 0x00, 0xe6, 0x00, 0xe6, 0x00, 0xe6, 0x00, 0xe6, 0x00,
	0xe6, 0x00, 0xe6, 0x00, 0xc6, 0x00, 0xc6, 0x00, 0xc6, 0x00, 0xe6, 0x00, 0xe6, 0x00, 0xe6, 0x00,
	0xe6, 0x00, 0xe6, 0x00, 0xe6, 0x00, 0xe6, 0x00, 0xe6, 0x00, 0xe6, 0x00, 0xe6, 0x00, 0x07, 0x01,
	0xe6, 0x00, 0xc5, 0x00, 0xa5, 0x00, 0xc5, 0x00, 0xc6, 0x00, 0x07, 0x01, 0xe6, 0x00, 0xe6, 0x00,
	0xe6, 0x00, 0xe6, 0x00, 0xe6, 0x00, 0xe6, 0x00, 0xa5, 0x00, 0x00, 0x00, 0x00, 0x00, 0x00, 0x00,
	0x00, 0x00, 0x00, 0x00, 0x00, 0x00, 0x64, 0x00, 0xe6, 0x00, 0xe6, 0x00, 0xe6, 0x00, 0xe6, 0x00,
	0xe6, 0x00, 0xe6, 0x00, 0xe6, 0x00, 0xe6, 0x00, 0xe6, 0x00, 0xe6, 0x00, 0xe6, 0x00, 0xe6, 0x00,
	0xe6, 0x00, 0xe6, 0x00, 0xe6, 0x00, 0xe6, 0x00, 0xe6, 0x00, 0xe6, 0x00, 0xe6, 0x00, 0xe6, 0x00,
	0xe6, 0x00, 0xe7, 0x00, 0xe7, 0x00, 0xe7, 0x00, 0xe6, 0x00, 0xe6, 0x00, 0xe6, 0x00, 0xe6, 0x00,
	0xe6, 0x00, 0xe6, 0x00, 0xe6, 0x00, 0xe6, 0x00, 0xa3, 0x00, 0x00, 0x00, 0x00, 0x00, 0x00, 0x00,
	0x00, 0x00, 0x00, 0x00, 0x00, 0x00, 0x00, 0x00, 0xe6, 0x00, 0xe7, 0x00, 0xe6, 0x00, 0xe6, 0x00,
	0xe6, 0x00, 0xe6, 0x00, 0xe6, 0x00, 0xe6, 0x00, 0xe6, 0x00, 0xe6, 0x00, 0xe6, 0x00, 0xe6, 0x00,
	0xe6, 0x00, 0xe6, 0x00, 0xe6, 0x00, 0xe6, 0x00, 0xe6, 0x00, 0xe6, 0x00, 0xe6, 0x00, 0xe6, 0x00,
	0xe6, 0x00, 0xe6, 0x00, 0xe6, 0x00, 0xe6, 0x00, 0xe6, 0x00, 0xe6, 0x00, 0xe6, 0x00, 0xe6, 0x00,
	0xe6, 0x00, 0xe6, 0x00, 0xe7, 0x00, 0xe6, 0x00, 0x00, 0x00, 0x00, 0x00, 0x00, 0x00, 0x00, 0x00,
	0x00, 0x00, 0x00, 0x00, 0x0a, 0x00, 0x00, 0x00, 0xc6, 0x00, 0x07, 0x01, 0xe6, 0x00, 0xe6, 0x00,
	0xe6, 0x00, 0xe6, 0x00, 0xe6, 0x00, 0xe6, 0x00, 0xe6, 0x00, 0xe6, 0x00, 0xe6, 0x00, 0xe6, 0x00,
	0xe6, 0x00, 0xe6, 0x00, 0xe6, 0x00, 0xe6, 0x00, 0xe6, 0x00, 0xe6, 0x00, 0xe6, 0x00, 0xe6, 0x00,
	0xe6, 0x00, 0xe6, 0x00, 0xe6, 0x00, 0xe6, 0x00, 0xe6, 0x00, 0xe6, 0x00, 0xe6, 0x00, 0xe6, 0x00,
	0xe6, 0x00, 0xe6, 0x00, 0x07, 0x01, 0xc6, 0x00, 0x00, 0x00, 0x0a, 0x00, 0x00, 0x00, 0x00, 0x00,
	0x00, 0x00, 0x00, 0x00, 0x00, 0x00, 0x00, 0x00, 0xa4, 0x00, 0xe6, 0x00, 0xe6, 0x00, 0xe6, 0x00,
	0xe6, 0x00, 0xe6, 0x00, 0xe6, 0x00, 0xe6, 0x00, 0xe6, 0x00, 0xe6, 0x00, 0xe6, 0x00, 0xe6, 0x00,
	0xe6, 0x00, 0xe6, 0x00, 0xe6, 0x00, 0xe6, 0x00, 0xe6, 0x00, 0xe6, 0x00, 0xe6, 0x00, 0xe6, 0x00,
	0xe6, 0x00, 0xe6, 0x00, 0xe6, 0x00, 0xe6, 0x00, 0xe6, 0x00, 0xe6, 0x00, 0xe6, 0x00, 0xe6, 0x00,
	0xe6, 0x00, 0xe6, 0x00, 0xe6, 0x00, 0x84, 0x00, 0x00, 0x00, 0x00, 0x00, 0x00, 0x00, 0x00, 0x00,
	0x00, 0x00, 0x00, 0x00, 0x00, 0x00, 0x0f, 0x00, 0x00, 0x00, 0xc5, 0x00, 0x07, 0x01, 0xe6, 0x00,
	0xe6, 0x00, 0xe6, 0x00, 0xe6, 0x00, 0xe6, 0x00, 0xe6, 0x00, 0xe6, 0x00, 0xe6, 0x00, 0xe6, 0x00,
	0xe6, 0x00, 0xe6, 0x00, 0xe6, 0x00, 0xe6, 0x00, 0xe6, 0x00, 0xe6, 0x00, 0xe6, 0x00, 0xe6, 0x00,
	0xe6, 0x00, 0xe6, 0x00, 0xe6, 0x00, 0xe6, 0x00, 0xe6, 0x00, 0xe6, 0x00, 0xe6, 0x00, 0xe6, 0x00,
	0xe6, 0x00, 0x07, 0x01, 0xc5, 0x00, 0x00, 0x00, 0x0f, 0x00, 0x00, 0x00, 0x00, 0x00, 0x00, 0x00,
	0x00, 0x00, 0x00, 0x00, 0x00, 0x00, 0x00, 0x00, 0x0f, 0x00, 0x00, 0x00, 0xc5, 0x00, 0xe6, 0x00,
	0x07, 0x01, 0xe7, 0x00, 0xe6, 0x00, 0xe6, 0x00, 0xe6, 0x00, 0xe6, 0x00, 0xe6, 0x00, 0xe6, 0x00,
	0xe6, 0x00, 0xe6, 0x00, 0xe6, 0x00, 0xe6, 0x00, 0xe6, 0x00, 0xe6, 0x00, 0xe6, 0x00, 0xe6, 0x00,
	0xe6, 0x00, 0xe6, 0x00, 0xe6, 0x00, 0xe6, 0x00, 0xe6, 0x00, 0xe6, 0x00, 0xe7, 0x00, 0x07, 0x01,
	0xe6, 0x00, 0xc5, 0x00, 0x00, 0x00, 0x0f, 0x00, 0x00, 0x00, 0x00, 0x00, 0x00, 0x00, 0x00, 0x00,
	0x00, 0x00, 0x00, 0x00, 0x00, 0x00, 0x00, 0x00, 0x00, 0x00, 0x1f, 0x00, 0x00, 0x00, 0x84, 0x00,
	0xc5, 0x00, 0xe6, 0x00, 0xe6, 0x00, 0xe6, 0x00, 0xe6, 0x00, 0xe6, 0x00, 0xe6, 0x00, 0xe6, 0x00,
	0xe6, 0x00, 0xe6, 0x00, 0xe6, 0x00, 0xe6, 0x00, 0xe6, 0x00, 0xe6, 0x00, 0xe6, 0x00, 0xe6, 0x00,
	0xe6, 0x00, 0xe6, 0x00, 0xe6, 0x00, 0xe6, 0x00, 0xe6, 0x00, 0xe6, 0x00, 0xe6, 0x00, 0xc6, 0x00,
	0x83, 0x00, 0x00, 0x00, 0x00, 0x00, 0x00, 0x00, 0x00, 0x00, 0x00, 0x00, 0x00, 0x00, 0x00, 0x00,
	0x00, 0x00, 0x00, 0x00, 0x00, 0x00, 0x00, 0x00, 0x00, 0x00, 0x00, 0x00, 0x0f, 0x00, 0x00, 0x00,
	0x00, 0x00, 0x00, 0x00, 0x62, 0x00, 0x63, 0x00, 0x83, 0x00, 0x83, 0x00, 0x83, 0x00, 0x83, 0x00,
	0x83, 0x00, 0x83, 0x00, 0x83, 0x00, 0x83, 0x00, 0x83, 0x00, 0x83, 0x00, 0x83, 0x00, 0x83, 0x00,
	0x83, 0x00, 0x83, 0x00, 0x83, 0x00, 0x83, 0x00, 0x63, 0x00, 0x62, 0x00, 0x00, 0x00, 0x00, 0x00,
	0x00, 0x00, 0x0f, 0x00, 0x00, 0x00, 0x00, 0x00, 0x00, 0x00, 0x00, 0x00, 0x00, 0x00, 0x00, 0x00,
	0x00, 0x00, 0x00, 0x00, 0x00, 0x00, 0x00, 0x00, 0x00, 0x00, 0x00, 0x00, 0x00, 0x00, 0x00, 0x00,
	0x1f, 0x00, 0x00, 0x00, 0x00, 0x00, 0x00, 0x00, 0x00, 0x00, 0x00, 0x00, 0x00, 0x00, 0x00, 0x00,
	0x00, 0x00, 0x00, 0x00, 0x00, 0x00, 0x00, 0x00, 0x00, 0x00, 0x00, 0x00, 0x00, 0x00, 0x00, 0x00,
	0x00, 0x00, 0x00, 0x00, 0x00, 0x00, 0x00, 0x00, 0x00, 0x00, 0x00, 0x00, 0x00, 0x00, 0x1f, 0x00,
	0x00, 0x00, 0x00, 0x00, 0x00, 0x00, 0x00, 0x00, 0x00, 0x00, 0x00, 0x00, 0x00, 0x00, 0x00, 0x00,
	0x00, 0x00, 0x00, 0x00, 0x00, 0x00, 0x00, 0x00, 0x00, 0x00, 0x00, 0x00, 0x00, 0x00, 0x00, 0x00,
	0x00, 0x00, 0x00, 0x00, 0x00, 0x00, 0x00, 0x00, 0x00, 0x00, 0x00, 0x00, 0x00, 0x00, 0x00, 0x00,
	0x00, 0x00, 0x00, 0x00, 0x00, 0x00, 0x00, 0x00, 0x00, 0x00, 0x00, 0x00, 0x00, 0x00, 0x00, 0x00,
	0x00, 0x00, 0x00, 0x00, 0x00, 0x00, 0x00, 0x00, 0x00, 0x00, 0x00, 0x00, 0x00, 0x00, 0x00, 0x00,
	0x00, 0x00, 0x00, 0x00, 0x00, 0x00, 0x00, 0x00, 0x00, 0x00, 0x00, 0x00, 0x00, 0x00, 0x00, 0x00,
	0x00, 0x00, 0x00, 0x00, 0x00, 0x00, 0x00, 0x00, 0x00, 0x00, 0x00, 0x00, 0x00, 0x00, 0x00, 0x00,
	0x00, 0x00, 0x00, 0x00, 0x00, 0x00, 0x00, 0x00, 0x00, 0x00, 0x00, 0x00, 0x00, 0x00, 0x00, 0x00,
	0x00, 0x00, 0x00, 0x00, 0x00, 0x00, 0x00, 0x00, 0x00, 0x00, 0x00, 0x00, 0x00, 0x00, 0x00, 0x00,
	0x00, 0x00, 0x00, 0x00, 0x00, 0x00, 0x00, 0x00, 0x00, 0x00, 0x00, 0x00, 0x00, 0x00, 0x00, 0x00,
	0x00, 0x00, 0x00, 0x00, 0x00, 0x00, 0x00, 0x00, 0x00, 0x00, 0x00, 0x00, 0x00, 0x00, 0x00, 0x00,
	0x00, 0x00, 0x00, 0x00, 0x00, 0x00, 0x00, 0x00, 0x00, 0x00, 0x00, 0x00, 0x00, 0x00, 0x00, 0x00,
	0x00, 0x00, 0x00, 0x00, 0x00, 0x00, 0x00, 0x00, 0x00, 0x00, 0x00, 0x00, 0x00, 0x00, 0x00, 0x00,
	0x00, 0x00, 0x00, 0x00, 0x00, 0x00, 0x00, 0x00, 0x00, 0x00, 0x00, 0x00, 0x00, 0x00, 0x00, 0x00,
	0x00, 0x00, 0x01, 0x01, 0x02, 0x02, 0x02, 0x02, 0x02, 0x02, 0x02, 0x02, 0x02, 0x02, 0x02, 0x02,
	0x02, 0x02, 0x02, 0x02, 0x01, 0x01, 0x00, 0x00, 0x00, 0x00, 0x00, 0x00, 0x00, 0x00, 0x00, 0x00,
	0x00, 0x00, 0x00, 0x00, 0x00, 0x00, 0x00, 0x02, 0x04, 0x01, 0x00, 0x00, 0x00, 0x00, 0x00, 0x00,
	0x00, 0x00, 0x00, 0x00, 0x00, 0x00, 0x00, 0x00, 0x00, 0x00, 0x00, 0x00, 0x00, 0x00, 0x01, 0x04,
	0x02, 0x00, 0x00, 0x00, 0x00, 0x00, 0x00, 0x00, 0x00, 0x00, 0x00, 0x00, 0x00, 0x00, 0x03, 0x00,
	0x00, 0x00, 0x0d, 0x18, 0x1c, 0x1d, 0x1d, 0x1e, 0x1f, 0x1f, 0x1f, 0x1f, 0x1f, 0x1f, 0x1f, 0x1f,
	0x1e, 0x1d, 0x1d, 0x1c, 0x18, 0x0e, 0x00, 0x00, 0x00, 0x03, 0x00, 0x00, 0x00, 0x00, 0x00, 0x00,
	0x00, 0x00, 0x00, 0x00, 0x00, 0x03, 0x00, 0x23, 0x87, 0xca, 0xe7, 0xf3, 0xf7, 0xf7, 0xf7, 0xf8,
	0xf9, 0xf9, 0xf9, 0xf9, 0xf9, 0xf9, 0xf9, 0xf9, 0xf8, 0xf7, 0xf7, 0xf7, 0xf3, 0xe8, 0xcb, 0x8a,
	0x25, 0x00, 0x02, 0x00, 0x00, 0x00, 0x00, 0x00, 0x00, 0x00, 0x00, 0x00, 0x03, 0x00, 0x66, 0xf2,
	0xff, 0xff, 0xff, 0xff, 0xff, 0xff, 0xff, 0xff, 0xff, 0xff, 0xff, 0xff, 0xff, 0xff, 0xff, 0xff,
	0xff, 0xff, 0xff, 0xff, 0xff, 0xff, 0xff, 0xff, 0xf4, 0x6a, 0x00, 0x03, 0x00, 0x00, 0x00, 0x00,
	0x00, 0x00, 0x00, 0x03, 0x00, 0x65, 0xff, 0xff, 0xfb, 0xfd, 0xfe, 0xfe, 0xfe, 0xfe, 0xfe, 0xfe,
	0xfe, 0xfe, 0xfe, 0xfe, 0xfe, 0xfe, 0xfe, 0xfe, 0xfe, 0xfe, 0xfe, 0xfe, 0xfe, 0xfe, 0xfd, 0xfb,
	0xff, 0xff, 0x6a, 0x00, 0x03, 0x00, 0x00, 0x00, 0x00, 0x00, 0x02, 0x00, 0x22, 0xf7, 0xfd, 0xfd,
	0xff, 0xff, 0xff, 0xff, 0xff, 0xff, 0xff, 0xff, 0xff, 0xff, 0xff, 0xff, 0xff, 0xff, 0xff, 0xff,
	0xff, 0xff, 0xff, 0xff, 0xff, 0xff, 0xff, 0xff, 0xfd, 0xfc, 0xf9, 0x26, 0x00, 0x02, 0x00, 0x00,
	0x00, 0x00, 0x04, 0x00, 0x8d, 0xff, 0xfb, 0xff, 0xff, 0xff, 0xff, 0xff, 0xff, 0xff, 0xff, 0xff,
	0xff, 0xff, 0xff, 0xff, 0xff, 0xff, 0xff, 0xff, 0xff, 0xff, 0xff, 0xff, 0xff, 0xff, 0xff, 0xff,
	0xff, 0xfb, 0xff, 0x92, 0x00, 0x04, 0x00, 0x00, 0x00, 0x00, 0x01, 0x01, 0xd0, 0xfe, 0xfd, 0xff,
	0xff, 0xff, 0xff, 0xff, 0xff, 0xff, 0xff, 0xff, 0xff, 0xff, 0xff, 0xff, 0xff, 0xff, 0xff, 0xff,
	0xff, 0xff, 0xff, 0xff, 0xff, 0xff, 0xff, 0xff, 0xff, 0xfd, 0xfe, 0xd4, 0x03, 0x00, 0x00, 0x00,
	0x00, 0x01, 0x00, 0x12, 0xec, 0xff, 0xfe, 0xff, 0xff, 0xff, 0xff, 0xff, 0xff, 0xff, 0xff, 0xff,
	0xff, 0xff, 0xff, 0xff, 0xff, 0xff, 0xff, 0xff, 0xff, 0xff, 0xff, 0xff, 0xff, 0xff, 0xff, 0xff,
	0xff, 0xfe, 0xff, 0xef, 0x15, 0x00, 0x01, 0x00, 0x00, 0x02, 0x00, 0x1e, 0xf5, 0xff, 0xfe, 0xff,
	0xff, 0xff, 0xff, 0xff, 0xff, 0xff, 0xff, 0xff, 0xff, 0xff, 0xff, 0xff, 0xff, 0xff, 0xff, 0xff,
	0xff, 0xff, 0xff, 0xff, 0xff, 0xff, 0xff, 0xff, 0xff, 0xfe, 0xff, 0xf8, 0x22, 0x00, 0x02, 0x00,
	0x00, 0x02, 0x00, 0x22, 0xf9, 0xff, 0xfe, 0xff, 0xff, 0xff, 0xff, 0xff, 0xff, 0xff, 0xff, 0xff,
	0xff, 0xff, 0xff, 0xff, 0xff, 0xff, 0xff, 0xff, 0xff, 0xff, 0xff, 0xff, 0xff, 0xff, 0xff, 0xff,
	0xff, 0xfe, 0xff, 0xfb, 0x26, 0x00, 0x02, 0x00, 0x00, 0x02, 0x00, 0x25, 0xfb, 0xff, 0xfe, 0xff,
	0xff, 0xff, 0xff, 0xff, 0xff, 0xff, 0xff, 0xff, 0xff, 0xff, 0xff, 0xff, 0xff, 0xff, 0xff, 0xff,
	0xff, 0xff, 0xff, 0xff, 0xff, 0xff, 0xff, 0xff, 0xff, 0xfe, 0xff, 0xfb, 0x26, 0x00, 0x02, 0x00,
	0x00, 0x02, 0x00, 0x26, 0xfb, 0xff, 0xfe, 0xff, 0xff, 0xff, 0xff, 0xff, 0xff, 0xff, 0xff, 0xff,
	0xff, 0xff, 0xff, 0xff, 0xff, 0xff, 0xff, 0xff, 0xff, 0xff, 0xff, 0xff, 0xff, 0xff, 0xff, 0xff,
	0xff, 0xfe, 0xff, 0xfb, 0x26, 0x00, 0x02, 0x00, 0x00, 0x02, 0x00, 0x26, 0xfb, 0xff, 0xfe, 0xff,
	0xff, 0xff, 0xff, 0xff, 0xff, 0xff, 0xff, 0xff, 0xff, 0xff, 0xff, 0xff, 0xff, 0xff, 0xff, 0xff,
	0xff, 0xff, 0xff, 0xff, 0xff, 0xff, 0xff, 0xff, 0xff, 0xfe, 0xff, 0xfb, 0x26, 0x00, 0x02, 0x00,
	0x00, 0x02, 0x00, 0x26, 0xfb, 0xff, 0xfe, 0xff, 0xff, 0xff, 0xff, 0xff, 0xff, 0xff, 0xff, 0xff,
	0xff, 0xff, 0xff, 0xff, 0xff, 0xff, 0xff, 0xff, 0xff, 0xff, 0xff, 0xff, 0xff, 0xff, 0xff, 0xff,
	0xff, 0xfe, 0xff, 0xfb, 0x26, 0x00, 0x02, 0x00, 0x00, 0x02, 0x00, 0x26, 0xfb, 0xff, 0xfe, 0xff,
	0xff, 0xff, 0xff, 0xff, 0xff, 0xff, 0xff, 0xff, 0xff, 0xff, 0xff, 0xff, 0xff, 0xff, 0xff, 0xff,
	0xff, 0xff, 0xff, 0xff, 0xff, 0xff, 0xff, 0xff, 0xff, 0xfe, 0xff, 0xfb, 0x26, 0x00, 0x02, 0x00,
	0x00, 0x02, 0x00, 0x26, 0xfb, 0xff, 0xfe, 0xff, 0xff, 0xff, 0xff, 0xff, 0xff, 0xff, 0xff, 0xff,
	0xff, 0xff, 0xff, 0xff, 0xff, 0xff, 0xff, 0xff, 0xff, 0xff, 0xff, 0xff, 0xff, 0xff, 0xff, 0xff,
	0xff, 0xfe, 0xff, 0xfb, 0x26, 0x00, 0x02, 0x00, 0x00, 0x02, 0x00, 0x26, 0xfb, 0xff, 0xfe, 0xff,
	0xff, 0xff, 0xff, 0xff, 0xff, 0xff, 0xff, 0xff, 0xff, 0xff, 0xff, 0xff, 0xff, 0xff, 0xff, 0xff,
	0xff, 0xff, 0xff, 0xff, 0xff, 0xff, 0xff, 0xff, 0xff, 0xfe, 0xff, 0xfb, 0x26, 0x00, 0x02, 0x00,
	0x00, 0x02, 0x00, 0x26, 0xfb, 0xff, 0xfe, 0xff, 0xff, 0xff, 0xff, 0xff, 0xff, 0xff, 0xff, 0xff,
	0xff, 0xff, 0xff, 0xff, 0xff, 0xff, 0xff, 0xff, 0xff, 0xff, 0xff, 0xff, 0xff, 0xff, 0xff, 0xff,
	0xff, 0xfe, 0xff, 0xfb, 0x26, 0x00, 0x02, 0x00, 0x00, 0x02, 0x00, 0x26, 0xfb, 0xff, 0xfe, 0xff,
	0xff, 0xff, 0xff, 0xff, 0xff, 0xff, 0xff, 0xff, 0xff, 0xff, 0xff, 0xff, 0xff, 0xff, 0xff, 0xff,
	0xff, 0xff, 0xff, 0xff, 0xff, 0xff, 0xff, 0xff, 0xff, 0xfe, 0xff, 0xfb, 0x26, 0x00, 0x02, 0x00,
	0x00, 0x02, 0x00, 0x26, 0xfb, 0xff, 0xfe, 0xff, 0xff, 0xff, 0xff, 0xff, 0xff, 0xff, 0xff, 0xff,
	0xff, 0xff, 0xff, 0xff, 0xff, 0xff, 0xff, 0xff, 0xff, 0xff, 0xff, 0xff, 0xff, 0xff, 0xff, 0xff,
	0xff, 0xfe, 0xff, 0xfb, 0x26, 0x00, 0x02, 0x00, 0x00, 0x02, 0x00, 0x26, 0xfb, 0xff, 0xfe, 0xff,
	0xff, 0xff, 0xff, 0xff, 0xff, 0xff, 0xff, 0xff, 0xff, 0xff, 0xff, 0xff, 0xff, 0xff, 0xff, 0xff,
	0xff, 0xff, 0xff, 0xff, 0xff, 0xff, 0xff, 0xff, 0xff, 0xfe, 0xff, 0xfb, 0x26, 0x00, 0x02, 0x00,
	0x00, 0x02, 0x00, 0x24, 0xfa, 0xff, 0xfe, 0xff, 0xff, 0xff, 0xff, 0xff, 0xff, 0xff, 0xff, 0xff,
	0xff, 0xff, 0xff, 0xff, 0xff, 0xff, 0xff, 0xff, 0xff, 0xff, 0xff, 0xff, 0xff, 0xff, 0xff, 0xff,
	0xff, 0xfe, 0xff, 0xfb, 0x26, 0x00, 0x02, 0x00, 0x00, 0x02, 0x00, 0x24, 0xfa, 0xff, 0xfe, 0xff,
	0xff, 0xff, 0xff, 0xff, 0xff, 0xff, 0xff, 0xff, 0xff, 0xff, 0xff, 0xff, 0xff, 0xff, 0xff, 0xff,
	0xff, 0xff, 0xff, 0xff, 0xff, 0xff, 0xff, 0xff, 0xff, 0xfe, 0xff, 0xfb, 0x26, 0x00, 0x02, 0x00,
	0x00, 0x02, 0x00, 0x23, 0xf9, 0xff, 0xfe, 0xff, 0xff, 0xff, 0xff, 0xff, 0xff, 0xff, 0xff, 0xff,
	0xff, 0xff, 0xff, 0xff, 0xff, 0xff, 0xff, 0xff, 0xff, 0xff, 0xff, 0xff, 0xff, 0xff, 0xff, 0xff,
	0xff, 0xfe, 0xff, 0xfb, 0x26, 0x00, 0x02, 0x00, 0x00, 0x02, 0x00, 0x23, 0xf9, 0xff, 0xfe, 0xff,
	0xff, 0xff, 0xff, 0xff, 0xff, 0xff, 0xff, 0xff, 0xff, 0xff, 0xff, 0xff, 0xff, 0xff, 0xff, 0xff,
	0xff, 0xff, 0xff, 0xff, 0xff, 0xff, 0xff, 0xff, 0xff, 0xfe, 0xff, 0xfb, 0x26, 0x00, 0x02, 0x00,
	0x00, 0x02, 0x00, 0x1f, 0xf6, 0xff, 0xfe, 0xff, 0xff, 0xff, 0xff, 0xff, 0xff, 0xff, 0xff, 0xff,
	0xff, 0xff, 0xff, 0xff, 0xff, 0xff, 0xff, 0xff, 0xff, 0xff, 0xff, 0xff, 0xff, 0xff, 0xff, 0xff,
	0xff, 0xfe, 0xff, 0xf8, 0x22, 0x00, 0x02, 0x00, 0x00, 0x01, 0x00, 0x14, 0xed, 0xff, 0xfe, 0xff,
	0xff, 0xff, 0xff, 0xff, 0xff, 0xff, 0xff, 0xff, 0xff, 0xff, 0xff, 0xff, 0xff, 0xff, 0xff, 0xff,
	0xff, 0xff, 0xff, 0xff, 0xff, 0xff, 0xff, 0xff, 0xff, 0xfe, 0xff, 0xf0, 0x18, 0x00, 0x01, 0x00,
	0x00, 0x01, 0x00, 0x03, 0xd4, 0xfe, 0xfd, 0xff, 0xff, 0xff, 0xff, 0xff, 0xff, 0xff, 0xff, 0xff,
	0xff, 0xff, 0xff, 0xff, 0xff, 0xff, 0xff, 0xff, 0xff, 0xff, 0xff, 0xff, 0xff, 0xff, 0xff, 0xff,
	0xff, 0xfd, 0xfe, 0xd8, 0x05, 0x00, 0x01, 0x00, 0x00, 0x00, 0x03, 0x00, 0x97, 0xff, 0xfb, 0xff,
	0xff, 0xff, 0xff, 0xff, 0xff, 0xff, 0xff, 0xff, 0xff, 0xff, 0xff, 0xff, 0xff, 0xff, 0xff, 0xff,
	0xff, 0xff, 0xff, 0xff, 0xff, 0xff, 0xff, 0xff, 0xff, 0xfb, 0xff, 0x9c, 0x00, 0x03, 0x00, 0x00,
	0x00, 0x00, 0x02, 0x00, 0x30, 0xfb, 0xfc, 0xfd, 0xff, 0xff, 0xff, 0xff, 0xff, 0xff, 0xff, 0xff,
	0xff, 0xff, 0xff, 0xff, 0xff, 0xff, 0xff, 0xff, 0xff, 0xff, 0xff, 0xff, 0xff, 0xff, 0xff, 0xff,
	0xfd, 0xfc, 0xfd, 0x35, 0x00, 0x02, 0x00, 0x00, 0x00, 0x00, 0x00, 0x02, 0x00, 0x7b, 0xff, 0xfe,
	0xfb, 0xfd, 0xfe, 0xfe, 0xfe, 0xfe, 0xfe, 0xfe, 0xfe, 0xfe, 0xfe, 0xfe, 0xfe, 0xfe, 0xfe, 0xfe,
	0xfe, 0xfe, 0xfe, 0xfe, 0xfe, 0xfe, 0xfd, 0xfb, 0xfd, 0xff, 0x80, 0x00, 0x02, 0x00, 0x00, 0x00,
	0x00, 0x00, 0x00, 0x00, 0x02, 0x00, 0x7f, 0xfa, 0xff, 0xff, 0xff, 0xff, 0xff, 0xff, 0xff, 0xff,
	0xff, 0xff, 0xff, 0xff, 0xff, 0xff, 0xff, 0xff, 0xff, 0xff, 0xff, 0xff, 0xff, 0xff, 0xff, 0xff,
	0xfc, 0x84, 0x00, 0x02, 0x01, 0x00, 0x00, 0x00, 0x00, 0x00, 0x00, 0x00, 0x00, 0x01, 0x00, 0x3d,
	0xa2, 0xdb, 0xf3, 0xfb, 0xfe, 0xfe, 0xfe, 0xfe, 0xfe, 0xfe, 0xfe, 0xfe, 0xfe, 0xfe, 0xfe, 0xfe,
	0xfe, 0xfe, 0xfe, 0xfe, 0xfb, 0xf3, 0xdc, 0xa4, 0x40, 0x00, 0x00, 0x00, 0x00, 0x00, 0x00, 0x00,
	0x00, 0x00, 0x00, 0x00, 0x00, 0x00, 0x02, 0x00, 0x00, 0x13, 0x29, 0x36, 0x3a, 0x3a, 0x3a, 0x3a,
	0x3a, 0x3a, 0x3a, 0x3a, 0x3a, 0x3a, 0x3a, 0x3a, 0x3a, 0x3a, 0x3a, 0x3a, 0x36, 0x2a, 0x13, 0x00,
	0x00, 0x02, 0x00, 0x00, 0x00, 0x00, 0x00, 0x00, 0x00, 0x00, 0x00, 0x00, 0x00, 0x00, 0x00, 0x02,
	0x01, 0x00, 0x00, 0x00, 0x00, 0x00, 0x00, 0x00, 0x00, 0x00, 0x00, 0x00, 0x00, 0x00, 0x00, 0x00,
	0x00, 0x00, 0x00, 0x00, 0x00, 0x00, 0x00, 0x01, 0x02, 0x00, 0x00, 0x00, 0x00, 0x00, 0x00, 0x00,
	0x00, 0x00, 0x00, 0x00, 0x00, 0x00, 0x00, 0x00, 0x00, 0x01, 0x02, 0x02, 0x02, 0x02, 0x02, 0x02,
	0x02, 0x02, 0x02, 0x02, 0x02, 0x02, 0x02, 0x02, 0x02, 0x02, 0x02, 0x02, 0x02, 0x02, 0x01, 0x00,
	0x00, 0x00, 0x00, 0x00, 0x00, 0x00, 0x00, 0x00, 0x00, 0x00, 0x00, 0x00, 0x00, 0x00, 0x00, 0x00,
	0x00, 0x00, 0x00, 0x00, 0x00, 0x00, 0x00, 0x00, 0x00, 0x00, 0x00, 0x00, 0x00, 0x00, 0x00, 0x00,
	0x00, 0x00, 0x00, 0x00, 0x00, 0x00, 0x00, 0x00, 0x00, 0x00, 0x00, 0x00, 0x00, 0x00, 0x00, 0x00,
};

static const lv_image_dsc_t icon_photoshop = {
	.header = { .magic = LV_IMAGE_HEADER_MAGIC,
	            .cf = LV_COLOR_FORMAT_RGB565A8,
	            .w = 40, .h = 40, .stride = 80 },
	.data_size = sizeof(icon_photoshop_map),
	.data = icon_photoshop_map,
};

static const uint8_t icon_spotify_map[] __attribute__((aligned(64))) = {
	0x00, 0x00, 0x00, 0x00, 0x00, 0x00, 0x00, 0x00, 0x00, 0x00, 0x00, 0x00, 0x00, 0x00, 0x00, 0x00,
	0x00, 0x00, 0x00, 0x00, 0x00, 0x00, 0x00, 0x00, 0x00, 0x00, 0x00, 0x00, 0x00, 0x00, 0x00, 0x00,
	0x00, 0x00, 0x00, 0x00, 0x00, 0x00, 0x00, 0x00, 0x00, 0x00, 0x00, 0x00, 0x00, 0x00, 0x00, 0x00,
	0x00, 0x00, 0x00, 0x00, 0x00, 0x00, 0x00, 0x00, 0x00, 0x00, 0x00, 0x00, 0x00, 0x00, 0x00, 0x00,
	0x00, 0x00, 0x00, 0x00, 0x00, 0x00, 0x00, 0x00, 0x00, 0x00, 0x00, 0x00, 0x00, 0x00, 0x00, 0x00,
	0x00, 0x00, 0x00, 0x00, 0x00, 0x00, 0x00, 0x00, 0x00, 0x00, 0x00, 0x00, 0x00, 0x00, 0x00, 0x00,
	0x00, 0x00, 0x00, 0x00, 0x00, 0x00, 0x00, 0x00, 0x00, 0x00, 0x00, 0x00, 0x00, 0x00, 0x00, 0x00,
	0x00, 0x00, 0x00, 0x00, 0x00, 0x00, 0x00, 0x00, 0x00, 0x00, 0x00, 0x00, 0x00, 0x00, 0x00, 0x00,
	0x00, 0x00, 0x00, 0x00, 0x00, 0x00, 0x00, 0x00, 0x00, 0x00, 0x00, 0x00, 0x00, 0x00, 0x00, 0x00,
	0x00, 0x00, 0x00, 0x00, 0x00, 0x00, 0x00, 0x00, 0x00, 0x00, 0x00, 0x00, 0x00, 0x00, 0x00, 0x00,
	0x00, 0x00, 0x00, 0x00, 0x00, 0x00, 0x00, 0x00, 0x00, 0x00, 0x00, 0x00, 0x00, 0x00, 0x00, 0x00,
	0x00, 0x00, 0x00, 0x00, 0x00, 0x00, 0x00, 0x00, 0x00, 0x00, 0x00, 0x00, 0x00, 0x00, 0x00, 0x00,
	0x00, 0x00, 0x00, 0x00, 0x00, 0x00, 0x00, 0x00, 0x00, 0x00, 0x00, 0x00, 0x00, 0x00, 0x00, 0x00,
	0x00, 0x00, 0x00, 0x00, 0x00, 0x00, 0x00, 0x00, 0x00, 0x00, 0x00, 0x00, 0x00, 0x00, 0x00, 0x00,
	0x00, 0x00, 0x00, 0x00, 0x00, 0x00, 0x00, 0x00, 0x00, 0x00, 0x00, 0x00, 0x00, 0x00, 0x00, 0x00,
	0x00, 0x00, 0x00, 0x00, 0x00, 0x00, 0x00, 0x00, 0x00, 0x00, 0x00, 0x00, 0x00, 0x00, 0x00, 0x00,
	0x00, 0x00, 0x00, 0x00, 0xa2, 0x10, 0xa2, 0x10, 0x82, 0x10, 0x82, 0x10, 0x82, 0x10, 0x82, 0x10,
	0x82, 0x10, 0x82, 0x10, 0x82, 0x10, 0x82, 0x10, 0x82, 0x10, 0x82, 0x10, 0x82, 0x10, 0x82, 0x10,
	0x82, 0x10, 0x82, 0x10, 0x82, 0x10, 0x82, 0x10, 0xa2, 0x10, 0xa2, 0x10, 0x00, 0x00, 0x00, 0x00,
	0x00, 0x00, 0x00, 0x00, 0x00, 0x00, 0x00, 0x00, 0x00, 0x00, 0x00, 0x00, 0x00, 0x00, 0x00, 0x00,
	0x00, 0x00, 0x00, 0x00, 0x00, 0x00, 0x00, 0x00, 0x00, 0x00, 0x00, 0x00, 0x00, 0x00, 0x61, 0x08,
	0x82, 0x10, 0x82, 0x10, 0x82, 0x10, 0x82, 0x10, 0x82, 0x10, 0x82, 0x10, 0x82, 0x10, 0x82, 0x10,
	0x82, 0x10, 0x82, 0x10, 0x82, 0x10, 0x82, 0x10, 0x82, 0x10, 0x82, 0x10, 0x82, 0x10, 0x82, 0x10,
	0x82, 0x10, 0x82, 0x10, 0x82, 0x10, 0x82, 0x10, 0x82, 0x10, 0x82, 0x10, 0x82, 0x10, 0x82, 0x10,
	0x61, 0x08, 0x00, 0x00, 0x00, 0x00, 0x00, 0x00, 0x00, 0x00, 0x00, 0x00, 0x00, 0x00, 0x00, 0x00,
	0x00, 0x00, 0x00, 0x00, 0x00, 0x00, 0x00, 0x00, 0x00, 0x00, 0x00, 0x00, 0x82, 0x10, 0x82, 0x10,
	0x82, 0x10, 0x82, 0x10, 0x82, 0x10, 0x82, 0x10, 0x82, 0x10, 0x82, 0x10, 0x82, 0x10, 0x82, 0x10,
	0xa2, 0x10, 0xa2, 0x10, 0x82, 0x10, 0x82, 0x10, 0x82, 0x10, 0x82, 0x10, 0xa2, 0x10, 0xa2, 0x10,
	0x82, 0x10, 0x82, 0x10, 0x82, 0x10, 0x82, 0x10, 0x82, 0x10, 0x82, 0x10, 0x82, 0x10, 0x82, 0x10,
	0x82, 0x10, 0x82, 0x10, 0x00, 0x00, 0x00, 0x00, 0x00, 0x00, 0x00, 0x00, 0x00, 0x00, 0x00, 0x00,
	0x00, 0x00, 0x00, 0x00, 0x00, 0x00, 0x00, 0x00, 0x00, 0x00, 0x82, 0x10, 0x82, 0x10, 0x82, 0x10,
	0x82, 0x10, 0x82, 0x10, 0x82, 0x10, 0x82, 0x10, 0x82, 0x10, 0xa2, 0x10, 0xa2, 0x10, 0x62, 0x10,
	0x21, 0x10, 0x21, 0x10, 0x62, 0x10, 0x82, 0x10, 0x82, 0x10, 0x62, 0x10, 0x21, 0x10, 0x21, 0x10,
	0x62, 0x10, 0xa2, 0x10, 0xa2, 0x10, 0x82, 0x10, 0x82, 0x10, 0x82, 0x10, 0x82, 0x10, 0x82, 0x10,
	0x82, 0x10, 0x82, 0x10, 0x82, 0x10, 0x00, 0x00, 0x00, 0x00, 0x00, 0x00, 0x00, 0x00, 0x00, 0x00,
	0x00, 0x00, 0x00, 0x00, 0x00, 0x00, 0x00, 0x00, 0x61, 0x08, 0x82, 0x10, 0x82, 0x10, 0x82, 0x10,
	0x82, 0x10, 0x82, 0x10, 0x82, 0x10, 0x82, 0x10, 0xa2, 0x10, 0x41, 0x10, 0x21, 0x10, 0x43, 0x11,
	0x06, 0x13, 0x68, 0x1c, 0x49, 0x1d, 0xca, 0x1d, 0xca, 0x1d, 0x49, 0x1d, 0x68, 0x1c, 0x06, 0x13,
	0x43, 0x11, 0x21, 0x10, 0x41, 0x10, 0xa2, 0x10, 0x82, 0x10, 0x82, 0x10, 0x82, 0x10, 0x82, 0x10,
	0x82, 0x10, 0x82, 0x10, 0x82, 0x10, 0x61, 0x08, 0x00, 0x00, 0x00, 0x00, 0x00, 0x00, 0x00, 0x00,
	0x00, 0x00, 0x00, 0x00, 0x00, 0x00, 0x00, 0x00, 0x82, 0x10, 0x82, 0x10, 0x82, 0x10, 0x82, 0x10,
	0x82, 0x10, 0x82, 0x10, 0x82, 0x10, 0x82, 0x10, 0x21, 0x10, 0x63, 0x11, 0x88, 0x1c, 0x8b, 0x1e,
	0x2c, 0x1f, 0x2c, 0x1f, 0x0c, 0x1f, 0xec, 0x1e, 0xec, 0x1e, 0x0c, 0x1f, 0x2c, 0x1f, 0x2c, 0x1f,
	0x8b, 0x1e, 0x88, 0x1c, 0x63, 0x11, 0x21, 0x10, 0x82, 0x10, 0x82, 0x10, 0x82, 0x10, 0x82, 0x10,
	0x82, 0x10, 0x82, 0x10, 0x82, 0x10, 0x82, 0x10, 0x00, 0x00, 0x00, 0x00, 0x00, 0x00, 0x00, 0x00,
	0x00, 0x00, 0x00, 0x00, 0x00, 0x00, 0x00, 0x00, 0x82, 0x10, 0x82, 0x10, 0x82, 0x10, 0x82, 0x10,
	0x82, 0x10, 0x82, 0x10, 0x82, 0x10, 0x41, 0x10, 0x66, 0x1b, 0xac, 0x1e, 0x2c, 0x1f, 0xcc, 0x1e,
	0xab, 0x1e, 0xab, 0x1e, 0xab, 0x1e, 0xab, 0x1e, 0xab, 0x1e, 0xab, 0x1e, 0xab, 0x1e, 0xab, 0x1e,
	0xcc, 0x1e, 0x2c, 0x1f, 0xac, 0x1e, 0x66, 0x1b, 0x41, 0x10, 0x82, 0x10, 0x82, 0x10, 0x82, 0x10,
	0x82, 0x10, 0x82, 0x10, 0x82, 0x10, 0x82, 0x10, 0x00, 0x00, 0x00, 0x00, 0x00, 0x00, 0x00, 0x00,
	0x00, 0x00, 0x00, 0x00, 0x00, 0x00, 0xc3, 0x18, 0x82, 0x10, 0x82, 0x10, 0x82, 0x10, 0x82, 0x10,
	0x82, 0x10, 0x82, 0x10, 0x62, 0x10, 0x88, 0x1c, 0x4c, 0x1f, 0xcc, 0x1e, 0x8b, 0x1e, 0xac, 0x1e,
	0xac, 0x1e, 0xac, 0x1e, 0xac, 0x1e, 0xac, 0x1e, 0xac, 0x1e, 0xac, 0x1e, 0xac, 0x1e, 0xac, 0x1e,
	0xac, 0x1e, 0xab, 0x1e, 0xcc, 0x1e, 0x4c, 0x1f, 0x88, 0x1c, 0x62, 0x10, 0x82, 0x10, 0x82, 0x10,
	0x82, 0x10, 0x82, 0x10, 0x82, 0x10, 0x82, 0x10, 0xc3, 0x18, 0x00, 0x00, 0x00, 0x00, 0x00, 0x00,
	0x00, 0x00, 0x00, 0x00, 0x00, 0x00, 0xa2, 0x10, 0x82, 0x10, 0x82, 0x10, 0x82, 0x10, 0x82, 0x10,
	0x82, 0x10, 0x41, 0x10, 0x88, 0x1c, 0x4c, 0x1f, 0x8b, 0x1e, 0xac, 0x1e, 0xac, 0x1e, 0xac, 0x1e,
	0xac, 0x1e, 0xac, 0x1e, 0xac, 0x1e, 0xac, 0x1e, 0xac, 0x1e, 0xac, 0x1e, 0xac, 0x1e, 0xac, 0x1e,
	0xac, 0x1e, 0xac, 0x1e, 0xac, 0x1e, 0x8b, 0x1e, 0x4c, 0x1f, 0x88, 0x1c, 0x41, 0x10, 0x82, 0x10,
	0x82, 0x10, 0x82, 0x10, 0x82, 0x10, 0x82, 0x10, 0xa2, 0x10, 0x00, 0x00, 0x00, 0x00, 0x00, 0x00,
	0x00, 0x00, 0x00, 0x00, 0x00, 0x00, 0x82, 0x10, 0x82, 0x10, 0x82, 0x10, 0x82, 0x10, 0xa2, 0x10,
	0x21, 0x10, 0x66, 0x1b, 0x4c, 0x1f, 0x8b, 0x1e, 0xab, 0x1e, 0xab, 0x1e, 0xab, 0x1e, 0xab, 0x1e,
	0xab, 0x1e, 0xab, 0x1e, 0xab, 0x1e, 0xab, 0x1e, 0xab, 0x1e, 0xab, 0x1e, 0xab, 0x1e, 0xac, 0x1e,
	0xac, 0x1e, 0xac, 0x1e, 0xac, 0x1e, 0xac, 0x1e, 0x8b, 0x1e, 0x4c, 0x1f, 0x66, 0x1b, 0x21, 0x10,
	0xa2, 0x10, 0x82, 0x10, 0x82, 0x10, 0x82, 0x10, 0x82, 0x10, 0x00, 0x00, 0x00, 0x00, 0x00, 0x00,
	0x00, 0x00, 0x00, 0x00, 0x00, 0x00, 0x82, 0x10, 0x82, 0x10, 0x82, 0x10, 0xa2, 0x10, 0x41, 0x10,
	0x63, 0x11, 0xac, 0x1e, 0xac, 0x1e, 0xcc, 0x1e, 0x0c, 0x1f, 0x2c, 0x1f, 0x2c, 0x1f, 0x0c, 0x1f,
	0x0c, 0x1f, 0x0c, 0x1f, 0x0c, 0x1f, 0x2c, 0x1f, 0x2c, 0x1f, 0x2c, 0x1f, 0xec, 0x1e, 0xcc, 0x1e,
	0xab, 0x1e, 0xab, 0x1e, 0xac, 0x1e, 0xac, 0x1e, 0xac, 0x1e, 0xac, 0x1e, 0xac, 0x1e, 0x63, 0x11,
	0x41, 0x10, 0xa2, 0x10, 0x82, 0x10, 0x82, 0x10, 0x82, 0x10, 0x00, 0x00, 0x00, 0x00, 0x00, 0x00,
	0x00, 0x00, 0x00, 0x00, 0x00, 0x00, 0x82, 0x10, 0x82, 0x10, 0x82, 0x10, 0xa2, 0x10, 0x21, 0x10,
	0x88, 0x1c, 0x2c, 0x1f, 0xac, 0x1e, 0x8b, 0x1e, 0xe9, 0x1c, 0xe7, 0x1b, 0x26, 0x13, 0xa5, 0x12,
	0x65, 0x12, 0x65, 0x12, 0x85, 0x12, 0xe6, 0x12, 0x87, 0x1b, 0x88, 0x1c, 0x8a, 0x1d, 0x8b, 0x1e,
	0x0c, 0x1f, 0x2c, 0x1f, 0xcc, 0x1e, 0xab, 0x1e, 0xab, 0x1e, 0xab, 0x1e, 0x2c, 0x1f, 0x88, 0x1c,
	0x21, 0x10, 0xa2, 0x10, 0x82, 0x10, 0x82, 0x10, 0x82, 0x10, 0x00, 0x00, 0x00, 0x00, 0x00, 0x00,
	0x00, 0x00, 0x00, 0x00, 0x00, 0x00, 0x82, 0x10, 0x82, 0x10, 0x82, 0x10, 0x62, 0x10, 0x43, 0x11,
	0x8b, 0x1e, 0xac, 0x1e, 0xec, 0x1e, 0x85, 0x12, 0x01, 0x10, 0x01, 0x10, 0x01, 0x10, 0x01, 0x10,
	0x01, 0x10, 0x01, 0x10, 0x01, 0x10, 0x01, 0x10, 0x01, 0x10, 0x21, 0x10, 0x82, 0x10, 0x43, 0x11,
	0xa5, 0x12, 0x88, 0x1c, 0x6b, 0x1e, 0x2c, 0x1f, 0xec, 0x1e, 0xab, 0x1e, 0xcc, 0x1e, 0x8b, 0x1e,
	0x43, 0x11, 0x62, 0x10, 0x82, 0x10, 0x82, 0x10, 0x82, 0x10, 0x00, 0x00, 0x00, 0x00, 0x00, 0x00,
	0x00, 0x00, 0x00, 0x00, 0x00, 0x00, 0x82, 0x10, 0x82, 0x10, 0xa2, 0x10, 0x21, 0x10, 0x06, 0x13,
	0x2c, 0x1f, 0x8b, 0x1e, 0xec, 0x1e, 0x85, 0x12, 0x21, 0x10, 0x03, 0x11, 0x63, 0x11, 0xe4, 0x11,
	0x24, 0x12, 0x44, 0x12, 0x04, 0x12, 0xa4, 0x11, 0x23, 0x11, 0xa2, 0x10, 0x21, 0x10, 0x01, 0x10,
	0x01, 0x10, 0x41, 0x10, 0x23, 0x11, 0x26, 0x13, 0xea, 0x1d, 0x0c, 0x1f, 0x8b, 0x1e, 0x2c, 0x1f,
	0x06, 0x13, 0x21, 0x10, 0xa2, 0x10, 0x82, 0x10, 0x82, 0x10, 0x00, 0x00, 0x00, 0x00, 0x00, 0x00,
	0x00, 0x00, 0x00, 0x00, 0x00, 0x00, 0x82, 0x10, 0x82, 0x10, 0xa2, 0x10, 0x21, 0x10, 0x68, 0x1c,
	0x2c, 0x1f, 0x8b, 0x1e, 0xcc, 0x1e, 0x8b, 0x1e, 0x49, 0x1d, 0x2b, 0x1e, 0xcc, 0x1e, 0x2c, 0x1f,
	0x4d, 0x1f, 0x4d, 0x1f, 0x4c, 0x1f, 0x0c, 0x1f, 0x8b, 0x1e, 0xaa, 0x1d, 0x68, 0x1c, 0xe6, 0x12,
	0x63, 0x11, 0x41, 0x10, 0x01, 0x10, 0x21, 0x10, 0x82, 0x10, 0x88, 0x1c, 0xec, 0x1e, 0x0c, 0x1f,
	0x68, 0x1c, 0x21, 0x10, 0xa2, 0x10, 0x82, 0x10, 0x82, 0x10, 0x00, 0x00, 0x00, 0x00, 0x00, 0x00,
	0x00, 0x00, 0x00, 0x00, 0x00, 0x00, 0x82, 0x10, 0x82, 0x10, 0x82, 0x10, 0x62, 0x10, 0x49, 0x1d,
	0x0c, 0x1f, 0xab, 0x1e, 0xac, 0x1e, 0xcc, 0x1e, 0x4d, 0x1f, 0xab, 0x1e, 0xea, 0x1d, 0x6a, 0x1d,
	0x09, 0x1d, 0x09, 0x1d, 0x49, 0x1d, 0xaa, 0x1d, 0x6b, 0x1e, 0x0c, 0x1f, 0x8d, 0x27, 0x8d, 0x27,
	0xac, 0x1e, 0xe9, 0x1c, 0x85, 0x12, 0xa2, 0x10, 0x00, 0x10, 0xe5, 0x12, 0x0c, 0x1f, 0xec, 0x1e,
	0x49, 0x1d, 0x62, 0x10, 0x82, 0x10, 0x82, 0x10, 0x82, 0x10, 0x00, 0x00, 0x00, 0x00, 0x00, 0x00,
	0x00, 0x00, 0x00, 0x00, 0x00, 0x00, 0x82, 0x10, 0x82, 0x10, 0x82, 0x10, 0x82, 0x10, 0xca, 0x1d,
	0xec, 0x1e, 0xab, 0x1e, 0xcc, 0x1e, 0x8b, 0x1e, 0xc5, 0x12, 0x03, 0x11, 0x82, 0x10, 0x21, 0x10,
	0x01, 0x10, 0x01, 0x10, 0x01, 0x10, 0x41, 0x10, 0xc2, 0x10, 0xa4, 0x11, 0x06, 0x13, 0xc8, 0x1c,
	0x6b, 0x1e, 0x8d, 0x27, 0x4d, 0x1f, 0x6a, 0x1d, 0xe7, 0x1b, 0x4b, 0x1e, 0xcc, 0x1e, 0xec, 0x1e,
	0xca, 0x1d, 0x82, 0x10, 0x82, 0x10, 0x82, 0x10, 0x82, 0x10, 0x00, 0x00, 0x00, 0x00, 0x00, 0x00,
	0x00, 0x00, 0x00, 0x00, 0x00, 0x00, 0x82, 0x10, 0x82, 0x10, 0x82, 0x10, 0x82, 0x10, 0xca, 0x1d,
	0xec, 0x1e, 0xab, 0x1e, 0xcc, 0x1e, 0x4b, 0x1e, 0xc2, 0x10, 0x41, 0x10, 0x43, 0x11, 0xc4, 0x11,
	0x24, 0x12, 0x44, 0x12, 0x04, 0x12, 0x83, 0x11, 0xc2, 0x10, 0x21, 0x10, 0x00, 0x10, 0x01, 0x10,
	0x03, 0x11, 0x26, 0x13, 0xca, 0x1d, 0x4c, 0x1f, 0x2c, 0x1f, 0xcc, 0x1e, 0xab, 0x1e, 0xec, 0x1e,
	0xaa, 0x1d, 0x82, 0x10, 0x82, 0x10, 0x82, 0x10, 0x82, 0x10, 0x00, 0x00, 0x00, 0x00, 0x00, 0x00,
	0x00, 0x00, 0x00, 0x00, 0x00, 0x00, 0x82, 0x10, 0x82, 0x10, 0x82, 0x10, 0x62, 0x10, 0x69, 0x1d,
	0x0c, 0x1f, 0xab, 0x1e, 0xac, 0x1e, 0xec, 0x1e, 0x0a, 0x1e, 0xca, 0x1d, 0xcc, 0x1e, 0x2c, 0x1f,
	0x4d, 0x1f, 0x6d, 0x1f, 0x4c, 0x1f, 0xec, 0x1e, 0x4b, 0x1e, 0x49, 0x1d, 0xc7, 0x1b, 0xe4, 0x11,
	0x41, 0x10, 0x00, 0x10, 0x62, 0x10, 0xc7, 0x1b, 0xec, 0x1e, 0xab, 0x1e, 0xab, 0x1e, 0x0c, 0x1f,
	0x49, 0x1d, 0x62, 0x10, 0x82, 0x10, 0x82, 0x10, 0x82, 0x10, 0x00, 0x00, 0x00, 0x00, 0x00, 0x00,
	0x00, 0x00, 0x00, 0x00, 0x00, 0x00, 0x82, 0x10, 0x82, 0x10, 0xa2, 0x10, 0x21, 0x10, 0x68, 0x1c,
	0x2c, 0x1f, 0xab, 0x1e, 0xac, 0x1e, 0xab, 0x1e, 0x0c, 0x1f, 0x0c, 0x1f, 0x2b, 0x1e, 0x6a, 0x1d,
	0x09, 0x1d, 0xe9, 0x1c, 0x49, 0x1d, 0xea, 0x1d, 0xab, 0x1e, 0x4d, 0x1f, 0xad, 0x27, 0x0c, 0x1f,
	0x8a, 0x1d, 0x06, 0x13, 0x61, 0x10, 0xa5, 0x12, 0x0c, 0x1f, 0xab, 0x1e, 0xab, 0x1e, 0x2c, 0x1f,
	0x68, 0x1c, 0x21, 0x10, 0xa2, 0x10, 0x82, 0x10, 0x82, 0x10, 0x00, 0x00, 0x00, 0x00, 0x00, 0x00,
	0x00, 0x00, 0x00, 0x00, 0x00, 0x00, 0x82, 0x10, 0x82, 0x10, 0xa2, 0x10, 0x21, 0x10, 0x06, 0x13,
	0x2c, 0x1f, 0xab, 0x1e, 0xab, 0x1e, 0xec, 0x1e, 0x69, 0x1d, 0xe2, 0x10, 0x41, 0x10, 0x01, 0x10,
	0x01, 0x10, 0x01, 0x10, 0x01, 0x10, 0x21, 0x10, 0xa2, 0x10, 0xe4, 0x11, 0xe7, 0x1b, 0x0a, 0x1e,
	0x6d, 0x1f, 0x4d, 0x1f, 0x0a, 0x1e, 0x8b, 0x1e, 0xcc, 0x1e, 0xac, 0x1e, 0xab, 0x1e, 0x2c, 0x1f,
	0x06, 0x13, 0x21, 0x10, 0xa2, 0x10, 0x82, 0x10, 0x82, 0x10, 0x00, 0x00, 0x00, 0x00, 0x00, 0x00,
	0x00, 0x00, 0x00, 0x00, 0x00, 0x00, 0x82, 0x10, 0x82, 0x10, 0x82, 0x10, 0x62, 0x10, 0x43, 0x11,
	0x8b, 0x1e, 0xcc, 0x1e, 0xab, 0x1e, 0xec, 0x1e, 0xaa, 0x1d, 0x45, 0x12, 0x87, 0x1b, 0x88, 0x1c,
	0x09, 0x1d, 0x29, 0x1d, 0xc9, 0x1c, 0x07, 0x1c, 0xc5, 0x12, 0x43, 0x11, 0x01, 0x10, 0x21, 0x10,
	0x85, 0x12, 0xaa, 0x1d, 0x0c, 0x1f, 0xcc, 0x1e, 0xac, 0x1e, 0xac, 0x1e, 0xcc, 0x1e, 0x8b, 0x1e,
	0x43, 0x11, 0x62, 0x10, 0x82, 0x10, 0x82, 0x10, 0x82, 0x10, 0x00, 0x00, 0x00, 0x00, 0x00, 0x00,
	0x00, 0x00, 0x00, 0x00, 0x00, 0x00, 0x82, 0x10, 0x82, 0x10, 0x82, 0x10, 0xa2, 0x10, 0x21, 0x10,
	0x88, 0x1c, 0x2c, 0x1f, 0xab, 0x1e, 0xac, 0x1e, 0xec, 0x1e, 0x2c, 0x1f, 0x2c, 0x1f, 0x2c, 0x1f,
	0x0c, 0x1f, 0x0c, 0x1f, 0x0c, 0x1f, 0x2c, 0x1f, 0x2c, 0x1f, 0xcc, 0x1e, 0xaa, 0x1d, 0x26, 0x13,
	0x21, 0x10, 0xa2, 0x10, 0x6b, 0x1e, 0xcc, 0x1e, 0xac, 0x1e, 0x8b, 0x1e, 0x2c, 0x1f, 0x88, 0x1c,
	0x21, 0x10, 0xa2, 0x10, 0x82, 0x10, 0x82, 0x10, 0x82, 0x10, 0x00, 0x00, 0x00, 0x00, 0x00, 0x00,
	0x00, 0x00, 0x00, 0x00, 0x00, 0x00, 0x82, 0x10, 0x82, 0x10, 0x82, 0x10, 0xa2, 0x10, 0x41, 0x10,
	0x63, 0x11, 0xac, 0x1e, 0xac, 0x1e, 0xac, 0x1e, 0xac, 0x1e, 0xab, 0x1e, 0xab, 0x1e, 0xab, 0x1e,
	0xab, 0x1e, 0xab, 0x1e, 0xab, 0x1e, 0xab, 0x1e, 0xab, 0x1e, 0xac, 0x1e, 0xec, 0x1e, 0x4c, 0x1f,
	0xea, 0x1d, 0xc9, 0x1c, 0xac, 0x1e, 0xac, 0x1e, 0xac, 0x1e, 0xcc, 0x1e, 0xac, 0x1e, 0x63, 0x11,
	0x41, 0x10, 0xa2, 0x10, 0x82, 0x10, 0x82, 0x10, 0x82, 0x10, 0x00, 0x00, 0x00, 0x00, 0x00, 0x00,
	0x00, 0x00, 0x00, 0x00, 0x00, 0x00, 0x82, 0x10, 0x82, 0x10, 0x82, 0x10, 0x82, 0x10, 0xa2, 0x10,
	0x21, 0x10, 0x66, 0x1b, 0x4c, 0x1f, 0x8b, 0x1e, 0xac, 0x1e, 0xac, 0x1e, 0xac, 0x1e, 0xac, 0x1e,
	0xac, 0x1e, 0xac, 0x1e, 0xac, 0x1e, 0xac, 0x1e, 0xac, 0x1e, 0xac, 0x1e, 0xab, 0x1e, 0xab, 0x1e,
	0xec, 0x1e, 0x0c, 0x1f, 0xac, 0x1e, 0xac, 0x1e, 0x8b, 0x1e, 0x4c, 0x1f, 0x66, 0x1b, 0x21, 0x10,
	0xa2, 0x10, 0x82, 0x10, 0x82, 0x10, 0x82, 0x10, 0x82, 0x10, 0x00, 0x00, 0x00, 0x00, 0x00, 0x00,
	0x00, 0x00, 0x00, 0x00, 0x00, 0x00, 0xa2, 0x10, 0x82, 0x10, 0x82, 0x10, 0x82, 0x10, 0x82, 0x10,
	0x82, 0x10, 0x41, 0x10, 0x88, 0x1c, 0x4c, 0x1f, 0x8b, 0x1e, 0xac, 0x1e, 0xac, 0x1e, 0xac, 0x1e,
	0xac, 0x1e, 0xac, 0x1e, 0xac, 0x1e, 0xac, 0x1e, 0xac, 0x1e, 0xac, 0x1e, 0xac, 0x1e, 0xac, 0x1e,
	0xab, 0x1e, 0xab, 0x1e, 0xac, 0x1e, 0x8b, 0x1e, 0x4c, 0x1f, 0x88, 0x1c, 0x41, 0x10, 0x82, 0x10,
	0x82, 0x10, 0x82, 0x10, 0x82, 0x10, 0x82, 0x10, 0xa2, 0x10, 0x00, 0x00, 0x00, 0x00, 0x00, 0x00,
	0x00, 0x00, 0x00, 0x00, 0x00, 0x00, 0xc3, 0x18, 0x82, 0x10, 0x82, 0x10, 0x82, 0x10, 0x82, 0x10,
	0x82, 0x10, 0x82, 0x10, 0x62, 0x10, 0x88, 0x1c, 0x4c, 0x1f, 0xcc, 0x1e, 0xab, 0x1e, 0xac, 0x1e,
	0xac, 0x1e, 0xac, 0x1e, 0xac, 0x1e, 0xac, 0x1e, 0xac, 0x1e, 0xac, 0x1e, 0xac, 0x1e, 0xac, 0x1e,
	0xac, 0x1e, 0xab, 0x1e, 0xcc, 0x1e, 0x4c, 0x1f, 0x88, 0x1c, 0x62, 0x10, 0x82, 0x10, 0x82, 0x10,
	0x82, 0x10, 0x82, 0x10, 0x82, 0x10, 0x82, 0x10, 0xc3, 0x18, 0x00, 0x00, 0x00, 0x00, 0x00, 0x00,
	0x00, 0x00, 0x00, 0x00, 0x00, 0x00, 0x00, 0x00, 0x82, 0x10, 0x82, 0x10, 0x82, 0x10, 0x82, 0x10,
	0x82, 0x10, 0x82, 0x10, 0x82, 0x10, 0x41, 0x10, 0x66, 0x1b, 0xac, 0x1e, 0x2c, 0x1f, 0xcc, 0x1e,
	0xab, 0x1e, 0xab, 0x1e, 0xab, 0x1e, 0xab, 0x1e, 0xab, 0x1e, 0xab, 0x1e, 0xab, 0x1e, 0xab, 0x1e,
	0xcc, 0x1e, 0x2c, 0x1f, 0xac, 0x1e, 0x66, 0x1b, 0x41, 0x10, 0x82, 0x10, 0x82, 0x10, 0x82, 0x10,
	0x82, 0x10, 0x82, 0x10, 0x82, 0x10, 0x82, 0x10, 0x00, 0x00, 0x00, 0x00, 0x00, 0x00, 0x00, 0x00,
	0x00, 0x00, 0x00, 0x00, 0x00, 0x00, 0x00, 0x00, 0x82, 0x10, 0x82, 0x10, 0x82, 0x10, 0x82, 0x10,
	0x82, 0x10, 0x82, 0x10, 0x82, 0x10, 0x82, 0x10, 0x21, 0x10, 0x63, 0x11, 0x88, 0x1c, 0x8b, 0x1e,
	0x2c, 0x1f, 0x2c, 0x1f, 0x0c, 0x1f, 0xec, 0x1e, 0xec, 0x1e, 0x0c, 0x1f, 0x2c, 0x1f, 0x2c, 0x1f,
	0x8b, 0x1e, 0x88, 0x1c, 0x63, 0x11, 0x21, 0x10, 0x82, 0x10, 0x82, 0x10, 0x82, 0x10, 0x82, 0x10,
	0x82, 0x10, 0x82, 0x10, 0x82, 0x10, 0x82, 0x10, 0x00, 0x00, 0x00, 0x00, 0x00, 0x00, 0x00, 0x00,
	0x00, 0x00, 0x00, 0x00, 0x00, 0x00, 0x00, 0x00, 0x61, 0x08, 0x82, 0x10, 0x82, 0x10, 0x82, 0x10,
	0x82, 0x10, 0x82, 0x10, 0x82, 0x10, 0x82, 0x10, 0xa2, 0x10, 0x41, 0x10, 0x21, 0x10, 0x43, 0x11,
	0x06, 0x13, 0x68, 0x1c, 0x49, 0x1d, 0xca, 0x1d, 0xca, 0x1d, 0x49, 0x1d, 0x68, 0x1c, 0x06, 0x13,
	0x43, 0x11, 0x21, 0x10, 0x41, 0x10, 0xa2, 0x10, 0x82, 0x10, 0x82, 0x10, 0x82, 0x10, 0x82, 0x10,
	0x82, 0x10, 0x82, 0x10, 0x82, 0x10, 0x61, 0x08, 0x00, 0x00, 0x00, 0x00, 0x00, 0x00, 0x00, 0x00,
	0x00, 0x00, 0x00, 0x00, 0x00, 0x00, 0x00, 0x00, 0x00, 0x00, 0x82, 0x10, 0x82, 0x10, 0x82, 0x10,
	0x82, 0x10, 0x82, 0x10, 0x82, 0x10, 0x82, 0x10, 0x82, 0x10, 0xa2, 0x10, 0xa2, 0x10, 0x62, 0x10,
	0x21, 0x10, 0x21, 0x10, 0x62, 0x10, 0x82, 0x10, 0x82, 0x10, 0x62, 0x10, 0x21, 0x10, 0x21, 0x10,
	0x62, 0x10, 0xa2, 0x10, 0xa2, 0x10, 0x82, 0x10, 0x82, 0x10, 0x82, 0x10, 0x82, 0x10, 0x82, 0x10,
	0x82, 0x10, 0x82, 0x10, 0x82, 0x10, 0x00, 0x00, 0x00, 0x00, 0x00, 0x00, 0x00, 0x00, 0x00, 0x00,
	0x00, 0x00, 0x00, 0x00, 0x00, 0x00, 0x00, 0x00, 0x00, 0x00, 0x00, 0x00, 0x82, 0x10, 0x82, 0x10,
	0x82, 0x10, 0x82, 0x10, 0x82, 0x10, 0x82, 0x10, 0x82, 0x10, 0x82, 0x10, 0x82, 0x10, 0x82, 0x10,
	0xa2, 0x10, 0xa2, 0x10, 0x82, 0x10, 0x82, 0x10, 0x82, 0x10, 0x82, 0x10, 0xa2, 0x10, 0xa2, 0x10,
	0x82, 0x10, 0x82, 0x10, 0x82, 0x10, 0x82, 0x10, 0x82, 0x10, 0x82, 0x10, 0x82, 0x10, 0x82, 0x10,
	0x82, 0x10, 0x82, 0x10, 0x00, 0x00, 0x00, 0x00, 0x00, 0x00, 0x00, 0x00, 0x00, 0x00, 0x00, 0x00,
	0x00, 0x00, 0x00, 0x00, 0x00, 0x00, 0x00, 0x00, 0x00, 0x00, 0x00, 0x00, 0x00, 0x00, 0x61, 0x08,
	0x82, 0x10, 0x82, 0x10, 0x82, 0x10, 0x82, 0x10, 0x82, 0x10, 0x82, 0x10, 0x82, 0x10, 0x82, 0x10,
	0x82, 0x10, 0x82, 0x10, 0x82, 0x10, 0x82, 0x10, 0x82, 0x10, 0x82, 0x10, 0x82, 0x10, 0x82, 0x10,
	0x82, 0x10, 0x82, 0x10, 0x82, 0x10, 0x82, 0x10, 0x82, 0x10, 0x82, 0x10, 0x82, 0x10, 0x82, 0x10,
	0x61, 0x08, 0x00, 0x00, 0x00, 0x00, 0x00, 0x00, 0x00, 0x00, 0x00, 0x00, 0x00, 0x00, 0x00, 0x00,
	0x00, 0x00, 0x00, 0x00, 0x00, 0x00, 0x00, 0x00, 0x00, 0x00, 0x00, 0x00, 0x00, 0x00, 0x00, 0x00,
	0x00, 0x00, 0x00, 0x00, 0xa2, 0x10, 0xa2, 0x10, 0x82, 0x10, 0x82, 0x10, 0x82, 0x10, 0x82, 0x10,
	0x82, 0x10, 0x82, 0x10, 0x82, 0x10, 0x82, 0x10, 0x82, 0x10, 0x82, 0x10, 0x82, 0x10, 0x82, 0x10,
	0x82, 0x10, 0x82, 0x10, 0x82, 0x10, 0x82, 0x10, 0xa2, 0x10, 0xa2, 0x10, 0x00, 0x00, 0x00, 0x00,
	0x00, 0x00, 0x00, 0x00, 0x00, 0x00, 0x00, 0x00, 0x00, 0x00, 0x00, 0x00, 0x00, 0x00, 0x00, 0x00,
	0x00, 0x00, 0x00, 0x00, 0x00, 0x00, 0x00, 0x00, 0x00, 0x00, 0x00, 0x00, 0x00, 0x00, 0x00, 0x00,
	0x00, 0x00, 0x00, 0x00, 0x00, 0x00, 0x00, 0x00, 0x00, 0x00, 0x00, 0x00, 0x00, 0x00, 0x00, 0x00,
	0x00, 0x00, 0x00, 0x00, 0x00, 0x00, 0x00, 0x00, 0x00, 0x00, 0x00, 0x00, 0x00, 0x00, 0x00, 0x00,
	0x00, 0x00, 0x00, 0x00, 0x00, 0x00, 0x00, 0x00, 0x00, 0x00, 0x00, 0x00, 0x00, 0x00, 0x00, 0x00,
	0x00, 0x00, 0x00, 0x00, 0x00, 0x00, 0x00, 0x00, 0x00, 0x00, 0x00, 0x00, 0x00, 0x00, 0x00, 0x00,
	0x00, 0x00, 0x00, 0x00, 0x00, 0x00, 0x00, 0x00, 0x00, 0x00, 0x00, 0x00, 0x00, 0x00, 0x00, 0x00,
	0x00, 0x00, 0x00, 0x00, 0x00, 0x00, 0x00, 0x00, 0x00, 0x00, 0x00, 0x00, 0x00, 0x00, 0x00, 0x00,
	0x00, 0x00, 0x00, 0x00, 0x00, 0x00, 0x00, 0x00, 0x00, 0x00, 0x00, 0x00, 0x00, 0x00, 0x00, 0x00,
	0x00, 0x00, 0x00, 0x00, 0x00, 0x00, 0x00, 0x00, 0x00, 0x00, 0x00, 0x00, 0x00, 0x00, 0x00, 0x00,
	0x00, 0x00, 0x00, 0x00, 0x00, 0x00, 0x00, 0x00, 0x00, 0x00, 0x00, 0x00, 0x00, 0x00, 0x00, 0x00,
	0x00, 0x00, 0x00, 0x00, 0x00, 0x00, 0x00, 0x00, 0x00, 0x00, 0x00, 0x00, 0x00, 0x00, 0x00, 0x00,
	0x00, 0x00, 0x00, 0x00, 0x00, 0x00, 0x00, 0x00, 0x00, 0x00, 0x00, 0x00, 0x00, 0x00, 0x00, 0x00,
	0x00, 0x00, 0x00, 0x00, 0x00, 0x00, 0x00, 0x00, 0x00, 0x00, 0x00, 0x00, 0x00, 0x00, 0x00, 0x00,
	0x00, 0x00, 0x00, 0x00, 0x00, 0x00, 0x00, 0x00, 0x00, 0x00, 0x00, 0x00, 0x00, 0x00, 0x00, 0x00,
	0x00, 0x00, 0x00, 0x00, 0x00, 0x00, 0x00, 0x00, 0x00, 0x00, 0x00, 0x00, 0x00, 0x00, 0x00, 0x00,
	0x00, 0x00, 0x00, 0x00, 0x00, 0x00, 0x00, 0x00, 0x00, 0x00, 0x00, 0x00, 0x00, 0x00, 0x00, 0x00,
	0x00, 0x00, 0x00, 0x00, 0x00, 0x00, 0x00, 0x00, 0x00, 0x00, 0x00, 0x00, 0x00, 0x00, 0x00, 0x00,
	0x00, 0x00, 0x00, 0x00, 0x00, 0x00, 0x00, 0x00, 0x00, 0x00, 0x00, 0x00, 0x00, 0x00, 0x00, 0x00,
	0x00, 0x00, 0x01, 0x01, 0x02, 0x02, 0x02, 0x02, 0x02, 0x02, 0x02, 0x02, 0x02, 0x02, 0x02, 0x02,
	0x02, 0x02, 0x02, 0x02, 0x01, 0x01, 0x00, 0x00, 0x00, 0x00, 0x00, 0x00, 0x00, 0x00, 0x00, 0x00,
	0x00, 0x00, 0x00, 0x00, 0x00, 0x00, 0x00, 0x02, 0x04, 0x01, 0x00, 0x00, 0x00, 0x00, 0x00, 0x00,
	0x00, 0x00, 0x00, 0x00, 0x00, 0x00, 0x00, 0x00, 0x00, 0x00, 0x00, 0x00, 0x00, 0x00, 0x01, 0x04,
	0x02, 0x00, 0x00, 0x00, 0x00, 0x00, 0x00, 0x00, 0x00, 0x00, 0x00, 0x00, 0x00, 0x00, 0x03, 0x00,
	0x00, 0x00, 0x0b, 0x16, 0x1b, 0x1e, 0x1f, 0x1f, 0x1f, 0x1f, 0x1f, 0x1f, 0x1f, 0x1f, 0x1f, 0x1f,
	0x1f, 0x1f, 0x1e, 0x1b, 0x16, 0x0b, 0x00, 0x00, 0x00, 0x03, 0x00, 0x00, 0x00, 0x00, 0x00, 0x00,
	0x00, 0x00, 0x00, 0x00, 0x00, 0x03, 0x00, 0x23, 0x8b, 0xc9, 0xe5, 0xf1, 0xf6, 0xf8, 0xf9, 0xf9,
	0xf9, 0xf9, 0xf9, 0xf9, 0xf9, 0xf9, 0xf9, 0xf9, 0xf9, 0xf9, 0xf8, 0xf6, 0xf1, 0xe5, 0xc9, 0x8b,
	0x24, 0x00, 0x03, 0x00, 0x00, 0x00, 0x00, 0x00, 0x00, 0x00, 0x00, 0x00, 0x03, 0x00, 0x61, 0xf2,
	0xff, 0xff, 0xff, 0xff, 0xff, 0xff, 0xff, 0xff, 0xff, 0xff, 0xff, 0xff, 0xff, 0xff, 0xff, 0xff,
	0xff, 0xff, 0xff, 0xff, 0xff, 0xff, 0xff, 0xff, 0xf2, 0x61, 0x00, 0x03, 0x00, 0x00, 0x00, 0x00,
	0x00, 0x00, 0x00, 0x03, 0x00, 0x5f, 0xff, 0xff, 0xfb, 0xfd, 0xfe, 0xfe, 0xfe, 0xfe, 0xfe, 0xfe,
	0xfe, 0xfe, 0xfe, 0xfe, 0xfe, 0xfe, 0xfe, 0xfe, 0xfe, 0xfe, 0xfe, 0xfe, 0xfe, 0xfe, 0xfd, 0xfb,
	0xff, 0xff, 0x5f, 0x00, 0x03, 0x00, 0x00, 0x00, 0x00, 0x00, 0x02, 0x00, 0x21, 0xf6, 0xfd, 0xfd,
	0xff, 0xff, 0xff, 0xff, 0xff, 0xff, 0xff, 0xff, 0xff, 0xff, 0xff, 0xff, 0xff, 0xff, 0xff, 0xff,
	0xff, 0xff, 0xff, 0xff, 0xff, 0xff, 0xff, 0xff, 0xfd, 0xfd, 0xf6, 0x21, 0x00, 0x02, 0x00, 0x00,
	0x00, 0x00, 0x04, 0x00, 0x8d, 0xff, 0xfb, 0xff, 0xff, 0xff, 0xff, 0xff, 0xff, 0xff, 0xff, 0xff,
	0xff, 0xff, 0xff, 0xff, 0xff, 0xff, 0xff, 0xff, 0xff, 0xff, 0xff, 0xff, 0xff, 0xff, 0xff, 0xff,
	0xff, 0xfb, 0xff, 0x8d, 0x00, 0x04, 0x00, 0x00, 0x00, 0x00, 0x01, 0x00, 0xcd, 0xfe, 0xfc, 0xff,
	0xff, 0xff, 0xff, 0xff, 0xff, 0xff, 0xff, 0xff, 0xff, 0xff, 0xff, 0xff, 0xff, 0xff, 0xff, 0xff,
	0xff, 0xff, 0xff, 0xff, 0xff, 0xff, 0xff, 0xff, 0xff, 0xfc, 0xfe, 0xcd, 0x00, 0x01, 0x00, 0x00,
	0x00, 0x01, 0x00, 0x0a, 0xe6, 0xff, 0xfe, 0xff, 0xff, 0xff, 0xff, 0xff, 0xff, 0xff, 0xff, 0xff,
	0xff, 0xff, 0xff, 0xff, 0xff, 0xff, 0xff, 0xff, 0xff, 0xff, 0xff, 0xff, 0xff, 0xff, 0xff, 0xff,
	0xff, 0xfe, 0xff, 0xe6, 0x0a, 0x00, 0x01, 0x00, 0x00, 0x01, 0x00, 0x16, 0xf1, 0xff, 0xfe, 0xff,
	0xff, 0xff, 0xff, 0xff, 0xff, 0xff, 0xff, 0xff, 0xff, 0xff, 0xff, 0xff, 0xff, 0xff, 0xff, 0xff,
	0xff, 0xff, 0xff, 0xff, 0xff, 0xff, 0xff, 0xff, 0xff, 0xfe, 0xff, 0xf2, 0x16, 0x00, 0x01, 0x00,
	0x00, 0x02, 0x00, 0x1b, 0xf6, 0xff, 0xfe, 0xff, 0xff, 0xff, 0xff, 0xff, 0xff, 0xff, 0xff, 0xff,
	0xff, 0xff, 0xff, 0xff, 0xff, 0xff, 0xff, 0xff, 0xff, 0xff, 0xff, 0xff, 0xff, 0xff, 0xff, 0xff,
	0xff, 0xfe, 0xff, 0xf6, 0x1b, 0x00, 0x02, 0x00, 0x00, 0x02, 0x00, 0x1e, 0xf8, 0xff, 0xfe, 0xff,
	0xff, 0xff, 0xff, 0xff, 0xff, 0xff, 0xff, 0xff, 0xff, 0xff, 0xff, 0xff, 0xff, 0xff, 0xff, 0xff,
	0xff, 0xff, 0xff, 0xff, 0xff, 0xff, 0xff, 0xff, 0xff, 0xfe, 0xff, 0xf8, 0x1e, 0x00, 0x02, 0x00,
	0x00, 0x02, 0x00, 0x1f, 0xf9, 0xff, 0xfe, 0xff, 0xff, 0xff, 0xff, 0xff, 0xff, 0xff, 0xff, 0xff,
	0xff, 0xff, 0xff, 0xff, 0xff, 0xff, 0xff, 0xff, 0xff, 0xff, 0xff, 0xff, 0xff, 0xff, 0xff, 0xff,
	0xff, 0xfe, 0xff, 0xf9, 0x1f, 0x00, 0x02, 0x00, 0x00, 0x02, 0x00, 0x1f, 0xf9, 0xff, 0xfe, 0xff,
	0xff, 0xff, 0xff, 0xff, 0xff, 0xff, 0xff, 0xff, 0xff, 0xff, 0xff, 0xff, 0xff, 0xff, 0xff, 0xff,
	0xff, 0xff, 0xff, 0xff, 0xff, 0xff, 0xff, 0xff, 0xff, 0xfe, 0xff, 0xf9, 0x1f, 0x00, 0x02, 0x00,
	0x00, 0x02, 0x00, 0x1f, 0xf9, 0xff, 0xfe, 0xff, 0xff, 0xff, 0xff, 0xff, 0xff, 0xff, 0xff, 0xff,
	0xff, 0xff, 0xff, 0xff, 0xff, 0xff, 0xff, 0xff, 0xff, 0xff, 0xff, 0xff, 0xff, 0xff, 0xff, 0xff,
	0xff, 0xfe, 0xff, 0xf9, 0x1f, 0x00, 0x02, 0x00, 0x00, 0x02, 0x00, 0x1f, 0xf9, 0xff, 0xfe, 0xff,
	0xff, 0xff, 0xff, 0xff, 0xff, 0xff, 0xff, 0xff, 0xff, 0xff, 0xff, 0xff, 0xff, 0xff, 0xff, 0xff,
	0xff, 0xff, 0xff, 0xff, 0xff, 0xff, 0xff, 0xff, 0xff, 0xfe, 0xff, 0xf9, 0x1f, 0x00, 0x02, 0x00,
	0x00, 0x02, 0x00, 0x1f, 0xf9, 0xff, 0xfe, 0xff, 0xff, 0xff, 0xff, 0xff, 0xff, 0xff, 0xff, 0xff,
	0xff, 0xff, 0xff, 0xff, 0xff, 0xff, 0xff, 0xff, 0xff, 0xff, 0xff, 0xff, 0xff, 0xff, 0xff, 0xff,
	0xff, 0xfe, 0xff, 0xf9, 0x1f, 0x00, 0x02, 0x00, 0x00, 0x02, 0x00, 0x1f, 0xf9, 0xff, 0xfe, 0xff,
	0xff, 0xff, 0xff, 0xff, 0xff, 0xff, 0xff, 0xff, 0xff, 0xff, 0xff, 0xff, 0xff, 0xff, 0xff, 0xff,
	0xff, 0xff, 0xff, 0xff, 0xff, 0xff, 0xff, 0xff, 0xff, 0xfe, 0xff, 0xf9, 0x1f, 0x00, 0x02, 0x00,
	0x00, 0x02, 0x00, 0x1f, 0xf9, 0xff, 0xfe, 0xff, 0xff, 0xff, 0xff, 0xff, 0xff, 0xff, 0xff, 0xff,
	0xff, 0xff, 0xff, 0xff, 0xff, 0xff, 0xff, 0xff, 0xff, 0xff, 0xff, 0xff, 0xff, 0xff, 0xff, 0xff,
	0xff, 0xfe, 0xff, 0xf9, 0x1f, 0x00, 0x02, 0x00, 0x00, 0x02, 0x00, 0x1f, 0xf9, 0xff, 0xfe, 0xff,
	0xff, 0xff, 0xff, 0xff, 0xff, 0xff, 0xff, 0xff, 0xff, 0xff, 0xff, 0xff, 0xff, 0xff, 0xff, 0xff,
	0xff, 0xff, 0xff, 0xff, 0xff, 0xff, 0xff, 0xff, 0xff, 0xfe, 0xff, 0xf9, 0x1f, 0x00, 0x02, 0x00,
	0x00, 0x02, 0x00, 0x1f, 0xf9, 0xff, 0xfe, 0xff, 0xff, 0xff, 0xff, 0xff, 0xff, 0xff, 0xff, 0xff,
	0xff, 0xff, 0xff, 0xff, 0xff, 0xff, 0xff, 0xff, 0xff, 0xff, 0xff, 0xff, 0xff, 0xff, 0xff, 0xff,
	0xff, 0xfe, 0xff, 0xf9, 0x1f, 0x00, 0x02, 0x00, 0x00, 0x02, 0x00, 0x1f, 0xf9, 0xff, 0xfe, 0xff,
	0xff, 0xff, 0xff, 0xff, 0xff, 0xff, 0xff, 0xff, 0xff, 0xff, 0xff, 0xff, 0xff, 0xff, 0xff, 0xff,
	0xff, 0xff, 0xff, 0xff, 0xff, 0xff, 0xff, 0xff, 0xff, 0xfe, 0xff, 0xf9, 0x1f, 0x00, 0x02, 0x00,
	0x00, 0x02, 0x00, 0x1f, 0xf9, 0xff, 0xfe, 0xff, 0xff, 0xff, 0xff, 0xff, 0xff, 0xff, 0xff, 0xff,
	0xff, 0xff, 0xff, 0xff, 0xff, 0xff, 0xff, 0xff, 0xff, 0xff, 0xff, 0xff, 0xff, 0xff, 0xff, 0xff,
	0xff, 0xfe, 0xff, 0xf9, 0x1f, 0x00, 0x02, 0x00, 0x00, 0x02, 0x00, 0x1f, 0xf9, 0xff, 0xfe, 0xff,
	0xff, 0xff, 0xff, 0xff, 0xff, 0xff, 0xff, 0xff, 0xff, 0xff, 0xff, 0xff, 0xff, 0xff, 0xff, 0xff,
	0xff, 0xff, 0xff, 0xff, 0xff, 0xff, 0xff, 0xff, 0xff, 0xfe, 0xff, 0xf9, 0x1f, 0x00, 0x02, 0x00,
	0x00, 0x02, 0x00, 0x1e, 0xf8, 0xff, 0xfe, 0xff, 0xff, 0xff, 0xff, 0xff, 0xff, 0xff, 0xff, 0xff,
	0xff, 0xff, 0xff, 0xff, 0xff, 0xff, 0xff, 0xff, 0xff, 0xff, 0xff, 0xff, 0xff, 0xff, 0xff, 0xff,
	0xff, 0xfe, 0xff, 0xf8, 0x1e, 0x00, 0x02, 0x00, 0x00, 0x02, 0x00, 0x1b, 0xf6, 0xff, 0xfe, 0xff,
	0xff, 0xff, 0xff, 0xff, 0xff, 0xff, 0xff, 0xff, 0xff, 0xff, 0xff, 0xff, 0xff, 0xff, 0xff, 0xff,
	0xff, 0xff, 0xff, 0xff, 0xff, 0xff, 0xff, 0xff, 0xff, 0xfe, 0xff, 0xf6, 0x1b, 0x00, 0x02, 0x00,
	0x00, 0x01, 0x00, 0x16, 0xf2, 0xff, 0xfe, 0xff, 0xff, 0xff, 0xff, 0xff, 0xff, 0xff, 0xff, 0xff,
	0xff, 0xff, 0xff, 0xff, 0xff, 0xff, 0xff, 0xff, 0xff, 0xff, 0xff, 0xff, 0xff, 0xff, 0xff, 0xff,
	0xff, 0xfe, 0xff, 0xf1, 0x16, 0x00, 0x01, 0x00, 0x00, 0x01, 0x00, 0x0a, 0xe6, 0xff, 0xfe, 0xff,
	0xff, 0xff, 0xff, 0xff, 0xff, 0xff, 0xff, 0xff, 0xff, 0xff, 0xff, 0xff, 0xff, 0xff, 0xff, 0xff,
	0xff, 0xff, 0xff, 0xff, 0xff, 0xff, 0xff, 0xff, 0xff, 0xfe, 0xff, 0xe6, 0x0a, 0x00, 0x01, 0x00,
	0x00, 0x00, 0x01, 0x00, 0xcd, 0xfe, 0xfc, 0xff, 0xff, 0xff, 0xff, 0xff, 0xff, 0xff, 0xff, 0xff,
	0xff, 0xff, 0xff, 0xff, 0xff, 0xff, 0xff, 0xff, 0xff, 0xff, 0xff, 0xff, 0xff, 0xff, 0xff, 0xff,
	0xff, 0xfc, 0xfe, 0xcd, 0x00, 0x01, 0x00, 0x00, 0x00, 0x00, 0x04, 0x00, 0x8d, 0xff, 0xfb, 0xff,
	0xff, 0xff, 0xff, 0xff, 0xff, 0xff, 0xff, 0xff, 0xff, 0xff, 0xff, 0xff, 0xff, 0xff, 0xff, 0xff,
	0xff, 0xff, 0xff, 0xff, 0xff, 0xff, 0xff, 0xff, 0xff, 0xfb, 0xff, 0x8d, 0x00, 0x04, 0x00, 0x00,
	0x00, 0x00, 0x02, 0x00, 0x21, 0xf6, 0xfd, 0xfd, 0xff, 0xff, 0xff, 0xff, 0xff, 0xff, 0xff, 0xff,
	0xff, 0xff, 0xff, 0xff, 0xff, 0xff, 0xff, 0xff, 0xff, 0xff, 0xff, 0xff, 0xff, 0xff, 0xff, 0xff,
	0xfd, 0xfd, 0xf6, 0x21, 0x00, 0x02, 0x00, 0x00, 0x00, 0x00, 0x00, 0x03, 0x00, 0x5f, 0xff, 0xff,
	0xfb, 0xfd, 0xfe, 0xfe, 0xfe, 0xfe, 0xfe, 0xfe, 0xfe, 0xfe, 0xfe, 0xfe, 0xfe, 0xfe, 0xfe, 0xfe,
	0xfe, 0xfe, 0xfe, 0xfe, 0xfe, 0xfe, 0xfd, 0xfb, 0xff, 0xff, 0x5f, 0x00, 0x03, 0x00, 0x00, 0x00,
	0x00, 0x00, 0x00, 0x00, 0x03, 0x00, 0x61, 0xf2, 0xff, 0xff, 0xff, 0xff, 0xff, 0xff, 0xff, 0xff,
	0xff, 0xff, 0xff, 0xff, 0xff, 0xff, 0xff, 0xff, 0xff, 0xff, 0xff, 0xff, 0xff, 0xff, 0xff, 0xff,
	0xf2, 0x61, 0x00, 0x03, 0x00, 0x00, 0x00, 0x00, 0x00, 0x00, 0x00, 0x00, 0x00, 0x03, 0x00, 0x24,
	0x8b, 0xc9, 0xe5, 0xf1, 0xf6, 0xf8, 0xf9, 0xf9, 0xf9, 0xf9, 0xf9, 0xf9, 0xf9, 0xf9, 0xf9, 0xf9,
	0xf9, 0xf9, 0xf8, 0xf6, 0xf1, 0xe5, 0xc9, 0x8b, 0x23, 0x00, 0x03, 0x00, 0x00, 0x00, 0x00, 0x00,
	0x00, 0x00, 0x00, 0x00, 0x00, 0x00, 0x03, 0x00, 0x00, 0x00, 0x0b, 0x16, 0x1b, 0x1e, 0x1f, 0x1f,
	0x1f, 0x1f, 0x1f, 0x1f, 0x1f, 0x1f, 0x1f, 0x1f, 0x1f, 0x1f, 0x1e, 0x1b, 0x16, 0x0b, 0x00, 0x00,
	0x00, 0x03, 0x00, 0x00, 0x00, 0x00, 0x00, 0x00, 0x00, 0x00, 0x00, 0x00, 0x00, 0x00, 0x00, 0x02,
	0x04, 0x01, 0x00, 0x00, 0x00, 0x00, 0x00, 0x00, 0x00, 0x00, 0x00, 0x00, 0x00, 0x00, 0x00, 0x00,
	0x00, 0x00, 0x00, 0x00, 0x00, 0x00, 0x01, 0x04, 0x02, 0x00, 0x00, 0x00, 0x00, 0x00, 0x00, 0x00,
	0x00, 0x00, 0x00, 0x00, 0x00, 0x00, 0x00, 0x00, 0x00, 0x00, 0x01, 0x01, 0x02, 0x02, 0x02, 0x02,
	0x02, 0x02, 0x02, 0x02, 0x02, 0x02, 0x02, 0x02, 0x02, 0x02, 0x02, 0x02, 0x01, 0x01, 0x00, 0x00,
	0x00, 0x00, 0x00, 0x00, 0x00, 0x00, 0x00, 0x00, 0x00, 0x00, 0x00, 0x00, 0x00, 0x00, 0x00, 0x00,
	0x00, 0x00, 0x00, 0x00, 0x00, 0x00, 0x00, 0x00, 0x00, 0x00, 0x00, 0x00, 0x00, 0x00, 0x00, 0x00,
	0x00, 0x00, 0x00, 0x00, 0x00, 0x00, 0x00, 0x00, 0x00, 0x00, 0x00, 0x00, 0x00, 0x00, 0x00, 0x00,
};

static const lv_image_dsc_t icon_spotify = {
	.header = { .magic = LV_IMAGE_HEADER_MAGIC,
	            .cf = LV_COLOR_FORMAT_RGB565A8,
	            .w = 40, .h = 40, .stride = 80 },
	.data_size = sizeof(icon_spotify_map),
	.data = icon_spotify_map,
};

static const uint8_t icon_brave_map[] __attribute__((aligned(64))) = {
	0x00, 0x00, 0x00, 0x00, 0x00, 0x00, 0x00, 0x00, 0x00, 0x00, 0x00, 0x00, 0x00, 0x00, 0x00, 0x00,
	0x00, 0x00, 0x00, 0x00, 0x00, 0x00, 0x00, 0x00, 0x00, 0x00, 0x00, 0x00, 0x00, 0x00, 0x00, 0x00,
	0x00, 0x00, 0x00, 0x00, 0x00, 0x00, 0x00, 0x00, 0x00, 0x00, 0x00, 0x00, 0x00, 0x00, 0x00, 0x00,
	0x00, 0x00, 0x00, 0x00, 0x00, 0x00, 0x00, 0x00, 0x00, 0x00, 0x00, 0x00, 0x00, 0x00, 0x00, 0x00,
	0x00, 0x00, 0x00, 0x00, 0x00, 0x00, 0x00, 0x00, 0x00, 0x00, 0x00, 0x00, 0x00, 0x00, 0x00, 0x00,
	0x00, 0x00, 0x00, 0x00, 0x00, 0x00, 0x00, 0x00, 0x00, 0x00, 0x00, 0x00, 0x00, 0x00, 0x00, 0x00,
	0x00, 0x00, 0x00, 0x00, 0xff, 0xff, 0xff, 0xff, 0xff, 0xff, 0xff, 0xff, 0xff, 0xff, 0xff, 0xff,
	0xff, 0xff, 0xff, 0xff, 0xff, 0xff, 0xff, 0xff, 0xff, 0xff, 0xff, 0xff, 0xff, 0xff, 0xff, 0xff,
	0xff, 0xff, 0xff, 0xff, 0xff, 0xff, 0xff, 0xff, 0xff, 0xff, 0xff, 0xff, 0x00, 0x00, 0x00, 0x00,
	0x00, 0x00, 0x00, 0x00, 0x00, 0x00, 0x00, 0x00, 0x00, 0x00, 0x00, 0x00, 0x00, 0x00, 0x00, 0x00,
	0x00, 0x00, 0x00, 0x00, 0x00, 0x00, 0x00, 0x00, 0x00, 0x00, 0x00, 0x00, 0x00, 0x00, 0xff, 0xff,
	0xff, 0xff, 0xff, 0xff, 0x00, 0x00, 0x00, 0x00, 0x00, 0x00, 0x00, 0x00, 0x00, 0x00, 0x00, 0x00,
	0x00, 0x00, 0x00, 0x00, 0x00, 0x00, 0x00, 0x00, 0x00, 0x00, 0x00, 0x00, 0x00, 0x00, 0x00, 0x00,
	0x00, 0x00, 0x00, 0x00, 0x00, 0x00, 0x00, 0x00, 0x00, 0x00, 0x00, 0x00, 0xff, 0xff, 0xff, 0xff,
	0xff, 0xff, 0x00, 0x00, 0x00, 0x00, 0x00, 0x00, 0x00, 0x00, 0x00, 0x00, 0x00, 0x00, 0x00, 0x00,
	0x00, 0x00, 0x00, 0x00, 0x00, 0x00, 0x00, 0x00, 0x00, 0x00, 0x00, 0x00, 0xff, 0xff, 0x00, 0x00,
	0x00, 0x00, 0x00, 0x00, 0x5d, 0xef, 0xbe, 0xf7, 0xbe, 0xf7, 0xbe, 0xf7, 0x7d, 0xef, 0x3c, 0xef,
	0x7d, 0xef, 0x7c, 0xef, 0x7d, 0xef, 0x7d, 0xef, 0x7d, 0xef, 0x7d, 0xef, 0x3c, 0xef, 0x7d, 0xef,
	0x7d, 0xef, 0x7d, 0xef, 0xbe, 0xf7, 0xbe, 0xf7, 0x5d, 0xef, 0xdb, 0xde, 0x00, 0x00, 0x00, 0x00,
	0x00, 0x00, 0xff, 0xff, 0x00, 0x00, 0x00, 0x00, 0x00, 0x00, 0x00, 0x00, 0x00, 0x00, 0x00, 0x00,
	0x00, 0x00, 0x00, 0x00, 0x00, 0x00, 0x00, 0x00, 0x00, 0x00, 0xff, 0xff, 0x00, 0x00, 0x9e, 0xf7,
	0xff, 0xff, 0xff, 0xff, 0xff, 0xff, 0xff, 0xff, 0xff, 0xff, 0xff, 0xff, 0xff, 0xff, 0xff, 0xff,
	0xff, 0xff, 0xff, 0xff, 0xff, 0xff, 0xff, 0xff, 0xff, 0xff, 0xff, 0xff, 0xff, 0xff, 0xff, 0xff,
	0xff, 0xff, 0xff, 0xff, 0xff, 0xff, 0xff, 0xff, 0xff, 0xff, 0xff, 0xff, 0xff, 0xff, 0xff, 0xff,
	0xdf, 0xff, 0x00, 0x00, 0xff, 0xff, 0x00, 0x00, 0x00, 0x00, 0x00, 0x00, 0x00, 0x00, 0x00, 0x00,
	0x00, 0x00, 0x00, 0x00, 0x00, 0x00, 0x00, 0x00, 0xff, 0xff, 0x00, 0x00, 0xdf, 0xff, 0xff, 0xff,
	0xff, 0xff, 0xff, 0xff, 0xff, 0xff, 0xff, 0xff, 0xff, 0xff, 0xff, 0xff, 0xff, 0xff, 0xff, 0xff,
	0xff, 0xff, 0xff, 0xff, 0xff, 0xff, 0xff, 0xff, 0xff, 0xff, 0xff, 0xff, 0xff, 0xff, 0xdf, 0xff,
	0xff, 0xff, 0xff, 0xff, 0xff, 0xff, 0xff, 0xff, 0xff, 0xff, 0xff, 0xff, 0xff, 0xff, 0xff, 0xff,
	0xff, 0xff, 0xbe, 0xf7, 0x00, 0x00, 0xff, 0xff, 0x00, 0x00, 0x00, 0x00, 0x00, 0x00, 0x00, 0x00,
	0x00, 0x00, 0x00, 0x00, 0x00, 0x00, 0xff, 0xff, 0x00, 0x00, 0xbe, 0xf7, 0xff, 0xff, 0xff, 0xff,
	0xff, 0xff, 0xff, 0xff, 0xff, 0xff, 0xff, 0xff, 0xff, 0xff, 0xff, 0xff, 0xbe, 0xff, 0x2b, 0xf4,
	0x87, 0xeb, 0x68, 0xeb, 0x48, 0xeb, 0x28, 0xeb, 0xe8, 0xea, 0xc7, 0xea, 0xc8, 0xea, 0x66, 0xea,
	0x2e, 0xf4, 0xff, 0xff, 0xff, 0xff, 0xff, 0xff, 0xff, 0xff, 0xff, 0xff, 0xff, 0xff, 0xff, 0xff,
	0xff, 0xff, 0xff, 0xff, 0xbe, 0xf7, 0x00, 0x00, 0xff, 0xff, 0x00, 0x00, 0x00, 0x00, 0x00, 0x00,
	0x00, 0x00, 0x00, 0x00, 0xff, 0xff, 0x00, 0x00, 0x1c, 0xe7, 0xff, 0xff, 0xff, 0xff, 0xff, 0xff,
	0xff, 0xff, 0xff, 0xff, 0xff, 0xff, 0xff, 0xff, 0xff, 0xff, 0xff, 0xff, 0x4c, 0xf4, 0xa3, 0xea,
	0xe4, 0xea, 0xa4, 0xea, 0x84, 0xea, 0x44, 0xea, 0x24, 0xea, 0x04, 0xea, 0xc3, 0xe9, 0xc4, 0xe9,
	0x62, 0xe9, 0x90, 0xf4, 0xff, 0xff, 0xff, 0xff, 0xff, 0xff, 0xff, 0xff, 0xff, 0xff, 0xff, 0xff,
	0xff, 0xff, 0xff, 0xff, 0xff, 0xff, 0xfb, 0xde, 0x00, 0x00, 0xff, 0xff, 0x00, 0x00, 0x00, 0x00,
	0x00, 0x00, 0x00, 0x00, 0xff, 0xff, 0x00, 0x00, 0xbe, 0xf7, 0xff, 0xff, 0xff, 0xff, 0xff, 0xff,
	0xff, 0xff, 0xff, 0xff, 0x5c, 0xff, 0xb8, 0xfe, 0x1a, 0xff, 0xce, 0xf4, 0xa3, 0xea, 0x26, 0xeb,
	0x05, 0xeb, 0xe5, 0xea, 0xc5, 0xea, 0xa5, 0xea, 0x65, 0xea, 0x45, 0xea, 0x04, 0xea, 0xe4, 0xe9,
	0x05, 0xea, 0x83, 0xe9, 0x33, 0xf5, 0xba, 0xfe, 0x58, 0xfe, 0x9d, 0xff, 0xff, 0xff, 0xff, 0xff,
	0xff, 0xff, 0xff, 0xff, 0xff, 0xff, 0xbe, 0xf7, 0x00, 0x00, 0xff, 0xff, 0x00, 0x00, 0x00, 0x00,
	0x00, 0x00, 0x00, 0x00, 0xff, 0xff, 0x00, 0x00, 0xdf, 0xff, 0xff, 0xff, 0xff, 0xff, 0xff, 0xff,
	0xff, 0xff, 0xd4, 0xf5, 0x05, 0xeb, 0xc4, 0xea, 0x05, 0xeb, 0xc4, 0xea, 0xe4, 0xea, 0x05, 0xeb,
	0x05, 0xeb, 0xc5, 0xea, 0x63, 0xea, 0x03, 0xea, 0xe3, 0xe9, 0xe3, 0xe9, 0x04, 0xea, 0xe4, 0xe9,
	0xc4, 0xe9, 0xa3, 0xe9, 0xa3, 0xe9, 0xc4, 0xe9, 0xa3, 0xe9, 0x25, 0xea, 0x58, 0xfe, 0xff, 0xff,
	0xff, 0xff, 0xff, 0xff, 0xff, 0xff, 0xdf, 0xff, 0xaa, 0x52, 0x00, 0x00, 0x00, 0x00, 0x00, 0x00,
	0x00, 0x00, 0xff, 0xff, 0x00, 0x00, 0x92, 0x94, 0xdf, 0xff, 0xff, 0xff, 0xff, 0xff, 0xff, 0xff,
	0xd4, 0xf5, 0xc3, 0xea, 0x05, 0xeb, 0x26, 0xeb, 0xe4, 0xea, 0x88, 0xeb, 0xc9, 0xeb, 0x25, 0xeb,
	0xc4, 0xea, 0xe5, 0xea, 0xeb, 0xf3, 0x32, 0xf5, 0xf1, 0xf4, 0x29, 0xeb, 0xe4, 0xe9, 0xa3, 0xe9,
	0x25, 0xea, 0x09, 0xeb, 0x26, 0xea, 0xc4, 0xe9, 0x05, 0xea, 0xc3, 0xe9, 0xe4, 0xe9, 0x58, 0xfe,
	0xff, 0xff, 0xff, 0xff, 0xff, 0xff, 0xdf, 0xff, 0xd3, 0x9c, 0x00, 0x00, 0xff, 0xff, 0x00, 0x00,
	0x00, 0x00, 0xef, 0x7b, 0x00, 0x00, 0xb6, 0xb5, 0xdf, 0xff, 0xff, 0xff, 0xff, 0xff, 0x7d, 0xff,
	0x05, 0xeb, 0x05, 0xeb, 0x25, 0xeb, 0xe4, 0xea, 0x46, 0xeb, 0x5c, 0xff, 0xdf, 0xff, 0x5c, 0xff,
	0xb9, 0xfe, 0x3b, 0xff, 0xff, 0xff, 0xff, 0xff, 0xff, 0xff, 0xff, 0xff, 0xda, 0xfe, 0x99, 0xfe,
	0x5c, 0xff, 0xff, 0xff, 0x37, 0xfe, 0xa3, 0xe9, 0xe4, 0xe9, 0x05, 0xea, 0x83, 0xe9, 0xc8, 0xea,
	0xff, 0xff, 0xff, 0xff, 0xff, 0xff, 0xff, 0xff, 0xf7, 0xbd, 0x00, 0x00, 0xef, 0x7b, 0x00, 0x00,
	0x00, 0x00, 0xef, 0x7b, 0x00, 0x00, 0xd7, 0xbd, 0xdf, 0xff, 0xff, 0xff, 0xff, 0xff, 0xff, 0xff,
	0x8d, 0xf4, 0xc4, 0xea, 0x25, 0xeb, 0xc4, 0xea, 0x98, 0xfe, 0xff, 0xff, 0xff, 0xff, 0xff, 0xff,
	0xff, 0xff, 0xff, 0xff, 0xff, 0xff, 0xff, 0xff, 0xff, 0xff, 0xff, 0xff, 0xff, 0xff, 0xff, 0xff,
	0xff, 0xff, 0xff, 0xff, 0xff, 0xff, 0x12, 0xf5, 0x62, 0xe9, 0x25, 0xea, 0x82, 0xe9, 0x12, 0xf5,
	0xff, 0xff, 0xdf, 0xff, 0xff, 0xff, 0xff, 0xff, 0xf7, 0xbd, 0x00, 0x00, 0xff, 0xff, 0x00, 0x00,
	0x00, 0x00, 0xff, 0xff, 0x00, 0x00, 0xf7, 0xbd, 0xdf, 0xff, 0xff, 0xff, 0xff, 0xff, 0xff, 0xff,
	0xad, 0xf4, 0xc4, 0xea, 0xc3, 0xea, 0x51, 0xf5, 0xff, 0xff, 0x1b, 0xff, 0xb3, 0xf5, 0x51, 0xf5,
	0xd4, 0xf5, 0x1b, 0xff, 0xff, 0xff, 0xff, 0xff, 0xff, 0xff, 0xdf, 0xff, 0xb9, 0xfe, 0x12, 0xf5,
	0xb0, 0xf4, 0x54, 0xf5, 0x5c, 0xff, 0xff, 0xff, 0x6b, 0xeb, 0xa3, 0xe9, 0x83, 0xe9, 0x33, 0xf5,
	0xff, 0xff, 0xdf, 0xff, 0xff, 0xff, 0xff, 0xff, 0x18, 0xc6, 0x00, 0x00, 0xff, 0xff, 0x00, 0x00,
	0x00, 0x00, 0xff, 0xff, 0x00, 0x00, 0x18, 0xc6, 0xff, 0xff, 0xff, 0xff, 0xff, 0xff, 0x7c, 0xff,
	0x26, 0xeb, 0xc4, 0xea, 0xe9, 0xeb, 0xdf, 0xff, 0xff, 0xff, 0x9d, 0xff, 0x15, 0xfe, 0x4b, 0xf4,
	0xc4, 0xea, 0x22, 0xea, 0x31, 0xf5, 0xff, 0xff, 0xff, 0xff, 0xcc, 0xf3, 0x61, 0xe9, 0x05, 0xea,
	0xed, 0xf3, 0x17, 0xfe, 0xbe, 0xff, 0xff, 0xff, 0x3c, 0xff, 0x25, 0xea, 0xa3, 0xe9, 0xe9, 0xea,
	0xdf, 0xff, 0xff, 0xff, 0xff, 0xff, 0xff, 0xff, 0x18, 0xc6, 0x00, 0x00, 0xff, 0xff, 0x00, 0x00,
	0x00, 0x00, 0xff, 0xff, 0x00, 0x00, 0x18, 0xc6, 0xff, 0xff, 0xff, 0xff, 0xff, 0xff, 0x77, 0xfe,
	0xc4, 0xea, 0xa3, 0xea, 0xd4, 0xf5, 0xff, 0xff, 0xdf, 0xff, 0xff, 0xff, 0xff, 0xff, 0xff, 0xff,
	0x7d, 0xff, 0xeb, 0xf3, 0xf0, 0xf4, 0xff, 0xff, 0xff, 0xff, 0x8b, 0xeb, 0x8f, 0xf4, 0xbe, 0xff,
	0xff, 0xff, 0xff, 0xff, 0xff, 0xff, 0xdf, 0xff, 0xff, 0xff, 0xed, 0xf3, 0x82, 0xe9, 0x05, 0xea,
	0x3c, 0xff, 0xff, 0xff, 0xff, 0xff, 0xff, 0xff, 0x18, 0xc6, 0x00, 0x00, 0xff, 0xff, 0x00, 0x00,
	0x00, 0x00, 0xff, 0xff, 0x00, 0x00, 0x18, 0xc6, 0xff, 0xff, 0xff, 0xff, 0xff, 0xff, 0x5c, 0xff,
	0x26, 0xeb, 0xc4, 0xea, 0x0a, 0xf4, 0xde, 0xff, 0xff, 0xff, 0xff, 0xff, 0xff, 0xff, 0xdf, 0xff,
	0xff, 0xff, 0x72, 0xf5, 0xf5, 0xf5, 0xff, 0xff, 0xff, 0xff, 0xb0, 0xf4, 0x58, 0xfe, 0xff, 0xff,
	0xdf, 0xff, 0xff, 0xff, 0xff, 0xff, 0xff, 0xff, 0x1c, 0xff, 0x66, 0xea, 0xa3, 0xe9, 0xc8, 0xea,
	0xdf, 0xff, 0xff, 0xff, 0xff, 0xff, 0xff, 0xff, 0x18, 0xc6, 0x00, 0x00, 0xff, 0xff, 0x00, 0x00,
	0x00, 0x00, 0xff, 0xff, 0x00, 0x00, 0x18, 0xc6, 0xff, 0xff, 0xff, 0xff, 0xff, 0xff, 0xff, 0xff,
	0x0a, 0xf4, 0xe4, 0xea, 0xc3, 0xea, 0x4c, 0xf4, 0xff, 0xff, 0xff, 0xff, 0xff, 0xff, 0xff, 0xff,
	0xbe, 0xff, 0x68, 0xeb, 0xfa, 0xfe, 0xff, 0xff, 0xff, 0xff, 0xb5, 0xf5, 0x6a, 0xeb, 0xff, 0xff,
	0xff, 0xff, 0xff, 0xff, 0xff, 0xff, 0x5c, 0xff, 0x87, 0xea, 0xc3, 0xe9, 0x83, 0xe9, 0x4f, 0xf4,
	0xff, 0xff, 0xdf, 0xff, 0xff, 0xff, 0xff, 0xff, 0x18, 0xc6, 0x00, 0x00, 0xff, 0xff, 0x00, 0x00,
	0x00, 0x00, 0xff, 0xff, 0x00, 0x00, 0x18, 0xc6, 0xff, 0xff, 0xff, 0xff, 0xff, 0xff, 0xff, 0xff,
	0x30, 0xf5, 0xa3, 0xea, 0x26, 0xeb, 0xa3, 0xea, 0x8d, 0xf4, 0xff, 0xff, 0xff, 0xff, 0xff, 0xff,
	0x31, 0xf5, 0xc5, 0xea, 0xff, 0xff, 0xff, 0xff, 0xff, 0xff, 0x5c, 0xff, 0x61, 0xe9, 0x37, 0xfe,
	0xff, 0xff, 0xff, 0xff, 0x7d, 0xff, 0xc8, 0xea, 0xa3, 0xe9, 0x25, 0xea, 0x82, 0xe9, 0xd6, 0xfd,
	0xff, 0xff, 0xdf, 0xff, 0xff, 0xff, 0xff, 0xff, 0x18, 0xc6, 0x00, 0x00, 0xff, 0xff, 0x00, 0x00,
	0x00, 0x00, 0xff, 0xff, 0x00, 0x00, 0x18, 0xc6, 0xff, 0xff, 0xff, 0xff, 0xff, 0xff, 0xff, 0xff,
	0x77, 0xfe, 0xc4, 0xea, 0x25, 0xeb, 0x25, 0xeb, 0xa3, 0xea, 0xce, 0xf4, 0xdf, 0xff, 0xff, 0xff,
	0x77, 0xfe, 0x27, 0xeb, 0x2c, 0xf4, 0xb4, 0xf5, 0x73, 0xf5, 0x4a, 0xeb, 0xe8, 0xea, 0xfb, 0xfe,
	0xff, 0xff, 0x7d, 0xff, 0x09, 0xeb, 0x83, 0xe9, 0x05, 0xea, 0xe4, 0xe9, 0x05, 0xea, 0x3c, 0xff,
	0xff, 0xff, 0xff, 0xff, 0xff, 0xff, 0xff, 0xff, 0x18, 0xc6, 0x00, 0x00, 0xff, 0xff, 0x00, 0x00,
	0x00, 0x00, 0xff, 0xff, 0x00, 0x00, 0x18, 0xc6, 0xff, 0xff, 0xff, 0xff, 0xff, 0xff, 0xff, 0xff,
	0x9d, 0xff, 0x46, 0xeb, 0x05, 0xeb, 0x05, 0xeb, 0x25, 0xeb, 0xc4, 0xea, 0x3b, 0xff, 0xff, 0xff,
	0xff, 0xff, 0x7d, 0xff, 0x2c, 0xf4, 0xe2, 0xe9, 0x03, 0xea, 0xb0, 0xf4, 0xdf, 0xff, 0xff, 0xff,
	0xff, 0xff, 0xd5, 0xf5, 0x42, 0xe9, 0x05, 0xea, 0xe4, 0xe9, 0xa3, 0xe9, 0x2a, 0xeb, 0xff, 0xff,
	0xff, 0xff, 0xff, 0xff, 0xff, 0xff, 0xff, 0xff, 0x18, 0xc6, 0x00, 0x00, 0xff, 0xff, 0x00, 0x00,
	0x00, 0x00, 0xff, 0xff, 0x00, 0x00, 0x18, 0xc6, 0xff, 0xff, 0xff, 0xff, 0xff, 0xff, 0xff, 0xff,
	0xff, 0xff, 0x4b, 0xf4, 0xc4, 0xea, 0x25, 0xeb, 0xc4, 0xea, 0x0a, 0xf4, 0xff, 0xff, 0xff, 0xff,
	0xff, 0xff, 0xff, 0xff, 0xff, 0xff, 0x8f, 0xf4, 0xb4, 0xf5, 0xff, 0xff, 0xdf, 0xff, 0xff, 0xff,
	0xff, 0xff, 0x5c, 0xff, 0x46, 0xea, 0xc4, 0xe9, 0x05, 0xea, 0x82, 0xe9, 0x90, 0xf4, 0xff, 0xff,
	0xff, 0xff, 0xff, 0xff, 0xff, 0xff, 0xff, 0xff, 0x18, 0xc6, 0x00, 0x00, 0xff, 0xff, 0x00, 0x00,
	0x00, 0x00, 0xff, 0xff, 0x00, 0x00, 0xf7, 0xbd, 0xff, 0xff, 0xff, 0xff, 0xff, 0xff, 0xff, 0xff,
	0xff, 0xff, 0x72, 0xf5, 0xa3, 0xea, 0x26, 0xeb, 0xc3, 0xea, 0xae, 0xf4, 0xff, 0xff, 0xdf, 0xff,
	0xff, 0xff, 0xff, 0xff, 0x1b, 0xff, 0xc6, 0xea, 0x8a, 0xeb, 0x9e, 0xff, 0xff, 0xff, 0xff, 0xff,
	0xff, 0xff, 0xff, 0xff, 0xc8, 0xea, 0xa3, 0xe9, 0x05, 0xea, 0x83, 0xe9, 0x37, 0xfe, 0xff, 0xff,
	0xff, 0xff, 0xff, 0xff, 0xff, 0xff, 0xff, 0xff, 0x18, 0xc6, 0x00, 0x00, 0xff, 0xff, 0x00, 0x00,
	0x00, 0x00, 0xff, 0xff, 0x00, 0x00, 0xf7, 0xbd, 0xdf, 0xff, 0xff, 0xff, 0xff, 0xff, 0xff, 0xff,
	0xff, 0xff, 0xb9, 0xfe, 0xe4, 0xea, 0x25, 0xeb, 0x05, 0xeb, 0x26, 0xeb, 0x3b, 0xff, 0xff, 0xff,
	0xff, 0xff, 0xd4, 0xf5, 0x64, 0xea, 0x85, 0xea, 0x24, 0xea, 0x86, 0xea, 0x57, 0xfe, 0xff, 0xff,
	0xff, 0xff, 0xd6, 0xfd, 0xa3, 0xe9, 0x04, 0xea, 0xc4, 0xe9, 0x26, 0xea, 0x7d, 0xff, 0xff, 0xff,
	0xff, 0xff, 0xff, 0xff, 0xff, 0xff, 0xff, 0xff, 0x18, 0xc6, 0x00, 0x00, 0xff, 0xff, 0x00, 0x00,
	0x00, 0x00, 0xff, 0xff, 0x00, 0x00, 0xf7, 0xbd, 0xff, 0xff, 0xff, 0xff, 0xff, 0xff, 0xff, 0xff,
	0xff, 0xff, 0xbe, 0xff, 0x67, 0xeb, 0xe4, 0xea, 0x25, 0xeb, 0xe4, 0xea, 0x87, 0xeb, 0x30, 0xf5,
	0x88, 0xeb, 0x06, 0xeb, 0x93, 0xf5, 0x7d, 0xff, 0x3c, 0xff, 0xb0, 0xf4, 0x24, 0xea, 0x2a, 0xeb,
	0x70, 0xf4, 0xe4, 0xe9, 0xc4, 0xe9, 0x05, 0xea, 0xa3, 0xe9, 0x6b, 0xeb, 0xff, 0xff, 0xff, 0xff,
	0xff, 0xff, 0xff, 0xff, 0xff, 0xff, 0xff, 0xff, 0x18, 0xc6, 0x00, 0x00, 0xff, 0xff, 0x00, 0x00,
	0x00, 0x00, 0xff, 0xff, 0x00, 0x00, 0xb6, 0xb5, 0xdf, 0xff, 0xff, 0xff, 0xff, 0xff, 0xff, 0xff,
	0xff, 0xff, 0xff, 0xff, 0x6d, 0xf4, 0xc3, 0xea, 0x25, 0xeb, 0x05, 0xeb, 0xe5, 0xea, 0xa3, 0xea,
	0xb3, 0xf5, 0xff, 0xff, 0xff, 0xff, 0xff, 0xff, 0xff, 0xff, 0xff, 0xff, 0x9e, 0xff, 0x2e, 0xf4,
	0x41, 0xe9, 0xe4, 0xe9, 0xe4, 0xe9, 0x05, 0xea, 0x62, 0xe9, 0xf2, 0xf4, 0xff, 0xff, 0xff, 0xff,
	0xff, 0xff, 0xff, 0xff, 0xff, 0xff, 0xff, 0xff, 0x18, 0xc6, 0x00, 0x00, 0xff, 0xff, 0x00, 0x00,
	0x00, 0x00, 0xff, 0xff, 0x00, 0x00, 0xd7, 0xbd, 0xdf, 0xff, 0xff, 0xff, 0xff, 0xff, 0xff, 0xff,
	0xff, 0xff, 0xff, 0xff, 0xb3, 0xf5, 0xa3, 0xea, 0x25, 0xeb, 0x05, 0xeb, 0x25, 0xeb, 0x05, 0xeb,
	0x10, 0xf5, 0xdf, 0xff, 0xff, 0xff, 0xdf, 0xff, 0xdf, 0xff, 0xff, 0xff, 0x5d, 0xff, 0xac, 0xf3,
	0xc4, 0xe9, 0xe4, 0xe9, 0xe4, 0xe9, 0xe4, 0xe9, 0xa3, 0xe9, 0x79, 0xfe, 0xff, 0xff, 0xff, 0xff,
	0xff, 0xff, 0xff, 0xff, 0xff, 0xff, 0xff, 0xff, 0x18, 0xc6, 0x00, 0x00, 0xff, 0xff, 0x00, 0x00,
	0x00, 0x00, 0xef, 0x7b, 0x00, 0x00, 0xd7, 0xbd, 0xdf, 0xff, 0xff, 0xff, 0xff, 0xff, 0xff, 0xff,
	0xff, 0xff, 0xff, 0xff, 0x1b, 0xff, 0xe4, 0xea, 0x05, 0xeb, 0x05, 0xeb, 0x05, 0xeb, 0x05, 0xeb,
	0x83, 0xea, 0x89, 0xeb, 0x1b, 0xff, 0xff, 0xff, 0xff, 0xff, 0x57, 0xfe, 0x66, 0xea, 0x82, 0xe9,
	0xe4, 0xe9, 0xe4, 0xe9, 0xe4, 0xe9, 0xc4, 0xe9, 0x67, 0xea, 0xbe, 0xff, 0xff, 0xff, 0xff, 0xff,
	0xff, 0xff, 0xff, 0xff, 0xff, 0xff, 0xff, 0xff, 0xf7, 0xbd, 0x00, 0x00, 0xff, 0xff, 0x00, 0x00,
	0x00, 0x00, 0xef, 0x7b, 0x00, 0x00, 0x96, 0xb5, 0xdf, 0xff, 0xff, 0xff, 0xff, 0xff, 0xff, 0xff,
	0xff, 0xff, 0xff, 0xff, 0xff, 0xff, 0x4c, 0xf4, 0xa3, 0xea, 0x26, 0xeb, 0x05, 0xeb, 0x05, 0xeb,
	0x05, 0xeb, 0x83, 0xea, 0xc5, 0xea, 0x57, 0xfe, 0x73, 0xf5, 0xe3, 0xe9, 0xe4, 0xe9, 0x05, 0xea,
	0xe4, 0xe9, 0xe4, 0xe9, 0x05, 0xea, 0x42, 0xe9, 0xd1, 0xf4, 0xff, 0xff, 0xff, 0xff, 0xff, 0xff,
	0xff, 0xff, 0xff, 0xff, 0xff, 0xff, 0xdf, 0xff, 0xd7, 0xbd, 0x00, 0x00, 0xef, 0x7b, 0x00, 0x00,
	0x00, 0x00, 0xff, 0xff, 0x00, 0x00, 0xef, 0x7b, 0xdf, 0xff, 0xff, 0xff, 0xff, 0xff, 0xff, 0xff,
	0xff, 0xff, 0xff, 0xff, 0xff, 0xff, 0x5c, 0xff, 0x87, 0xeb, 0xc3, 0xea, 0x25, 0xeb, 0x05, 0xeb,
	0xe5, 0xea, 0xc5, 0xea, 0x84, 0xea, 0x44, 0xea, 0x23, 0xea, 0x24, 0xea, 0x25, 0xea, 0xe4, 0xe9,
	0xe4, 0xe9, 0x05, 0xea, 0x62, 0xe9, 0x4b, 0xeb, 0xbe, 0xff, 0xff, 0xff, 0xff, 0xff, 0xff, 0xff,
	0xff, 0xff, 0xff, 0xff, 0xff, 0xff, 0xdf, 0xff, 0x92, 0x94, 0x00, 0x00, 0xff, 0xff, 0x00, 0x00,
	0x00, 0x00, 0x00, 0x00, 0x00, 0x00, 0x00, 0x00, 0xbe, 0xf7, 0xff, 0xff, 0xff, 0xff, 0xff, 0xff,
	0xff, 0xff, 0xff, 0xff, 0xff, 0xff, 0xff, 0xff, 0x7c, 0xff, 0x4c, 0xf4, 0xa3, 0xea, 0x05, 0xeb,
	0x05, 0xeb, 0xc5, 0xea, 0xa5, 0xea, 0x85, 0xea, 0x65, 0xea, 0x24, 0xea, 0x04, 0xea, 0x05, 0xea,
	0xc3, 0xe9, 0x83, 0xe9, 0x4f, 0xf4, 0xdf, 0xff, 0xff, 0xff, 0xff, 0xff, 0xff, 0xff, 0xff, 0xff,
	0xff, 0xff, 0xff, 0xff, 0xff, 0xff, 0xbe, 0xf7, 0x45, 0x29, 0x00, 0x00, 0x00, 0x00, 0x00, 0x00,
	0x00, 0x00, 0x00, 0x00, 0xff, 0xff, 0x00, 0x00, 0x3c, 0xe7, 0xff, 0xff, 0xff, 0xff, 0xff, 0xff,
	0xff, 0xff, 0xff, 0xff, 0xff, 0xff, 0xff, 0xff, 0xff, 0xff, 0xff, 0xff, 0xd3, 0xf5, 0x25, 0xeb,
	0xa3, 0xea, 0xe5, 0xea, 0xa5, 0xea, 0x84, 0xea, 0x44, 0xea, 0x45, 0xea, 0x25, 0xea, 0x82, 0xe9,
	0x67, 0xea, 0x17, 0xfe, 0xff, 0xff, 0xff, 0xff, 0xff, 0xff, 0xff, 0xff, 0xff, 0xff, 0xff, 0xff,
	0xff, 0xff, 0xff, 0xff, 0xff, 0xff, 0x3c, 0xe7, 0x00, 0x00, 0xff, 0xff, 0x00, 0x00, 0x00, 0x00,
	0x00, 0x00, 0x00, 0x00, 0xff, 0xff, 0x00, 0x00, 0x34, 0xa5, 0xdf, 0xff, 0xff, 0xff, 0xff, 0xff,
	0xff, 0xff, 0xff, 0xff, 0xff, 0xff, 0xff, 0xff, 0xff, 0xff, 0xff, 0xff, 0xff, 0xff, 0x1b, 0xff,
	0x0b, 0xf4, 0x63, 0xea, 0x84, 0xea, 0x85, 0xea, 0x65, 0xea, 0x04, 0xea, 0xc3, 0xe9, 0x0e, 0xf4,
	0x7d, 0xff, 0xff, 0xff, 0xff, 0xff, 0xff, 0xff, 0xff, 0xff, 0xff, 0xff, 0xff, 0xff, 0xff, 0xff,
	0xff, 0xff, 0xff, 0xff, 0xdf, 0xff, 0x55, 0xad, 0x00, 0x00, 0xff, 0xff, 0x00, 0x00, 0x00, 0x00,
	0x00, 0x00, 0x00, 0x00, 0x00, 0x00, 0xff, 0xff, 0x00, 0x00, 0x9a, 0xd6, 0xff, 0xff, 0xff, 0xff,
	0xff, 0xff, 0xff, 0xff, 0xff, 0xff, 0xff, 0xff, 0xff, 0xff, 0xff, 0xff, 0xff, 0xff, 0xff, 0xff,
	0xff, 0xff, 0x73, 0xf5, 0xa5, 0xea, 0x23, 0xea, 0xe2, 0xe9, 0xa6, 0xea, 0xf6, 0xf5, 0xff, 0xff,
	0xff, 0xff, 0xff, 0xff, 0xff, 0xff, 0xff, 0xff, 0xff, 0xff, 0xff, 0xff, 0xff, 0xff, 0xff, 0xff,
	0xff, 0xff, 0xff, 0xff, 0x9a, 0xd6, 0x00, 0x00, 0xff, 0xff, 0x00, 0x00, 0x00, 0x00, 0x00, 0x00,
	0x00, 0x00, 0x00, 0x00, 0x00, 0x00, 0x00, 0x00, 0xff, 0xff, 0x00, 0x00, 0x79, 0xce, 0xdf, 0xff,
	0xff, 0xff, 0xff, 0xff, 0xff, 0xff, 0xff, 0xff, 0xff, 0xff, 0xff, 0xff, 0xff, 0xff, 0xff, 0xff,
	0xff, 0xff, 0xff, 0xff, 0x1b, 0xff, 0x2d, 0xf4, 0xaf, 0xf4, 0x9d, 0xff, 0xff, 0xff, 0xff, 0xff,
	0xff, 0xff, 0xff, 0xff, 0xff, 0xff, 0xff, 0xff, 0xff, 0xff, 0xff, 0xff, 0xff, 0xff, 0xff, 0xff,
	0xdf, 0xff, 0x9a, 0xd6, 0x00, 0x00, 0xff, 0xff, 0x00, 0x00, 0x00, 0x00, 0x00, 0x00, 0x00, 0x00,
	0x00, 0x00, 0x00, 0x00, 0x00, 0x00, 0x00, 0x00, 0x00, 0x00, 0xff, 0xff, 0x00, 0x00, 0xd3, 0x9c,
	0xfb, 0xde, 0x7d, 0xef, 0xbe, 0xf7, 0xdf, 0xff, 0xdf, 0xff, 0xdf, 0xff, 0xdf, 0xff, 0xdf, 0xff,
	0xdf, 0xff, 0xbe, 0xff, 0xff, 0xff, 0xff, 0xff, 0xff, 0xff, 0xff, 0xff, 0xbe, 0xff, 0xdf, 0xff,
	0xdf, 0xff, 0xdf, 0xff, 0xdf, 0xff, 0xdf, 0xff, 0xdf, 0xff, 0xbe, 0xf7, 0x9e, 0xf7, 0xfb, 0xde,
	0xf3, 0x9c, 0x00, 0x00, 0xff, 0xff, 0x00, 0x00, 0x00, 0x00, 0x00, 0x00, 0x00, 0x00, 0x00, 0x00,
	0x00, 0x00, 0x00, 0x00, 0x00, 0x00, 0x00, 0x00, 0x00, 0x00, 0x00, 0x00, 0xff, 0xff, 0x00, 0x00,
	0x00, 0x00, 0x00, 0x00, 0xaa, 0x52, 0xcf, 0x7b, 0x10, 0x84, 0x10, 0x84, 0x30, 0x84, 0x30, 0x84,
	0x30, 0x84, 0x30, 0x84, 0xef, 0x83, 0xcf, 0x83, 0xcf, 0x83, 0x0f, 0x84, 0x30, 0x84, 0x30, 0x84,
	0x30, 0x84, 0x30, 0x84, 0x10, 0x84, 0xef, 0x7b, 0xcf, 0x7b, 0xeb, 0x5a, 0x00, 0x00, 0x00, 0x00,
	0x00, 0x00, 0xff, 0xff, 0x00, 0x00, 0x00, 0x00, 0x00, 0x00, 0x00, 0x00, 0x00, 0x00, 0x00, 0x00,
	0x00, 0x00, 0x00, 0x00, 0x00, 0x00, 0x00, 0x00, 0x00, 0x00, 0x00, 0x00, 0x00, 0x00, 0xff, 0xff,
	0xff, 0xff, 0x00, 0x00, 0x00, 0x00, 0x00, 0x00, 0x00, 0x00, 0x00, 0x00, 0x00, 0x00, 0x00, 0x00,
	0x00, 0x00, 0x00, 0x00, 0x00, 0x00, 0x00, 0x00, 0x00, 0x00, 0x00, 0x00, 0x00, 0x00, 0x00, 0x00,
	0x00, 0x00, 0x00, 0x00, 0x00, 0x00, 0x00, 0x00, 0x00, 0x00, 0x00, 0x00, 0x00, 0x00, 0xff, 0xff,
	0xff, 0xff, 0x00, 0x00, 0x00, 0x00, 0x00, 0x00, 0x00, 0x00, 0x00, 0x00, 0x00, 0x00, 0x00, 0x00,
	0x00, 0x00, 0x00, 0x00, 0x00, 0x00, 0x00, 0x00, 0x00, 0x00, 0x00, 0x00, 0x00, 0x00, 0x00, 0x00,
	0x00, 0x00, 0x00, 0x00, 0xff, 0xff, 0xff, 0xff, 0xff, 0xff, 0xff, 0xff, 0xff, 0xff, 0xff, 0xff,
	0xff, 0xff, 0xff, 0xff, 0xff, 0xff, 0xff, 0xff, 0xff, 0xff, 0xff, 0xff, 0xff, 0xff, 0xff, 0xff,
	0xff, 0xff, 0xff, 0xff, 0xff, 0xff, 0xff, 0xff, 0xff, 0xff, 0xff, 0xff, 0x00, 0x00, 0x00, 0x00,
	0x00, 0x00, 0x00, 0x00, 0x00, 0x00, 0x00, 0x00, 0x00, 0x00, 0x00, 0x00, 0x00, 0x00, 0x00, 0x00,
	0x00, 0x00, 0x00, 0x00, 0x00, 0x00, 0x00, 0x00, 0x00, 0x00, 0x00, 0x00, 0x00, 0x00, 0x00, 0x00,
	0x00, 0x00, 0x00, 0x00, 0x00, 0x00, 0x00, 0x00, 0x00, 0x00, 0x00, 0x00, 0x00, 0x00, 0x00, 0x00,
	0x00, 0x00, 0x00, 0x00, 0x00, 0x00, 0x00, 0x00, 0x00, 0x00, 0x00, 0x00, 0x00, 0x00, 0x00, 0x00,
	0x00, 0x00, 0x00, 0x00, 0x00, 0x00, 0x00, 0x00, 0x00, 0x00, 0x00, 0x00, 0x00, 0x00, 0x00, 0x00,
	0x00, 0x00, 0x00, 0x00, 0x00, 0x00, 0x00, 0x00, 0x00, 0x00, 0x00, 0x00, 0x00, 0x00, 0x00, 0x00,
	0x00, 0x00, 0x00, 0x00, 0x00, 0x00, 0x00, 0x00, 0x00, 0x00, 0x00, 0x00, 0x00, 0x00, 0x00, 0x00,
	0x00, 0x00, 0x00, 0x00, 0x00, 0x00, 0x00, 0x00, 0x00, 0x00, 0x00, 0x00, 0x00, 0x00, 0x00, 0x00,
	0x00, 0x00, 0x00, 0x00, 0x00, 0x00, 0x00, 0x00, 0x00, 0x00, 0x00, 0x00, 0x00, 0x00, 0x00, 0x00,
	0x00, 0x00, 0x01, 0x01, 0x02, 0x02, 0x02, 0x02, 0x02, 0x02, 0x02, 0x02, 0x02, 0x02, 0x02, 0x02,
	0x02, 0x02, 0x02, 0x02, 0x01, 0x01, 0x00, 0x00, 0x00, 0x00, 0x00, 0x00, 0x00, 0x00, 0x00, 0x00,
	0x00, 0x00, 0x00, 0x00, 0x00, 0x00, 0x00, 0x02, 0x04, 0x01, 0x00, 0x00, 0x00, 0x00, 0x00, 0x00,
	0x00, 0x00, 0x00, 0x00, 0x00, 0x00, 0x00, 0x00, 0x00, 0x00, 0x00, 0x00, 0x00, 0x00, 0x01, 0x04,
	0x02, 0x00, 0x00, 0x00, 0x00, 0x00, 0x00, 0x00, 0x00, 0x00, 0x00, 0x00, 0x00, 0x00, 0x03, 0x00,
	0x00, 0x00, 0x0d, 0x18, 0x1c, 0x1d, 0x1e, 0x1f, 0x1f, 0x20, 0x20, 0x20, 0x20, 0x20, 0x20, 0x1f,
	0x1f, 0x1e, 0x1d, 0x1c, 0x19, 0x0e, 0x00, 0x00, 0x00, 0x03, 0x00, 0x00, 0x00, 0x00, 0x00, 0x00,
	0x00, 0x00, 0x00, 0x00, 0x00, 0x03, 0x00, 0x23, 0x86, 0xc9, 0xe7, 0xf3, 0xf6, 0xf7, 0xf7, 0xf8,
	0xf8, 0xf9, 0xf9, 0xf9, 0xf9, 0xf9, 0xf9, 0xf8, 0xf8, 0xf7, 0xf7, 0xf6, 0xf3, 0xe7, 0xca, 0x89,
	0x25, 0x00, 0x02, 0x00, 0x00, 0x00, 0x00, 0x00, 0x00, 0x00, 0x00, 0x00, 0x03, 0x00, 0x65, 0xf2,
	0xff, 0xff, 0xff, 0xff, 0xff, 0xff, 0xff, 0xff, 0xff, 0xff, 0xff, 0xff, 0xff, 0xff, 0xff, 0xff,
	0xff, 0xff, 0xff, 0xff, 0xff, 0xff, 0xff, 0xff, 0xf4, 0x6a, 0x00, 0x03, 0x00, 0x00, 0x00, 0x00,
	0x00, 0x00, 0x00, 0x03, 0x00, 0x65, 0xff, 0xff, 0xfb, 0xfd, 0xfe, 0xfe, 0xfe, 0xfe, 0xfe, 0xfe,
	0xfe, 0xfe, 0xfe, 0xfe, 0xfe, 0xfe, 0xfe, 0xfe, 0xfe, 0xfe, 0xfe, 0xfe, 0xfe, 0xfe, 0xfd, 0xfb,
	0xff, 0xff, 0x6a, 0x00, 0x03, 0x00, 0x00, 0x00, 0x00, 0x00, 0x02, 0x00, 0x23, 0xf7, 0xfd, 0xfd,
	0xff, 0xff, 0xff, 0xff, 0xff, 0xff, 0xff, 0xff, 0xff, 0xff, 0xff, 0xff, 0xff, 0xff, 0xff, 0xff,
	0xff, 0xff, 0xff, 0xff, 0xff, 0xff, 0xff, 0xff, 0xfd, 0xfc, 0xf9, 0x27, 0x00, 0x02, 0x00, 0x00,
	0x00, 0x00, 0x04, 0x00, 0x8d, 0xff, 0xfb, 0xff, 0xff, 0xff, 0xff, 0xff, 0xff, 0xff, 0xff, 0xff,
	0xff, 0xff, 0xff, 0xff, 0xff, 0xff, 0xff, 0xff, 0xff, 0xff, 0xff, 0xff, 0xff, 0xff, 0xff, 0xff,
	0xff, 0xfb, 0xff, 0x92, 0x00, 0x04, 0x00, 0x00, 0x00, 0x00, 0x01, 0x02, 0xd0, 0xfe, 0xfc, 0xff,
	0xff, 0xff, 0xff, 0xff, 0xff, 0xff, 0xff, 0xff, 0xff, 0xff, 0xff, 0xff, 0xff, 0xff, 0xff, 0xff,
	0xff, 0xff, 0xff, 0xff, 0xff, 0xff, 0xff, 0xff, 0xff, 0xfd, 0xfe, 0xd4, 0x03, 0x00, 0x01, 0x00,
	0x00, 0x01, 0x00, 0x13, 0xeb, 0xff, 0xfe, 0xff, 0xff, 0xff, 0xff, 0xff, 0xff, 0xff, 0xff, 0xff,
	0xff, 0xff, 0xff, 0xff, 0xff, 0xff, 0xff, 0xff, 0xff, 0xff, 0xff, 0xff, 0xff, 0xff, 0xff, 0xff,
	0xff, 0xfe, 0xff, 0xee, 0x17, 0x00, 0x01, 0x00, 0x00, 0x02, 0x00, 0x20, 0xf5, 0xff, 0xfe, 0xff,
	0xff, 0xff, 0xff, 0xff, 0xff, 0xff, 0xff, 0xff, 0xff, 0xff, 0xff, 0xff, 0xff, 0xff, 0xff, 0xff,
	0xff, 0xff, 0xff, 0xff, 0xff, 0xff, 0xff, 0xff, 0xff, 0xfe, 0xff, 0xf7, 0x23, 0x00, 0x02, 0x00,
	0x00, 0x02, 0x00, 0x24, 0xf8, 0xff, 0xfe, 0xff, 0xff, 0xff, 0xff, 0xff, 0xff, 0xff, 0xff, 0xff,
	0xff, 0xff, 0xff, 0xff, 0xff, 0xff, 0xff, 0xff, 0xff, 0xff, 0xff, 0xff, 0xff, 0xff, 0xff, 0xff,
	0xff, 0xfe, 0xff, 0xfa, 0x28, 0x00, 0x02, 0x00, 0x00, 0x02, 0x00, 0x27, 0xfa, 0xff, 0xfe, 0xff,
	0xff, 0xff, 0xff, 0xff, 0xff, 0xff, 0xff, 0xff, 0xff, 0xff, 0xff, 0xff, 0xff, 0xff, 0xff, 0xff,
	0xff, 0xff, 0xff, 0xff, 0xff, 0xff, 0xff, 0xff, 0xff, 0xfe, 0xff, 0xfb, 0x29, 0x00, 0x02, 0x00,
	0x00, 0x02, 0x00, 0x29, 0xfb, 0xff, 0xfe, 0xff, 0xff, 0xff, 0xff, 0xff, 0xff, 0xff, 0xff, 0xff,
	0xff, 0xff, 0xff, 0xff, 0xff, 0xff, 0xff, 0xff, 0xff, 0xff, 0xff, 0xff, 0xff, 0xff, 0xff, 0xff,
	0xff, 0xfe, 0xff, 0xfb, 0x29, 0x00, 0x02, 0x00, 0x00, 0x02, 0x00, 0x29, 0xfb, 0xff, 0xfe, 0xff,
	0xff, 0xff, 0xff, 0xff, 0xff, 0xff, 0xff, 0xff, 0xff, 0xff, 0xff, 0xff, 0xff, 0xff, 0xff, 0xff,
	0xff, 0xff, 0xff, 0xff, 0xff, 0xff, 0xff, 0xff, 0xff, 0xfe, 0xff, 0xfb, 0x29, 0x00, 0x02, 0x00,
	0x00, 0x02, 0x00, 0x29, 0xfb, 0xff, 0xfe, 0xff, 0xff, 0xff, 0xff, 0xff, 0xff, 0xff, 0xff, 0xff,
	0xff, 0xff, 0xff, 0xff, 0xff, 0xff, 0xff, 0xff, 0xff, 0xff, 0xff, 0xff, 0xff, 0xff, 0xff, 0xff,
	0xff, 0xfe, 0xff, 0xfb, 0x29, 0x00, 0x02, 0x00, 0x00, 0x02, 0x00, 0x29, 0xfb, 0xff, 0xfe, 0xff,
	0xff, 0xff, 0xff, 0xff, 0xff, 0xff, 0xff, 0xff, 0xff, 0xff, 0xff, 0xff, 0xff, 0xff, 0xff, 0xff,
	0xff, 0xff, 0xff, 0xff, 0xff, 0xff, 0xff, 0xff, 0xff, 0xfe, 0xff, 0xfb, 0x29, 0x00, 0x02, 0x00,
	0x00, 0x02, 0x00, 0x29, 0xfb, 0xff, 0xfe, 0xff, 0xff, 0xff, 0xff, 0xff, 0xff, 0xff, 0xff, 0xff,
	0xff, 0xff, 0xff, 0xff, 0xff, 0xff, 0xff, 0xff, 0xff, 0xff, 0xff, 0xff, 0xff, 0xff, 0xff, 0xff,
	0xff, 0xfe, 0xff, 0xfb, 0x29, 0x00, 0x02, 0x00, 0x00, 0x02, 0x00, 0x29, 0xfb, 0xff, 0xfe, 0xff,
	0xff, 0xff, 0xff, 0xff, 0xff, 0xff, 0xff, 0xff, 0xff, 0xff, 0xff, 0xff, 0xff, 0xff, 0xff, 0xff,
	0xff, 0xff, 0xff, 0xff, 0xff, 0xff, 0xff, 0xff, 0xff, 0xfe, 0xff, 0xfb, 0x29, 0x00, 0x02, 0x00,
	0x00, 0x02, 0x00, 0x29, 0xfb, 0xff, 0xfe, 0xff, 0xff, 0xff, 0xff, 0xff, 0xff, 0xff, 0xff, 0xff,
	0xff, 0xff, 0xff, 0xff, 0xff, 0xff, 0xff, 0xff, 0xff, 0xff, 0xff, 0xff, 0xff, 0xff, 0xff, 0xff,
	0xff, 0xfe, 0xff, 0xfb, 0x29, 0x00, 0x02, 0x00, 0x00, 0x02, 0x00, 0x29, 0xfb, 0xff, 0xfe, 0xff,
	0xff, 0xff, 0xff, 0xff, 0xff, 0xff, 0xff, 0xff, 0xff, 0xff, 0xff, 0xff, 0xff, 0xff, 0xff, 0xff,
	0xff, 0xff, 0xff, 0xff, 0xff, 0xff, 0xff, 0xff, 0xff, 0xfe, 0xff, 0xfb, 0x29, 0x00, 0x02, 0x00,
	0x00, 0x02, 0x00, 0x28, 0xfa, 0xff, 0xfe, 0xff, 0xff, 0xff, 0xff, 0xff, 0xff, 0xff, 0xff, 0xff,
	0xff, 0xff, 0xff, 0xff, 0xff, 0xff, 0xff, 0xff, 0xff, 0xff, 0xff, 0xff, 0xff, 0xff, 0xff, 0xff,
	0xff, 0xfe, 0xff, 0xfb, 0x29, 0x00, 0x02, 0x00, 0x00, 0x02, 0x00, 0x27, 0xfa, 0xff, 0xfe, 0xff,
	0xff, 0xff, 0xff, 0xff, 0xff, 0xff, 0xff, 0xff, 0xff, 0xff, 0xff, 0xff, 0xff, 0xff, 0xff, 0xff,
	0xff, 0xff, 0xff, 0xff, 0xff, 0xff, 0xff, 0xff, 0xff, 0xfe, 0xff, 0xfb, 0x29, 0x00, 0x02, 0x00,
	0x00, 0x02, 0x00, 0x27, 0xf9, 0xff, 0xfe, 0xff, 0xff, 0xff, 0xff, 0xff, 0xff, 0xff, 0xff, 0xff,
	0xff, 0xff, 0xff, 0xff, 0xff, 0xff, 0xff, 0xff, 0xff, 0xff, 0xff, 0xff, 0xff, 0xff, 0xff, 0xff,
	0xff, 0xfe, 0xff, 0xfb, 0x29, 0x00, 0x02, 0x00, 0x00, 0x02, 0x00, 0x26, 0xf9, 0xff, 0xfe, 0xff,
	0xff, 0xff, 0xff, 0xff, 0xff, 0xff, 0xff, 0xff, 0xff, 0xff, 0xff, 0xff, 0xff, 0xff, 0xff, 0xff,
	0xff, 0xff, 0xff, 0xff, 0xff, 0xff, 0xff, 0xff, 0xff, 0xfe, 0xff, 0xfb, 0x29, 0x00, 0x02, 0x00,
	0x00, 0x02, 0x00, 0x25, 0xf9, 0xff, 0xfe, 0xff, 0xff, 0xff, 0xff, 0xff, 0xff, 0xff, 0xff, 0xff,
	0xff, 0xff, 0xff, 0xff, 0xff, 0xff, 0xff, 0xff, 0xff, 0xff, 0xff, 0xff, 0xff, 0xff, 0xff, 0xff,
	0xff, 0xfe, 0xff, 0xfb, 0x29, 0x00, 0x02, 0x00, 0x00, 0x02, 0x00, 0x24, 0xf8, 0xff, 0xfe, 0xff,
	0xff, 0xff, 0xff, 0xff, 0xff, 0xff, 0xff, 0xff, 0xff, 0xff, 0xff, 0xff, 0xff, 0xff, 0xff, 0xff,
	0xff, 0xff, 0xff, 0xff, 0xff, 0xff, 0xff, 0xff, 0xff, 0xfe, 0xff, 0xfa, 0x28, 0x00, 0x02, 0x00,
	0x00, 0x02, 0x00, 0x21, 0xf5, 0xff, 0xfe, 0xff, 0xff, 0xff, 0xff, 0xff, 0xff, 0xff, 0xff, 0xff,
	0xff, 0xff, 0xff, 0xff, 0xff, 0xff, 0xff, 0xff, 0xff, 0xff, 0xff, 0xff, 0xff, 0xff, 0xff, 0xff,
	0xff, 0xfe, 0xff, 0xf8, 0x24, 0x00, 0x02, 0x00, 0x00, 0x01, 0x00, 0x16, 0xec, 0xff, 0xfe, 0xff,
	0xff, 0xff, 0xff, 0xff, 0xff, 0xff, 0xff, 0xff, 0xff, 0xff, 0xff, 0xff, 0xff, 0xff, 0xff, 0xff,
	0xff, 0xff, 0xff, 0xff, 0xff, 0xff, 0xff, 0xff, 0xff, 0xfe, 0xff, 0xef, 0x1a, 0x00, 0x01, 0x00,
	0x00, 0x01, 0x00, 0x05, 0xd3, 0xfe, 0xfd, 0xff, 0xff, 0xff, 0xff, 0xff, 0xff, 0xff, 0xff, 0xff,
	0xff, 0xff, 0xff, 0xff, 0xff, 0xff, 0xff, 0xff, 0xff, 0xff, 0xff, 0xff, 0xff, 0xff, 0xff, 0xff,
	0xff, 0xfd, 0xfe, 0xd7, 0x06, 0x00, 0x01, 0x00, 0x00, 0x00, 0x03, 0x00, 0x96, 0xff, 0xfb, 0xff,
	0xff, 0xff, 0xff, 0xff, 0xff, 0xff, 0xff, 0xff, 0xff, 0xff, 0xff, 0xff, 0xff, 0xff, 0xff, 0xff,
	0xff, 0xff, 0xff, 0xff, 0xff, 0xff, 0xff, 0xff, 0xff, 0xfb, 0xff, 0x9b, 0x00, 0x03, 0x00, 0x00,
	0x00, 0x00, 0x02, 0x00, 0x31, 0xfa, 0xfd, 0xfd, 0xff, 0xff, 0xff, 0xff, 0xff, 0xff, 0xff, 0xff,
	0xff, 0xff, 0xff, 0xff, 0xff, 0xff, 0xff, 0xff, 0xff, 0xff, 0xff, 0xff, 0xff, 0xff, 0xff, 0xff,
	0xfd, 0xfc, 0xfb, 0x34, 0x00, 0x02, 0x00, 0x00, 0x00, 0x00, 0x00, 0x01, 0x00, 0x78, 0xff, 0xfe,
	0xfb, 0xfd, 0xfe, 0xfe, 0xfe, 0xfe, 0xfe, 0xfe, 0xfe, 0xfe, 0xfe, 0xfe, 0xfe, 0xfe, 0xfe, 0xfe,
	0xfe, 0xfe, 0xfe, 0xfe, 0xfe, 0xfe, 0xfd, 0xfb, 0xfe, 0xff, 0x7e, 0x00, 0x01, 0x00, 0x00, 0x00,
	0x00, 0x00, 0x00, 0x00, 0x02, 0x00, 0x7c, 0xf8, 0xff, 0xff, 0xff, 0xff, 0xff, 0xff, 0xff, 0xff,
	0xff, 0xff, 0xff, 0xff, 0xff, 0xff, 0xff, 0xff, 0xff, 0xff, 0xff, 0xff, 0xff, 0xff, 0xff, 0xff,
	0xfa, 0x80, 0x01, 0x02, 0x00, 0x00, 0x00, 0x00, 0x00, 0x00, 0x00, 0x00, 0x00, 0x01, 0x00, 0x3b,
	0x9e, 0xd8, 0xf0, 0xf9, 0xfc, 0xfd, 0xfd, 0xfd, 0xfd, 0xfd, 0xfd, 0xfd, 0xfd, 0xfd, 0xfd, 0xfd,
	0xfd, 0xfd, 0xfd, 0xfc, 0xf9, 0xf1, 0xd9, 0xa0, 0x3e, 0x00, 0x01, 0x00, 0x00, 0x00, 0x00, 0x00,
	0x00, 0x00, 0x00, 0x00, 0x00, 0x00, 0x02, 0x00, 0x00, 0x13, 0x29, 0x35, 0x3a, 0x3b, 0x3b, 0x3b,
	0x3b, 0x3b, 0x3b, 0x3b, 0x3b, 0x3b, 0x3b, 0x3b, 0x3b, 0x3b, 0x3b, 0x3a, 0x35, 0x29, 0x14, 0x00,
	0x00, 0x02, 0x00, 0x00, 0x00, 0x00, 0x00, 0x00, 0x00, 0x00, 0x00, 0x00, 0x00, 0x00, 0x00, 0x02,
	0x02, 0x00, 0x00, 0x00, 0x00, 0x00, 0x00, 0x00, 0x00, 0x00, 0x00, 0x00, 0x00, 0x00, 0x00, 0x00,
	0x00, 0x00, 0x00, 0x00, 0x00, 0x00, 0x00, 0x02, 0x02, 0x00, 0x00, 0x00, 0x00, 0x00, 0x00, 0x00,
	0x00, 0x00, 0x00, 0x00, 0x00, 0x00, 0x00, 0x00, 0x00, 0x01, 0x01, 0x01, 0x02, 0x02, 0x02, 0x02,
	0x02, 0x02, 0x02, 0x02, 0x02, 0x02, 0x02, 0x02, 0x02, 0x02, 0x02, 0x02, 0x01, 0x01, 0x01, 0x00,
	0x00, 0x00, 0x00, 0x00, 0x00, 0x00, 0x00, 0x00, 0x00, 0x00, 0x00, 0x00, 0x00, 0x00, 0x00, 0x00,
	0x00, 0x00, 0x00, 0x00, 0x00, 0x00, 0x00, 0x00, 0x00, 0x00, 0x00, 0x00, 0x00, 0x00, 0x00, 0x00,
	0x00, 0x00, 0x00, 0x00, 0x00, 0x00, 0x00, 0x00, 0x00, 0x00, 0x00, 0x00, 0x00, 0x00, 0x00, 0x00,
};

static const lv_image_dsc_t icon_brave = {
	.header = { .magic = LV_IMAGE_HEADER_MAGIC,
	            .cf = LV_COLOR_FORMAT_RGB565A8,
	            .w = 40, .h = 40, .stride = 80 },
	.data_size = sizeof(icon_brave_map),
	.data = icon_brave_map,
};

static const uint8_t icon_pcsx2_map[] __attribute__((aligned(64))) = {
	0x00, 0x00, 0x00, 0x00, 0x00, 0x00, 0x00, 0x00, 0x00, 0x00, 0x00, 0x00, 0x00, 0x00, 0x00, 0x00,
	0x00, 0x00, 0x00, 0x00, 0x00, 0x00, 0x00, 0x00, 0x00, 0x00, 0x00, 0x00, 0x00, 0x00, 0x00, 0x00,
	0x00, 0x00, 0x00, 0x00, 0x00, 0x00, 0x00, 0x00, 0x00, 0x00, 0x00, 0x00, 0x00, 0x00, 0x00, 0x00,
	0x00, 0x00, 0x00, 0x00, 0x00, 0x00, 0x00, 0x00, 0x00, 0x00, 0x00, 0x00, 0x00, 0x00, 0x00, 0x00,
	0x00, 0x00, 0x00, 0x00, 0x00, 0x00, 0x00, 0x00, 0x00, 0x00, 0x00, 0x00, 0x00, 0x00, 0x00, 0x00,
	0x00, 0x00, 0x00, 0x00, 0x00, 0x00, 0x00, 0x00, 0x00, 0x00, 0x00, 0x00, 0x00, 0x00, 0x00, 0x00,
	0x00, 0x00, 0x00, 0x00, 0x00, 0x00, 0x00, 0x00, 0x00, 0x00, 0x00, 0x00, 0x00, 0x00, 0x00, 0x00,
	0x00, 0x00, 0x00, 0x00, 0x00, 0x00, 0x00, 0x00, 0x00, 0x00, 0x00, 0x00, 0x00, 0x00, 0x00, 0x00,
	0x00, 0x00, 0x00, 0x00, 0x00, 0x00, 0x00, 0x00, 0x00, 0x00, 0x00, 0x00, 0x00, 0x00, 0x00, 0x00,
	0x00, 0x00, 0x00, 0x00, 0x00, 0x00, 0x00, 0x00, 0x00, 0x00, 0x00, 0x00, 0x00, 0x00, 0x00, 0x00,
	0x00, 0x00, 0x00, 0x00, 0x00, 0x00, 0x00, 0x00, 0x00, 0x00, 0x00, 0x00, 0x00, 0x00, 0x00, 0x00,
	0x00, 0x00, 0x00, 0x00, 0x00, 0x00, 0x00, 0x00, 0x00, 0x00, 0x00, 0x00, 0x00, 0x00, 0x00, 0x00,
	0x00, 0x00, 0x00, 0x00, 0x00, 0x00, 0xff, 0x7b, 0xff, 0x7b, 0x00, 0x00, 0x00, 0x00, 0x00, 0x00,
	0x00, 0x00, 0x00, 0x00, 0x00, 0x00, 0x00, 0x00, 0x00, 0x00, 0x00, 0x00, 0x00, 0x00, 0x00, 0x00,
	0x00, 0x00, 0x00, 0x00, 0x00, 0x00, 0x00, 0x00, 0x00, 0x00, 0x00, 0x00, 0x00, 0x00, 0x00, 0x00,
	0x00, 0x00, 0x00, 0x00, 0x00, 0x00, 0x00, 0x00, 0x00, 0x00, 0x00, 0x00, 0x00, 0x00, 0x00, 0x00,
	0x00, 0x00, 0x00, 0x00, 0x00, 0x00, 0x00, 0x00, 0x00, 0x00, 0x00, 0x00, 0x00, 0x00, 0x00, 0x00,
	0x00, 0x00, 0xff, 0x07, 0x5f, 0x55, 0x00, 0x00, 0x00, 0x00, 0xff, 0x07, 0x00, 0x00, 0x00, 0x00,
	0x00, 0x00, 0x00, 0x00, 0x00, 0x00, 0x00, 0x00, 0x00, 0x00, 0x00, 0x00, 0x00, 0x00, 0x00, 0x00,
	0x00, 0x00, 0x00, 0x00, 0x00, 0x00, 0x00, 0x00, 0x00, 0x00, 0x00, 0x00, 0x00, 0x00, 0x00, 0x00,
	0x00, 0x00, 0x00, 0x00, 0x00, 0x00, 0x00, 0x00, 0x00, 0x00, 0x00, 0x00, 0x00, 0x00, 0x00, 0x00,
	0x00, 0x00, 0x00, 0x00, 0x00, 0x00, 0x00, 0x00, 0x00, 0x00, 0x00, 0x00, 0x00, 0x00, 0x00, 0x00,
	0x5f, 0x55, 0x00, 0x00, 0x00, 0x00, 0x9f, 0x64, 0xfc, 0x53, 0x00, 0x00, 0x1f, 0x00, 0x00, 0x00,
	0x00, 0x00, 0x00, 0x00, 0x00, 0x00, 0x00, 0x00, 0x00, 0x00, 0x00, 0x00, 0x00, 0x00, 0x00, 0x00,
	0x00, 0x00, 0x00, 0x00, 0x00, 0x00, 0x00, 0x00, 0x00, 0x00, 0x00, 0x00, 0x00, 0x00, 0x00, 0x00,
	0x00, 0x00, 0x00, 0x00, 0x00, 0x00, 0x00, 0x00, 0x00, 0x00, 0x00, 0x00, 0x00, 0x00, 0x00, 0x00,
	0x00, 0x00, 0x00, 0x00, 0x00, 0x00, 0x00, 0x00, 0x00, 0x00, 0x00, 0x00, 0xff, 0x07, 0x5f, 0x55,
	0x00, 0x00, 0x5f, 0x54, 0x9f, 0x64, 0xbf, 0x64, 0xff, 0x64, 0x7f, 0x5c, 0xbf, 0x52, 0x5f, 0x55,
	0x5f, 0x55, 0x00, 0x00, 0x00, 0x00, 0x00, 0x00, 0x00, 0x00, 0x00, 0x00, 0x00, 0x00, 0x00, 0x00,
	0x00, 0x00, 0x00, 0x00, 0x00, 0x00, 0x00, 0x00, 0x00, 0x00, 0x00, 0x00, 0x00, 0x00, 0x00, 0x00,
	0x00, 0x00, 0x00, 0x00, 0x00, 0x00, 0x00, 0x00, 0x00, 0x00, 0x00, 0x00, 0x00, 0x00, 0x00, 0x00,
	0x00, 0x00, 0x00, 0x00, 0x00, 0x00, 0x00, 0x00, 0x00, 0x00, 0x5f, 0x55, 0x00, 0x00, 0x00, 0x00,
	0x9f, 0x64, 0xbf, 0x64, 0x1f, 0x6d, 0xff, 0x64, 0x36, 0x43, 0x49, 0x19, 0x00, 0x00, 0x00, 0x00,
	0x00, 0x00, 0xff, 0x07, 0xff, 0x7b, 0x00, 0x00, 0x00, 0x00, 0x00, 0x00, 0x00, 0x00, 0x00, 0x00,
	0x00, 0x00, 0x00, 0x00, 0x00, 0x00, 0x00, 0x00, 0x00, 0x00, 0x00, 0x00, 0x00, 0x00, 0x00, 0x00,
	0x00, 0x00, 0x00, 0x00, 0x00, 0x00, 0x00, 0x00, 0x00, 0x00, 0x00, 0x00, 0x00, 0x00, 0x00, 0x00,
	0x00, 0x00, 0x00, 0x00, 0x00, 0x00, 0x00, 0x00, 0xff, 0x7b, 0x00, 0x00, 0x7f, 0x5c, 0xdf, 0x64,
	0xdf, 0x64, 0x1f, 0x6d, 0x7d, 0x5c, 0xed, 0x29, 0x63, 0x08, 0x00, 0x00, 0xff, 0x64, 0xdf, 0x64,
	0xbf, 0x64, 0x00, 0x00, 0x00, 0x00, 0xff, 0x3b, 0x00, 0x00, 0x00, 0x00, 0x00, 0x00, 0x00, 0x00,
	0x00, 0x00, 0x00, 0x00, 0x00, 0x00, 0x00, 0x00, 0x00, 0x00, 0x00, 0x00, 0x00, 0x00, 0x00, 0x00,
	0x00, 0x00, 0x00, 0x00, 0x00, 0x00, 0x00, 0x00, 0x00, 0x00, 0x00, 0x00, 0x00, 0x00, 0x00, 0x00,
	0x00, 0x00, 0x00, 0x00, 0x00, 0x00, 0xff, 0x7b, 0x00, 0x00, 0xbf, 0x64, 0xff, 0x6c, 0x1f, 0x6d,
	0xff, 0x6c, 0x76, 0x4b, 0x07, 0x11, 0x42, 0x00, 0x22, 0x00, 0x3f, 0x6d, 0xdf, 0x64, 0x1f, 0x6d,
	0xff, 0x6c, 0xdf, 0x64, 0xdf, 0x64, 0x00, 0x00, 0xff, 0x7b, 0xff, 0xff, 0x00, 0x00, 0x00, 0x00,
	0x00, 0x00, 0x00, 0x00, 0x00, 0x00, 0x00, 0x00, 0x00, 0x00, 0x00, 0x00, 0x00, 0x00, 0x00, 0x00,
	0x00, 0x00, 0x00, 0x00, 0x00, 0x00, 0x00, 0x00, 0x00, 0x00, 0x00, 0x00, 0x00, 0x00, 0x00, 0x00,
	0xff, 0x07, 0xff, 0x3b, 0xff, 0x53, 0x00, 0x00, 0x1f, 0x6d, 0x5f, 0x75, 0xdf, 0x6c, 0x1f, 0x6d,
	0xb2, 0x3a, 0x21, 0x00, 0x01, 0x00, 0x7e, 0x5c, 0x3f, 0x75, 0x1f, 0x6d, 0x1f, 0x6d, 0xdf, 0x64,
	0xff, 0x6c, 0x3f, 0x75, 0xff, 0x6c, 0xdf, 0x64, 0x00, 0x00, 0x00, 0x00, 0x1f, 0x00, 0x00, 0x00,
	0x00, 0x00, 0x00, 0x00, 0x00, 0x00, 0x00, 0x00, 0x00, 0x00, 0x00, 0x00, 0x00, 0x00, 0x00, 0x00,
	0x00, 0x00, 0x00, 0x00, 0x00, 0x00, 0x00, 0x00, 0x00, 0x00, 0x00, 0x00, 0x00, 0x00, 0x5f, 0x55,
	0x00, 0x00, 0x00, 0x00, 0x00, 0x00, 0xff, 0x7b, 0x70, 0x32, 0x7c, 0x5c, 0x3f, 0x75, 0x1f, 0x6d,
	0xf9, 0x53, 0x6f, 0x32, 0x1f, 0x86, 0x1f, 0x6d, 0x3f, 0x75, 0x5f, 0x75, 0x97, 0x4b, 0xab, 0x21,
	0x91, 0x32, 0x5c, 0x5c, 0x1f, 0x6d, 0x1f, 0x6d, 0xff, 0x6c, 0xbf, 0x7d, 0xf7, 0x3b, 0xf7, 0x3b,
	0xef, 0x03, 0x00, 0x00, 0x00, 0x00, 0x00, 0x00, 0x00, 0x00, 0x00, 0x00, 0x00, 0x00, 0x00, 0x00,
	0x00, 0x00, 0x00, 0x00, 0x00, 0x00, 0x00, 0x00, 0x00, 0x00, 0xff, 0x07, 0x5f, 0x55, 0x00, 0x00,
	0xdc, 0x3b, 0x7e, 0x44, 0x3d, 0x44, 0x00, 0x00, 0xe7, 0x10, 0xac, 0x21, 0xb8, 0x4b, 0x3f, 0x75,
	0x3f, 0x75, 0x3f, 0x6d, 0x1f, 0x6d, 0x5f, 0x75, 0x1f, 0x6d, 0x90, 0x32, 0x42, 0x00, 0x84, 0x08,
	0x29, 0x11, 0xd8, 0x53, 0x1f, 0x6d, 0x1f, 0x6d, 0x9f, 0x75, 0xb8, 0x4b, 0x00, 0x00, 0x00, 0x00,
	0x00, 0x00, 0xb5, 0x52, 0x00, 0x00, 0x00, 0x00, 0x00, 0x00, 0x00, 0x00, 0x00, 0x00, 0x00, 0x00,
	0x00, 0x00, 0x00, 0x00, 0x00, 0x00, 0x00, 0x00, 0x5f, 0x55, 0x00, 0x00, 0x00, 0x00, 0x7e, 0x44,
	0x7e, 0x44, 0x9f, 0x4c, 0x9f, 0x4c, 0x7e, 0x44, 0xff, 0xff, 0x28, 0x19, 0x4a, 0x19, 0xf3, 0x3a,
	0x1f, 0x6d, 0x5f, 0x75, 0x7f, 0x75, 0x7b, 0x64, 0x89, 0x21, 0x21, 0x00, 0xa4, 0x08, 0xff, 0xff,
	0x1f, 0x6d, 0x3f, 0x75, 0x3f, 0x75, 0xfe, 0x6c, 0xab, 0x21, 0x21, 0x00, 0xf6, 0x42, 0xb4, 0x3a,
	0xb3, 0x3a, 0x00, 0x00, 0xef, 0x7b, 0xef, 0x03, 0x00, 0x00, 0x00, 0x00, 0x00, 0x00, 0x00, 0x00,
	0x00, 0x00, 0x00, 0x00, 0xff, 0x07, 0x5f, 0x55, 0x00, 0x00, 0x3e, 0x44, 0x7e, 0x4c, 0x9f, 0x4c,
	0xbf, 0x4c, 0xbf, 0x4c, 0x9f, 0x4c, 0xbf, 0x4c, 0x7e, 0x4c, 0x5f, 0x5e, 0xc5, 0x18, 0x29, 0x11,
	0x4f, 0x32, 0x7b, 0x64, 0x75, 0x4b, 0xa4, 0x08, 0x21, 0x00, 0x01, 0x00, 0x00, 0x00, 0x5b, 0x64,
	0xdf, 0x85, 0x9f, 0x7d, 0x5a, 0x5c, 0xe6, 0x10, 0x63, 0x08, 0xb4, 0x3a, 0xf6, 0x42, 0xf6, 0x42,
	0xd5, 0x42, 0xb4, 0x3a, 0x00, 0x00, 0x00, 0x00, 0xef, 0x39, 0x00, 0x00, 0x00, 0x00, 0x00, 0x00,
	0x00, 0x00, 0x5f, 0x55, 0x00, 0x00, 0x00, 0x00, 0x7f, 0x4c, 0x9f, 0x4c, 0xdf, 0x4c, 0xdf, 0x4c,
	0xb9, 0x3b, 0x91, 0x22, 0xfb, 0x43, 0x9f, 0x4c, 0xbf, 0x4c, 0x9e, 0x4c, 0xbf, 0x4c, 0xaf, 0x52,
	0x4a, 0x19, 0x6a, 0x19, 0x84, 0x08, 0x00, 0x00, 0x00, 0x00, 0xdf, 0xa5, 0x00, 0x00, 0x6a, 0x19,
	0x76, 0x4b, 0x33, 0x43, 0x62, 0x08, 0x07, 0x11, 0x16, 0x4b, 0xf6, 0x42, 0xd4, 0x42, 0xd5, 0x42,
	0xd5, 0x42, 0xf6, 0x42, 0xd5, 0x42, 0x94, 0x3a, 0x00, 0x00, 0xef, 0x7b, 0xef, 0x03, 0x00, 0x00,
	0xff, 0x07, 0x00, 0x00, 0x3e, 0x4c, 0x9f, 0x4c, 0xbf, 0x4c, 0xdf, 0x54, 0xbf, 0x4c, 0xb2, 0x2a,
	0xc5, 0x08, 0x84, 0x00, 0x4a, 0x11, 0x7e, 0x4c, 0x9f, 0x4c, 0xbf, 0x4c, 0xff, 0x54, 0x9f, 0x4c,
	0x00, 0x00, 0xab, 0x21, 0x22, 0x00, 0xff, 0xff, 0x7f, 0x9d, 0x9f, 0x9d, 0xbf, 0xa5, 0x0e, 0x2a,
	0x08, 0x11, 0x42, 0x00, 0x8b, 0x21, 0x59, 0x53, 0xf5, 0x42, 0xd5, 0x42, 0xf5, 0x42, 0xf5, 0x42,
	0xd5, 0x42, 0xd5, 0x42, 0xf6, 0x42, 0xd5, 0x42, 0xd5, 0x42, 0x00, 0x00, 0x00, 0x00, 0x00, 0x00,
	0xff, 0x7b, 0xdf, 0x4c, 0xbf, 0x4c, 0xff, 0x54, 0xff, 0x54, 0x1b, 0x44, 0x8b, 0x19, 0x63, 0x00,
	0x22, 0x00, 0xd4, 0x32, 0x1b, 0x44, 0xbf, 0x54, 0xdf, 0x54, 0x1f, 0x55, 0xd3, 0x32, 0xe6, 0x08,
	0xff, 0xff, 0x00, 0x00, 0x7f, 0xb6, 0x9f, 0x9d, 0xbf, 0xa5, 0x7f, 0x9d, 0xbf, 0xa5, 0xdf, 0xa5,
	0x18, 0x6c, 0x00, 0x00, 0x09, 0x11, 0x51, 0x32, 0x37, 0x4b, 0x16, 0x4b, 0xf5, 0x42, 0xf5, 0x42,
	0xf5, 0x42, 0xf5, 0x42, 0xf5, 0x42, 0xf5, 0x42, 0x16, 0x4b, 0xf5, 0x42, 0xf6, 0x42, 0x1f, 0x00,
	0x9b, 0x4c, 0x9e, 0x4c, 0x5f, 0x5d, 0xff, 0x54, 0x14, 0x33, 0xc6, 0x08, 0x63, 0x00, 0x00, 0x00,
	0x1f, 0x6e, 0xff, 0x54, 0x1f, 0x55, 0x1f, 0x55, 0x9d, 0x4c, 0xcc, 0x19, 0x21, 0x00, 0x00, 0x00,
	0x00, 0x00, 0x7e, 0x9d, 0xbf, 0xa5, 0xbf, 0xa5, 0xdf, 0xa5, 0x9f, 0x9d, 0xbf, 0xa5, 0xbf, 0xa5,
	0xbf, 0xa5, 0x5f, 0xb6, 0x23, 0x00, 0x65, 0x00, 0xac, 0x21, 0x16, 0x4b, 0x37, 0x4b, 0xf5, 0x4a,
	0x16, 0x4b, 0x16, 0x4b, 0x16, 0x4b, 0xf5, 0x42, 0xf5, 0x42, 0x58, 0x53, 0xf5, 0x42, 0x00, 0x00,
	0x00, 0x00, 0xcc, 0x19, 0x96, 0x3b, 0xec, 0x19, 0x63, 0x00, 0x63, 0x00, 0x6b, 0x09, 0x7f, 0x5d,
	0xff, 0x54, 0x1f, 0x5d, 0x3f, 0x5d, 0xd8, 0x43, 0xc6, 0x08, 0x21, 0x00, 0x00, 0x00, 0xff, 0xce,
	0xdf, 0xa5, 0xff, 0xad, 0xbf, 0xa5, 0x1f, 0xae, 0x52, 0x5b, 0x69, 0x29, 0xb5, 0x6b, 0x9f, 0x9d,
	0x9f, 0x9d, 0xff, 0xad, 0x1f, 0xae, 0xec, 0x31, 0x64, 0x00, 0x29, 0x19, 0xb3, 0x42, 0x57, 0x53,
	0x16, 0x4b, 0x16, 0x4b, 0x16, 0x4b, 0x15, 0x4b, 0x57, 0x4b, 0xb3, 0x42, 0xe7, 0x10, 0x00, 0x00,
	0x00, 0x00, 0x42, 0x00, 0xa6, 0x00, 0x84, 0x00, 0xa4, 0x08, 0x5f, 0x6e, 0x3f, 0x5d, 0x5f, 0x5d,
	0x1f, 0x5d, 0x1f, 0x5d, 0xb1, 0x2a, 0x42, 0x00, 0x21, 0x00, 0x00, 0x00, 0x9f, 0xbe, 0xff, 0xa5,
	0x1f, 0xae, 0x1f, 0xae, 0xdf, 0xa5, 0x4d, 0x42, 0x00, 0x00, 0xc4, 0x10, 0xe6, 0x10, 0xba, 0x84,
	0xff, 0xad, 0x9f, 0x9d, 0x9f, 0xbe, 0x1f, 0xae, 0x02, 0x00, 0xa6, 0x08, 0xc7, 0x10, 0x0f, 0x32,
	0x57, 0x53, 0x57, 0x53, 0x16, 0x4b, 0x78, 0x53, 0xb3, 0x42, 0x63, 0x08, 0x00, 0x00, 0x1f, 0x00,
	0x00, 0x00, 0x00, 0x00, 0xed, 0x21, 0x8a, 0x19, 0xff, 0x8f, 0x3f, 0x5d, 0x5f, 0x5d, 0x1f, 0x5d,
	0x5f, 0x5d, 0x2d, 0x22, 0x00, 0x00, 0xa4, 0x08, 0x00, 0x00, 0x5f, 0xb6, 0xff, 0xad, 0x1f, 0xae,
	0x5f, 0xb6, 0x3b, 0x95, 0x47, 0x21, 0x00, 0x00, 0xe4, 0x10, 0x00, 0x00, 0x5c, 0x9d, 0xff, 0xad,
	0xdf, 0xa5, 0x5f, 0xb6, 0xd9, 0x84, 0x67, 0x21, 0x00, 0x00, 0x00, 0x00, 0x02, 0x00, 0x64, 0x00,
	0x6b, 0x21, 0x15, 0x4b, 0xba, 0x5b, 0x92, 0x3a, 0x42, 0x08, 0x00, 0x00, 0x00, 0x00, 0x00, 0x00,
	0x00, 0x00, 0x00, 0x00, 0x00, 0x00, 0x00, 0x00, 0x6f, 0x22, 0xf8, 0x43, 0x9f, 0x65, 0x1f, 0x5d,
	0x7f, 0x65, 0xb6, 0x43, 0xc5, 0x08, 0x00, 0x00, 0x33, 0x33, 0x7c, 0x9d, 0xbf, 0xbe, 0x7f, 0xbe,
	0x36, 0x7c, 0x83, 0x10, 0x00, 0x00, 0x00, 0x00, 0xff, 0xff, 0xff, 0xad, 0x5f, 0xb6, 0xff, 0xad,
	0x7f, 0xbe, 0x36, 0x7c, 0x62, 0x08, 0x00, 0x00, 0x00, 0x00, 0xf6, 0x6b, 0x5f, 0xd7, 0x6f, 0x42,
	0x02, 0x00, 0x08, 0x11, 0xcc, 0x29, 0x21, 0x00, 0x00, 0x00, 0x00, 0x00, 0x00, 0x00, 0x00, 0x00,
	0x00, 0x00, 0x00, 0x00, 0x00, 0x00, 0xaa, 0x02, 0x00, 0x00, 0xc6, 0x08, 0xd7, 0x43, 0xdf, 0x6d,
	0x5f, 0x65, 0xdf, 0x6d, 0xdf, 0x6d, 0x7b, 0x4c, 0x00, 0x00, 0x8a, 0x29, 0x36, 0x74, 0xef, 0x52,
	0x21, 0x00, 0x41, 0x00, 0x00, 0x00, 0x1f, 0xae, 0x3f, 0xb6, 0x9f, 0xbe, 0x1f, 0xae, 0x9f, 0xbe,
	0x72, 0x63, 0x00, 0x00, 0x41, 0x08, 0x00, 0x00, 0x7e, 0x9d, 0x3f, 0xb6, 0x9f, 0xbe, 0x9f, 0xbe,
	0xbe, 0xa5, 0x64, 0x00, 0x00, 0x00, 0x00, 0x00, 0x00, 0x00, 0x00, 0x00, 0x00, 0x00, 0x00, 0x00,
	0x00, 0x00, 0x00, 0x00, 0x00, 0x00, 0x00, 0x00, 0x0f, 0x00, 0x02, 0x00, 0xa5, 0x00, 0x75, 0x3b,
	0xdf, 0x6d, 0x7f, 0x65, 0xdf, 0x6d, 0x9f, 0x65, 0x5f, 0x7e, 0x28, 0x21, 0xc6, 0x10, 0x00, 0x00,
	0x62, 0x08, 0x00, 0x00, 0xfe, 0xad, 0x7f, 0xbe, 0x9f, 0xbe, 0x5f, 0xb6, 0x7f, 0xb6, 0xae, 0x4a,
	0x00, 0x00, 0x05, 0x21, 0x00, 0x00, 0xde, 0xa5, 0x5f, 0xb6, 0x7f, 0xbe, 0x3f, 0xb6, 0xdf, 0xc6,
	0x1a, 0x95, 0x00, 0x00, 0xff, 0xff, 0x00, 0x00, 0x00, 0x00, 0x00, 0x00, 0x00, 0x00, 0x00, 0x00,
	0x00, 0x00, 0x00, 0x00, 0x00, 0x00, 0x00, 0x00, 0x00, 0x00, 0x00, 0x00, 0x0a, 0x00, 0x85, 0x00,
	0x33, 0x3b, 0xff, 0x75, 0xdf, 0x6d, 0x7f, 0x7e, 0xdb, 0x5c, 0x00, 0x00, 0x00, 0x00, 0x10, 0x53,
	0x00, 0x00, 0xbf, 0xbe, 0xdf, 0xc6, 0x7f, 0xbe, 0x5f, 0xb6, 0xbf, 0xbe, 0x2b, 0x3a, 0x00, 0x00,
	0x50, 0x5b, 0x00, 0x00, 0x1e, 0xae, 0x7f, 0xbe, 0x9f, 0xbe, 0x5f, 0xb6, 0xdf, 0xc6, 0x0f, 0x53,
	0x00, 0x00, 0xff, 0xff, 0x00, 0x00, 0x00, 0x00, 0x00, 0x00, 0x00, 0x00, 0x00, 0x00, 0x00, 0x00,
	0x00, 0x00, 0x00, 0x00, 0x00, 0x00, 0x00, 0x00, 0x00, 0x00, 0x00, 0x00, 0x1f, 0x00, 0x00, 0x00,
	0x64, 0x00, 0xf1, 0x32, 0x9d, 0x6d, 0x73, 0x43, 0x21, 0x00, 0x7d, 0x74, 0x3b, 0x6c, 0x00, 0x00,
	0xef, 0x39, 0xd3, 0x6b, 0xbf, 0xbe, 0xdf, 0xc6, 0x7f, 0xbe, 0xdf, 0xc6, 0xd2, 0x6b, 0x00, 0x00,
	0x00, 0x00, 0x7f, 0xbe, 0xbf, 0xc6, 0x9f, 0xbe, 0x9f, 0xbe, 0xdf, 0xc6, 0xad, 0x4a, 0x00, 0x00,
	0x2c, 0x33, 0x00, 0x00, 0x00, 0x00, 0x00, 0x00, 0x00, 0x00, 0x00, 0x00, 0x00, 0x00, 0x00, 0x00,
	0x00, 0x00, 0x00, 0x00, 0x00, 0x00, 0x00, 0x00, 0x00, 0x00, 0x00, 0x00, 0x00, 0x00, 0x0f, 0x00,
	0x00, 0x00, 0xa5, 0x00, 0xe6, 0x08, 0x00, 0x00, 0x0d, 0x32, 0x7c, 0x74, 0x7d, 0x74, 0x1a, 0x6c,
	0x00, 0x00, 0x85, 0x08, 0x6d, 0x42, 0x5d, 0xb6, 0xff, 0xce, 0x9f, 0xbe, 0x3f, 0xcf, 0xbf, 0xc6,
	0xbf, 0xbe, 0xff, 0xc6, 0xbf, 0xbe, 0xdf, 0xc6, 0xbf, 0xc6, 0x2b, 0x42, 0x00, 0x00, 0x00, 0x00,
	0x00, 0x00, 0x00, 0x00, 0x00, 0x00, 0x00, 0x00, 0x00, 0x00, 0x00, 0x00, 0x00, 0x00, 0x00, 0x00,
	0x00, 0x00, 0x00, 0x00, 0x00, 0x00, 0x00, 0x00, 0x00, 0x00, 0x00, 0x00, 0x00, 0x00, 0x00, 0x00,
	0x00, 0x00, 0x00, 0x00, 0xa4, 0x00, 0x63, 0x08, 0x9e, 0x7c, 0xbe, 0x7c, 0x5b, 0x74, 0xbe, 0x7c,
	0x7c, 0x74, 0x00, 0x00, 0xc5, 0x10, 0xcb, 0x31, 0xba, 0xa5, 0x5f, 0xd7, 0xbf, 0xc6, 0x3f, 0xd7,
	0x5f, 0xd7, 0xbf, 0xc6, 0x1f, 0xcf, 0x9d, 0xbe, 0xc8, 0x31, 0x00, 0x00, 0x00, 0x00, 0x00, 0x00,
	0x00, 0x00, 0x00, 0x00, 0x00, 0x00, 0x00, 0x00, 0x00, 0x00, 0x00, 0x00, 0x00, 0x00, 0x00, 0x00,
	0x00, 0x00, 0x00, 0x00, 0x00, 0x00, 0x00, 0x00, 0x00, 0x00, 0x00, 0x00, 0x00, 0x00, 0x00, 0x00,
	0x00, 0x00, 0x00, 0x00, 0x00, 0x00, 0x00, 0x00, 0x6a, 0x21, 0x3a, 0x6c, 0xbe, 0x7c, 0x7c, 0x74,
	0xde, 0x7c, 0x9d, 0x7c, 0x20, 0x00, 0xa5, 0x10, 0x68, 0x21, 0x38, 0x95, 0x7f, 0xdf, 0xff, 0xce,
	0xdf, 0xc6, 0x5f, 0xd7, 0x7c, 0xbe, 0x67, 0x29, 0x00, 0x00, 0x00, 0x00, 0x00, 0x00, 0x00, 0x00,
	0x00, 0x00, 0x00, 0x00, 0x00, 0x00, 0x00, 0x00, 0x00, 0x00, 0x00, 0x00, 0x00, 0x00, 0x00, 0x00,
	0x00, 0x00, 0x00, 0x00, 0x00, 0x00, 0x00, 0x00, 0x00, 0x00, 0x00, 0x00, 0x00, 0x00, 0x00, 0x00,
	0x00, 0x00, 0x00, 0x00, 0x05, 0x00, 0x00, 0x00, 0x00, 0x00, 0x07, 0x11, 0x1a, 0x6c, 0xff, 0x84,
	0x9c, 0x7c, 0x1f, 0x85, 0xbd, 0x7c, 0xff, 0xff, 0xa4, 0x10, 0x07, 0x19, 0x75, 0x84, 0x9f, 0xdf,
	0xdf, 0xe7, 0x3b, 0xb6, 0x05, 0x19, 0x00, 0x00, 0x00, 0x00, 0x00, 0x00, 0x00, 0x00, 0x00, 0x00,
	0x00, 0x00, 0x00, 0x00, 0x00, 0x00, 0x00, 0x00, 0x00, 0x00, 0x00, 0x00, 0x00, 0x00, 0x00, 0x00,
	0x00, 0x00, 0x00, 0x00, 0x00, 0x00, 0x00, 0x00, 0x00, 0x00, 0x00, 0x00, 0x00, 0x00, 0x00, 0x00,
	0x00, 0x00, 0x00, 0x00, 0x00, 0x00, 0x00, 0x00, 0x00, 0x00, 0x00, 0x00, 0xc6, 0x10, 0xf9, 0x6b,
	0x3f, 0x8d, 0xbd, 0x7c, 0x3f, 0x8d, 0xfe, 0x84, 0x5f, 0xa6, 0x21, 0x00, 0xc6, 0x10, 0x91, 0x63,
	0x93, 0x84, 0xc3, 0x10, 0x00, 0x00, 0x00, 0x00, 0x00, 0x00, 0x00, 0x00, 0x00, 0x00, 0x00, 0x00,
	0x00, 0x00, 0x00, 0x00, 0x00, 0x00, 0x00, 0x00, 0x00, 0x00, 0x00, 0x00, 0x00, 0x00, 0x00, 0x00,
	0x00, 0x00, 0x00, 0x00, 0x00, 0x00, 0x00, 0x00, 0x00, 0x00, 0x00, 0x00, 0x00, 0x00, 0x00, 0x00,
	0x00, 0x00, 0x00, 0x00, 0x00, 0x00, 0x00, 0x00, 0x00, 0x00, 0x00, 0x00, 0x00, 0x00, 0x85, 0x08,
	0xd7, 0x63, 0x7f, 0x95, 0xfe, 0x84, 0x3f, 0x8d, 0x1e, 0x8d, 0x5f, 0x8d, 0xaa, 0x31, 0x84, 0x08,
	0x00, 0x00, 0x00, 0x00, 0x00, 0x00, 0x00, 0x00, 0x00, 0x00, 0x00, 0x00, 0x00, 0x00, 0x00, 0x00,
	0x00, 0x00, 0x00, 0x00, 0x00, 0x00, 0x00, 0x00, 0x00, 0x00, 0x00, 0x00, 0x00, 0x00, 0x00, 0x00,
	0x00, 0x00, 0x00, 0x00, 0x00, 0x00, 0x00, 0x00, 0x00, 0x00, 0x00, 0x00, 0x00, 0x00, 0x00, 0x00,
	0x00, 0x00, 0x00, 0x00, 0x00, 0x00, 0x00, 0x00, 0x00, 0x00, 0x00, 0x00, 0x00, 0x00, 0x01, 0x00,
	0x64, 0x08, 0x96, 0x5b, 0x9f, 0x9d, 0x1e, 0x8d, 0x5f, 0x8d, 0x7f, 0x95, 0x3f, 0x8d, 0x00, 0x00,
	0xbb, 0xb5, 0x00, 0x00, 0x00, 0x00, 0x00, 0x00, 0x00, 0x00, 0x00, 0x00, 0x00, 0x00, 0x00, 0x00,
	0x00, 0x00, 0x00, 0x00, 0x00, 0x00, 0x00, 0x00, 0x00, 0x00, 0x00, 0x00, 0x00, 0x00, 0x00, 0x00,
	0x00, 0x00, 0x00, 0x00, 0x00, 0x00, 0x00, 0x00, 0x00, 0x00, 0x00, 0x00, 0x00, 0x00, 0x00, 0x00,
	0x00, 0x00, 0x00, 0x00, 0x00, 0x00, 0x00, 0x00, 0x00, 0x00, 0x00, 0x00, 0x00, 0x00, 0x00, 0x00,
	0x02, 0x00, 0x43, 0x00, 0x54, 0x5b, 0xdf, 0x9d, 0xdf, 0x9d, 0x32, 0x53, 0xc5, 0x10, 0x00, 0x00,
	0x0f, 0x00, 0x00, 0x00, 0x00, 0x00, 0x00, 0x00, 0x00, 0x00, 0x00, 0x00, 0x00, 0x00, 0x00, 0x00,
	0x00, 0x00, 0x00, 0x00, 0x00, 0x00, 0x00, 0x00, 0x00, 0x00, 0x00, 0x00, 0x00, 0x00, 0x00, 0x00,
	0x00, 0x00, 0x00, 0x00, 0x00, 0x00, 0x00, 0x00, 0x00, 0x00, 0x00, 0x00, 0x00, 0x00, 0x00, 0x00,
	0x00, 0x00, 0x00, 0x00, 0x00, 0x00, 0x00, 0x00, 0x00, 0x00, 0x00, 0x00, 0x00, 0x00, 0x00, 0x00,
	0x00, 0x00, 0x63, 0x00, 0x23, 0x00, 0x6e, 0x42, 0x2c, 0x3a, 0x00, 0x00, 0x00, 0x00, 0x00, 0x00,
	0x00, 0x00, 0x00, 0x00, 0x00, 0x00, 0x00, 0x00, 0x00, 0x00, 0x00, 0x00, 0x00, 0x00, 0x00, 0x00,
	0x00, 0x00, 0x00, 0x00, 0x00, 0x00, 0x00, 0x00, 0x00, 0x00, 0x00, 0x00, 0x00, 0x00, 0x00, 0x00,
	0x00, 0x00, 0x00, 0x00, 0x00, 0x00, 0x00, 0x00, 0x00, 0x00, 0x00, 0x00, 0x00, 0x00, 0x00, 0x00,
	0x00, 0x00, 0x00, 0x00, 0x00, 0x00, 0x00, 0x00, 0x00, 0x00, 0x00, 0x00, 0x00, 0x00, 0x00, 0x00,
	0x00, 0x00, 0x00, 0x00, 0x8c, 0x31, 0x00, 0x00, 0x00, 0x00, 0xc6, 0x18, 0x00, 0x00, 0x00, 0x00,
	0x00, 0x00, 0x00, 0x00, 0x00, 0x00, 0x00, 0x00, 0x00, 0x00, 0x00, 0x00, 0x00, 0x00, 0x00, 0x00,
	0x00, 0x00, 0x00, 0x00, 0x00, 0x00, 0x00, 0x00, 0x00, 0x00, 0x00, 0x00, 0x00, 0x00, 0x00, 0x00,
	0x00, 0x00, 0x00, 0x00, 0x00, 0x00, 0x00, 0x00, 0x00, 0x00, 0x00, 0x00, 0x00, 0x00, 0x00, 0x00,
	0x00, 0x00, 0x00, 0x00, 0x00, 0x00, 0x00, 0x00, 0x00, 0x00, 0x00, 0x00, 0x00, 0x00, 0x00, 0x00,
	0x00, 0x00, 0x00, 0x00, 0x00, 0x00, 0x00, 0x00, 0x00, 0x00, 0x00, 0x00, 0x00, 0x00, 0x00, 0x00,
	0x00, 0x00, 0x00, 0x00, 0x00, 0x00, 0x00, 0x00, 0x00, 0x00, 0x00, 0x00, 0x00, 0x00, 0x00, 0x00,
	0x00, 0x00, 0x00, 0x00, 0x00, 0x00, 0x00, 0x00, 0x00, 0x00, 0x00, 0x00, 0x00, 0x00, 0x00, 0x00,
	0x00, 0x00, 0x00, 0x00, 0x00, 0x00, 0x00, 0x00, 0x00, 0x00, 0x00, 0x00, 0x00, 0x00, 0x00, 0x00,
	0x00, 0x00, 0x00, 0x00, 0x00, 0x00, 0x00, 0x00, 0x00, 0x00, 0x00, 0x00, 0x00, 0x00, 0x00, 0x00,
	0x00, 0x00, 0x00, 0x00, 0x00, 0x00, 0x00, 0x00, 0x00, 0x00, 0x00, 0x00, 0x00, 0x00, 0x00, 0x00,
	0x00, 0x00, 0x00, 0x00, 0x00, 0x00, 0x00, 0x00, 0x00, 0x00, 0x00, 0x00, 0x00, 0x00, 0x00, 0x00,
	0x00, 0x00, 0x00, 0x00, 0x00, 0x00, 0x00, 0x00, 0x00, 0x00, 0x00, 0x00, 0x00, 0x00, 0x00, 0x00,
	0x00, 0x00, 0x00, 0x00, 0x00, 0x00, 0x00, 0x00, 0x00, 0x00, 0x00, 0x00, 0x00, 0x00, 0x00, 0x00,
	0x00, 0x00, 0x00, 0x00, 0x00, 0x00, 0x00, 0x00, 0x00, 0x00, 0x00, 0x00, 0x00, 0x00, 0x00, 0x00,
	0x00, 0x00, 0x00, 0x00, 0x00, 0x00, 0x00, 0x00, 0x00, 0x00, 0x00, 0x00, 0x00, 0x00, 0x00, 0x00,
	0x00, 0x00, 0x00, 0x00, 0x00, 0x00, 0x00, 0x00, 0x00, 0x00, 0x00, 0x00, 0x00, 0x00, 0x00, 0x00,
	0x00, 0x00, 0x00, 0x00, 0x00, 0x00, 0x00, 0x00, 0x00, 0x00, 0x00, 0x00, 0x00, 0x00, 0x00, 0x00,
	0x00, 0x00, 0x00, 0x00, 0x00, 0x00, 0x00, 0x00, 0x00, 0x00, 0x00, 0x00, 0x00, 0x00, 0x00, 0x00,
	0x00, 0x00, 0x00, 0x00, 0x00, 0x00, 0x00, 0x00, 0x00, 0x00, 0x00, 0x00, 0x00, 0x00, 0x00, 0x00,
	0x00, 0x00, 0x00, 0x00, 0x00, 0x00, 0x00, 0x00, 0x00, 0x00, 0x00, 0x00, 0x00, 0x00, 0x00, 0x00,
	0x00, 0x00, 0x00, 0x00, 0x00, 0x00, 0x00, 0x00, 0x00, 0x00, 0x00, 0x00, 0x00, 0x00, 0x00, 0x00,
	0x00, 0x00, 0x00, 0x00, 0x00, 0x00, 0x00, 0x00, 0x00, 0x00, 0x00, 0x00, 0x00, 0x00, 0x00, 0x00,
	0x00, 0x00, 0x00, 0x00, 0x00, 0x00, 0x00, 0x00, 0x00, 0x00, 0x00, 0x00, 0x00, 0x00, 0x00, 0x00,
	0x00, 0x00, 0x00, 0x00, 0x00, 0x00, 0x00, 0x00, 0x00, 0x00, 0x00, 0x00, 0x00, 0x00, 0x00, 0x00,
	0x00, 0x00, 0x00, 0x00, 0x00, 0x00, 0x00, 0x00, 0x00, 0x00, 0x00, 0x00, 0x00, 0x00, 0x00, 0x00,
	0x00, 0x00, 0x00, 0x00, 0x00, 0x00, 0x00, 0x00, 0x00, 0x00, 0x00, 0x00, 0x00, 0x00, 0x00, 0x00,
	0x00, 0x00, 0x00, 0x00, 0x00, 0x00, 0x00, 0x00, 0x00, 0x00, 0x00, 0x00, 0x00, 0x00, 0x00, 0x00,
	0x00, 0x00, 0x00, 0x00, 0x00, 0x00, 0x00, 0x00, 0x00, 0x00, 0x00, 0x00, 0x00, 0x00, 0x00, 0x00,
	0x00, 0x00, 0x00, 0x02, 0x02, 0x00, 0x00, 0x00, 0x00, 0x00, 0x00, 0x00, 0x00, 0x00, 0x00, 0x00,
	0x00, 0x00, 0x00, 0x00, 0x00, 0x00, 0x00, 0x00, 0x00, 0x00, 0x00, 0x00, 0x00, 0x00, 0x00, 0x00,
	0x00, 0x00, 0x00, 0x00, 0x00, 0x00, 0x00, 0x00, 0x00, 0x01, 0x03, 0x00, 0x00, 0x01, 0x00, 0x00,
	0x00, 0x00, 0x00, 0x00, 0x00, 0x00, 0x00, 0x00, 0x00, 0x00, 0x00, 0x00, 0x00, 0x00, 0x00, 0x00,
	0x00, 0x00, 0x00, 0x00, 0x00, 0x00, 0x00, 0x00, 0x00, 0x00, 0x00, 0x00, 0x00, 0x00, 0x00, 0x00,
	0x03, 0x00, 0x00, 0x32, 0x1e, 0x00, 0x01, 0x00, 0x00, 0x00, 0x00, 0x00, 0x00, 0x00, 0x00, 0x00,
	0x00, 0x00, 0x00, 0x00, 0x00, 0x00, 0x00, 0x00, 0x00, 0x00, 0x00, 0x00, 0x00, 0x00, 0x00, 0x00,
	0x00, 0x00, 0x00, 0x00, 0x00, 0x00, 0x01, 0x03, 0x00, 0x0f, 0x93, 0xff, 0xec, 0x39, 0x03, 0x06,
	0x03, 0x00, 0x00, 0x00, 0x00, 0x00, 0x00, 0x00, 0x00, 0x00, 0x00, 0x00, 0x00, 0x00, 0x00, 0x00,
	0x00, 0x00, 0x00, 0x00, 0x00, 0x00, 0x00, 0x00, 0x00, 0x00, 0x00, 0x00, 0x00, 0x03, 0x00, 0x00,
	0x49, 0xd9, 0xff, 0xf8, 0xff, 0x6f, 0x00, 0x00, 0x00, 0x01, 0x02, 0x00, 0x00, 0x00, 0x00, 0x00,
	0x00, 0x00, 0x00, 0x00, 0x00, 0x00, 0x00, 0x00, 0x00, 0x00, 0x00, 0x00, 0x00, 0x00, 0x00, 0x00,
	0x00, 0x00, 0x00, 0x00, 0x02, 0x00, 0x10, 0x95, 0xff, 0xff, 0xf7, 0xff, 0xfc, 0x2d, 0x25, 0xa3,
	0x65, 0x00, 0x00, 0x04, 0x00, 0x00, 0x00, 0x00, 0x00, 0x00, 0x00, 0x00, 0x00, 0x00, 0x00, 0x00,
	0x00, 0x00, 0x00, 0x00, 0x00, 0x00, 0x00, 0x00, 0x00, 0x00, 0x00, 0x02, 0x00, 0x4a, 0xda, 0xff,
	0xfd, 0xfe, 0xff, 0xcc, 0x2e, 0x5e, 0xf1, 0xff, 0xff, 0xb3, 0x23, 0x00, 0x02, 0x01, 0x00, 0x00,
	0x00, 0x00, 0x00, 0x00, 0x00, 0x00, 0x00, 0x00, 0x00, 0x00, 0x00, 0x00, 0x00, 0x00, 0x00, 0x00,
	0x01, 0x04, 0x06, 0x00, 0x6f, 0xff, 0xff, 0xfb, 0xfd, 0xf8, 0x82, 0x1b, 0x9d, 0xff, 0xff, 0xf7,
	0xfa, 0xff, 0xed, 0x67, 0x00, 0x00, 0x01, 0x00, 0x00, 0x00, 0x00, 0x00, 0x00, 0x00, 0x00, 0x00,
	0x00, 0x00, 0x00, 0x00, 0x00, 0x00, 0x00, 0x03, 0x00, 0x00, 0x00, 0x02, 0x9e, 0xfd, 0xf7, 0xfd,
	0xff, 0x82, 0x3f, 0xdf, 0xff, 0xfa, 0xfe, 0xff, 0xff, 0xfc, 0xff, 0xff, 0xb3, 0x22, 0x04, 0x04,
	0x02, 0x00, 0x00, 0x00, 0x00, 0x00, 0x00, 0x00, 0x00, 0x00, 0x00, 0x00, 0x00, 0x01, 0x03, 0x00,
	0x11, 0x83, 0x5e, 0x00, 0x55, 0xff, 0xff, 0xfc, 0xff, 0xf6, 0xff, 0xff, 0xf8, 0xff, 0xff, 0xa0,
	0xc7, 0xff, 0xfc, 0xf8, 0xff, 0x7d, 0x00, 0x00, 0x00, 0x03, 0x00, 0x00, 0x00, 0x00, 0x00, 0x00,
	0x00, 0x00, 0x00, 0x00, 0x03, 0x00, 0x00, 0x4e, 0xdc, 0xff, 0xff, 0x93, 0x01, 0x50, 0xf1, 0xff,
	0xfb, 0xff, 0xfd, 0xfa, 0xff, 0xe5, 0x48, 0x0e, 0xb7, 0xfe, 0xfc, 0xfd, 0xff, 0x62, 0x8f, 0xad,
	0x24, 0x00, 0x02, 0x02, 0x00, 0x00, 0x00, 0x00, 0x00, 0x00, 0x01, 0x03, 0x00, 0x13, 0x9b, 0xff,
	0xff, 0xf9, 0xfb, 0xff, 0xc2, 0x13, 0x1e, 0xcb, 0xff, 0xfb, 0xfd, 0xff, 0xb3, 0x12, 0x00, 0xa4,
	0xff, 0xf9, 0xff, 0xfd, 0xcc, 0xd8, 0xff, 0xff, 0xef, 0x69, 0x00, 0x00, 0x04, 0x00, 0x00, 0x00,
	0x00, 0x03, 0x00, 0x00, 0x50, 0xde, 0xff, 0xfc, 0xfa, 0xff, 0xff, 0xfb, 0xff, 0xe9, 0x3e, 0x06,
	0x9a, 0xff, 0xff, 0x74, 0x00, 0x26, 0x00, 0xb5, 0xff, 0xff, 0xf8, 0xc6, 0xe5, 0xff, 0xfc, 0xfb,
	0xff, 0xff, 0xb5, 0x25, 0x00, 0x02, 0x02, 0x00, 0x01, 0x00, 0x15, 0x9d, 0xff, 0xff, 0xfa, 0xfe,
	0xff, 0xe9, 0xef, 0xff, 0xfb, 0xff, 0xff, 0x33, 0x00, 0x53, 0x30, 0x0b, 0xb2, 0xfd, 0x9e, 0x5f,
	0xe2, 0xe5, 0xa7, 0xf1, 0xff, 0xfd, 0xff, 0xff, 0xfe, 0xfc, 0xff, 0xef, 0x6a, 0x00, 0x00, 0x01,
	0x02, 0x4d, 0xe0, 0xff, 0xfd, 0xfa, 0xff, 0xff, 0x80, 0x1f, 0xc1, 0xfe, 0xfd, 0xf8, 0xff, 0x69,
	0x02, 0x00, 0x37, 0xe2, 0xff, 0xfd, 0xff, 0xcf, 0x5d, 0x08, 0xac, 0xff, 0xf8, 0xff, 0xff, 0xff,
	0xff, 0xff, 0xfc, 0xff, 0xff, 0xb6, 0x24, 0x01, 0x07, 0xe3, 0xff, 0xf8, 0xfc, 0xff, 0xdd, 0x38,
	0x2f, 0xd2, 0xff, 0xfe, 0xfb, 0xff, 0xfd, 0x3f, 0x00, 0x7d, 0xff, 0xff, 0xfa, 0xfb, 0xfa, 0xff,
	0xf8, 0x6b, 0x71, 0xfb, 0xff, 0xfc, 0xff, 0xff, 0xff, 0xff, 0xff, 0xfe, 0xfa, 0xff, 0xbf, 0x00,
	0x00, 0xa7, 0xff, 0xff, 0xff, 0x99, 0x11, 0x72, 0xff, 0xff, 0xfc, 0xfc, 0xff, 0xdc, 0x32, 0x10,
	0xaf, 0xff, 0xfe, 0xfb, 0xff, 0xff, 0xff, 0xfd, 0xff, 0xff, 0xa6, 0x64, 0xe2, 0xff, 0xfb, 0xff,
	0xff, 0xff, 0xff, 0xff, 0xf9, 0xff, 0x91, 0x00, 0x01, 0x2d, 0xe3, 0xea, 0x57, 0x1c, 0xbc, 0xff,
	0xfe, 0xfc, 0xff, 0xff, 0xa7, 0x07, 0x35, 0xde, 0xff, 0xfb, 0xfb, 0xff, 0xeb, 0x9c, 0xda, 0xff,
	0xfd, 0xf9, 0xff, 0x9d, 0x18, 0xbc, 0xff, 0xff, 0xfd, 0xff, 0xff, 0xfc, 0xff, 0xe7, 0x26, 0x01,
	0x01, 0x00, 0x15, 0x15, 0x14, 0xf0, 0xff, 0xfb, 0xfe, 0xfe, 0xf5, 0x6f, 0x00, 0x69, 0xfe, 0xff,
	0xfb, 0xfb, 0xff, 0xca, 0x22, 0x00, 0x9a, 0xff, 0xfc, 0xf9, 0xfe, 0xaa, 0x00, 0x00, 0x6d, 0xf8,
	0xff, 0xfb, 0xfb, 0xff, 0xdc, 0x28, 0x00, 0x02, 0x00, 0x02, 0x00, 0x00, 0x20, 0xfa, 0xfa, 0xfe,
	0xfd, 0xf8, 0x3f, 0x00, 0x05, 0xe0, 0xfe, 0xf9, 0xfe, 0xff, 0xa1, 0x02, 0x09, 0xb1, 0xff, 0xfd,
	0xfc, 0xff, 0xf7, 0x49, 0x00, 0x0e, 0x54, 0x60, 0xd0, 0xff, 0xff, 0xd0, 0x1d, 0x00, 0x03, 0x00,
	0x00, 0x00, 0x01, 0x03, 0x00, 0xac, 0xff, 0xfa, 0xfd, 0xfd, 0xb8, 0x1b, 0x00, 0xc1, 0xff, 0xff,
	0xfc, 0x72, 0x00, 0x29, 0xd3, 0xff, 0xfc, 0xfb, 0xff, 0xe7, 0x40, 0x00, 0x1c, 0xc7, 0xff, 0xda,
	0x4e, 0xa7, 0xc4, 0x13, 0x00, 0x03, 0x00, 0x00, 0x00, 0x00, 0x00, 0x01, 0x02, 0x0d, 0xb4, 0xff,
	0xfb, 0xfe, 0xff, 0xd9, 0x26, 0x3b, 0xe7, 0xe2, 0x45, 0x00, 0x50, 0xee, 0xff, 0xfb, 0xfd, 0xff,
	0xd0, 0x27, 0x00, 0x30, 0xdd, 0xff, 0xf5, 0xff, 0x8a, 0x00, 0x04, 0x00, 0x02, 0x00, 0x00, 0x00,
	0x00, 0x00, 0x00, 0x00, 0x01, 0x00, 0x03, 0xa4, 0xff, 0xfb, 0xf8, 0xff, 0xa4, 0x00, 0x07, 0x15,
	0x00, 0x54, 0xff, 0xff, 0xfc, 0xfd, 0xff, 0xb7, 0x13, 0x00, 0x47, 0xee, 0xff, 0xfb, 0xfb, 0xff,
	0x4c, 0x01, 0x03, 0x01, 0x00, 0x00, 0x00, 0x00, 0x00, 0x00, 0x00, 0x00, 0x00, 0x02, 0x01, 0x00,
	0x94, 0xff, 0xf8, 0xff, 0xb6, 0x30, 0x48, 0x00, 0x04, 0x88, 0xfd, 0xf9, 0xfd, 0xfe, 0xcb, 0x00,
	0x00, 0x60, 0xfa, 0xff, 0xfc, 0xfc, 0xff, 0x94, 0x05, 0x02, 0x01, 0x00, 0x00, 0x00, 0x00, 0x00,
	0x00, 0x00, 0x00, 0x00, 0x00, 0x00, 0x01, 0x02, 0x00, 0x83, 0xff, 0xf5, 0xae, 0xed, 0xff, 0x74,
	0x00, 0x5c, 0xff, 0xfb, 0xfe, 0xfe, 0xf8, 0xa4, 0x97, 0xff, 0xff, 0xfc, 0xfc, 0xff, 0x83, 0x00,
	0x01, 0x01, 0x00, 0x00, 0x00, 0x00, 0x00, 0x00, 0x00, 0x00, 0x00, 0x00, 0x00, 0x00, 0x00, 0x01,
	0x02, 0x00, 0x4a, 0x33, 0xcc, 0xff, 0xfa, 0xff, 0x8d, 0x00, 0x7e, 0xff, 0xfe, 0xfd, 0xff, 0xff,
	0xff, 0xfe, 0xfd, 0xfe, 0xff, 0x73, 0x00, 0x03, 0x01, 0x00, 0x00, 0x00, 0x00, 0x00, 0x00, 0x00,
	0x00, 0x00, 0x00, 0x00, 0x00, 0x00, 0x00, 0x00, 0x00, 0x02, 0x00, 0x00, 0xc2, 0xff, 0xfa, 0xfc,
	0xff, 0xa7, 0x00, 0x5d, 0xfd, 0xff, 0xfc, 0xfc, 0xfc, 0xfd, 0xff, 0xfe, 0x62, 0x00, 0x04, 0x01,
	0x00, 0x00, 0x00, 0x00, 0x00, 0x00, 0x00, 0x00, 0x00, 0x00, 0x00, 0x00, 0x00, 0x00, 0x00, 0x00,
	0x00, 0x00, 0x06, 0x03, 0x4a, 0xf8, 0xff, 0xfc, 0xfb, 0xff, 0xc3, 0x08, 0x3e, 0xef, 0xff, 0xfb,
	0xfc, 0xff, 0xf8, 0x52, 0x00, 0x04, 0x00, 0x00, 0x00, 0x00, 0x00, 0x00, 0x00, 0x00, 0x00, 0x00,
	0x00, 0x00, 0x00, 0x00, 0x00, 0x00, 0x00, 0x00, 0x00, 0x00, 0x00, 0x02, 0x00, 0x43, 0xf1, 0xff,
	0xfc, 0xfb, 0xff, 0xd9, 0x1c, 0x22, 0xdb, 0xff, 0xff, 0xf0, 0x43, 0x00, 0x04, 0x00, 0x00, 0x00,
	0x00, 0x00, 0x00, 0x00, 0x00, 0x00, 0x00, 0x00, 0x00, 0x00, 0x00, 0x00, 0x00, 0x00, 0x00, 0x00,
	0x00, 0x00, 0x00, 0x00, 0x04, 0x00, 0x35, 0xe7, 0xff, 0xfc, 0xfb, 0xff, 0xeb, 0x34, 0x13, 0xbb,
	0xd8, 0x34, 0x00, 0x04, 0x00, 0x00, 0x00, 0x00, 0x00, 0x00, 0x00, 0x00, 0x00, 0x00, 0x00, 0x00,
	0x00, 0x00, 0x00, 0x00, 0x00, 0x00, 0x00, 0x00, 0x00, 0x00, 0x00, 0x00, 0x00, 0x04, 0x00, 0x29,
	0xdd, 0xff, 0xfb, 0xfc, 0xff, 0xf6, 0x25, 0x00, 0x07, 0x00, 0x03, 0x00, 0x00, 0x00, 0x00, 0x00,
	0x00, 0x00, 0x00, 0x00, 0x00, 0x00, 0x00, 0x00, 0x00, 0x00, 0x00, 0x00, 0x00, 0x00, 0x00, 0x00,
	0x00, 0x00, 0x00, 0x00, 0x00, 0x00, 0x04, 0x00, 0x1d, 0xd0, 0xff, 0xfa, 0xf9, 0xff, 0x41, 0x00,
	0x02, 0x02, 0x00, 0x00, 0x00, 0x00, 0x00, 0x00, 0x00, 0x00, 0x00, 0x00, 0x00, 0x00, 0x00, 0x00,
	0x00, 0x00, 0x00, 0x00, 0x00, 0x00, 0x00, 0x00, 0x00, 0x00, 0x00, 0x00, 0x00, 0x00, 0x00, 0x03,
	0x00, 0x13, 0xc3, 0xff, 0xff, 0xc1, 0x0f, 0x02, 0x02, 0x00, 0x00, 0x00, 0x00, 0x00, 0x00, 0x00,
	0x00, 0x00, 0x00, 0x00, 0x00, 0x00, 0x00, 0x00, 0x00, 0x00, 0x00, 0x00, 0x00, 0x00, 0x00, 0x00,
	0x00, 0x00, 0x00, 0x00, 0x00, 0x00, 0x00, 0x00, 0x03, 0x00, 0x0a, 0xa2, 0xa1, 0x0a, 0x00, 0x01,
	0x00, 0x00, 0x00, 0x00, 0x00, 0x00, 0x00, 0x00, 0x00, 0x00, 0x00, 0x00, 0x00, 0x00, 0x00, 0x00,
	0x00, 0x00, 0x00, 0x00, 0x00, 0x00, 0x00, 0x00, 0x00, 0x00, 0x00, 0x00, 0x00, 0x00, 0x00, 0x00,
	0x00, 0x01, 0x00, 0x00, 0x00, 0x00, 0x01, 0x00, 0x00, 0x00, 0x00, 0x00, 0x00, 0x00, 0x00, 0x00,
	0x00, 0x00, 0x00, 0x00, 0x00, 0x00, 0x00, 0x00, 0x00, 0x00, 0x00, 0x00, 0x00, 0x00, 0x00, 0x00,
	0x00, 0x00, 0x00, 0x00, 0x00, 0x00, 0x00, 0x00, 0x00, 0x00, 0x01, 0x03, 0x03, 0x01, 0x00, 0x00,
	0x00, 0x00, 0x00, 0x00, 0x00, 0x00, 0x00, 0x00, 0x00, 0x00, 0x00, 0x00, 0x00, 0x00, 0x00, 0x00,
	0x00, 0x00, 0x00, 0x00, 0x00, 0x00, 0x00, 0x00, 0x00, 0x00, 0x00, 0x00, 0x00, 0x00, 0x00, 0x00,
	0x00, 0x00, 0x00, 0x00, 0x00, 0x00, 0x00, 0x00, 0x00, 0x00, 0x00, 0x00, 0x00, 0x00, 0x00, 0x00,
	0x00, 0x00, 0x00, 0x00, 0x00, 0x00, 0x00, 0x00, 0x00, 0x00, 0x00, 0x00, 0x00, 0x00, 0x00, 0x00,
	0x00, 0x00, 0x00, 0x00, 0x00, 0x00, 0x00, 0x00, 0x00, 0x00, 0x00, 0x00, 0x00, 0x00, 0x00, 0x00,
	0x00, 0x00, 0x00, 0x00, 0x00, 0x00, 0x00, 0x00, 0x00, 0x00, 0x00, 0x00, 0x00, 0x00, 0x00, 0x00,
};

static const lv_image_dsc_t icon_pcsx2 = {
	.header = { .magic = LV_IMAGE_HEADER_MAGIC,
	            .cf = LV_COLOR_FORMAT_RGB565A8,
	            .w = 40, .h = 40, .stride = 80 },
	.data_size = sizeof(icon_pcsx2_map),
	.data = icon_pcsx2_map,
};

/* Key -> icon. The daemon sends the KEY, not a filename: the board
 * owns what it can draw, and a key it does not know falls back to
 * being drawn as text, which is what makes a custom app still work. */
struct icon_entry { const char *key; const lv_image_dsc_t *dsc; };
static const struct icon_entry icon_table[] = {
	{ "claude", &icon_claude },
	{ "illustrator", &icon_illustrator },
	{ "photoshop", &icon_photoshop },
	{ "spotify", &icon_spotify },
	{ "brave", &icon_brave },
	{ "pcsx2", &icon_pcsx2 },
};
#define ICON_TABLE_N 6
