solid OpenSCAD_Model
  facet normal -0.8314696123025439 -0.5555702330196043 0
    outer loop
      vertex -11.498396842794431 50.75 0
      vertex -11.316716684061422 50.4780964274782 0
      vertex -11.498396842794431 50.75 3
    endloop
  endfacet
  facet normal -0.9469301294951059 -0.3214394653031609 0
    outer loop
      vertex -11.748147899056004 51.3529523872437 0
      vertex -11.64303216461155 51.043291419087275 0
      vertex -11.748147899056004 51.3529523872437 3
    endloop
  endfacet
  facet normal -0.8968727415326887 -0.44228869021900047 2.5363111211134725e-18
    outer loop
      vertex -11.498396842794431 50.75 0
      vertex -11.64303216461155 51.043291419087275 3
      vertex -11.64303216461155 51.043291419087275 0
    endloop
  endfacet
  facet normal -0.9807852804032307 -0.1950903220161273 -1.1848743230346474e-18
    outer loop
      vertex -11.748147899056004 51.3529523872437 0
      vertex -11.81194548676786 51.67368451944987 3
      vertex -11.81194548676786 51.67368451944987 0
    endloop
  endfacet
  facet normal -0.9978589232386034 -0.06540312923014452 -1.9811943396729997e-19
    outer loop
      vertex -11.81194548676786 51.67368451944987 0
      vertex -11.833333333333334 52 3
      vertex -11.833333333333334 52 0
    endloop
  endfacet
  facet normal -0.9978589232386034 0.06540312923014452 1.9811943396729997e-19
    outer loop
      vertex -11.833333333333334 52 0
      vertex -11.81194548676786 52.32631548055013 3
      vertex -11.81194548676786 52.32631548055013 0
    endloop
  endfacet
  facet normal -0.5555702330196017 -0.8314696123025456 2.633335618875575e-18
    outer loop
      vertex -10.855236905855136 50.01661664927191 0
      vertex -10.583333333333334 49.8349364905389 0
      vertex -10.583333333333334 49.8349364905389 3
    endloop
  endfacet
  facet normal -0.6593458151000736 -0.7518398074789734 2.4512095543887736e-18
    outer loop
      vertex -11.101100286299703 50.23223304703363 0
      vertex -10.855236905855136 50.01661664927191 0
      vertex -10.855236905855136 50.01661664927191 3
    endloop
  endfacet
  facet normal -0.44228869021900047 -0.8968727415326887 0
    outer loop
      vertex -10.290041914246059 49.69030116872178 0
      vertex -10.290041914246059 49.69030116872178 3
      vertex -10.583333333333334 49.8349364905389 0
    endloop
  endfacet
  facet normal -0.32143946530315926 -0.9469301294951064 2.7227407015936486e-18
    outer loop
      vertex -10.290041914246059 49.69030116872178 0
      vertex -9.980380946089635 49.58518543427733 0
      vertex -9.980380946089635 49.58518543427733 3
    endloop
  endfacet
  facet normal -0.19509032201612309 -0.9807852804032314 -1.6120216789720158e-18
    outer loop
      vertex -9.980380946089635 49.58518543427733 0
      vertex -9.659648813883463 49.521387846565474 0
      vertex -9.659648813883463 49.521387846565474 3
    endloop
  endfacet
  facet normal -0.06540312923014452 -0.9978589232386034 -1.9811943396729997e-19
    outer loop
      vertex -9.659648813883463 49.521387846565474 0
      vertex -9.333333333333334 49.5 0
      vertex -9.333333333333334 49.5 3
    endloop
  endfacet
  facet normal 0.06540312923014452 -0.9978589232386034 1.9811943396729997e-19
    outer loop
      vertex -9.333333333333334 49.5 0
      vertex -9.007017852783205 49.521387846565474 0
      vertex -9.007017852783205 49.521387846565474 3
    endloop
  endfacet
  facet normal 0.19509032201612309 -0.9807852804032314 1.6120216789720158e-18
    outer loop
      vertex -9.007017852783205 49.521387846565474 0
      vertex -8.686285720577033 49.58518543427733 0
      vertex -8.686285720577033 49.58518543427733 3
    endloop
  endfacet
  facet normal -0.7518398074789784 -0.6593458151000677 6.350715068325837e-19
    outer loop
      vertex -11.101100286299703 50.23223304703363 0
      vertex -11.316716684061422 50.4780964274782 3
      vertex -11.316716684061422 50.4780964274782 0
    endloop
  endfacet
  facet normal 0.32143946530315926 -0.9469301294951064 -2.7227407015936486e-18
    outer loop
      vertex -8.686285720577033 49.58518543427733 0
      vertex -8.376624752420609 49.69030116872178 0
      vertex -8.376624752420609 49.69030116872178 3
    endloop
  endfacet
  facet normal 0.44228869021900047 -0.8968727415326887 -2.5363111211134725e-18
    outer loop
      vertex -8.376624752420609 49.69030116872178 0
      vertex -8.083333333333334 49.8349364905389 0
      vertex -8.083333333333334 49.8349364905389 3
    endloop
  endfacet
  facet normal 0.555570233019603 -0.8314696123025447 2.635583957569087e-18
    outer loop
      vertex -8.083333333333334 49.8349364905389 0
      vertex -7.811429760811532 50.01661664927191 0
      vertex -7.811429760811532 50.01661664927191 3
    endloop
  endfacet
  facet normal 0.6593458151000723 -0.7518398074789745 1.7847712708514612e-18
    outer loop
      vertex -7.811429760811532 50.01661664927191 0
      vertex -7.565566380366965 50.23223304703363 0
      vertex -7.565566380366965 50.23223304703363 3
    endloop
  endfacet
  facet normal 0.7518398074789784 -0.6593458151000677 0
    outer loop
      vertex -7.565566380366965 50.23223304703363 0
      vertex -7.349949982605246 50.4780964274782 0
      vertex -7.565566380366965 50.23223304703363 3
    endloop
  endfacet
  facet normal 0.8314696123025451 -0.5555702330196024 0
    outer loop
      vertex -7.349949982605246 50.4780964274782 0
      vertex -7.1682698238722375 50.75 0
      vertex -7.349949982605246 50.4780964274782 3
    endloop
  endfacet
  facet normal 0.8968727415326876 -0.44228869021900263 0
    outer loop
      vertex -7.1682698238722375 50.75 0
      vertex -7.023634502055117 51.043291419087275 0
      vertex -7.1682698238722375 50.75 3
    endloop
  endfacet
  facet normal 0.9469301294951059 -0.3214394653031609 0
    outer loop
      vertex -7.023634502055117 51.043291419087275 0
      vertex -6.918518767610664 51.3529523872437 0
      vertex -7.023634502055117 51.043291419087275 3
    endloop
  endfacet
  facet normal 0.9807852804032307 -0.1950903220161273 0
    outer loop
      vertex -6.918518767610664 51.3529523872437 0
      vertex -6.854721179898808 51.67368451944987 0
      vertex -6.918518767610664 51.3529523872437 3
    endloop
  endfacet
  facet normal 0.9978589232386034 -0.06540312923014452 0
    outer loop
      vertex -6.854721179898808 51.67368451944987 0
      vertex -6.833333333333334 52 0
      vertex -6.854721179898808 51.67368451944987 3
    endloop
  endfacet
  facet normal 0.9978589232386034 0.06540312923014452 0
    outer loop
      vertex -6.833333333333334 52 0
      vertex -6.854721179898808 52.32631548055013 0
      vertex -6.833333333333334 52 3
    endloop
  endfacet
  facet normal 0.9807852804032307 0.1950903220161273 0
    outer loop
      vertex -6.854721179898808 52.32631548055013 0
      vertex -6.918518767610664 52.6470476127563 0
      vertex -6.854721179898808 52.32631548055013 3
    endloop
  endfacet
  facet normal -0.9807852804032307 0.1950903220161273 1.1848743230346474e-18
    outer loop
      vertex -11.81194548676786 52.32631548055013 0
      vertex -11.748147899056004 52.6470476127563 3
      vertex -11.748147899056004 52.6470476127563 0
    endloop
  endfacet
  facet normal -0.9469301294951059 0.3214394653031609 -2.083544377817961e-18
    outer loop
      vertex -11.748147899056004 52.6470476127563 0
      vertex -11.64303216461155 52.956708580912725 3
      vertex -11.64303216461155 52.956708580912725 0
    endloop
  endfacet
  facet normal -0.8968727415326887 0.44228869021900047 -2.5363111211134725e-18
    outer loop
      vertex -11.64303216461155 52.956708580912725 0
      vertex -11.498396842794431 53.25 3
      vertex -11.498396842794431 53.25 0
    endloop
  endfacet
  facet normal -0.8314696123025439 0.5555702330196043 8.315556128315988e-19
    outer loop
      vertex -11.498396842794431 53.25 0
      vertex -11.316716684061422 53.5219035725218 3
      vertex -11.316716684061422 53.5219035725218 0
    endloop
  endfacet
  facet normal -0.7518398074789784 0.6593458151000677 -6.350715068325837e-19
    outer loop
      vertex -11.316716684061422 53.5219035725218 0
      vertex -11.101100286299703 53.76776695296637 3
      vertex -11.101100286299703 53.76776695296637 0
    endloop
  endfacet
  facet normal -0.6593458151000736 0.7518398074789734 0
    outer loop
      vertex -11.101100286299703 53.76776695296637 0
      vertex -11.101100286299703 53.76776695296637 3
      vertex -10.855236905855136 53.98338335072809 0
    endloop
  endfacet
  facet normal -0.5555702330196017 0.8314696123025456 0
    outer loop
      vertex -10.855236905855136 53.98338335072809 0
      vertex -10.855236905855136 53.98338335072809 3
      vertex -10.583333333333334 54.1650635094611 0
    endloop
  endfacet
  facet normal -0.44228869021900047 0.8968727415326887 0
    outer loop
      vertex -10.583333333333334 54.1650635094611 0
      vertex -10.583333333333334 54.1650635094611 3
      vertex -10.290041914246059 54.30969883127822 0
    endloop
  endfacet
  facet normal -0.32143946530315926 0.9469301294951064 0
    outer loop
      vertex -10.290041914246059 54.30969883127822 0
      vertex -10.290041914246059 54.30969883127822 3
      vertex -9.980380946089635 54.41481456572267 0
    endloop
  endfacet
  facet normal -0.19509032201612309 0.9807852804032314 0
    outer loop
      vertex -9.980380946089635 54.41481456572267 0
      vertex -9.980380946089635 54.41481456572267 3
      vertex -9.659648813883463 54.478612153434526 0
    endloop
  endfacet
  facet normal -0.06540312923014452 0.9978589232386034 0
    outer loop
      vertex -9.659648813883463 54.478612153434526 0
      vertex -9.659648813883463 54.478612153434526 3
      vertex -9.333333333333334 54.5 0
    endloop
  endfacet
  facet normal 0.06540312923014452 0.9978589232386034 0
    outer loop
      vertex -9.333333333333334 54.5 0
      vertex -9.333333333333334 54.5 3
      vertex -9.007017852783205 54.478612153434526 0
    endloop
  endfacet
  facet normal 0.19509032201612309 0.9807852804032314 0
    outer loop
      vertex -9.007017852783205 54.478612153434526 0
      vertex -9.007017852783205 54.478612153434526 3
      vertex -8.686285720577033 54.41481456572267 0
    endloop
  endfacet
  facet normal 0.32143946530315926 0.9469301294951064 0
    outer loop
      vertex -8.686285720577033 54.41481456572267 0
      vertex -8.686285720577033 54.41481456572267 3
      vertex -8.376624752420609 54.30969883127822 0
    endloop
  endfacet
  facet normal 0.8314696123025451 0.5555702330196024 0
    outer loop
      vertex -7.1682698238722375 53.25 0
      vertex -7.349949982605246 53.5219035725218 0
      vertex -7.1682698238722375 53.25 3
    endloop
  endfacet
  facet normal 0.555570233019603 0.8314696123025447 -2.635583957569087e-18
    outer loop
      vertex -7.811429760811532 53.98338335072809 0
      vertex -8.083333333333334 54.1650635094611 0
      vertex -8.083333333333334 54.1650635094611 3
    endloop
  endfacet
  facet normal 0.44228869021900047 0.8968727415326887 0
    outer loop
      vertex -8.376624752420609 54.30969883127822 0
      vertex -8.376624752420609 54.30969883127822 3
      vertex -8.083333333333334 54.1650635094611 0
    endloop
  endfacet
  facet normal 0.6593458151000723 0.7518398074789745 0
    outer loop
      vertex -7.811429760811532 53.98338335072809 0
      vertex -7.811429760811532 53.98338335072809 3
      vertex -7.565566380366965 53.76776695296637 0
    endloop
  endfacet
  facet normal 0.7518398074789784 0.6593458151000677 0
    outer loop
      vertex -7.349949982605246 53.5219035725218 0
      vertex -7.565566380366965 53.76776695296637 0
      vertex -7.349949982605246 53.5219035725218 3
    endloop
  endfacet
  facet normal 0.9469301294951059 0.3214394653031609 0
    outer loop
      vertex -6.918518767610664 52.6470476127563 0
      vertex -7.023634502055117 52.956708580912725 0
      vertex -6.918518767610664 52.6470476127563 3
    endloop
  endfacet
  facet normal 0.8968727415326876 0.44228869021900263 -1.2922872106868274e-18
    outer loop
      vertex -7.1682698238722375 53.25 0
      vertex -7.023634502055117 52.956708580912725 3
      vertex -7.023634502055117 52.956708580912725 0
    endloop
  endfacet
  facet normal -0.8314696123025439 -0.5555702330196043 0
    outer loop
      vertex -11.316716684061422 50.4780964274782 0
      vertex -11.316716684061422 50.4780964274782 3
      vertex -11.498396842794431 50.75 3
    endloop
  endfacet
  facet normal -0.8968727415326887 -0.44228869021900047 0
    outer loop
      vertex -11.498396842794431 50.75 0
      vertex -11.498396842794431 50.75 3
      vertex -11.64303216461155 51.043291419087275 3
    endloop
  endfacet
  facet normal -0.9469301294951059 -0.3214394653031609 0
    outer loop
      vertex -11.64303216461155 51.043291419087275 0
      vertex -11.64303216461155 51.043291419087275 3
      vertex -11.748147899056004 51.3529523872437 3
    endloop
  endfacet
  facet normal -0.9807852804032307 -0.1950903220161273 0
    outer loop
      vertex -11.748147899056004 51.3529523872437 0
      vertex -11.748147899056004 51.3529523872437 3
      vertex -11.81194548676786 51.67368451944987 3
    endloop
  endfacet
  facet normal -0.9978589232386034 -0.06540312923014452 0
    outer loop
      vertex -11.81194548676786 51.67368451944987 0
      vertex -11.81194548676786 51.67368451944987 3
      vertex -11.833333333333334 52 3
    endloop
  endfacet
  facet normal -0.9978589232386034 0.06540312923014452 0
    outer loop
      vertex -11.833333333333334 52 0
      vertex -11.833333333333334 52 3
      vertex -11.81194548676786 52.32631548055013 3
    endloop
  endfacet
  facet normal -0.9807852804032307 0.1950903220161273 0
    outer loop
      vertex -11.81194548676786 52.32631548055013 0
      vertex -11.81194548676786 52.32631548055013 3
      vertex -11.748147899056004 52.6470476127563 3
    endloop
  endfacet
  facet normal 0 0 1
    outer loop
      vertex -11.748147899056004 51.3529523872437 3
      vertex -11.64303216461155 51.043291419087275 3
      vertex -11.748147899056004 52.6470476127563 3
    endloop
  endfacet
  facet normal 0 0 1
    outer loop
      vertex -11.748147899056004 51.3529523872437 3
      vertex -11.81194548676786 52.32631548055013 3
      vertex -11.81194548676786 51.67368451944987 3
    endloop
  endfacet
  facet normal 0 0 1
    outer loop
      vertex -11.498396842794431 50.75 3
      vertex -11.64303216461155 52.956708580912725 3
      vertex -11.64303216461155 51.043291419087275 3
    endloop
  endfacet
  facet normal 0 0 1
    outer loop
      vertex -11.498396842794431 50.75 3
      vertex -11.316716684061422 50.4780964274782 3
      vertex -11.498396842794431 53.25 3
    endloop
  endfacet
  facet normal 0 0 1
    outer loop
      vertex -11.81194548676786 51.67368451944987 3
      vertex -11.81194548676786 52.32631548055013 3
      vertex -11.833333333333334 52 3
    endloop
  endfacet
  facet normal 0 0 1
    outer loop
      vertex -11.748147899056004 51.3529523872437 3
      vertex -11.748147899056004 52.6470476127563 3
      vertex -11.81194548676786 52.32631548055013 3
    endloop
  endfacet
  facet normal 0 0 1
    outer loop
      vertex -11.64303216461155 51.043291419087275 3
      vertex -11.64303216461155 52.956708580912725 3
      vertex -11.748147899056004 52.6470476127563 3
    endloop
  endfacet
  facet normal 0 0 1
    outer loop
      vertex -11.498396842794431 50.75 3
      vertex -11.498396842794431 53.25 3
      vertex -11.64303216461155 52.956708580912725 3
    endloop
  endfacet
  facet normal 0 0 1
    outer loop
      vertex -11.316716684061422 50.4780964274782 3
      vertex -11.316716684061422 53.5219035725218 3
      vertex -11.498396842794431 53.25 3
    endloop
  endfacet
  facet normal -0.6593458151000736 -0.7518398074789734 0
    outer loop
      vertex -11.101100286299703 50.23223304703363 0
      vertex -10.855236905855136 50.01661664927191 3
      vertex -11.101100286299703 50.23223304703363 3
    endloop
  endfacet
  facet normal -0.5555702330196017 -0.8314696123025456 0
    outer loop
      vertex -10.855236905855136 50.01661664927191 0
      vertex -10.583333333333334 49.8349364905389 3
      vertex -10.855236905855136 50.01661664927191 3
    endloop
  endfacet
  facet normal -0.32143946530315926 -0.9469301294951064 0
    outer loop
      vertex -10.290041914246059 49.69030116872178 0
      vertex -9.980380946089635 49.58518543427733 3
      vertex -10.290041914246059 49.69030116872178 3
    endloop
  endfacet
  facet normal -0.44228869021900047 -0.8968727415326887 0
    outer loop
      vertex -10.583333333333334 49.8349364905389 0
      vertex -10.290041914246059 49.69030116872178 3
      vertex -10.583333333333334 49.8349364905389 3
    endloop
  endfacet
  facet normal -0.19509032201612309 -0.9807852804032314 0
    outer loop
      vertex -9.980380946089635 49.58518543427733 0
      vertex -9.659648813883463 49.521387846565474 3
      vertex -9.980380946089635 49.58518543427733 3
    endloop
  endfacet
  facet normal -0.06540312923014452 -0.9978589232386034 0
    outer loop
      vertex -9.659648813883463 49.521387846565474 0
      vertex -9.333333333333334 49.5 3
      vertex -9.659648813883463 49.521387846565474 3
    endloop
  endfacet
  facet normal 0.06540312923014452 -0.9978589232386034 0
    outer loop
      vertex -9.333333333333334 49.5 0
      vertex -9.007017852783205 49.521387846565474 3
      vertex -9.333333333333334 49.5 3
    endloop
  endfacet
  facet normal 0.19509032201612309 -0.9807852804032314 0
    outer loop
      vertex -9.007017852783205 49.521387846565474 0
      vertex -8.686285720577033 49.58518543427733 3
      vertex -9.007017852783205 49.521387846565474 3
    endloop
  endfacet
  facet normal 0.32143946530315926 -0.9469301294951064 0
    outer loop
      vertex -8.686285720577033 49.58518543427733 0
      vertex -8.376624752420609 49.69030116872178 3
      vertex -8.686285720577033 49.58518543427733 3
    endloop
  endfacet
  facet normal -0.7518398074789784 -0.6593458151000677 0
    outer loop
      vertex -11.101100286299703 50.23223304703363 0
      vertex -11.101100286299703 50.23223304703363 3
      vertex -11.316716684061422 50.4780964274782 3
    endloop
  endfacet
  facet normal 0.44228869021900047 -0.8968727415326887 0
    outer loop
      vertex -8.376624752420609 49.69030116872178 0
      vertex -8.083333333333334 49.8349364905389 3
      vertex -8.376624752420609 49.69030116872178 3
    endloop
  endfacet
  facet normal 0.555570233019603 -0.8314696123025447 0
    outer loop
      vertex -8.083333333333334 49.8349364905389 0
      vertex -7.811429760811532 50.01661664927191 3
      vertex -8.083333333333334 49.8349364905389 3
    endloop
  endfacet
  facet normal 0.6593458151000723 -0.7518398074789745 0
    outer loop
      vertex -7.811429760811532 50.01661664927191 0
      vertex -7.565566380366965 50.23223304703363 3
      vertex -7.811429760811532 50.01661664927191 3
    endloop
  endfacet
  facet normal 0.7518398074789784 -0.6593458151000677 0
    outer loop
      vertex -7.349949982605246 50.4780964274782 0
      vertex -7.349949982605246 50.4780964274782 3
      vertex -7.565566380366965 50.23223304703363 3
    endloop
  endfacet
  facet normal 0.8314696123025451 -0.5555702330196024 0
    outer loop
      vertex -7.1682698238722375 50.75 0
      vertex -7.1682698238722375 50.75 3
      vertex -7.349949982605246 50.4780964274782 3
    endloop
  endfacet
  facet normal 0.8968727415326876 -0.44228869021900263 0
    outer loop
      vertex -7.023634502055117 51.043291419087275 0
      vertex -7.023634502055117 51.043291419087275 3
      vertex -7.1682698238722375 50.75 3
    endloop
  endfacet
  facet normal 0.9469301294951059 -0.3214394653031609 0
    outer loop
      vertex -6.918518767610664 51.3529523872437 0
      vertex -6.918518767610664 51.3529523872437 3
      vertex -7.023634502055117 51.043291419087275 3
    endloop
  endfacet
  facet normal 0.9807852804032307 -0.1950903220161273 0
    outer loop
      vertex -6.854721179898808 51.67368451944987 0
      vertex -6.854721179898808 51.67368451944987 3
      vertex -6.918518767610664 51.3529523872437 3
    endloop
  endfacet
  facet normal 0.9978589232386034 -0.06540312923014452 0
    outer loop
      vertex -6.833333333333334 52 0
      vertex -6.833333333333334 52 3
      vertex -6.854721179898808 51.67368451944987 3
    endloop
  endfacet
  facet normal 0.9978589232386034 0.06540312923014452 0
    outer loop
      vertex -6.854721179898808 52.32631548055013 0
      vertex -6.854721179898808 52.32631548055013 3
      vertex -6.833333333333334 52 3
    endloop
  endfacet
  facet normal 0 0 1
    outer loop
      vertex -11.101100286299703 50.23223304703363 3
      vertex -10.855236905855136 50.01661664927191 3
      vertex -11.101100286299703 53.76776695296637 3
    endloop
  endfacet
  facet normal 0 0 1
    outer loop
      vertex -10.855236905855136 50.01661664927191 3
      vertex -10.583333333333334 49.8349364905389 3
      vertex -10.855236905855136 53.98338335072809 3
    endloop
  endfacet
  facet normal 0 0 1
    outer loop
      vertex -10.290041914246059 49.69030116872178 3
      vertex -10.583333333333334 54.1650635094611 3
      vertex -10.583333333333334 49.8349364905389 3
    endloop
  endfacet
  facet normal 0 0 1
    outer loop
      vertex -10.290041914246059 49.69030116872178 3
      vertex -9.980380946089635 49.58518543427733 3
      vertex -10.290041914246059 54.30969883127822 3
    endloop
  endfacet
  facet normal 0 0 1
    outer loop
      vertex -11.101100286299703 50.23223304703363 3
      vertex -11.316716684061422 53.5219035725218 3
      vertex -11.316716684061422 50.4780964274782 3
    endloop
  endfacet
  facet normal 0 0 1
    outer loop
      vertex -9.980380946089635 49.58518543427733 3
      vertex -9.659648813883463 49.521387846565474 3
      vertex -9.980380946089635 54.41481456572267 3
    endloop
  endfacet
  facet normal 0 0 1
    outer loop
      vertex -9.659648813883463 49.521387846565474 3
      vertex -9.333333333333334 49.5 3
      vertex -9.659648813883463 54.478612153434526 3
    endloop
  endfacet
  facet normal 0 0 1
    outer loop
      vertex -9.333333333333334 49.5 3
      vertex -9.007017852783205 49.521387846565474 3
      vertex -9.333333333333334 54.5 3
    endloop
  endfacet
  facet normal 0 0 1
    outer loop
      vertex -9.007017852783205 49.521387846565474 3
      vertex -8.686285720577033 49.58518543427733 3
      vertex -9.007017852783205 54.478612153434526 3
    endloop
  endfacet
  facet normal 0 0 1
    outer loop
      vertex -8.686285720577033 49.58518543427733 3
      vertex -8.376624752420609 49.69030116872178 3
      vertex -8.686285720577033 54.41481456572267 3
    endloop
  endfacet
  facet normal 0 0 1
    outer loop
      vertex -8.376624752420609 49.69030116872178 3
      vertex -8.083333333333334 49.8349364905389 3
      vertex -8.376624752420609 54.30969883127822 3
    endloop
  endfacet
  facet normal 0 0 1
    outer loop
      vertex -8.083333333333334 49.8349364905389 3
      vertex -7.811429760811532 50.01661664927191 3
      vertex -8.083333333333334 54.1650635094611 3
    endloop
  endfacet
  facet normal 0 0 1
    outer loop
      vertex -7.811429760811532 50.01661664927191 3
      vertex -7.565566380366965 50.23223304703363 3
      vertex -7.811429760811532 53.98338335072809 3
    endloop
  endfacet
  facet normal 0 0 1
    outer loop
      vertex -7.565566380366965 50.23223304703363 3
      vertex -7.349949982605246 50.4780964274782 3
      vertex -7.565566380366965 53.76776695296637 3
    endloop
  endfacet
  facet normal 0 0 1
    outer loop
      vertex -7.349949982605246 50.4780964274782 3
      vertex -7.1682698238722375 50.75 3
      vertex -7.349949982605246 53.5219035725218 3
    endloop
  endfacet
  facet normal 0 0 1
    outer loop
      vertex -7.1682698238722375 50.75 3
      vertex -7.023634502055117 51.043291419087275 3
      vertex -7.1682698238722375 53.25 3
    endloop
  endfacet
  facet normal 0 0 1
    outer loop
      vertex -7.023634502055117 51.043291419087275 3
      vertex -6.918518767610664 51.3529523872437 3
      vertex -7.023634502055117 52.956708580912725 3
    endloop
  endfacet
  facet normal 0 0 1
    outer loop
      vertex -6.918518767610664 51.3529523872437 3
      vertex -6.854721179898808 51.67368451944987 3
      vertex -6.918518767610664 52.6470476127563 3
    endloop
  endfacet
  facet normal 0 0 1
    outer loop
      vertex -6.854721179898808 51.67368451944987 3
      vertex -6.833333333333334 52 3
      vertex -6.854721179898808 52.32631548055013 3
    endloop
  endfacet
  facet normal 0 0 1
    outer loop
      vertex -6.854721179898808 51.67368451944987 3
      vertex -6.854721179898808 52.32631548055013 3
      vertex -6.918518767610664 52.6470476127563 3
    endloop
  endfacet
  facet normal 0 0 1
    outer loop
      vertex -6.918518767610664 51.3529523872437 3
      vertex -6.918518767610664 52.6470476127563 3
      vertex -7.023634502055117 52.956708580912725 3
    endloop
  endfacet
  facet normal 0 0 1
    outer loop
      vertex -7.023634502055117 51.043291419087275 3
      vertex -7.023634502055117 52.956708580912725 3
      vertex -7.1682698238722375 53.25 3
    endloop
  endfacet
  facet normal -0.9469301294951059 0.3214394653031609 0
    outer loop
      vertex -11.748147899056004 52.6470476127563 0
      vertex -11.748147899056004 52.6470476127563 3
      vertex -11.64303216461155 52.956708580912725 3
    endloop
  endfacet
  facet normal -0.8968727415326887 0.44228869021900047 0
    outer loop
      vertex -11.64303216461155 52.956708580912725 0
      vertex -11.64303216461155 52.956708580912725 3
      vertex -11.498396842794431 53.25 3
    endloop
  endfacet
  facet normal -0.8314696123025439 0.5555702330196043 0
    outer loop
      vertex -11.498396842794431 53.25 0
      vertex -11.498396842794431 53.25 3
      vertex -11.316716684061422 53.5219035725218 3
    endloop
  endfacet
  facet normal -0.7518398074789784 0.6593458151000677 0
    outer loop
      vertex -11.316716684061422 53.5219035725218 0
      vertex -11.316716684061422 53.5219035725218 3
      vertex -11.101100286299703 53.76776695296637 3
    endloop
  endfacet
  facet normal -0.6593458151000736 0.7518398074789734 0
    outer loop
      vertex -10.855236905855136 53.98338335072809 0
      vertex -11.101100286299703 53.76776695296637 3
      vertex -10.855236905855136 53.98338335072809 3
    endloop
  endfacet
  facet normal -0.5555702330196017 0.8314696123025456 0
    outer loop
      vertex -10.583333333333334 54.1650635094611 0
      vertex -10.855236905855136 53.98338335072809 3
      vertex -10.583333333333334 54.1650635094611 3
    endloop
  endfacet
  facet normal -0.44228869021900047 0.8968727415326887 0
    outer loop
      vertex -10.290041914246059 54.30969883127822 0
      vertex -10.583333333333334 54.1650635094611 3
      vertex -10.290041914246059 54.30969883127822 3
    endloop
  endfacet
  facet normal -0.32143946530315926 0.9469301294951064 0
    outer loop
      vertex -9.980380946089635 54.41481456572267 0
      vertex -10.290041914246059 54.30969883127822 3
      vertex -9.980380946089635 54.41481456572267 3
    endloop
  endfacet
  facet normal -0.19509032201612309 0.9807852804032314 0
    outer loop
      vertex -9.659648813883463 54.478612153434526 0
      vertex -9.980380946089635 54.41481456572267 3
      vertex -9.659648813883463 54.478612153434526 3
    endloop
  endfacet
  facet normal -0.06540312923014452 0.9978589232386034 0
    outer loop
      vertex -9.333333333333334 54.5 0
      vertex -9.659648813883463 54.478612153434526 3
      vertex -9.333333333333334 54.5 3
    endloop
  endfacet
  facet normal 0.06540312923014452 0.9978589232386034 0
    outer loop
      vertex -9.007017852783205 54.478612153434526 0
      vertex -9.333333333333334 54.5 3
      vertex -9.007017852783205 54.478612153434526 3
    endloop
  endfacet
  facet normal 0.19509032201612309 0.9807852804032314 0
    outer loop
      vertex -8.686285720577033 54.41481456572267 0
      vertex -9.007017852783205 54.478612153434526 3
      vertex -8.686285720577033 54.41481456572267 3
    endloop
  endfacet
  facet normal 0.8968727415326876 0.44228869021900263 0
    outer loop
      vertex -7.1682698238722375 53.25 0
      vertex -7.1682698238722375 53.25 3
      vertex -7.023634502055117 52.956708580912725 3
    endloop
  endfacet
  facet normal 0.8314696123025451 0.5555702330196024 0
    outer loop
      vertex -7.349949982605246 53.5219035725218 0
      vertex -7.349949982605246 53.5219035725218 3
      vertex -7.1682698238722375 53.25 3
    endloop
  endfacet
  facet normal 0.555570233019603 0.8314696123025447 0
    outer loop
      vertex -7.811429760811532 53.98338335072809 0
      vertex -8.083333333333334 54.1650635094611 3
      vertex -7.811429760811532 53.98338335072809 3
    endloop
  endfacet
  facet normal 0.32143946530315926 0.9469301294951064 0
    outer loop
      vertex -8.376624752420609 54.30969883127822 0
      vertex -8.686285720577033 54.41481456572267 3
      vertex -8.376624752420609 54.30969883127822 3
    endloop
  endfacet
  facet normal 0.44228869021900047 0.8968727415326887 0
    outer loop
      vertex -8.083333333333334 54.1650635094611 0
      vertex -8.376624752420609 54.30969883127822 3
      vertex -8.083333333333334 54.1650635094611 3
    endloop
  endfacet
  facet normal 0.6593458151000723 0.7518398074789745 0
    outer loop
      vertex -7.565566380366965 53.76776695296637 0
      vertex -7.811429760811532 53.98338335072809 3
      vertex -7.565566380366965 53.76776695296637 3
    endloop
  endfacet
  facet normal 0.7518398074789784 0.6593458151000677 0
    outer loop
      vertex -7.565566380366965 53.76776695296637 0
      vertex -7.565566380366965 53.76776695296637 3
      vertex -7.349949982605246 53.5219035725218 3
    endloop
  endfacet
  facet normal 0.9807852804032307 0.1950903220161273 0
    outer loop
      vertex -6.918518767610664 52.6470476127563 0
      vertex -6.918518767610664 52.6470476127563 3
      vertex -6.854721179898808 52.32631548055013 3
    endloop
  endfacet
  facet normal 0.9469301294951059 0.3214394653031609 0
    outer loop
      vertex -7.023634502055117 52.956708580912725 0
      vertex -7.023634502055117 52.956708580912725 3
      vertex -6.918518767610664 52.6470476127563 3
    endloop
  endfacet
  facet normal 0 0 1
    outer loop
      vertex -11.101100286299703 50.23223304703363 3
      vertex -11.101100286299703 53.76776695296637 3
      vertex -11.316716684061422 53.5219035725218 3
    endloop
  endfacet
  facet normal 0 0 1
    outer loop
      vertex -10.855236905855136 50.01661664927191 3
      vertex -10.855236905855136 53.98338335072809 3
      vertex -11.101100286299703 53.76776695296637 3
    endloop
  endfacet
  facet normal 0 0 1
    outer loop
      vertex -10.583333333333334 49.8349364905389 3
      vertex -10.583333333333334 54.1650635094611 3
      vertex -10.855236905855136 53.98338335072809 3
    endloop
  endfacet
  facet normal 0 0 1
    outer loop
      vertex -10.290041914246059 49.69030116872178 3
      vertex -10.290041914246059 54.30969883127822 3
      vertex -10.583333333333334 54.1650635094611 3
    endloop
  endfacet
  facet normal 0 0 1
    outer loop
      vertex -9.980380946089635 49.58518543427733 3
      vertex -9.980380946089635 54.41481456572267 3
      vertex -10.290041914246059 54.30969883127822 3
    endloop
  endfacet
  facet normal 0 0 1
    outer loop
      vertex -9.659648813883463 49.521387846565474 3
      vertex -9.659648813883463 54.478612153434526 3
      vertex -9.980380946089635 54.41481456572267 3
    endloop
  endfacet
  facet normal 0 0 1
    outer loop
      vertex -9.333333333333334 49.5 3
      vertex -9.333333333333334 54.5 3
      vertex -9.659648813883463 54.478612153434526 3
    endloop
  endfacet
  facet normal 0 0 1
    outer loop
      vertex -9.007017852783205 49.521387846565474 3
      vertex -9.007017852783205 54.478612153434526 3
      vertex -9.333333333333334 54.5 3
    endloop
  endfacet
  facet normal 0 0 1
    outer loop
      vertex -8.686285720577033 49.58518543427733 3
      vertex -8.686285720577033 54.41481456572267 3
      vertex -9.007017852783205 54.478612153434526 3
    endloop
  endfacet
  facet normal 0 0 1
    outer loop
      vertex -8.083333333333334 49.8349364905389 3
      vertex -8.083333333333334 54.1650635094611 3
      vertex -8.376624752420609 54.30969883127822 3
    endloop
  endfacet
  facet normal 0 0 1
    outer loop
      vertex -8.376624752420609 49.69030116872178 3
      vertex -8.376624752420609 54.30969883127822 3
      vertex -8.686285720577033 54.41481456572267 3
    endloop
  endfacet
  facet normal 0 0 1
    outer loop
      vertex -7.811429760811532 50.01661664927191 3
      vertex -7.811429760811532 53.98338335072809 3
      vertex -8.083333333333334 54.1650635094611 3
    endloop
  endfacet
  facet normal 0 0 1
    outer loop
      vertex -7.565566380366965 50.23223304703363 3
      vertex -7.565566380366965 53.76776695296637 3
      vertex -7.811429760811532 53.98338335072809 3
    endloop
  endfacet
  facet normal 0 0 1
    outer loop
      vertex -7.349949982605246 50.4780964274782 3
      vertex -7.349949982605246 53.5219035725218 3
      vertex -7.565566380366965 53.76776695296637 3
    endloop
  endfacet
  facet normal 0 0 1
    outer loop
      vertex -7.1682698238722375 50.75 3
      vertex -7.1682698238722375 53.25 3
      vertex -7.349949982605246 53.5219035725218 3
    endloop
  endfacet
  facet normal -0.6593458151000723 -0.7518398074789745 -1.7847712708514612e-18
    outer loop
      vertex 7.565566380366965 50.23223304703363 0
      vertex 7.811429760811532 50.01661664927191 0
      vertex 7.811429760811532 50.01661664927191 3
    endloop
  endfacet
  facet normal -0.44228869021900047 -0.8968727415326887 0
    outer loop
      vertex 8.376624752420609 49.69030116872178 0
      vertex 8.376624752420609 49.69030116872178 3
      vertex 8.083333333333334 49.8349364905389 0
    endloop
  endfacet
  facet normal -0.555570233019603 -0.8314696123025447 -2.635583957569087e-18
    outer loop
      vertex 7.811429760811532 50.01661664927191 0
      vertex 8.083333333333334 49.8349364905389 0
      vertex 8.083333333333334 49.8349364905389 3
    endloop
  endfacet
  facet normal -0.8968727415326876 -0.44228869021900263 0
    outer loop
      vertex 7.023634502055117 51.043291419087275 0
      vertex 7.1682698238722375 50.75 0
      vertex 7.023634502055117 51.043291419087275 3
    endloop
  endfacet
  facet normal -0.9469301294951059 -0.3214394653031609 2.083544377817961e-18
    outer loop
      vertex 7.023634502055117 51.043291419087275 0
      vertex 6.918518767610664 51.3529523872437 3
      vertex 6.918518767610664 51.3529523872437 0
    endloop
  endfacet
  facet normal -0.9807852804032307 -0.1950903220161273 -1.1848743230346474e-18
    outer loop
      vertex 6.918518767610664 51.3529523872437 0
      vertex 6.854721179898808 51.67368451944987 3
      vertex 6.854721179898808 51.67368451944987 0
    endloop
  endfacet
  facet normal -0.9978589232386034 -0.06540312923014452 -1.9811943396729997e-19
    outer loop
      vertex 6.854721179898808 51.67368451944987 0
      vertex 6.833333333333334 52 3
      vertex 6.833333333333334 52 0
    endloop
  endfacet
  facet normal -0.9978589232386034 0.06540312923014452 1.9811943396729997e-19
    outer loop
      vertex 6.833333333333334 52 0
      vertex 6.854721179898808 52.32631548055013 3
      vertex 6.854721179898808 52.32631548055013 0
    endloop
  endfacet
  facet normal -0.7518398074789784 -0.6593458151000677 6.350715068325837e-19
    outer loop
      vertex 7.565566380366965 50.23223304703363 0
      vertex 7.349949982605246 50.4780964274782 3
      vertex 7.349949982605246 50.4780964274782 0
    endloop
  endfacet
  facet normal -0.8314696123025451 -0.5555702330196024 -2.220277426357922e-18
    outer loop
      vertex 7.349949982605246 50.4780964274782 0
      vertex 7.1682698238722375 50.75 3
      vertex 7.1682698238722375 50.75 0
    endloop
  endfacet
  facet normal -0.32143946530315926 -0.9469301294951064 2.7227407015936486e-18
    outer loop
      vertex 8.376624752420609 49.69030116872178 0
      vertex 8.686285720577033 49.58518543427733 0
      vertex 8.686285720577033 49.58518543427733 3
    endloop
  endfacet
  facet normal -0.19509032201612309 -0.9807852804032314 -1.6120216789720158e-18
    outer loop
      vertex 8.686285720577033 49.58518543427733 0
      vertex 9.007017852783205 49.521387846565474 0
      vertex 9.007017852783205 49.521387846565474 3
    endloop
  endfacet
  facet normal -0.06540312923014452 -0.9978589232386034 -1.9811943396729997e-19
    outer loop
      vertex 9.007017852783205 49.521387846565474 0
      vertex 9.333333333333334 49.5 0
      vertex 9.333333333333334 49.5 3
    endloop
  endfacet
  facet normal 0.06540312923014452 -0.9978589232386034 1.9811943396729997e-19
    outer loop
      vertex 9.333333333333334 49.5 0
      vertex 9.659648813883463 49.521387846565474 0
      vertex 9.659648813883463 49.521387846565474 3
    endloop
  endfacet
  facet normal 0.19509032201612309 -0.9807852804032314 1.6120216789720158e-18
    outer loop
      vertex 9.659648813883463 49.521387846565474 0
      vertex 9.980380946089635 49.58518543427733 0
      vertex 9.980380946089635 49.58518543427733 3
    endloop
  endfacet
  facet normal 0.32143946530315926 -0.9469301294951064 -2.7227407015936486e-18
    outer loop
      vertex 9.980380946089635 49.58518543427733 0
      vertex 10.290041914246059 49.69030116872178 0
      vertex 10.290041914246059 49.69030116872178 3
    endloop
  endfacet
  facet normal 0.44228869021900047 -0.8968727415326887 -2.5363111211134725e-18
    outer loop
      vertex 10.290041914246059 49.69030116872178 0
      vertex 10.583333333333334 49.8349364905389 0
      vertex 10.583333333333334 49.8349364905389 3
    endloop
  endfacet
  facet normal 0.5555702330196017 -0.8314696123025456 -2.633335618875575e-18
    outer loop
      vertex 10.583333333333334 49.8349364905389 0
      vertex 10.855236905855136 50.01661664927191 0
      vertex 10.855236905855136 50.01661664927191 3
    endloop
  endfacet
  facet normal 0.6593458151000736 -0.7518398074789734 -2.4512095543887736e-18
    outer loop
      vertex 10.855236905855136 50.01661664927191 0
      vertex 11.101100286299703 50.23223304703363 0
      vertex 11.101100286299703 50.23223304703363 3
    endloop
  endfacet
  facet normal 0.7518398074789784 -0.6593458151000677 0
    outer loop
      vertex 11.101100286299703 50.23223304703363 0
      vertex 11.316716684061422 50.4780964274782 0
      vertex 11.101100286299703 50.23223304703363 3
    endloop
  endfacet
  facet normal 0.8314696123025439 -0.5555702330196043 0
    outer loop
      vertex 11.316716684061422 50.4780964274782 0
      vertex 11.498396842794431 50.75 0
      vertex 11.316716684061422 50.4780964274782 3
    endloop
  endfacet
  facet normal 0.8968727415326887 -0.44228869021900047 0
    outer loop
      vertex 11.498396842794431 50.75 0
      vertex 11.64303216461155 51.043291419087275 0
      vertex 11.498396842794431 50.75 3
    endloop
  endfacet
  facet normal 0.9469301294951059 -0.3214394653031609 0
    outer loop
      vertex 11.64303216461155 51.043291419087275 0
      vertex 11.748147899056004 51.3529523872437 0
      vertex 11.64303216461155 51.043291419087275 3
    endloop
  endfacet
  facet normal 0.9807852804032307 -0.1950903220161273 0
    outer loop
      vertex 11.748147899056004 51.3529523872437 0
      vertex 11.81194548676786 51.67368451944987 0
      vertex 11.748147899056004 51.3529523872437 3
    endloop
  endfacet
  facet normal 0.9978589232386034 -0.06540312923014452 0
    outer loop
      vertex 11.81194548676786 51.67368451944987 0
      vertex 11.833333333333334 52 0
      vertex 11.81194548676786 51.67368451944987 3
    endloop
  endfacet
  facet normal 0.9978589232386034 0.06540312923014452 0
    outer loop
      vertex 11.833333333333334 52 0
      vertex 11.81194548676786 52.32631548055013 0
      vertex 11.833333333333334 52 3
    endloop
  endfacet
  facet normal 0.9807852804032307 0.1950903220161273 0
    outer loop
      vertex 11.81194548676786 52.32631548055013 0
      vertex 11.748147899056004 52.6470476127563 0
      vertex 11.81194548676786 52.32631548055013 3
    endloop
  endfacet
  facet normal -0.9807852804032307 0.1950903220161273 1.1848743230346474e-18
    outer loop
      vertex 6.854721179898808 52.32631548055013 0
      vertex 6.918518767610664 52.6470476127563 3
      vertex 6.918518767610664 52.6470476127563 0
    endloop
  endfacet
  facet normal -0.9469301294951059 0.3214394653031609 -2.083544377817961e-18
    outer loop
      vertex 6.918518767610664 52.6470476127563 0
      vertex 7.023634502055117 52.956708580912725 3
      vertex 7.023634502055117 52.956708580912725 0
    endloop
  endfacet
  facet normal -0.8968727415326876 0.44228869021900263 1.2922872106868274e-18
    outer loop
      vertex 7.023634502055117 52.956708580912725 0
      vertex 7.1682698238722375 53.25 3
      vertex 7.1682698238722375 53.25 0
    endloop
  endfacet
  facet normal -0.8314696123025451 0.5555702330196024 2.220277426357922e-18
    outer loop
      vertex 7.1682698238722375 53.25 0
      vertex 7.349949982605246 53.5219035725218 3
      vertex 7.349949982605246 53.5219035725218 0
    endloop
  endfacet
  facet normal -0.7518398074789784 0.6593458151000677 -6.350715068325837e-19
    outer loop
      vertex 7.349949982605246 53.5219035725218 0
      vertex 7.565566380366965 53.76776695296637 3
      vertex 7.565566380366965 53.76776695296637 0
    endloop
  endfacet
  facet normal -0.6593458151000723 0.7518398074789745 0
    outer loop
      vertex 7.565566380366965 53.76776695296637 0
      vertex 7.565566380366965 53.76776695296637 3
      vertex 7.811429760811532 53.98338335072809 0
    endloop
  endfacet
  facet normal -0.555570233019603 0.8314696123025447 0
    outer loop
      vertex 7.811429760811532 53.98338335072809 0
      vertex 7.811429760811532 53.98338335072809 3
      vertex 8.083333333333334 54.1650635094611 0
    endloop
  endfacet
  facet normal -0.44228869021900047 0.8968727415326887 0
    outer loop
      vertex 8.083333333333334 54.1650635094611 0
      vertex 8.083333333333334 54.1650635094611 3
      vertex 8.376624752420609 54.30969883127822 0
    endloop
  endfacet
  facet normal -0.32143946530315926 0.9469301294951064 0
    outer loop
      vertex 8.376624752420609 54.30969883127822 0
      vertex 8.376624752420609 54.30969883127822 3
      vertex 8.686285720577033 54.41481456572267 0
    endloop
  endfacet
  facet normal -0.19509032201612309 0.9807852804032314 0
    outer loop
      vertex 8.686285720577033 54.41481456572267 0
      vertex 8.686285720577033 54.41481456572267 3
      vertex 9.007017852783205 54.478612153434526 0
    endloop
  endfacet
  facet normal -0.06540312923014452 0.9978589232386034 0
    outer loop
      vertex 9.007017852783205 54.478612153434526 0
      vertex 9.007017852783205 54.478612153434526 3
      vertex 9.333333333333334 54.5 0
    endloop
  endfacet
  facet normal 0.06540312923014452 0.9978589232386034 0
    outer loop
      vertex 9.333333333333334 54.5 0
      vertex 9.333333333333334 54.5 3
      vertex 9.659648813883463 54.478612153434526 0
    endloop
  endfacet
  facet normal 0.19509032201612309 0.9807852804032314 0
    outer loop
      vertex 9.659648813883463 54.478612153434526 0
      vertex 9.659648813883463 54.478612153434526 3
      vertex 9.980380946089635 54.41481456572267 0
    endloop
  endfacet
  facet normal 0.32143946530315926 0.9469301294951064 0
    outer loop
      vertex 9.980380946089635 54.41481456572267 0
      vertex 9.980380946089635 54.41481456572267 3
      vertex 10.290041914246059 54.30969883127822 0
    endloop
  endfacet
  facet normal 0.44228869021900047 0.8968727415326887 0
    outer loop
      vertex 10.290041914246059 54.30969883127822 0
      vertex 10.290041914246059 54.30969883127822 3
      vertex 10.583333333333334 54.1650635094611 0
    endloop
  endfacet
  facet normal 0.5555702330196017 0.8314696123025456 0
    outer loop
      vertex 10.583333333333334 54.1650635094611 0
      vertex 10.583333333333334 54.1650635094611 3
      vertex 10.855236905855136 53.98338335072809 0
    endloop
  endfacet
  facet normal 0.6593458151000736 0.7518398074789734 0
    outer loop
      vertex 10.855236905855136 53.98338335072809 0
      vertex 10.855236905855136 53.98338335072809 3
      vertex 11.101100286299703 53.76776695296637 0
    endloop
  endfacet
  facet normal 0.7518398074789784 0.6593458151000677 0
    outer loop
      vertex 11.316716684061422 53.5219035725218 0
      vertex 11.101100286299703 53.76776695296637 0
      vertex 11.316716684061422 53.5219035725218 3
    endloop
  endfacet
  facet normal 0.9469301294951059 0.3214394653031609 2.083544377817961e-18
    outer loop
      vertex 11.64303216461155 52.956708580912725 0
      vertex 11.748147899056004 52.6470476127563 3
      vertex 11.748147899056004 52.6470476127563 0
    endloop
  endfacet
  facet normal 0.8968727415326887 0.44228869021900047 0
    outer loop
      vertex 11.64303216461155 52.956708580912725 0
      vertex 11.498396842794431 53.25 0
      vertex 11.64303216461155 52.956708580912725 3
    endloop
  endfacet
  facet normal 0.8314696123025439 0.5555702330196043 -8.315556128315988e-19
    outer loop
      vertex 11.316716684061422 53.5219035725218 0
      vertex 11.498396842794431 53.25 3
      vertex 11.498396842794431 53.25 0
    endloop
  endfacet
  facet normal -0.6593458151000723 -0.7518398074789745 0
    outer loop
      vertex 7.565566380366965 50.23223304703363 0
      vertex 7.811429760811532 50.01661664927191 3
      vertex 7.565566380366965 50.23223304703363 3
    endloop
  endfacet
  facet normal -0.32143946530315926 -0.9469301294951064 0
    outer loop
      vertex 8.376624752420609 49.69030116872178 0
      vertex 8.686285720577033 49.58518543427733 3
      vertex 8.376624752420609 49.69030116872178 3
    endloop
  endfacet
  facet normal -0.555570233019603 -0.8314696123025447 0
    outer loop
      vertex 7.811429760811532 50.01661664927191 0
      vertex 8.083333333333334 49.8349364905389 3
      vertex 7.811429760811532 50.01661664927191 3
    endloop
  endfacet
  facet normal -0.44228869021900047 -0.8968727415326887 0
    outer loop
      vertex 8.083333333333334 49.8349364905389 0
      vertex 8.376624752420609 49.69030116872178 3
      vertex 8.083333333333334 49.8349364905389 3
    endloop
  endfacet
  facet normal -0.9469301294951059 -0.3214394653031609 0
    outer loop
      vertex 7.023634502055117 51.043291419087275 0
      vertex 7.023634502055117 51.043291419087275 3
      vertex 6.918518767610664 51.3529523872437 3
    endloop
  endfacet
  facet normal -0.9807852804032307 -0.1950903220161273 0
    outer loop
      vertex 6.918518767610664 51.3529523872437 0
      vertex 6.918518767610664 51.3529523872437 3
      vertex 6.854721179898808 51.67368451944987 3
    endloop
  endfacet
  facet normal -0.9978589232386034 -0.06540312923014452 0
    outer loop
      vertex 6.854721179898808 51.67368451944987 0
      vertex 6.854721179898808 51.67368451944987 3
      vertex 6.833333333333334 52 3
    endloop
  endfacet
  facet normal -0.9978589232386034 0.06540312923014452 0
    outer loop
      vertex 6.833333333333334 52 0
      vertex 6.833333333333334 52 3
      vertex 6.854721179898808 52.32631548055013 3
    endloop
  endfacet
  facet normal -0.9807852804032307 0.1950903220161273 0
    outer loop
      vertex 6.854721179898808 52.32631548055013 0
      vertex 6.854721179898808 52.32631548055013 3
      vertex 6.918518767610664 52.6470476127563 3
    endloop
  endfacet
  facet normal -0.8314696123025451 -0.5555702330196024 0
    outer loop
      vertex 7.349949982605246 50.4780964274782 0
      vertex 7.349949982605246 50.4780964274782 3
      vertex 7.1682698238722375 50.75 3
    endloop
  endfacet
  facet normal -0.8968727415326876 -0.44228869021900263 0
    outer loop
      vertex 7.1682698238722375 50.75 0
      vertex 7.1682698238722375 50.75 3
      vertex 7.023634502055117 51.043291419087275 3
    endloop
  endfacet
  facet normal -0.7518398074789784 -0.6593458151000677 0
    outer loop
      vertex 7.565566380366965 50.23223304703363 0
      vertex 7.565566380366965 50.23223304703363 3
      vertex 7.349949982605246 50.4780964274782 3
    endloop
  endfacet
  facet normal -0.19509032201612309 -0.9807852804032314 0
    outer loop
      vertex 8.686285720577033 49.58518543427733 0
      vertex 9.007017852783205 49.521387846565474 3
      vertex 8.686285720577033 49.58518543427733 3
    endloop
  endfacet
  facet normal -0.06540312923014452 -0.9978589232386034 0
    outer loop
      vertex 9.007017852783205 49.521387846565474 0
      vertex 9.333333333333334 49.5 3
      vertex 9.007017852783205 49.521387846565474 3
    endloop
  endfacet
  facet normal 0.06540312923014452 -0.9978589232386034 0
    outer loop
      vertex 9.333333333333334 49.5 0
      vertex 9.659648813883463 49.521387846565474 3
      vertex 9.333333333333334 49.5 3
    endloop
  endfacet
  facet normal 0.19509032201612309 -0.9807852804032314 0
    outer loop
      vertex 9.659648813883463 49.521387846565474 0
      vertex 9.980380946089635 49.58518543427733 3
      vertex 9.659648813883463 49.521387846565474 3
    endloop
  endfacet
  facet normal 0.32143946530315926 -0.9469301294951064 0
    outer loop
      vertex 9.980380946089635 49.58518543427733 0
      vertex 10.290041914246059 49.69030116872178 3
      vertex 9.980380946089635 49.58518543427733 3
    endloop
  endfacet
  facet normal 0.44228869021900047 -0.8968727415326887 0
    outer loop
      vertex 10.290041914246059 49.69030116872178 0
      vertex 10.583333333333334 49.8349364905389 3
      vertex 10.290041914246059 49.69030116872178 3
    endloop
  endfacet
  facet normal 0.5555702330196017 -0.8314696123025456 0
    outer loop
      vertex 10.583333333333334 49.8349364905389 0
      vertex 10.855236905855136 50.01661664927191 3
      vertex 10.583333333333334 49.8349364905389 3
    endloop
  endfacet
  facet normal 0.6593458151000736 -0.7518398074789734 0
    outer loop
      vertex 10.855236905855136 50.01661664927191 0
      vertex 11.101100286299703 50.23223304703363 3
      vertex 10.855236905855136 50.01661664927191 3
    endloop
  endfacet
  facet normal 0.7518398074789784 -0.6593458151000677 0
    outer loop
      vertex 11.316716684061422 50.4780964274782 0
      vertex 11.316716684061422 50.4780964274782 3
      vertex 11.101100286299703 50.23223304703363 3
    endloop
  endfacet
  facet normal 0 0 1
    outer loop
      vertex 7.023634502055117 51.043291419087275 3
      vertex 7.1682698238722375 50.75 3
      vertex 7.023634502055117 52.956708580912725 3
    endloop
  endfacet
  facet normal 0 0 1
    outer loop
      vertex 6.918518767610664 51.3529523872437 3
      vertex 6.854721179898808 52.32631548055013 3
      vertex 6.854721179898808 51.67368451944987 3
    endloop
  endfacet
  facet normal 0 0 1
    outer loop
      vertex 7.023634502055117 51.043291419087275 3
      vertex 6.918518767610664 52.6470476127563 3
      vertex 6.918518767610664 51.3529523872437 3
    endloop
  endfacet
  facet normal 0 0 1
    outer loop
      vertex 6.854721179898808 51.67368451944987 3
      vertex 6.854721179898808 52.32631548055013 3
      vertex 6.833333333333334 52 3
    endloop
  endfacet
  facet normal 0 0 1
    outer loop
      vertex 6.918518767610664 51.3529523872437 3
      vertex 6.918518767610664 52.6470476127563 3
      vertex 6.854721179898808 52.32631548055013 3
    endloop
  endfacet
  facet normal 0 0 1
    outer loop
      vertex 7.023634502055117 51.043291419087275 3
      vertex 7.023634502055117 52.956708580912725 3
      vertex 6.918518767610664 52.6470476127563 3
    endloop
  endfacet
  facet normal 0 0 1
    outer loop
      vertex 7.565566380366965 50.23223304703363 3
      vertex 7.811429760811532 50.01661664927191 3
      vertex 7.565566380366965 53.76776695296637 3
    endloop
  endfacet
  facet normal 0 0 1
    outer loop
      vertex 7.811429760811532 50.01661664927191 3
      vertex 8.083333333333334 49.8349364905389 3
      vertex 7.811429760811532 53.98338335072809 3
    endloop
  endfacet
  facet normal 0 0 1
    outer loop
      vertex 8.376624752420609 49.69030116872178 3
      vertex 8.083333333333334 54.1650635094611 3
      vertex 8.083333333333334 49.8349364905389 3
    endloop
  endfacet
  facet normal 0 0 1
    outer loop
      vertex 8.376624752420609 49.69030116872178 3
      vertex 8.686285720577033 49.58518543427733 3
      vertex 8.376624752420609 54.30969883127822 3
    endloop
  endfacet
  facet normal 0 0 1
    outer loop
      vertex 7.349949982605246 50.4780964274782 3
      vertex 7.1682698238722375 53.25 3
      vertex 7.1682698238722375 50.75 3
    endloop
  endfacet
  facet normal 0 0 1
    outer loop
      vertex 7.565566380366965 50.23223304703363 3
      vertex 7.349949982605246 53.5219035725218 3
      vertex 7.349949982605246 50.4780964274782 3
    endloop
  endfacet
  facet normal 0 0 1
    outer loop
      vertex 7.1682698238722375 50.75 3
      vertex 7.1682698238722375 53.25 3
      vertex 7.023634502055117 52.956708580912725 3
    endloop
  endfacet
  facet normal 0 0 1
    outer loop
      vertex 7.349949982605246 50.4780964274782 3
      vertex 7.349949982605246 53.5219035725218 3
      vertex 7.1682698238722375 53.25 3
    endloop
  endfacet
  facet normal 0 0 1
    outer loop
      vertex 8.686285720577033 49.58518543427733 3
      vertex 9.007017852783205 49.521387846565474 3
      vertex 8.686285720577033 54.41481456572267 3
    endloop
  endfacet
  facet normal 0 0 1
    outer loop
      vertex 9.007017852783205 49.521387846565474 3
      vertex 9.333333333333334 49.5 3
      vertex 9.007017852783205 54.478612153434526 3
    endloop
  endfacet
  facet normal 0 0 1
    outer loop
      vertex 9.333333333333334 49.5 3
      vertex 9.659648813883463 49.521387846565474 3
      vertex 9.333333333333334 54.5 3
    endloop
  endfacet
  facet normal 0 0 1
    outer loop
      vertex 9.659648813883463 49.521387846565474 3
      vertex 9.980380946089635 49.58518543427733 3
      vertex 9.659648813883463 54.478612153434526 3
    endloop
  endfacet
  facet normal 0 0 1
    outer loop
      vertex 9.980380946089635 49.58518543427733 3
      vertex 10.290041914246059 49.69030116872178 3
      vertex 9.980380946089635 54.41481456572267 3
    endloop
  endfacet
  facet normal 0 0 1
    outer loop
      vertex 10.290041914246059 49.69030116872178 3
      vertex 10.583333333333334 49.8349364905389 3
      vertex 10.290041914246059 54.30969883127822 3
    endloop
  endfacet
  facet normal 0 0 1
    outer loop
      vertex 10.583333333333334 49.8349364905389 3
      vertex 10.855236905855136 50.01661664927191 3
      vertex 10.583333333333334 54.1650635094611 3
    endloop
  endfacet
  facet normal 0 0 1
    outer loop
      vertex 10.855236905855136 50.01661664927191 3
      vertex 11.101100286299703 50.23223304703363 3
      vertex 10.855236905855136 53.98338335072809 3
    endloop
  endfacet
  facet normal 0 0 1
    outer loop
      vertex 11.101100286299703 50.23223304703363 3
      vertex 11.316716684061422 50.4780964274782 3
      vertex 11.101100286299703 53.76776695296637 3
    endloop
  endfacet
  facet normal 0.8314696123025439 -0.5555702330196043 0
    outer loop
      vertex 11.498396842794431 50.75 0
      vertex 11.498396842794431 50.75 3
      vertex 11.316716684061422 50.4780964274782 3
    endloop
  endfacet
  facet normal 0.8968727415326887 -0.44228869021900047 0
    outer loop
      vertex 11.64303216461155 51.043291419087275 0
      vertex 11.64303216461155 51.043291419087275 3
      vertex 11.498396842794431 50.75 3
    endloop
  endfacet
  facet normal 0.9469301294951059 -0.3214394653031609 0
    outer loop
      vertex 11.748147899056004 51.3529523872437 0
      vertex 11.748147899056004 51.3529523872437 3
      vertex 11.64303216461155 51.043291419087275 3
    endloop
  endfacet
  facet normal 0.9807852804032307 -0.1950903220161273 0
    outer loop
      vertex 11.81194548676786 51.67368451944987 0
      vertex 11.81194548676786 51.67368451944987 3
      vertex 11.748147899056004 51.3529523872437 3
    endloop
  endfacet
  facet normal 0.9978589232386034 -0.06540312923014452 0
    outer loop
      vertex 11.833333333333334 52 0
      vertex 11.833333333333334 52 3
      vertex 11.81194548676786 51.67368451944987 3
    endloop
  endfacet
  facet normal 0.9978589232386034 0.06540312923014452 0
    outer loop
      vertex 11.81194548676786 52.32631548055013 0
      vertex 11.81194548676786 52.32631548055013 3
      vertex 11.833333333333334 52 3
    endloop
  endfacet
  facet normal 0 0 1
    outer loop
      vertex 11.316716684061422 50.4780964274782 3
      vertex 11.498396842794431 50.75 3
      vertex 11.316716684061422 53.5219035725218 3
    endloop
  endfacet
  facet normal 0 0 1
    outer loop
      vertex 11.498396842794431 50.75 3
      vertex 11.64303216461155 51.043291419087275 3
      vertex 11.498396842794431 53.25 3
    endloop
  endfacet
  facet normal 0 0 1
    outer loop
      vertex 11.64303216461155 51.043291419087275 3
      vertex 11.748147899056004 51.3529523872437 3
      vertex 11.64303216461155 52.956708580912725 3
    endloop
  endfacet
  facet normal 0 0 1
    outer loop
      vertex 11.748147899056004 51.3529523872437 3
      vertex 11.81194548676786 51.67368451944987 3
      vertex 11.748147899056004 52.6470476127563 3
    endloop
  endfacet
  facet normal 0 0 1
    outer loop
      vertex 11.64303216461155 51.043291419087275 3
      vertex 11.64303216461155 52.956708580912725 3
      vertex 11.498396842794431 53.25 3
    endloop
  endfacet
  facet normal 0 0 1
    outer loop
      vertex 11.81194548676786 51.67368451944987 3
      vertex 11.833333333333334 52 3
      vertex 11.81194548676786 52.32631548055013 3
    endloop
  endfacet
  facet normal 0 0 1
    outer loop
      vertex 11.81194548676786 51.67368451944987 3
      vertex 11.81194548676786 52.32631548055013 3
      vertex 11.748147899056004 52.6470476127563 3
    endloop
  endfacet
  facet normal 0 0 1
    outer loop
      vertex 11.748147899056004 51.3529523872437 3
      vertex 11.748147899056004 52.6470476127563 3
      vertex 11.64303216461155 52.956708580912725 3
    endloop
  endfacet
  facet normal -0.9469301294951059 0.3214394653031609 0
    outer loop
      vertex 6.918518767610664 52.6470476127563 0
      vertex 6.918518767610664 52.6470476127563 3
      vertex 7.023634502055117 52.956708580912725 3
    endloop
  endfacet
  facet normal -0.8968727415326876 0.44228869021900263 0
    outer loop
      vertex 7.023634502055117 52.956708580912725 0
      vertex 7.023634502055117 52.956708580912725 3
      vertex 7.1682698238722375 53.25 3
    endloop
  endfacet
  facet normal -0.8314696123025451 0.5555702330196024 0
    outer loop
      vertex 7.1682698238722375 53.25 0
      vertex 7.1682698238722375 53.25 3
      vertex 7.349949982605246 53.5219035725218 3
    endloop
  endfacet
  facet normal -0.7518398074789784 0.6593458151000677 0
    outer loop
      vertex 7.349949982605246 53.5219035725218 0
      vertex 7.349949982605246 53.5219035725218 3
      vertex 7.565566380366965 53.76776695296637 3
    endloop
  endfacet
  facet normal -0.6593458151000723 0.7518398074789745 0
    outer loop
      vertex 7.811429760811532 53.98338335072809 0
      vertex 7.565566380366965 53.76776695296637 3
      vertex 7.811429760811532 53.98338335072809 3
    endloop
  endfacet
  facet normal -0.555570233019603 0.8314696123025447 0
    outer loop
      vertex 8.083333333333334 54.1650635094611 0
      vertex 7.811429760811532 53.98338335072809 3
      vertex 8.083333333333334 54.1650635094611 3
    endloop
  endfacet
  facet normal -0.44228869021900047 0.8968727415326887 0
    outer loop
      vertex 8.376624752420609 54.30969883127822 0
      vertex 8.083333333333334 54.1650635094611 3
      vertex 8.376624752420609 54.30969883127822 3
    endloop
  endfacet
  facet normal -0.32143946530315926 0.9469301294951064 0
    outer loop
      vertex 8.686285720577033 54.41481456572267 0
      vertex 8.376624752420609 54.30969883127822 3
      vertex 8.686285720577033 54.41481456572267 3
    endloop
  endfacet
  facet normal -0.19509032201612309 0.9807852804032314 0
    outer loop
      vertex 9.007017852783205 54.478612153434526 0
      vertex 8.686285720577033 54.41481456572267 3
      vertex 9.007017852783205 54.478612153434526 3
    endloop
  endfacet
  facet normal -0.06540312923014452 0.9978589232386034 0
    outer loop
      vertex 9.333333333333334 54.5 0
      vertex 9.007017852783205 54.478612153434526 3
      vertex 9.333333333333334 54.5 3
    endloop
  endfacet
  facet normal 0.06540312923014452 0.9978589232386034 0
    outer loop
      vertex 9.659648813883463 54.478612153434526 0
      vertex 9.333333333333334 54.5 3
      vertex 9.659648813883463 54.478612153434526 3
    endloop
  endfacet
  facet normal 0.19509032201612309 0.9807852804032314 0
    outer loop
      vertex 9.980380946089635 54.41481456572267 0
      vertex 9.659648813883463 54.478612153434526 3
      vertex 9.980380946089635 54.41481456572267 3
    endloop
  endfacet
  facet normal 0.32143946530315926 0.9469301294951064 0
    outer loop
      vertex 10.290041914246059 54.30969883127822 0
      vertex 9.980380946089635 54.41481456572267 3
      vertex 10.290041914246059 54.30969883127822 3
    endloop
  endfacet
  facet normal 0.44228869021900047 0.8968727415326887 0
    outer loop
      vertex 10.583333333333334 54.1650635094611 0
      vertex 10.290041914246059 54.30969883127822 3
      vertex 10.583333333333334 54.1650635094611 3
    endloop
  endfacet
  facet normal 0.5555702330196017 0.8314696123025456 0
    outer loop
      vertex 10.855236905855136 53.98338335072809 0
      vertex 10.583333333333334 54.1650635094611 3
      vertex 10.855236905855136 53.98338335072809 3
    endloop
  endfacet
  facet normal 0.6593458151000736 0.7518398074789734 0
    outer loop
      vertex 11.101100286299703 53.76776695296637 0
      vertex 10.855236905855136 53.98338335072809 3
      vertex 11.101100286299703 53.76776695296637 3
    endloop
  endfacet
  facet normal 0.7518398074789784 0.6593458151000677 0
    outer loop
      vertex 11.101100286299703 53.76776695296637 0
      vertex 11.101100286299703 53.76776695296637 3
      vertex 11.316716684061422 53.5219035725218 3
    endloop
  endfacet
  facet normal 0 0 1
    outer loop
      vertex 7.565566380366965 50.23223304703363 3
      vertex 7.565566380366965 53.76776695296637 3
      vertex 7.349949982605246 53.5219035725218 3
    endloop
  endfacet
  facet normal 0 0 1
    outer loop
      vertex 7.811429760811532 50.01661664927191 3
      vertex 7.811429760811532 53.98338335072809 3
      vertex 7.565566380366965 53.76776695296637 3
    endloop
  endfacet
  facet normal 0 0 1
    outer loop
      vertex 8.083333333333334 49.8349364905389 3
      vertex 8.083333333333334 54.1650635094611 3
      vertex 7.811429760811532 53.98338335072809 3
    endloop
  endfacet
  facet normal 0 0 1
    outer loop
      vertex 8.376624752420609 49.69030116872178 3
      vertex 8.376624752420609 54.30969883127822 3
      vertex 8.083333333333334 54.1650635094611 3
    endloop
  endfacet
  facet normal 0 0 1
    outer loop
      vertex 8.686285720577033 49.58518543427733 3
      vertex 8.686285720577033 54.41481456572267 3
      vertex 8.376624752420609 54.30969883127822 3
    endloop
  endfacet
  facet normal 0 0 1
    outer loop
      vertex 9.007017852783205 49.521387846565474 3
      vertex 9.007017852783205 54.478612153434526 3
      vertex 8.686285720577033 54.41481456572267 3
    endloop
  endfacet
  facet normal 0 0 1
    outer loop
      vertex 9.333333333333334 49.5 3
      vertex 9.333333333333334 54.5 3
      vertex 9.007017852783205 54.478612153434526 3
    endloop
  endfacet
  facet normal 0 0 1
    outer loop
      vertex 9.659648813883463 49.521387846565474 3
      vertex 9.659648813883463 54.478612153434526 3
      vertex 9.333333333333334 54.5 3
    endloop
  endfacet
  facet normal 0 0 1
    outer loop
      vertex 9.980380946089635 49.58518543427733 3
      vertex 9.980380946089635 54.41481456572267 3
      vertex 9.659648813883463 54.478612153434526 3
    endloop
  endfacet
  facet normal 0 0 1
    outer loop
      vertex 10.290041914246059 49.69030116872178 3
      vertex 10.290041914246059 54.30969883127822 3
      vertex 9.980380946089635 54.41481456572267 3
    endloop
  endfacet
  facet normal 0 0 1
    outer loop
      vertex 10.583333333333334 49.8349364905389 3
      vertex 10.583333333333334 54.1650635094611 3
      vertex 10.290041914246059 54.30969883127822 3
    endloop
  endfacet
  facet normal 0 0 1
    outer loop
      vertex 10.855236905855136 50.01661664927191 3
      vertex 10.855236905855136 53.98338335072809 3
      vertex 10.583333333333334 54.1650635094611 3
    endloop
  endfacet
  facet normal 0 0 1
    outer loop
      vertex 11.101100286299703 50.23223304703363 3
      vertex 11.101100286299703 53.76776695296637 3
      vertex 10.855236905855136 53.98338335072809 3
    endloop
  endfacet
  facet normal 0 0 1
    outer loop
      vertex 11.316716684061422 50.4780964274782 3
      vertex 11.316716684061422 53.5219035725218 3
      vertex 11.101100286299703 53.76776695296637 3
    endloop
  endfacet
  facet normal 0.9469301294951059 0.3214394653031609 0
    outer loop
      vertex 11.64303216461155 52.956708580912725 0
      vertex 11.64303216461155 52.956708580912725 3
      vertex 11.748147899056004 52.6470476127563 3
    endloop
  endfacet
  facet normal 0.9807852804032307 0.1950903220161273 0
    outer loop
      vertex 11.748147899056004 52.6470476127563 0
      vertex 11.748147899056004 52.6470476127563 3
      vertex 11.81194548676786 52.32631548055013 3
    endloop
  endfacet
  facet normal 0.8968727415326887 0.44228869021900047 0
    outer loop
      vertex 11.498396842794431 53.25 0
      vertex 11.498396842794431 53.25 3
      vertex 11.64303216461155 52.956708580912725 3
    endloop
  endfacet
  facet normal 0.8314696123025439 0.5555702330196043 0
    outer loop
      vertex 11.316716684061422 53.5219035725218 0
      vertex 11.316716684061422 53.5219035725218 3
      vertex 11.498396842794431 53.25 3
    endloop
  endfacet
  facet normal 0 0 1
    outer loop
      vertex 11.498396842794431 50.75 3
      vertex 11.498396842794431 53.25 3
      vertex 11.316716684061422 53.5219035725218 3
    endloop
  endfacet
  facet normal -0.6593458157582754 -0.7518398069017457 0
    outer loop
      vertex -44.22842712700367 1.1715728789567947 -2.5
      vertex -43.83504571765661 0.8265866413712502 -2.5
      vertex -44.22842712700367 1.1715728789567947 0
    endloop
  endfacet
  facet normal -0.8314696141679891 -0.5555702302277682 0
    outer loop
      vertex -44.864101618528366 2 -2.5
      vertex -44.573413364589214 1.5649542808532715 -2.5
      vertex -44.864101618528366 2 0
    endloop
  endfacet
  facet normal -0.7518398007112117 -0.6593458228172265 0
    outer loop
      vertex -44.573413364589214 1.5649542808532715 -2.5
      vertex -44.22842712700367 1.1715728789567947 -2.5
      vertex -44.573413364589214 1.5649542808532715 0
    endloop
  endfacet
  facet normal -0.5555702302277682 -0.8314696141679891 0
    outer loop
      vertex -43.399999998509884 0.5358983874320984 -2.5
      vertex -43.83504571765661 0.8265866413712502 0
      vertex -43.83504571765661 0.8265866413712502 -2.5
    endloop
  endfacet
  facet normal -0.4422886956295731 -0.8968727388644896 0
    outer loop
      vertex -43.399999998509884 0.5358983874320984 -2.5
      vertex -42.93073373287916 0.3044818714261055 -2.5
      vertex -43.399999998509884 0.5358983874320984 0
    endloop
  endfacet
  facet normal -0.3214394622629726 -0.9469301305271107 0
    outer loop
      vertex -42.93073373287916 0.3044818714261055 -2.5
      vertex -42.43527618050575 0.13629669696092606 -2.5
      vertex -42.93073373287916 0.3044818714261055 0
    endloop
  endfacet
  facet normal -0.8968727472986211 -0.44228867852684617 0
    outer loop
      vertex -44.864101618528366 2 -2.5
      vertex -45.09551812708378 2.4692662730813026 0
      vertex -45.09551812708378 2.4692662730813026 -2.5
    endloop
  endfacet
  facet normal -0.946930129055815 -0.3214394665972703 0
    outer loop
      vertex -45.09551812708378 2.4692662730813026 -2.5
      vertex -45.26370330154896 2.9647238180041313 0
      vertex -45.26370330154896 2.9647238180041313 -2.5
    endloop
  endfacet
  facet normal -0.9807852794583501 -0.1950903267663619 0
    outer loop
      vertex -45.26370330154896 2.9647238180041313 -2.5
      vertex -45.36577944457531 3.4778952300548553 0
      vertex -45.36577944457531 3.4778952300548553 -2.5
    endloop
  endfacet
  facet normal -0.9978589233184302 -0.06540312801222276 0
    outer loop
      vertex -45.36577944457531 3.4778952300548553 -2.5
      vertex -45.399999998509884 4 0
      vertex -45.399999998509884 4 -2.5
    endloop
  endfacet
  facet normal -0.1950903267663619 -0.9807852794583501 0
    outer loop
      vertex -42.43527618050575 0.13629669696092606 -2.5
      vertex -41.92210476845503 0.03422055393457413 -2.5
      vertex -42.43527618050575 0.13629669696092606 0
    endloop
  endfacet
  facet normal -0.06540312801222276 -0.9978589233184302 0
    outer loop
      vertex -41.92210476845503 0.03422055393457413 -2.5
      vertex -41.399999998509884 0 -2.5
      vertex -41.92210476845503 0.03422055393457413 0
    endloop
  endfacet
  facet normal -0.8968727472986211 -0.44228867852684617 0
    outer loop
      vertex -44.864101618528366 2 -2.5
      vertex -44.864101618528366 2 0
      vertex -45.09551812708378 2.4692662730813026 0
    endloop
  endfacet
  facet normal -0.7518398007112117 -0.6593458228172265 0
    outer loop
      vertex -44.22842712700367 1.1715728789567947 -2.5
      vertex -44.22842712700367 1.1715728789567947 0
      vertex -44.573413364589214 1.5649542808532715 0
    endloop
  endfacet
  facet normal -0.8314696141679891 -0.5555702302277682 0
    outer loop
      vertex -44.573413364589214 1.5649542808532715 -2.5
      vertex -44.573413364589214 1.5649542808532715 0
      vertex -44.864101618528366 2 0
    endloop
  endfacet
  facet normal -0.6593458157582754 -0.7518398069017457 0
    outer loop
      vertex -43.83504571765661 0.8265866413712502 -2.5
      vertex -43.83504571765661 0.8265866413712502 0
      vertex -44.22842712700367 1.1715728789567947 0
    endloop
  endfacet
  facet normal -0.5555702302277682 -0.8314696141679891 0
    outer loop
      vertex -43.399999998509884 0.5358983874320984 -2.5
      vertex -43.399999998509884 0.5358983874320984 0
      vertex -43.83504571765661 0.8265866413712502 0
    endloop
  endfacet
  facet normal -0.4422886956295731 -0.8968727388644896 0
    outer loop
      vertex -42.93073373287916 0.3044818714261055 -2.5
      vertex -42.93073373287916 0.3044818714261055 0
      vertex -43.399999998509884 0.5358983874320984 0
    endloop
  endfacet
  facet normal -0.3214394622629726 -0.9469301305271107 0
    outer loop
      vertex -42.43527618050575 0.13629669696092606 -2.5
      vertex -42.43527618050575 0.13629669696092606 0
      vertex -42.93073373287916 0.3044818714261055 0
    endloop
  endfacet
  facet normal -0.946930129055815 -0.3214394665972703 0
    outer loop
      vertex -45.09551812708378 2.4692662730813026 -2.5
      vertex -45.09551812708378 2.4692662730813026 0
      vertex -45.26370330154896 2.9647238180041313 0
    endloop
  endfacet
  facet normal -0.9807852794583501 -0.1950903267663619 0
    outer loop
      vertex -45.26370330154896 2.9647238180041313 -2.5
      vertex -45.26370330154896 2.9647238180041313 0
      vertex -45.36577944457531 3.4778952300548553 0
    endloop
  endfacet
  facet normal -0.9978589233184302 -0.06540312801222276 0
    outer loop
      vertex -45.36577944457531 3.4778952300548553 -2.5
      vertex -45.36577944457531 3.4778952300548553 0
      vertex -45.399999998509884 4 0
    endloop
  endfacet
  facet normal -0.1950903267663619 -0.9807852794583501 0
    outer loop
      vertex -41.92210476845503 0.03422055393457413 -2.5
      vertex -41.92210476845503 0.03422055393457413 0
      vertex -42.43527618050575 0.13629669696092606 0
    endloop
  endfacet
  facet normal -0.06540312801222276 -0.9978589233184302 0
    outer loop
      vertex -41.399999998509884 0 -2.5
      vertex -41.399999998509884 0 0
      vertex -41.92210476845503 0.03422055393457413 0
    endloop
  endfacet
  facet normal 0 0 1
    outer loop
      vertex -42.93073373287916 0.3044818714261055 0
      vertex -42.43527618050575 0.13629669696092606 0
      vertex -42.36752285808325 2.6632933169603348 0
    endloop
  endfacet
  facet normal 0 0 1
    outer loop
      vertex -43.399999998509884 0.5358983874320984 0
      vertex -42.93073373287916 0.3044818714261055 0
      vertex -42.882050804793835 3.25 0
    endloop
  endfacet
  facet normal 0 0 1
    outer loop
      vertex -42.93073373287916 0.3044818714261055 0
      vertex -42.56421355903149 2.8357864394783974 0
      vertex -42.73670668154955 3.0324771404266357 0
    endloop
  endfacet
  facet normal 0 0 1
    outer loop
      vertex -42.93073373287916 0.3044818714261055 0
      vertex -42.36752285808325 2.6632933169603348 0
      vertex -42.56421355903149 2.8357864394783974 0
    endloop
  endfacet
  facet normal 0 0 1
    outer loop
      vertex -43.399999998509884 0.5358983874320984 0
      vertex -42.882050804793835 3.25 0
      vertex -42.99775906652212 3.484633132815361 0
    endloop
  endfacet
  facet normal 0 0 1
    outer loop
      vertex -43.399999998509884 0.5358983874320984 0
      vertex -42.99775906652212 3.484633132815361 0
      vertex -43.08185165375471 3.732361912727356 0
    endloop
  endfacet
  facet normal 0 0 1
    outer loop
      vertex -42.93073373287916 0.3044818714261055 0
      vertex -42.73670668154955 3.0324771404266357 0
      vertex -42.882050804793835 3.25 0
    endloop
  endfacet
  facet normal 0 0 1
    outer loop
      vertex -43.399999998509884 0.5358983874320984 0
      vertex -43.08185165375471 3.732361912727356 0
      vertex -43.13288972526789 3.9889476150274277 0
    endloop
  endfacet
  facet normal 0 0 1
    outer loop
      vertex -43.399999998509884 0.5358983874320984 0
      vertex -43.13288972526789 3.9889476150274277 0
      vertex -43.149999998509884 4.25 0
    endloop
  endfacet
  facet normal 0 0 1
    outer loop
      vertex -42.43527618050575 0.13629669696092606 0
      vertex -41.92210476845503 0.03422055393457413 0
      vertex -41.91536686569452 2.4022409319877625 0
    endloop
  endfacet
  facet normal 0 0 1
    outer loop
      vertex -41.92210476845503 0.03422055393457413 0
      vertex -41.399999998509884 0 0
      vertex -41.411052383482456 2.2671102806925774 0
    endloop
  endfacet
  facet normal 0 0 1
    outer loop
      vertex -42.43527618050575 0.13629669696092606 0
      vertex -42.149999998509884 2.517949193716049 0
      vertex -42.36752285808325 2.6632933169603348 0
    endloop
  endfacet
  facet normal 0 0 1
    outer loop
      vertex -42.43527618050575 0.13629669696092606 0
      vertex -41.91536686569452 2.4022409319877625 0
      vertex -42.149999998509884 2.517949193716049 0
    endloop
  endfacet
  facet normal 0 0 1
    outer loop
      vertex -41.92210476845503 0.03422055393457413 0
      vertex -41.66763809323311 2.3181483447551727 0
      vertex -41.91536686569452 2.4022409319877625 0
    endloop
  endfacet
  facet normal 0 0 1
    outer loop
      vertex -41.92210476845503 0.03422055393457413 0
      vertex -41.411052383482456 2.2671102806925774 0
      vertex -41.66763809323311 2.3181483447551727 0
    endloop
  endfacet
  facet normal 0 0 1
    outer loop
      vertex -41.399999998509884 0 0
      vertex -41.149999998509884 2.25 0
      vertex -41.411052383482456 2.2671102806925774 0
    endloop
  endfacet
  facet normal 0 0 -1
    outer loop
      vertex -44.864101618528366 2 -2.5
      vertex -45.09551812708378 2.4692662730813026 -2.5
      vertex -45.09551812708378 67.5307337269187 -2.5
    endloop
  endfacet
  facet normal 0 0 -1
    outer loop
      vertex -44.864101618528366 2 -2.5
      vertex -44.864101618528366 68 -2.5
      vertex -44.573413364589214 1.5649542808532715 -2.5
    endloop
  endfacet
  facet normal 0 0 -1
    outer loop
      vertex -44.573413364589214 1.5649542808532715 -2.5
      vertex -44.573413364589214 68.43504571914673 -2.5
      vertex -44.22842712700367 1.1715728789567947 -2.5
    endloop
  endfacet
  facet normal 0 0 -1
    outer loop
      vertex -44.22842712700367 1.1715728789567947 -2.5
      vertex -44.22842712700367 68.8284271210432 -2.5
      vertex -43.83504571765661 0.8265866413712502 -2.5
    endloop
  endfacet
  facet normal 0 0 -1
    outer loop
      vertex -43.399999998509884 0.5358983874320984 -2.5
      vertex -43.83504571765661 0.8265866413712502 -2.5
      vertex -43.83504571765661 69.17341335862875 -2.5
    endloop
  endfacet
  facet normal 0 0 -1
    outer loop
      vertex -43.399999998509884 0.5358983874320984 -2.5
      vertex -43.399999998509884 69.4641016125679 -2.5
      vertex -42.93073373287916 0.3044818714261055 -2.5
    endloop
  endfacet
  facet normal 0 0 -1
    outer loop
      vertex -42.93073373287916 0.3044818714261055 -2.5
      vertex -42.93073373287916 69.6955181285739 -2.5
      vertex -42.43527618050575 0.13629669696092606 -2.5
    endloop
  endfacet
  facet normal 0 0 -1
    outer loop
      vertex -45.26370330154896 2.9647238180041313 -2.5
      vertex -45.36577944457531 3.4778952300548553 -2.5
      vertex -45.36577944457531 66.52210476994514 -2.5
    endloop
  endfacet
  facet normal 0 0 -1
    outer loop
      vertex -45.09551812708378 2.4692662730813026 -2.5
      vertex -45.26370330154896 2.9647238180041313 -2.5
      vertex -45.26370330154896 67.03527618199587 -2.5
    endloop
  endfacet
  facet normal 0 0 -1
    outer loop
      vertex -45.36577944457531 3.4778952300548553 -2.5
      vertex -45.399999998509884 4 -2.5
      vertex -45.399999998509884 66 -2.5
    endloop
  endfacet
  facet normal 0 0 -1
    outer loop
      vertex -42.43527618050575 0.13629669696092606 -2.5
      vertex -42.43527618050575 69.86370330303907 -2.5
      vertex -41.92210476845503 0.03422055393457413 -2.5
    endloop
  endfacet
  facet normal 0 0 -1
    outer loop
      vertex -41.92210476845503 0.03422055393457413 -2.5
      vertex -41.92210476845503 69.96577944606543 -2.5
      vertex -41.399999998509884 0 -2.5
    endloop
  endfacet
  facet normal -1 0 0
    outer loop
      vertex -45.399999998509884 4 -2.5
      vertex -45.399999998509884 4 0
      vertex -45.399999998509884 66 0
    endloop
  endfacet
  facet normal 0 0 -1
    outer loop
      vertex -41.399999998509884 0 -2.5
      vertex -41.399999998509884 70 -2.5
      vertex -9 6.5 -2.5
    endloop
  endfacet
  facet normal 0 0 1
    outer loop
      vertex -44.864101618528366 2 0
      vertex -45.09551812708378 67.5307337269187 0
      vertex -45.09551812708378 2.4692662730813026 0
    endloop
  endfacet
  facet normal 0 0 1
    outer loop
      vertex -44.864101618528366 2 0
      vertex -44.573413364589214 1.5649542808532715 0
      vertex -44.864101618528366 68 0
    endloop
  endfacet
  facet normal 0 0 1
    outer loop
      vertex -44.573413364589214 1.5649542808532715 0
      vertex -44.22842712700367 1.1715728789567947 0
      vertex -44.573413364589214 68.43504571914673 0
    endloop
  endfacet
  facet normal 0 0 1
    outer loop
      vertex -44.22842712700367 1.1715728789567947 0
      vertex -43.83504571765661 0.8265866413712502 0
      vertex -44.22842712700367 68.8284271210432 0
    endloop
  endfacet
  facet normal 0 0 1
    outer loop
      vertex -43.399999998509884 0.5358983874320984 0
      vertex -43.83504571765661 69.17341335862875 0
      vertex -43.83504571765661 0.8265866413712502 0
    endloop
  endfacet
  facet normal 0 0 1
    outer loop
      vertex -45.26370330154896 2.9647238180041313 0
      vertex -45.36577944457531 66.52210476994514 0
      vertex -45.36577944457531 3.4778952300548553 0
    endloop
  endfacet
  facet normal 0 0 1
    outer loop
      vertex -45.09551812708378 2.4692662730813026 0
      vertex -45.26370330154896 67.03527618199587 0
      vertex -45.26370330154896 2.9647238180041313 0
    endloop
  endfacet
  facet normal 0 0 1
    outer loop
      vertex -45.36577944457531 3.4778952300548553 0
      vertex -45.399999998509884 66 0
      vertex -45.399999998509884 4 0
    endloop
  endfacet
  facet normal 0 0 1
    outer loop
      vertex -43.399999998509884 0.5358983874320984 0
      vertex -43.149999998509884 4.25 0
      vertex -43.399999998509884 69.4641016125679 0
    endloop
  endfacet
  facet normal 0 0 1
    outer loop
      vertex -41.00355339050293 4.396446608006954 0
      vertex -40.649999998509884 65.75 0
      vertex -41.04667667299509 4.445619285106659 0
    endloop
  endfacet
  facet normal 0 0 1
    outer loop
      vertex -40.899999998509884 4.316987298429012 0
      vertex -40.841341719031334 4.288060232996941 0
      vertex -40.649999998509884 65.75 0
    endloop
  endfacet
  facet normal 0 0 1
    outer loop
      vertex -40.954380713403225 4.353323332965374 0
      vertex -40.899999998509884 4.316987298429012 0
      vertex -40.649999998509884 65.75 0
    endloop
  endfacet
  facet normal 0 0 1
    outer loop
      vertex -40.954380713403225 4.353323332965374 0
      vertex -40.649999998509884 65.75 0
      vertex -41.00355339050293 4.396446608006954 0
    endloop
  endfacet
  facet normal 0 0 1
    outer loop
      vertex -41.145722433924675 4.684736907482147 0
      vertex -41.13296291232109 4.620590478181839 0
      vertex -40.649999998509884 65.75 0
    endloop
  endfacet
  facet normal 0 0 1
    outer loop
      vertex -41.145722433924675 4.684736907482147 0
      vertex -40.649999998509884 65.75 0
      vertex -41.149999998509884 4.75 0
    endloop
  endfacet
  facet normal 0 0 1
    outer loop
      vertex -41.08301270008087 4.5 0
      vertex -41.04667667299509 4.445619285106659 0
      vertex -40.649999998509884 65.75 0
    endloop
  endfacet
  facet normal 0 0 1
    outer loop
      vertex -41.08301270008087 4.5 0
      vertex -40.649999998509884 65.75 0
      vertex -41.11193976551294 4.5586582869291306 0
    endloop
  endfacet
  facet normal 0 0 1
    outer loop
      vertex -41.11193976551294 4.5586582869291306 0
      vertex -40.649999998509884 65.75 0
      vertex -41.13296291232109 4.620590478181839 0
    endloop
  endfacet
  facet normal 0 0 1
    outer loop
      vertex -40.779409520328045 4.267037086188793 0
      vertex -40.71526309847832 4.2542775720357895 0
      vertex -40.649999998509884 65.75 0
    endloop
  endfacet
  facet normal 0 0 1
    outer loop
      vertex -40.841341719031334 4.288060232996941 0
      vertex -40.779409520328045 4.267037086188793 0
      vertex -40.649999998509884 65.75 0
    endloop
  endfacet
  facet normal 0 0 1
    outer loop
      vertex -40.71526309847832 4.2542775720357895 0
      vertex -40.649999998509884 4.25 0
      vertex -40.649999998509884 65.75 0
    endloop
  endfacet
  facet normal 0 0 -1
    outer loop
      vertex -41.399999998509884 0 -2.5
      vertex -8.414213560521603 4.085786439478397 -2.5
      vertex -8.217522859573364 3.9132933169603348 -2.5
    endloop
  endfacet
  facet normal 0 0 -1
    outer loop
      vertex -41.399999998509884 0 -2.5
      vertex -8.217522859573364 3.9132933169603348 -2.5
      vertex -8 3.767949193716049 -2.5
    endloop
  endfacet
  facet normal 0 0 -1
    outer loop
      vertex -41.399999998509884 0 -2.5
      vertex -8.73205080628395 4.5 -2.5
      vertex -8.586706683039665 4.282477140426636 -2.5
    endloop
  endfacet
  facet normal 0 0 -1
    outer loop
      vertex -41.399999998509884 0 -2.5
      vertex -8.931851655244827 4.982361912727356 -2.5
      vertex -8.847759068012238 4.734633132815361 -2.5
    endloop
  endfacet
  facet normal 0 0 -1
    outer loop
      vertex -41.399999998509884 0 -2.5
      vertex -8.847759068012238 4.734633132815361 -2.5
      vertex -8.73205080628395 4.5 -2.5
    endloop
  endfacet
  facet normal 0 0 -1
    outer loop
      vertex -41.399999998509884 0 -2.5
      vertex -8.586706683039665 4.282477140426636 -2.5
      vertex -8.414213560521603 4.085786439478397 -2.5
    endloop
  endfacet
  facet normal 0 0 -1
    outer loop
      vertex -41.399999998509884 0 -2.5
      vertex -7.765366867184639 3.6522409319877625 -2.5
      vertex -7.517638087272644 3.5681483447551727 -2.5
    endloop
  endfacet
  facet normal 0 0 -1
    outer loop
      vertex -41.399999998509884 0 -2.5
      vertex -8 3.767949193716049 -2.5
      vertex -7.765366867184639 3.6522409319877625 -2.5
    endloop
  endfacet
  facet normal 0 0 -1
    outer loop
      vertex -41.399999998509884 0 -2.5
      vertex -7.517638087272644 3.5681483447551727 -2.5
      vertex -7.261052384972572 3.5171102806925774 -2.5
    endloop
  endfacet
  facet normal 0 0 -1
    outer loop
      vertex -41.399999998509884 0 -2.5
      vertex -7.261052384972572 3.5171102806925774 -2.5
      vertex -7 3.5 -2.5
    endloop
  endfacet
  facet normal 0 0 -1
    outer loop
      vertex -41.399999998509884 0 -2.5
      vertex -8.982889719307423 5.238947615027428 -2.5
      vertex -8.931851655244827 4.982361912727356 -2.5
    endloop
  endfacet
  facet normal 0 0 -1
    outer loop
      vertex -41.399999998509884 0 -2.5
      vertex -9 5.5 -2.5
      vertex -8.982889719307423 5.238947615027428 -2.5
    endloop
  endfacet
  facet normal 0 0 -1
    outer loop
      vertex -41.399999998509884 0 -2.5
      vertex -9 6.5 -2.5
      vertex -9 5.5 -2.5
    endloop
  endfacet
  facet normal 0 0 -1
    outer loop
      vertex -41.399999998509884 0 -2.5
      vertex -7 3.5 -2.5
      vertex 7 3.5 -2.5
    endloop
  endfacet
  facet normal 0 -1 0
    outer loop
      vertex -41.399999998509884 0 -2.5
      vertex 41.399999998509884 0 -2.5
      vertex -41.399999998509884 0 0
    endloop
  endfacet
  facet normal 0 0 -1
    outer loop
      vertex -41.399999998509884 0 -2.5
      vertex 7 3.5 -2.5
      vertex 7.261052384972572 3.5171102806925774 -2.5
    endloop
  endfacet
  facet normal 0 0 1
    outer loop
      vertex -40.649999998509884 4.25 0
      vertex -8.558224994095346 4.25 0
      vertex -8.586706683039665 4.282477140426636 0
    endloop
  endfacet
  facet normal 0 0 1
    outer loop
      vertex -40.649999998509884 4.25 0
      vertex -8.586706683039665 4.282477140426636 0
      vertex -8.73205080628395 4.5 0
    endloop
  endfacet
  facet normal 0 0 1
    outer loop
      vertex -40.649999998509884 4.25 0
      vertex -8.931851655244827 4.982361912727356 0
      vertex -8.982889719307423 5.238947615027428 0
    endloop
  endfacet
  facet normal 0 0 1
    outer loop
      vertex -40.649999998509884 4.25 0
      vertex -8.73205080628395 4.5 0
      vertex -8.847759068012238 4.734633132815361 0
    endloop
  endfacet
  facet normal 0 0 1
    outer loop
      vertex -40.649999998509884 4.25 0
      vertex -8.847759068012238 4.734633132815361 0
      vertex -8.931851655244827 4.982361912727356 0
    endloop
  endfacet
  facet normal 0 0 1
    outer loop
      vertex -40.649999998509884 4.25 0
      vertex -8.982889719307423 5.238947615027428 0
      vertex -9 5.5 0
    endloop
  endfacet
  facet normal 0 0 1
    outer loop
      vertex -40.649999998509884 4.25 0
      vertex -9 5.5 0
      vertex -9 6.5 0
    endloop
  endfacet
  facet normal 0 0 1
    outer loop
      vertex -40.649999998509884 4.25 0
      vertex -9 6.5 0
      vertex -8.982889719307423 6.761052384972572 0
    endloop
  endfacet
  facet normal 0 0 1
    outer loop
      vertex -40.649999998509884 4.25 0
      vertex -8.982889719307423 6.761052384972572 0
      vertex -8.931851655244827 7.017638087272644 0
    endloop
  endfacet
  facet normal 0 0 1
    outer loop
      vertex -40.649999998509884 4.25 0
      vertex -8.931851655244827 7.017638087272644 0
      vertex -8.847759068012238 7.265366867184639 0
    endloop
  endfacet
  facet normal 0 0 1
    outer loop
      vertex -41.399999998509884 0 0
      vertex 41.149999998509884 2.25 0
      vertex -41.149999998509884 2.25 0
    endloop
  endfacet
  facet normal 0 0 -1
    outer loop
      vertex -41.399999998509884 70 -2.5
      vertex -8.982889719307423 6.761052384972572 -2.5
      vertex -9 6.5 -2.5
    endloop
  endfacet
  facet normal 0 0 -1
    outer loop
      vertex -41.399999998509884 70 -2.5
      vertex -8.931851655244827 7.017638087272644 -2.5
      vertex -8.982889719307423 6.761052384972572 -2.5
    endloop
  endfacet
  facet normal 0 0 -1
    outer loop
      vertex -41.399999998509884 70 -2.5
      vertex -8.847759068012238 7.265366867184639 -2.5
      vertex -8.931851655244827 7.017638087272644 -2.5
    endloop
  endfacet
  facet normal 0 0 -1
    outer loop
      vertex -41.399999998509884 70 -2.5
      vertex -8.73205080628395 7.5 -2.5
      vertex -8.847759068012238 7.265366867184639 -2.5
    endloop
  endfacet
  facet normal 0 0 -1
    outer loop
      vertex -41.399999998509884 70 -2.5
      vertex -8.586706683039665 7.717522859573364 -2.5
      vertex -8.73205080628395 7.5 -2.5
    endloop
  endfacet
  facet normal 0 0 -1
    outer loop
      vertex -41.399999998509884 70 -2.5
      vertex -8.414213560521603 7.914213560521603 -2.5
      vertex -8.586706683039665 7.717522859573364 -2.5
    endloop
  endfacet
  facet normal 0 0 -1
    outer loop
      vertex -41.399999998509884 70 -2.5
      vertex -8.217522859573364 8.086706683039665 -2.5
      vertex -8.414213560521603 7.914213560521603 -2.5
    endloop
  endfacet
  facet normal 0 0 -1
    outer loop
      vertex -41.399999998509884 70 -2.5
      vertex -8 8.23205080628395 -2.5
      vertex -8.217522859573364 8.086706683039665 -2.5
    endloop
  endfacet
  facet normal 0 0 -1
    outer loop
      vertex -41.399999998509884 70 -2.5
      vertex -7.765366867184639 8.347759068012238 -2.5
      vertex -8 8.23205080628395 -2.5
    endloop
  endfacet
  facet normal 0 0 -1
    outer loop
      vertex -41.399999998509884 70 -2.5
      vertex -7.517638087272644 8.431851655244827 -2.5
      vertex -7.765366867184639 8.347759068012238 -2.5
    endloop
  endfacet
  facet normal 0 0 -1
    outer loop
      vertex -41.399999998509884 70 -2.5
      vertex -7.261052384972572 8.482889719307423 -2.5
      vertex -7.517638087272644 8.431851655244827 -2.5
    endloop
  endfacet
  facet normal 0 0 -1
    outer loop
      vertex -41.399999998509884 70 -2.5
      vertex -7 8.5 -2.5
      vertex -7.261052384972572 8.482889719307423 -2.5
    endloop
  endfacet
  facet normal 0 0 -1
    outer loop
      vertex -41.399999998509884 70 -2.5
      vertex 7 8.5 -2.5
      vertex -7 8.5 -2.5
    endloop
  endfacet
  facet normal 0 0 -1
    outer loop
      vertex -41.399999998509884 70 -2.5
      vertex 7.517638087272644 8.431851655244827 -2.5
      vertex 7.261052384972572 8.482889719307423 -2.5
    endloop
  endfacet
  facet normal 0 0 -1
    outer loop
      vertex -41.399999998509884 70 -2.5
      vertex 7.261052384972572 8.482889719307423 -2.5
      vertex 7 8.5 -2.5
    endloop
  endfacet
  facet normal 0 0 1
    outer loop
      vertex -40.649999998509884 4.25 0
      vertex -8.847759068012238 7.265366867184639 0
      vertex 8.686285720577033 49.58518543427733 0
    endloop
  endfacet
  facet normal 0 0 1
    outer loop
      vertex -40.649999998509884 4.25 0
      vertex -9.659648813883463 49.521387846565474 0
      vertex -9.980380946089635 49.58518543427733 0
    endloop
  endfacet
  facet normal 0 0 1
    outer loop
      vertex -40.649999998509884 4.25 0
      vertex -9.333333333333334 49.5 0
      vertex -9.659648813883463 49.521387846565474 0
    endloop
  endfacet
  facet normal 0 0 1
    outer loop
      vertex -40.649999998509884 4.25 0
      vertex -10.290041914246059 49.69030116872178 0
      vertex -10.583333333333334 49.8349364905389 0
    endloop
  endfacet
  facet normal 0 0 1
    outer loop
      vertex -40.649999998509884 4.25 0
      vertex -9.980380946089635 49.58518543427733 0
      vertex -10.290041914246059 49.69030116872178 0
    endloop
  endfacet
  facet normal 0 0 1
    outer loop
      vertex -40.649999998509884 4.25 0
      vertex -9.007017852783205 49.521387846565474 0
      vertex -9.333333333333334 49.5 0
    endloop
  endfacet
  facet normal 0 0 1
    outer loop
      vertex -40.649999998509884 4.25 0
      vertex -8.686285720577033 49.58518543427733 0
      vertex -9.007017852783205 49.521387846565474 0
    endloop
  endfacet
  facet normal 0 0 1
    outer loop
      vertex -40.649999998509884 4.25 0
      vertex -8.376624752420609 49.69030116872178 0
      vertex -8.686285720577033 49.58518543427733 0
    endloop
  endfacet
  facet normal 0 0 1
    outer loop
      vertex -40.649999998509884 4.25 0
      vertex -8.083333333333334 49.8349364905389 0
      vertex -8.376624752420609 49.69030116872178 0
    endloop
  endfacet
  facet normal 0 0 1
    outer loop
      vertex -40.649999998509884 4.25 0
      vertex 8.083333333333334 49.8349364905389 0
      vertex -8.083333333333334 49.8349364905389 0
    endloop
  endfacet
  facet normal 0 0 1
    outer loop
      vertex 8.686285720577033 49.58518543427733 0
      vertex -8.847759068012238 7.265366867184639 0
      vertex -8.73205080628395 7.5 0
    endloop
  endfacet
  facet normal 0 0 1
    outer loop
      vertex 8.686285720577033 49.58518543427733 0
      vertex -8.73205080628395 7.5 0
      vertex -8.586706683039665 7.717522859573364 0
    endloop
  endfacet
  facet normal 0 0 1
    outer loop
      vertex 8.686285720577033 49.58518543427733 0
      vertex -8.586706683039665 7.717522859573364 0
      vertex -8.414213560521603 7.914213560521603 0
    endloop
  endfacet
  facet normal 0 0 1
    outer loop
      vertex 8.686285720577033 49.58518543427733 0
      vertex -8.414213560521603 7.914213560521603 0
      vertex -8.217522859573364 8.086706683039665 0
    endloop
  endfacet
  facet normal 0 0 1
    outer loop
      vertex 8.686285720577033 49.58518543427733 0
      vertex -8.217522859573364 8.086706683039665 0
      vertex -8 8.23205080628395 0
    endloop
  endfacet
  facet normal 0 0 1
    outer loop
      vertex 8.686285720577033 49.58518543427733 0
      vertex -8 8.23205080628395 0
      vertex -7.765366867184639 8.347759068012238 0
    endloop
  endfacet
  facet normal 0 0 1
    outer loop
      vertex 8.686285720577033 49.58518543427733 0
      vertex -7.765366867184639 8.347759068012238 0
      vertex -7.517638087272644 8.431851655244827 0
    endloop
  endfacet
  facet normal 0 0 1
    outer loop
      vertex 8.686285720577033 49.58518543427733 0
      vertex -7.517638087272644 8.431851655244827 0
      vertex -7.261052384972572 8.482889719307423 0
    endloop
  endfacet
  facet normal 0 0 1
    outer loop
      vertex 8.686285720577033 49.58518543427733 0
      vertex -7.261052384972572 8.482889719307423 0
      vertex -7 8.5 0
    endloop
  endfacet
  facet normal 0 0 1
    outer loop
      vertex -40.649999998509884 4.25 0
      vertex 8.376624752420609 49.69030116872178 0
      vertex 8.083333333333334 49.8349364905389 0
    endloop
  endfacet
  facet normal 0 0 1
    outer loop
      vertex -40.649999998509884 4.25 0
      vertex 8.686285720577033 49.58518543427733 0
      vertex 8.376624752420609 49.69030116872178 0
    endloop
  endfacet
  facet normal 0 0 -1
    outer loop
      vertex -45.36577944457531 3.4778952300548553 -2.5
      vertex -45.399999998509884 66 -2.5
      vertex -45.36577944457531 66.52210476994514 -2.5
    endloop
  endfacet
  facet normal 0 0 -1
    outer loop
      vertex -45.26370330154896 2.9647238180041313 -2.5
      vertex -45.36577944457531 66.52210476994514 -2.5
      vertex -45.26370330154896 67.03527618199587 -2.5
    endloop
  endfacet
  facet normal 0 0 -1
    outer loop
      vertex -45.09551812708378 2.4692662730813026 -2.5
      vertex -45.26370330154896 67.03527618199587 -2.5
      vertex -45.09551812708378 67.5307337269187 -2.5
    endloop
  endfacet
  facet normal 0 0 -1
    outer loop
      vertex -44.864101618528366 2 -2.5
      vertex -45.09551812708378 67.5307337269187 -2.5
      vertex -44.864101618528366 68 -2.5
    endloop
  endfacet
  facet normal 0 0 -1
    outer loop
      vertex -44.573413364589214 1.5649542808532715 -2.5
      vertex -44.864101618528366 68 -2.5
      vertex -44.573413364589214 68.43504571914673 -2.5
    endloop
  endfacet
  facet normal 0 0 -1
    outer loop
      vertex -44.22842712700367 1.1715728789567947 -2.5
      vertex -44.573413364589214 68.43504571914673 -2.5
      vertex -44.22842712700367 68.8284271210432 -2.5
    endloop
  endfacet
  facet normal 0 0 -1
    outer loop
      vertex -43.83504571765661 0.8265866413712502 -2.5
      vertex -44.22842712700367 68.8284271210432 -2.5
      vertex -43.83504571765661 69.17341335862875 -2.5
    endloop
  endfacet
  facet normal 0 0 -1
    outer loop
      vertex -43.399999998509884 0.5358983874320984 -2.5
      vertex -43.83504571765661 69.17341335862875 -2.5
      vertex -43.399999998509884 69.4641016125679 -2.5
    endloop
  endfacet
  facet normal 0 0 -1
    outer loop
      vertex -42.93073373287916 0.3044818714261055 -2.5
      vertex -43.399999998509884 69.4641016125679 -2.5
      vertex -42.93073373287916 69.6955181285739 -2.5
    endloop
  endfacet
  facet normal 0 0 -1
    outer loop
      vertex -42.43527618050575 0.13629669696092606 -2.5
      vertex -42.93073373287916 69.6955181285739 -2.5
      vertex -42.43527618050575 69.86370330303907 -2.5
    endloop
  endfacet
  facet normal 0 0 -1
    outer loop
      vertex -41.92210476845503 0.03422055393457413 -2.5
      vertex -42.43527618050575 69.86370330303907 -2.5
      vertex -41.92210476845503 69.96577944606543 -2.5
    endloop
  endfacet
  facet normal 0 0 -1
    outer loop
      vertex -41.399999998509884 0 -2.5
      vertex -41.92210476845503 69.96577944606543 -2.5
      vertex -41.399999998509884 70 -2.5
    endloop
  endfacet
  facet normal -1 0 0
    outer loop
      vertex -45.399999998509884 4 -2.5
      vertex -45.399999998509884 66 0
      vertex -45.399999998509884 66 -2.5
    endloop
  endfacet
  facet normal 0 0 1
    outer loop
      vertex -45.36577944457531 3.4778952300548553 0
      vertex -45.36577944457531 66.52210476994514 0
      vertex -45.399999998509884 66 0
    endloop
  endfacet
  facet normal 0 0 1
    outer loop
      vertex -45.26370330154896 2.9647238180041313 0
      vertex -45.26370330154896 67.03527618199587 0
      vertex -45.36577944457531 66.52210476994514 0
    endloop
  endfacet
  facet normal 0 0 1
    outer loop
      vertex -45.09551812708378 2.4692662730813026 0
      vertex -45.09551812708378 67.5307337269187 0
      vertex -45.26370330154896 67.03527618199587 0
    endloop
  endfacet
  facet normal 0 0 1
    outer loop
      vertex -44.864101618528366 2 0
      vertex -44.864101618528366 68 0
      vertex -45.09551812708378 67.5307337269187 0
    endloop
  endfacet
  facet normal 0 0 1
    outer loop
      vertex -44.573413364589214 1.5649542808532715 0
      vertex -44.573413364589214 68.43504571914673 0
      vertex -44.864101618528366 68 0
    endloop
  endfacet
  facet normal 0 0 1
    outer loop
      vertex -44.22842712700367 1.1715728789567947 0
      vertex -44.22842712700367 68.8284271210432 0
      vertex -44.573413364589214 68.43504571914673 0
    endloop
  endfacet
  facet normal 0 0 1
    outer loop
      vertex -43.83504571765661 0.8265866413712502 0
      vertex -43.83504571765661 69.17341335862875 0
      vertex -44.22842712700367 68.8284271210432 0
    endloop
  endfacet
  facet normal 0 0 1
    outer loop
      vertex -43.399999998509884 0.5358983874320984 0
      vertex -43.399999998509884 69.4641016125679 0
      vertex -43.83504571765661 69.17341335862875 0
    endloop
  endfacet
  facet normal 0 0 1
    outer loop
      vertex -43.149999998509884 4.25 0
      vertex -43.149999998509884 65.75 0
      vertex -43.399999998509884 69.4641016125679 0
    endloop
  endfacet
  facet normal 0 0 1
    outer loop
      vertex -41.149999998509884 4.75 0
      vertex -41.145722433924675 65.31526309251785 0
      vertex -41.149999998509884 65.25 0
    endloop
  endfacet
  facet normal 0 0 1
    outer loop
      vertex -41.149999998509884 4.75 0
      vertex -41.13296291232109 65.37940952181816 0
      vertex -41.145722433924675 65.31526309251785 0
    endloop
  endfacet
  facet normal 0 0 1
    outer loop
      vertex -41.149999998509884 4.75 0
      vertex -41.08301270008087 65.5 0
      vertex -41.11193976551294 65.44134171307087 0
    endloop
  endfacet
  facet normal 0 0 1
    outer loop
      vertex -41.149999998509884 4.75 0
      vertex -41.11193976551294 65.44134171307087 0
      vertex -41.13296291232109 65.37940952181816 0
    endloop
  endfacet
  facet normal 0 0 1
    outer loop
      vertex -41.149999998509884 4.75 0
      vertex -41.00355339050293 65.60355339199305 0
      vertex -41.04667667299509 65.55438071489334 0
    endloop
  endfacet
  facet normal 0 0 1
    outer loop
      vertex -41.149999998509884 4.75 0
      vertex -41.04667667299509 65.55438071489334 0
      vertex -41.08301270008087 65.5 0
    endloop
  endfacet
  facet normal 0 0 1
    outer loop
      vertex -41.149999998509884 4.75 0
      vertex -40.899999998509884 65.68301270157099 0
      vertex -40.954380713403225 65.64667666703463 0
    endloop
  endfacet
  facet normal 0 0 1
    outer loop
      vertex -41.149999998509884 4.75 0
      vertex -40.954380713403225 65.64667666703463 0
      vertex -41.00355339050293 65.60355339199305 0
    endloop
  endfacet
  facet normal 0 0 1
    outer loop
      vertex -41.149999998509884 4.75 0
      vertex -40.841341719031334 65.71193976700306 0
      vertex -40.899999998509884 65.68301270157099 0
    endloop
  endfacet
  facet normal 0 0 1
    outer loop
      vertex -41.149999998509884 4.75 0
      vertex -40.71526309847832 65.74572242796421 0
      vertex -40.779409520328045 65.7329629138112 0
    endloop
  endfacet
  facet normal 0 0 1
    outer loop
      vertex -41.149999998509884 4.75 0
      vertex -40.779409520328045 65.7329629138112 0
      vertex -40.841341719031334 65.71193976700306 0
    endloop
  endfacet
  facet normal 0 0 1
    outer loop
      vertex -41.149999998509884 4.75 0
      vertex -40.649999998509884 65.75 0
      vertex -40.71526309847832 65.74572242796421 0
    endloop
  endfacet
  facet normal 0 0 1
    outer loop
      vertex -40.649999998509884 4.25 0
      vertex -10.583333333333334 49.8349364905389 0
      vertex -40.649999998509884 65.75 0
    endloop
  endfacet
  facet normal -0.9978589233184302 0.06540312801222276 0
    outer loop
      vertex -45.399999998509884 66 -2.5
      vertex -45.36577944457531 66.52210476994514 0
      vertex -45.36577944457531 66.52210476994514 -2.5
    endloop
  endfacet
  facet normal -0.9807852794583501 0.1950903267663619 0
    outer loop
      vertex -45.36577944457531 66.52210476994514 -2.5
      vertex -45.26370330154896 67.03527618199587 0
      vertex -45.26370330154896 67.03527618199587 -2.5
    endloop
  endfacet
  facet normal -0.946930129055815 0.3214394665972703 0
    outer loop
      vertex -45.26370330154896 67.03527618199587 -2.5
      vertex -45.09551812708378 67.5307337269187 0
      vertex -45.09551812708378 67.5307337269187 -2.5
    endloop
  endfacet
  facet normal -0.8968727472986211 0.44228867852684617 0
    outer loop
      vertex -45.09551812708378 67.5307337269187 -2.5
      vertex -44.864101618528366 68 0
      vertex -44.864101618528366 68 -2.5
    endloop
  endfacet
  facet normal -0.8314696141679891 0.5555702302277682 0
    outer loop
      vertex -44.864101618528366 68 -2.5
      vertex -44.573413364589214 68.43504571914673 0
      vertex -44.573413364589214 68.43504571914673 -2.5
    endloop
  endfacet
  facet normal -0.7518398007112117 0.6593458228172265 0
    outer loop
      vertex -44.573413364589214 68.43504571914673 -2.5
      vertex -44.22842712700367 68.8284271210432 0
      vertex -44.22842712700367 68.8284271210432 -2.5
    endloop
  endfacet
  facet normal -0.6593458157582754 0.7518398069017457 0
    outer loop
      vertex -44.22842712700367 68.8284271210432 -2.5
      vertex -43.83504571765661 69.17341335862875 0
      vertex -43.83504571765661 69.17341335862875 -2.5
    endloop
  endfacet
  facet normal -0.5555702302277682 0.8314696141679891 0
    outer loop
      vertex -43.83504571765661 69.17341335862875 -2.5
      vertex -43.399999998509884 69.4641016125679 0
      vertex -43.399999998509884 69.4641016125679 -2.5
    endloop
  endfacet
  facet normal -0.4422886956295731 0.8968727388644896 0
    outer loop
      vertex -43.399999998509884 69.4641016125679 -2.5
      vertex -42.93073373287916 69.6955181285739 0
      vertex -42.93073373287916 69.6955181285739 -2.5
    endloop
  endfacet
  facet normal -0.3214394622629726 0.9469301305271107 0
    outer loop
      vertex -42.93073373287916 69.6955181285739 -2.5
      vertex -42.43527618050575 69.86370330303907 0
      vertex -42.43527618050575 69.86370330303907 -2.5
    endloop
  endfacet
  facet normal -0.1950903267663619 0.9807852794583501 0
    outer loop
      vertex -42.43527618050575 69.86370330303907 -2.5
      vertex -41.92210476845503 69.96577944606543 0
      vertex -41.92210476845503 69.96577944606543 -2.5
    endloop
  endfacet
  facet normal -0.06540312801222276 0.9978589233184302 0
    outer loop
      vertex -41.92210476845503 69.96577944606543 -2.5
      vertex -41.399999998509884 70 0
      vertex -41.399999998509884 70 -2.5
    endloop
  endfacet
  facet normal -0.9978589233184302 0.06540312801222276 0
    outer loop
      vertex -45.399999998509884 66 -2.5
      vertex -45.399999998509884 66 0
      vertex -45.36577944457531 66.52210476994514 0
    endloop
  endfacet
  facet normal -0.9807852794583501 0.1950903267663619 0
    outer loop
      vertex -45.36577944457531 66.52210476994514 -2.5
      vertex -45.36577944457531 66.52210476994514 0
      vertex -45.26370330154896 67.03527618199587 0
    endloop
  endfacet
  facet normal -0.946930129055815 0.3214394665972703 0
    outer loop
      vertex -45.26370330154896 67.03527618199587 -2.5
      vertex -45.26370330154896 67.03527618199587 0
      vertex -45.09551812708378 67.5307337269187 0
    endloop
  endfacet
  facet normal -0.8968727472986211 0.44228867852684617 0
    outer loop
      vertex -45.09551812708378 67.5307337269187 -2.5
      vertex -45.09551812708378 67.5307337269187 0
      vertex -44.864101618528366 68 0
    endloop
  endfacet
  facet normal -0.8314696141679891 0.5555702302277682 0
    outer loop
      vertex -44.864101618528366 68 -2.5
      vertex -44.864101618528366 68 0
      vertex -44.573413364589214 68.43504571914673 0
    endloop
  endfacet
  facet normal -0.7518398007112117 0.6593458228172265 0
    outer loop
      vertex -44.573413364589214 68.43504571914673 -2.5
      vertex -44.573413364589214 68.43504571914673 0
      vertex -44.22842712700367 68.8284271210432 0
    endloop
  endfacet
  facet normal -0.6593458157582754 0.7518398069017457 0
    outer loop
      vertex -44.22842712700367 68.8284271210432 -2.5
      vertex -44.22842712700367 68.8284271210432 0
      vertex -43.83504571765661 69.17341335862875 0
    endloop
  endfacet
  facet normal -0.5555702302277682 0.8314696141679891 0
    outer loop
      vertex -43.83504571765661 69.17341335862875 -2.5
      vertex -43.83504571765661 69.17341335862875 0
      vertex -43.399999998509884 69.4641016125679 0
    endloop
  endfacet
  facet normal -0.4422886956295731 0.8968727388644896 0
    outer loop
      vertex -43.399999998509884 69.4641016125679 -2.5
      vertex -43.399999998509884 69.4641016125679 0
      vertex -42.93073373287916 69.6955181285739 0
    endloop
  endfacet
  facet normal -0.3214394622629726 0.9469301305271107 0
    outer loop
      vertex -42.93073373287916 69.6955181285739 -2.5
      vertex -42.93073373287916 69.6955181285739 0
      vertex -42.43527618050575 69.86370330303907 0
    endloop
  endfacet
  facet normal -0.1950903267663619 0.9807852794583501 0
    outer loop
      vertex -42.43527618050575 69.86370330303907 -2.5
      vertex -42.43527618050575 69.86370330303907 0
      vertex -41.92210476845503 69.96577944606543 0
    endloop
  endfacet
  facet normal -0.06540312801222276 0.9978589233184302 0
    outer loop
      vertex -41.92210476845503 69.96577944606543 -2.5
      vertex -41.92210476845503 69.96577944606543 0
      vertex -41.399999998509884 70 0
    endloop
  endfacet
  facet normal 0 0 1
    outer loop
      vertex -43.149999998509884 65.75 0
      vertex -43.13288972526789 66.01105238497257 0
      vertex -43.399999998509884 69.4641016125679 0
    endloop
  endfacet
  facet normal 0 0 1
    outer loop
      vertex -43.13288972526789 66.01105238497257 0
      vertex -43.08185165375471 66.26763808727264 0
      vertex -43.399999998509884 69.4641016125679 0
    endloop
  endfacet
  facet normal 0 0 1
    outer loop
      vertex -43.08185165375471 66.26763808727264 0
      vertex -42.99775906652212 66.51536686718464 0
      vertex -43.399999998509884 69.4641016125679 0
    endloop
  endfacet
  facet normal 0 0 1
    outer loop
      vertex -42.99775906652212 66.51536686718464 0
      vertex -42.882050804793835 66.75 0
      vertex -42.93073373287916 69.6955181285739 0
    endloop
  endfacet
  facet normal 0 0 1
    outer loop
      vertex -42.882050804793835 66.75 0
      vertex -42.73670668154955 66.96752285957336 0
      vertex -42.93073373287916 69.6955181285739 0
    endloop
  endfacet
  facet normal 0 0 1
    outer loop
      vertex -42.73670668154955 66.96752285957336 0
      vertex -42.56421355903149 67.1642135605216 0
      vertex -42.93073373287916 69.6955181285739 0
    endloop
  endfacet
  facet normal 0 0 1
    outer loop
      vertex -42.99775906652212 66.51536686718464 0
      vertex -42.93073373287916 69.6955181285739 0
      vertex -43.399999998509884 69.4641016125679 0
    endloop
  endfacet
  facet normal 0 0 1
    outer loop
      vertex -42.56421355903149 67.1642135605216 0
      vertex -42.43527618050575 69.86370330303907 0
      vertex -42.93073373287916 69.6955181285739 0
    endloop
  endfacet
  facet normal 0 0 1
    outer loop
      vertex -42.56421355903149 67.1642135605216 0
      vertex -42.36752285808325 67.33670668303967 0
      vertex -42.43527618050575 69.86370330303907 0
    endloop
  endfacet
  facet normal 0 0 1
    outer loop
      vertex -42.36752285808325 67.33670668303967 0
      vertex -42.149999998509884 67.48205080628395 0
      vertex -42.43527618050575 69.86370330303907 0
    endloop
  endfacet
  facet normal 0 0 1
    outer loop
      vertex -42.149999998509884 67.48205080628395 0
      vertex -41.91536686569452 67.59775906801224 0
      vertex -41.92210476845503 69.96577944606543 0
    endloop
  endfacet
  facet normal 0 0 1
    outer loop
      vertex -41.91536686569452 67.59775906801224 0
      vertex -41.66763809323311 67.68185165524483 0
      vertex -41.92210476845503 69.96577944606543 0
    endloop
  endfacet
  facet normal 0 0 1
    outer loop
      vertex -41.66763809323311 67.68185165524483 0
      vertex -41.411052383482456 67.73288971930742 0
      vertex -41.92210476845503 69.96577944606543 0
    endloop
  endfacet
  facet normal 0 0 1
    outer loop
      vertex -41.411052383482456 67.73288971930742 0
      vertex -41.149999998509884 67.75 0
      vertex -41.399999998509884 70 0
    endloop
  endfacet
  facet normal 0 0 1
    outer loop
      vertex -42.149999998509884 67.48205080628395 0
      vertex -41.92210476845503 69.96577944606543 0
      vertex -42.43527618050575 69.86370330303907 0
    endloop
  endfacet
  facet normal 0 0 1
    outer loop
      vertex -41.411052383482456 67.73288971930742 0
      vertex -41.399999998509884 70 0
      vertex -41.92210476845503 69.96577944606543 0
    endloop
  endfacet
  facet normal 0 0 1
    outer loop
      vertex -8.083333333333334 49.8349364905389 0
      vertex 8.083333333333334 49.8349364905389 0
      vertex -7.811429760811532 50.01661664927191 0
    endloop
  endfacet
  facet normal 0 0 1
    outer loop
      vertex -7.811429760811532 50.01661664927191 0
      vertex 7.811429760811532 50.01661664927191 0
      vertex -7.565566380366965 50.23223304703363 0
    endloop
  endfacet
  facet normal 0 0 1
    outer loop
      vertex -7.565566380366965 50.23223304703363 0
      vertex 7.565566380366965 50.23223304703363 0
      vertex -7.349949982605246 50.4780964274782 0
    endloop
  endfacet
  facet normal 0 0 1
    outer loop
      vertex -7.349949982605246 50.4780964274782 0
      vertex 7.349949982605246 50.4780964274782 0
      vertex -7.1682698238722375 50.75 0
    endloop
  endfacet
  facet normal 0 0 1
    outer loop
      vertex -7.1682698238722375 50.75 0
      vertex 7.1682698238722375 50.75 0
      vertex -7.023634502055117 51.043291419087275 0
    endloop
  endfacet
  facet normal 0 0 1
    outer loop
      vertex -7.023634502055117 51.043291419087275 0
      vertex 7.023634502055117 51.043291419087275 0
      vertex -6.918518767610664 51.3529523872437 0
    endloop
  endfacet
  facet normal 0 0 1
    outer loop
      vertex -6.918518767610664 51.3529523872437 0
      vertex 6.918518767610664 51.3529523872437 0
      vertex -6.854721179898808 51.67368451944987 0
    endloop
  endfacet
  facet normal 0 0 1
    outer loop
      vertex -6.854721179898808 51.67368451944987 0
      vertex 6.854721179898808 51.67368451944987 0
      vertex -6.833333333333334 52 0
    endloop
  endfacet
  facet normal 0 0 1
    outer loop
      vertex -6.833333333333334 52 0
      vertex 6.833333333333334 52 0
      vertex -6.854721179898808 52.32631548055013 0
    endloop
  endfacet
  facet normal 0 0 1
    outer loop
      vertex -6.854721179898808 52.32631548055013 0
      vertex 6.854721179898808 52.32631548055013 0
      vertex -6.918518767610664 52.6470476127563 0
    endloop
  endfacet
  facet normal 0 1 0
    outer loop
      vertex -41.399999998509884 70 -2.5
      vertex -41.399999998509884 70 0
      vertex 41.399999998509884 70 0
    endloop
  endfacet
  facet normal 0 0 1
    outer loop
      vertex -40.649999998509884 65.75 0
      vertex -11.64303216461155 51.043291419087275 0
      vertex -11.748147899056004 51.3529523872437 0
    endloop
  endfacet
  facet normal 0 0 1
    outer loop
      vertex -40.649999998509884 65.75 0
      vertex -11.748147899056004 51.3529523872437 0
      vertex -11.81194548676786 51.67368451944987 0
    endloop
  endfacet
  facet normal 0 0 1
    outer loop
      vertex -40.649999998509884 65.75 0
      vertex -11.81194548676786 51.67368451944987 0
      vertex -11.833333333333334 52 0
    endloop
  endfacet
  facet normal 0 0 1
    outer loop
      vertex -40.649999998509884 65.75 0
      vertex -11.833333333333334 52 0
      vertex -11.81194548676786 52.32631548055013 0
    endloop
  endfacet
  facet normal 0 0 1
    outer loop
      vertex -40.649999998509884 65.75 0
      vertex -10.583333333333334 49.8349364905389 0
      vertex -10.855236905855136 50.01661664927191 0
    endloop
  endfacet
  facet normal 0 0 1
    outer loop
      vertex -40.649999998509884 65.75 0
      vertex -11.101100286299703 50.23223304703363 0
      vertex -11.316716684061422 50.4780964274782 0
    endloop
  endfacet
  facet normal 0 0 1
    outer loop
      vertex -40.649999998509884 65.75 0
      vertex -11.316716684061422 50.4780964274782 0
      vertex -11.498396842794431 50.75 0
    endloop
  endfacet
  facet normal 0 0 1
    outer loop
      vertex -40.649999998509884 65.75 0
      vertex -10.855236905855136 50.01661664927191 0
      vertex -11.101100286299703 50.23223304703363 0
    endloop
  endfacet
  facet normal 0 0 1
    outer loop
      vertex -40.649999998509884 65.75 0
      vertex -11.498396842794431 50.75 0
      vertex -11.64303216461155 51.043291419087275 0
    endloop
  endfacet
  facet normal 0 0 1
    outer loop
      vertex -40.649999998509884 65.75 0
      vertex -11.81194548676786 52.32631548055013 0
      vertex -11.748147899056004 52.6470476127563 0
    endloop
  endfacet
  facet normal 0 0 1
    outer loop
      vertex -40.649999998509884 65.75 0
      vertex -11.748147899056004 52.6470476127563 0
      vertex -11.64303216461155 52.956708580912725 0
    endloop
  endfacet
  facet normal 0 0 1
    outer loop
      vertex -40.649999998509884 65.75 0
      vertex -11.64303216461155 52.956708580912725 0
      vertex -11.498396842794431 53.25 0
    endloop
  endfacet
  facet normal 0 0 1
    outer loop
      vertex -40.649999998509884 65.75 0
      vertex -11.498396842794431 53.25 0
      vertex -11.316716684061422 53.5219035725218 0
    endloop
  endfacet
  facet normal 0 0 1
    outer loop
      vertex -40.649999998509884 65.75 0
      vertex -11.316716684061422 53.5219035725218 0
      vertex -11.101100286299703 53.76776695296637 0
    endloop
  endfacet
  facet normal 0 0 1
    outer loop
      vertex -40.649999998509884 65.75 0
      vertex -11.101100286299703 53.76776695296637 0
      vertex -10.855236905855136 53.98338335072809 0
    endloop
  endfacet
  facet normal 0 0 1
    outer loop
      vertex -40.649999998509884 65.75 0
      vertex -10.855236905855136 53.98338335072809 0
      vertex -10.583333333333334 54.1650635094611 0
    endloop
  endfacet
  facet normal 0 0 1
    outer loop
      vertex -40.649999998509884 65.75 0
      vertex -10.583333333333334 54.1650635094611 0
      vertex -10.290041914246059 54.30969883127822 0
    endloop
  endfacet
  facet normal 0 0 1
    outer loop
      vertex -40.649999998509884 65.75 0
      vertex -10.290041914246059 54.30969883127822 0
      vertex -9.980380946089635 54.41481456572267 0
    endloop
  endfacet
  facet normal 0 0 1
    outer loop
      vertex -40.649999998509884 65.75 0
      vertex -9.980380946089635 54.41481456572267 0
      vertex -9.659648813883463 54.478612153434526 0
    endloop
  endfacet
  facet normal 0 0 1
    outer loop
      vertex -40.649999998509884 65.75 0
      vertex -9.659648813883463 54.478612153434526 0
      vertex -9.333333333333334 54.5 0
    endloop
  endfacet
  facet normal 0 0 1
    outer loop
      vertex -40.649999998509884 65.75 0
      vertex -9.333333333333334 54.5 0
      vertex -9.007017852783205 54.478612153434526 0
    endloop
  endfacet
  facet normal 0 0 1
    outer loop
      vertex -40.649999998509884 65.75 0
      vertex -9.007017852783205 54.478612153434526 0
      vertex -8.686285720577033 54.41481456572267 0
    endloop
  endfacet
  facet normal 0 0 1
    outer loop
      vertex -40.649999998509884 65.75 0
      vertex -8.686285720577033 54.41481456572267 0
      vertex -8.376624752420609 54.30969883127822 0
    endloop
  endfacet
  facet normal 0 0 1
    outer loop
      vertex -40.649999998509884 65.75 0
      vertex -8.376624752420609 54.30969883127822 0
      vertex 8.376624752420609 54.30969883127822 0
    endloop
  endfacet
  facet normal 0 0 1
    outer loop
      vertex -41.149999998509884 67.75 0
      vertex 41.399999998509884 70 0
      vertex -41.399999998509884 70 0
    endloop
  endfacet
  facet normal 0 0 1
    outer loop
      vertex -40.649999998509884 65.75 0
      vertex 8.376624752420609 54.30969883127822 0
      vertex 8.686285720577033 54.41481456572267 0
    endloop
  endfacet
  facet normal 0 0 1
    outer loop
      vertex -40.649999998509884 65.75 0
      vertex 8.686285720577033 54.41481456572267 0
      vertex 9.007017852783205 54.478612153434526 0
    endloop
  endfacet
  facet normal 0 0 1
    outer loop
      vertex -40.649999998509884 65.75 0
      vertex 9.007017852783205 54.478612153434526 0
      vertex 9.333333333333334 54.5 0
    endloop
  endfacet
  facet normal 0 0 1
    outer loop
      vertex -6.918518767610664 52.6470476127563 0
      vertex 6.918518767610664 52.6470476127563 0
      vertex -7.023634502055117 52.956708580912725 0
    endloop
  endfacet
  facet normal 0 0 1
    outer loop
      vertex -7.1682698238722375 53.25 0
      vertex -7.023634502055117 52.956708580912725 0
      vertex 7.023634502055117 52.956708580912725 0
    endloop
  endfacet
  facet normal 0 0 1
    outer loop
      vertex -7.1682698238722375 53.25 0
      vertex 7.1682698238722375 53.25 0
      vertex -7.349949982605246 53.5219035725218 0
    endloop
  endfacet
  facet normal 0 0 1
    outer loop
      vertex -7.349949982605246 53.5219035725218 0
      vertex 7.349949982605246 53.5219035725218 0
      vertex -7.565566380366965 53.76776695296637 0
    endloop
  endfacet
  facet normal 0 0 1
    outer loop
      vertex -7.811429760811532 53.98338335072809 0
      vertex -7.565566380366965 53.76776695296637 0
      vertex 7.565566380366965 53.76776695296637 0
    endloop
  endfacet
  facet normal 0 0 1
    outer loop
      vertex -7.811429760811532 53.98338335072809 0
      vertex 7.811429760811532 53.98338335072809 0
      vertex -8.083333333333334 54.1650635094611 0
    endloop
  endfacet
  facet normal 0 0 1
    outer loop
      vertex -8.376624752420609 54.30969883127822 0
      vertex -8.083333333333334 54.1650635094611 0
      vertex 8.083333333333334 54.1650635094611 0
    endloop
  endfacet
  facet normal 0 0 -1
    outer loop
      vertex -41.399999998509884 0 -2.5
      vertex 7.261052384972572 3.5171102806925774 -2.5
      vertex 41.399999998509884 0 -2.5
    endloop
  endfacet
  facet normal 0 0 -1
    outer loop
      vertex 41.399999998509884 0 -2.5
      vertex 7.261052384972572 3.5171102806925774 -2.5
      vertex 7.517638087272644 3.5681483447551727 -2.5
    endloop
  endfacet
  facet normal 0 0 -1
    outer loop
      vertex 41.399999998509884 0 -2.5
      vertex 7.517638087272644 3.5681483447551727 -2.5
      vertex 7.765366867184639 3.6522409319877625 -2.5
    endloop
  endfacet
  facet normal 0 0 -1
    outer loop
      vertex 41.399999998509884 0 -2.5
      vertex 7.765366867184639 3.6522409319877625 -2.5
      vertex 8 3.767949193716049 -2.5
    endloop
  endfacet
  facet normal 0 0 -1
    outer loop
      vertex 41.399999998509884 0 -2.5
      vertex 8 3.767949193716049 -2.5
      vertex 8.217522859573364 3.9132933169603348 -2.5
    endloop
  endfacet
  facet normal 0 0 -1
    outer loop
      vertex 41.399999998509884 0 -2.5
      vertex 8.217522859573364 3.9132933169603348 -2.5
      vertex 8.414213560521603 4.085786439478397 -2.5
    endloop
  endfacet
  facet normal 0 0 -1
    outer loop
      vertex 41.399999998509884 0 -2.5
      vertex 8.414213560521603 4.085786439478397 -2.5
      vertex 8.586706683039665 4.282477140426636 -2.5
    endloop
  endfacet
  facet normal 0 0 -1
    outer loop
      vertex 41.399999998509884 0 -2.5
      vertex 8.586706683039665 4.282477140426636 -2.5
      vertex 8.73205080628395 4.5 -2.5
    endloop
  endfacet
  facet normal 0 0 -1
    outer loop
      vertex 41.399999998509884 0 -2.5
      vertex 8.73205080628395 4.5 -2.5
      vertex 8.847759068012238 4.734633132815361 -2.5
    endloop
  endfacet
  facet normal 0 0 -1
    outer loop
      vertex 41.399999998509884 0 -2.5
      vertex 8.847759068012238 4.734633132815361 -2.5
      vertex 8.931851655244827 4.982361912727356 -2.5
    endloop
  endfacet
  facet normal 0 0 -1
    outer loop
      vertex 41.399999998509884 0 -2.5
      vertex 8.931851655244827 4.982361912727356 -2.5
      vertex 8.982889719307423 5.238947615027428 -2.5
    endloop
  endfacet
  facet normal 0 0 -1
    outer loop
      vertex 41.399999998509884 0 -2.5
      vertex 8.982889719307423 5.238947615027428 -2.5
      vertex 9 5.5 -2.5
    endloop
  endfacet
  facet normal 0 0 -1
    outer loop
      vertex 41.399999998509884 0 -2.5
      vertex 9 5.5 -2.5
      vertex 9 6.5 -2.5
    endloop
  endfacet
  facet normal 0 0 -1
    outer loop
      vertex 41.399999998509884 0 -2.5
      vertex 9 6.5 -2.5
      vertex 8.982889719307423 6.761052384972572 -2.5
    endloop
  endfacet
  facet normal 0 0 -1
    outer loop
      vertex 41.399999998509884 0 -2.5
      vertex 8.982889719307423 6.761052384972572 -2.5
      vertex 8.931851655244827 7.017638087272644 -2.5
    endloop
  endfacet
  facet normal 0 0 -1
    outer loop
      vertex 41.399999998509884 0 -2.5
      vertex 8.847759068012238 7.265366867184639 -2.5
      vertex 8.73205080628395 7.5 -2.5
    endloop
  endfacet
  facet normal 0 0 -1
    outer loop
      vertex 41.399999998509884 0 -2.5
      vertex 8.931851655244827 7.017638087272644 -2.5
      vertex 8.847759068012238 7.265366867184639 -2.5
    endloop
  endfacet
  facet normal 0 0 -1
    outer loop
      vertex 41.399999998509884 0 -2.5
      vertex 8.217522859573364 8.086706683039665 -2.5
      vertex 8 8.23205080628395 -2.5
    endloop
  endfacet
  facet normal 0 0 -1
    outer loop
      vertex 41.399999998509884 0 -2.5
      vertex 8.586706683039665 7.717522859573364 -2.5
      vertex 8.414213560521603 7.914213560521603 -2.5
    endloop
  endfacet
  facet normal 0 0 -1
    outer loop
      vertex 41.399999998509884 0 -2.5
      vertex 8.414213560521603 7.914213560521603 -2.5
      vertex 8.217522859573364 8.086706683039665 -2.5
    endloop
  endfacet
  facet normal 0 0 -1
    outer loop
      vertex 41.399999998509884 0 -2.5
      vertex 8.73205080628395 7.5 -2.5
      vertex 8.586706683039665 7.717522859573364 -2.5
    endloop
  endfacet
  facet normal 0 0 -1
    outer loop
      vertex 41.399999998509884 0 -2.5
      vertex 7.765366867184639 8.347759068012238 -2.5
      vertex 7.517638087272644 8.431851655244827 -2.5
    endloop
  endfacet
  facet normal 0 0 -1
    outer loop
      vertex 41.399999998509884 0 -2.5
      vertex 8 8.23205080628395 -2.5
      vertex 7.765366867184639 8.347759068012238 -2.5
    endloop
  endfacet
  facet normal 0 -1 0
    outer loop
      vertex -41.399999998509884 0 0
      vertex 41.399999998509884 0 -2.5
      vertex 41.399999998509884 0 0
    endloop
  endfacet
  facet normal 0 0 1
    outer loop
      vertex -41.399999998509884 0 0
      vertex 41.399999998509884 0 0
      vertex 41.149999998509884 2.25 0
    endloop
  endfacet
  facet normal 0 0 1
    outer loop
      vertex 40.649999998509884 4.25 0
      vertex 8.586706683039665 4.282477140426636 0
      vertex 8.558224994095346 4.25 0
    endloop
  endfacet
  facet normal 0 0 1
    outer loop
      vertex 40.649999998509884 4.25 0
      vertex 8.73205080628395 4.5 0
      vertex 8.586706683039665 4.282477140426636 0
    endloop
  endfacet
  facet normal 0 0 1
    outer loop
      vertex 40.649999998509884 4.25 0
      vertex 8.847759068012238 4.734633132815361 0
      vertex 8.73205080628395 4.5 0
    endloop
  endfacet
  facet normal 0 0 1
    outer loop
      vertex 40.649999998509884 4.25 0
      vertex 8.931851655244827 4.982361912727356 0
      vertex 8.847759068012238 4.734633132815361 0
    endloop
  endfacet
  facet normal 0 0 1
    outer loop
      vertex 40.649999998509884 4.25 0
      vertex 8.982889719307423 5.238947615027428 0
      vertex 8.931851655244827 4.982361912727356 0
    endloop
  endfacet
  facet normal 0 0 1
    outer loop
      vertex 40.649999998509884 4.25 0
      vertex 9 5.5 0
      vertex 8.982889719307423 5.238947615027428 0
    endloop
  endfacet
  facet normal 0 0 1
    outer loop
      vertex 40.649999998509884 4.25 0
      vertex 9 6.5 0
      vertex 9 5.5 0
    endloop
  endfacet
  facet normal 0 0 1
    outer loop
      vertex 40.649999998509884 4.25 0
      vertex 8.982889719307423 6.761052384972572 0
      vertex 9 6.5 0
    endloop
  endfacet
  facet normal 0 0 -1
    outer loop
      vertex -41.399999998509884 70 -2.5
      vertex 41.399999998509884 0 -2.5
      vertex 7.517638087272644 8.431851655244827 -2.5
    endloop
  endfacet
  facet normal 0 0 1
    outer loop
      vertex 8.686285720577033 49.58518543427733 0
      vertex -7 8.5 0
      vertex 7 8.5 0
    endloop
  endfacet
  facet normal 0 0 1
    outer loop
      vertex 8.686285720577033 49.58518543427733 0
      vertex 8.217522859573364 8.086706683039665 0
      vertex 8.414213560521603 7.914213560521603 0
    endloop
  endfacet
  facet normal 0 0 1
    outer loop
      vertex 8.686285720577033 49.58518543427733 0
      vertex 8.931851655244827 7.017638087272644 0
      vertex 8.982889719307423 6.761052384972572 0
    endloop
  endfacet
  facet normal 0 0 1
    outer loop
      vertex 8.686285720577033 49.58518543427733 0
      vertex 8.847759068012238 7.265366867184639 0
      vertex 8.931851655244827 7.017638087272644 0
    endloop
  endfacet
  facet normal 0 0 1
    outer loop
      vertex 8.686285720577033 49.58518543427733 0
      vertex 8.586706683039665 7.717522859573364 0
      vertex 8.73205080628395 7.5 0
    endloop
  endfacet
  facet normal 0 0 1
    outer loop
      vertex 8.686285720577033 49.58518543427733 0
      vertex 8.73205080628395 7.5 0
      vertex 8.847759068012238 7.265366867184639 0
    endloop
  endfacet
  facet normal 0 0 1
    outer loop
      vertex 8.686285720577033 49.58518543427733 0
      vertex 8.414213560521603 7.914213560521603 0
      vertex 8.586706683039665 7.717522859573364 0
    endloop
  endfacet
  facet normal 0 0 1
    outer loop
      vertex 8.686285720577033 49.58518543427733 0
      vertex 7 8.5 0
      vertex 7.261052384972572 8.482889719307423 0
    endloop
  endfacet
  facet normal 0 0 1
    outer loop
      vertex 8.686285720577033 49.58518543427733 0
      vertex 7.517638087272644 8.431851655244827 0
      vertex 7.765366867184639 8.347759068012238 0
    endloop
  endfacet
  facet normal 0 0 1
    outer loop
      vertex 8.686285720577033 49.58518543427733 0
      vertex 7.765366867184639 8.347759068012238 0
      vertex 8 8.23205080628395 0
    endloop
  endfacet
  facet normal 0 0 1
    outer loop
      vertex 8.686285720577033 49.58518543427733 0
      vertex 7.261052384972572 8.482889719307423 0
      vertex 7.517638087272644 8.431851655244827 0
    endloop
  endfacet
  facet normal 0 0 1
    outer loop
      vertex 8.686285720577033 49.58518543427733 0
      vertex 8 8.23205080628395 0
      vertex 8.217522859573364 8.086706683039665 0
    endloop
  endfacet
  facet normal 0 0 1
    outer loop
      vertex 40.649999998509884 4.25 0
      vertex 8.686285720577033 49.58518543427733 0
      vertex 8.982889719307423 6.761052384972572 0
    endloop
  endfacet
  facet normal 0 0 1
    outer loop
      vertex 41.149999998509884 4.75 0
      vertex 9.007017852783205 49.521387846565474 0
      vertex 8.686285720577033 49.58518543427733 0
    endloop
  endfacet
  facet normal 0 0 1
    outer loop
      vertex 41.149999998509884 4.75 0
      vertex 9.333333333333334 49.5 0
      vertex 9.007017852783205 49.521387846565474 0
    endloop
  endfacet
  facet normal 0 0 1
    outer loop
      vertex 41.149999998509884 4.75 0
      vertex 9.659648813883463 49.521387846565474 0
      vertex 9.333333333333334 49.5 0
    endloop
  endfacet
  facet normal 0 0 1
    outer loop
      vertex 41.149999998509884 4.75 0
      vertex 9.980380946089635 49.58518543427733 0
      vertex 9.659648813883463 49.521387846565474 0
    endloop
  endfacet
  facet normal 0 0 1
    outer loop
      vertex 41.149999998509884 4.75 0
      vertex 10.290041914246059 49.69030116872178 0
      vertex 9.980380946089635 49.58518543427733 0
    endloop
  endfacet
  facet normal 0 0 1
    outer loop
      vertex 41.149999998509884 4.75 0
      vertex 10.583333333333334 49.8349364905389 0
      vertex 10.290041914246059 49.69030116872178 0
    endloop
  endfacet
  facet normal 0 0 1
    outer loop
      vertex 41.149999998509884 4.75 0
      vertex 10.855236905855136 50.01661664927191 0
      vertex 10.583333333333334 49.8349364905389 0
    endloop
  endfacet
  facet normal 0 0 1
    outer loop
      vertex 41.149999998509884 4.75 0
      vertex 11.101100286299703 50.23223304703363 0
      vertex 10.855236905855136 50.01661664927191 0
    endloop
  endfacet
  facet normal 0.06540312801222276 -0.9978589233184302 0
    outer loop
      vertex 41.399999998509884 0 -2.5
      vertex 41.92210476845503 0.03422055393457413 -2.5
      vertex 41.399999998509884 0 0
    endloop
  endfacet
  facet normal 0.1950903267663619 -0.9807852794583501 0
    outer loop
      vertex 41.92210476845503 0.03422055393457413 -2.5
      vertex 42.43527618050575 0.13629669696092606 -2.5
      vertex 41.92210476845503 0.03422055393457413 0
    endloop
  endfacet
  facet normal 0.3214394622629726 -0.9469301305271107 0
    outer loop
      vertex 42.43527618050575 0.13629669696092606 -2.5
      vertex 42.93073373287916 0.3044818714261055 -2.5
      vertex 42.43527618050575 0.13629669696092606 0
    endloop
  endfacet
  facet normal 0.4422886956295731 -0.8968727388644896 0
    outer loop
      vertex 42.93073373287916 0.3044818714261055 -2.5
      vertex 43.399999998509884 0.5358983874320984 -2.5
      vertex 42.93073373287916 0.3044818714261055 0
    endloop
  endfacet
  facet normal 0.5555702302277682 -0.8314696141679891 0
    outer loop
      vertex 43.399999998509884 0.5358983874320984 -2.5
      vertex 43.83504571765661 0.8265866413712502 -2.5
      vertex 43.399999998509884 0.5358983874320984 0
    endloop
  endfacet
  facet normal 0.6593458157582754 -0.7518398069017457 0
    outer loop
      vertex 43.83504571765661 0.8265866413712502 -2.5
      vertex 44.22842712700367 1.1715728789567947 -2.5
      vertex 43.83504571765661 0.8265866413712502 0
    endloop
  endfacet
  facet normal 0.7518398007112117 -0.6593458228172265 0
    outer loop
      vertex 44.22842712700367 1.1715728789567947 -2.5
      vertex 44.573413364589214 1.5649542808532715 -2.5
      vertex 44.22842712700367 1.1715728789567947 0
    endloop
  endfacet
  facet normal 0.8314696141679891 -0.5555702302277682 0
    outer loop
      vertex 44.573413364589214 1.5649542808532715 -2.5
      vertex 44.864101618528366 2 -2.5
      vertex 44.573413364589214 1.5649542808532715 0
    endloop
  endfacet
  facet normal 0.8968727472986211 -0.44228867852684617 0
    outer loop
      vertex 44.864101618528366 2 -2.5
      vertex 45.09551812708378 2.4692662730813026 -2.5
      vertex 44.864101618528366 2 0
    endloop
  endfacet
  facet normal 0.946930129055815 -0.3214394665972703 0
    outer loop
      vertex 45.09551812708378 2.4692662730813026 -2.5
      vertex 45.26370330154896 2.9647238180041313 -2.5
      vertex 45.09551812708378 2.4692662730813026 0
    endloop
  endfacet
  facet normal 0.9807852794583501 -0.1950903267663619 0
    outer loop
      vertex 45.26370330154896 2.9647238180041313 -2.5
      vertex 45.36577944457531 3.4778952300548553 -2.5
      vertex 45.26370330154896 2.9647238180041313 0
    endloop
  endfacet
  facet normal 0.9978589233184302 -0.06540312801222276 0
    outer loop
      vertex 45.36577944457531 3.4778952300548553 -2.5
      vertex 45.399999998509884 4 -2.5
      vertex 45.36577944457531 3.4778952300548553 0
    endloop
  endfacet
  facet normal 0.06540312801222276 -0.9978589233184302 0
    outer loop
      vertex 41.92210476845503 0.03422055393457413 -2.5
      vertex 41.92210476845503 0.03422055393457413 0
      vertex 41.399999998509884 0 0
    endloop
  endfacet
  facet normal 0.1950903267663619 -0.9807852794583501 0
    outer loop
      vertex 42.43527618050575 0.13629669696092606 -2.5
      vertex 42.43527618050575 0.13629669696092606 0
      vertex 41.92210476845503 0.03422055393457413 0
    endloop
  endfacet
  facet normal 0.3214394622629726 -0.9469301305271107 0
    outer loop
      vertex 42.93073373287916 0.3044818714261055 -2.5
      vertex 42.93073373287916 0.3044818714261055 0
      vertex 42.43527618050575 0.13629669696092606 0
    endloop
  endfacet
  facet normal 0.4422886956295731 -0.8968727388644896 0
    outer loop
      vertex 43.399999998509884 0.5358983874320984 -2.5
      vertex 43.399999998509884 0.5358983874320984 0
      vertex 42.93073373287916 0.3044818714261055 0
    endloop
  endfacet
  facet normal 0.5555702302277682 -0.8314696141679891 0
    outer loop
      vertex 43.83504571765661 0.8265866413712502 -2.5
      vertex 43.83504571765661 0.8265866413712502 0
      vertex 43.399999998509884 0.5358983874320984 0
    endloop
  endfacet
  facet normal 0.6593458157582754 -0.7518398069017457 0
    outer loop
      vertex 44.22842712700367 1.1715728789567947 -2.5
      vertex 44.22842712700367 1.1715728789567947 0
      vertex 43.83504571765661 0.8265866413712502 0
    endloop
  endfacet
  facet normal 0.7518398007112117 -0.6593458228172265 0
    outer loop
      vertex 44.573413364589214 1.5649542808532715 -2.5
      vertex 44.573413364589214 1.5649542808532715 0
      vertex 44.22842712700367 1.1715728789567947 0
    endloop
  endfacet
  facet normal 0.8314696141679891 -0.5555702302277682 0
    outer loop
      vertex 44.864101618528366 2 -2.5
      vertex 44.864101618528366 2 0
      vertex 44.573413364589214 1.5649542808532715 0
    endloop
  endfacet
  facet normal 0.8968727472986211 -0.44228867852684617 0
    outer loop
      vertex 45.09551812708378 2.4692662730813026 -2.5
      vertex 45.09551812708378 2.4692662730813026 0
      vertex 44.864101618528366 2 0
    endloop
  endfacet
  facet normal 0.946930129055815 -0.3214394665972703 0
    outer loop
      vertex 45.26370330154896 2.9647238180041313 -2.5
      vertex 45.26370330154896 2.9647238180041313 0
      vertex 45.09551812708378 2.4692662730813026 0
    endloop
  endfacet
  facet normal 0.9807852794583501 -0.1950903267663619 0
    outer loop
      vertex 45.36577944457531 3.4778952300548553 -2.5
      vertex 45.36577944457531 3.4778952300548553 0
      vertex 45.26370330154896 2.9647238180041313 0
    endloop
  endfacet
  facet normal 0.9978589233184302 -0.06540312801222276 0
    outer loop
      vertex 45.399999998509884 4 -2.5
      vertex 45.399999998509884 4 0
      vertex 45.36577944457531 3.4778952300548553 0
    endloop
  endfacet
  facet normal 0 0 1
    outer loop
      vertex 41.399999998509884 0 0
      vertex 41.92210476845503 0.03422055393457413 0
      vertex 41.411052383482456 2.2671102806925774 0
    endloop
  endfacet
  facet normal 0 0 1
    outer loop
      vertex 41.92210476845503 0.03422055393457413 0
      vertex 42.43527618050575 0.13629669696092606 0
      vertex 42.149999998509884 2.517949193716049 0
    endloop
  endfacet
  facet normal 0 0 1
    outer loop
      vertex 41.399999998509884 0 0
      vertex 41.411052383482456 2.2671102806925774 0
      vertex 41.149999998509884 2.25 0
    endloop
  endfacet
  facet normal 0 0 1
    outer loop
      vertex 41.92210476845503 0.03422055393457413 0
      vertex 41.66763809323311 2.3181483447551727 0
      vertex 41.411052383482456 2.2671102806925774 0
    endloop
  endfacet
  facet normal 0 0 1
    outer loop
      vertex 41.92210476845503 0.03422055393457413 0
      vertex 41.91536686569452 2.4022409319877625 0
      vertex 41.66763809323311 2.3181483447551727 0
    endloop
  endfacet
  facet normal 0 0 1
    outer loop
      vertex 41.92210476845503 0.03422055393457413 0
      vertex 42.149999998509884 2.517949193716049 0
      vertex 41.91536686569452 2.4022409319877625 0
    endloop
  endfacet
  facet normal 0 0 1
    outer loop
      vertex 42.43527618050575 0.13629669696092606 0
      vertex 42.36752285808325 2.6632933169603348 0
      vertex 42.149999998509884 2.517949193716049 0
    endloop
  endfacet
  facet normal 0 0 1
    outer loop
      vertex 42.43527618050575 0.13629669696092606 0
      vertex 42.56421355903149 2.8357864394783974 0
      vertex 42.36752285808325 2.6632933169603348 0
    endloop
  endfacet
  facet normal 0 0 1
    outer loop
      vertex 42.43527618050575 0.13629669696092606 0
      vertex 42.93073373287916 0.3044818714261055 0
      vertex 42.56421355903149 2.8357864394783974 0
    endloop
  endfacet
  facet normal 0 0 1
    outer loop
      vertex 42.93073373287916 0.3044818714261055 0
      vertex 43.399999998509884 0.5358983874320984 0
      vertex 42.99775906652212 3.484633132815361 0
    endloop
  endfacet
  facet normal 0 0 1
    outer loop
      vertex 42.93073373287916 0.3044818714261055 0
      vertex 42.73670668154955 3.0324771404266357 0
      vertex 42.56421355903149 2.8357864394783974 0
    endloop
  endfacet
  facet normal 0 0 1
    outer loop
      vertex 42.93073373287916 0.3044818714261055 0
      vertex 42.882050804793835 3.25 0
      vertex 42.73670668154955 3.0324771404266357 0
    endloop
  endfacet
  facet normal 0 0 1
    outer loop
      vertex 42.93073373287916 0.3044818714261055 0
      vertex 42.99775906652212 3.484633132815361 0
      vertex 42.882050804793835 3.25 0
    endloop
  endfacet
  facet normal 0 0 1
    outer loop
      vertex 43.399999998509884 0.5358983874320984 0
      vertex 43.08185165375471 3.732361912727356 0
      vertex 42.99775906652212 3.484633132815361 0
    endloop
  endfacet
  facet normal 0 0 1
    outer loop
      vertex 43.399999998509884 0.5358983874320984 0
      vertex 43.13288972526789 3.9889476150274277 0
      vertex 43.08185165375471 3.732361912727356 0
    endloop
  endfacet
  facet normal 0 0 1
    outer loop
      vertex 43.399999998509884 0.5358983874320984 0
      vertex 43.149999998509884 4.25 0
      vertex 43.13288972526789 3.9889476150274277 0
    endloop
  endfacet
  facet normal 0 0 -1
    outer loop
      vertex 41.399999998509884 0 -2.5
      vertex 41.399999998509884 70 -2.5
      vertex 41.92210476845503 0.03422055393457413 -2.5
    endloop
  endfacet
  facet normal 0 0 -1
    outer loop
      vertex 41.92210476845503 0.03422055393457413 -2.5
      vertex 41.92210476845503 69.96577944606543 -2.5
      vertex 42.43527618050575 0.13629669696092606 -2.5
    endloop
  endfacet
  facet normal 0 0 -1
    outer loop
      vertex 42.43527618050575 0.13629669696092606 -2.5
      vertex 42.43527618050575 69.86370330303907 -2.5
      vertex 42.93073373287916 0.3044818714261055 -2.5
    endloop
  endfacet
  facet normal 0 0 -1
    outer loop
      vertex 42.93073373287916 0.3044818714261055 -2.5
      vertex 42.93073373287916 69.6955181285739 -2.5
      vertex 43.399999998509884 0.5358983874320984 -2.5
    endloop
  endfacet
  facet normal 0 0 -1
    outer loop
      vertex 43.399999998509884 0.5358983874320984 -2.5
      vertex 43.399999998509884 69.4641016125679 -2.5
      vertex 43.83504571765661 0.8265866413712502 -2.5
    endloop
  endfacet
  facet normal 0 0 -1
    outer loop
      vertex 43.83504571765661 0.8265866413712502 -2.5
      vertex 43.83504571765661 69.17341335862875 -2.5
      vertex 44.22842712700367 1.1715728789567947 -2.5
    endloop
  endfacet
  facet normal 0 0 -1
    outer loop
      vertex 44.22842712700367 1.1715728789567947 -2.5
      vertex 44.22842712700367 68.8284271210432 -2.5
      vertex 44.573413364589214 1.5649542808532715 -2.5
    endloop
  endfacet
  facet normal 0 0 -1
    outer loop
      vertex 44.573413364589214 1.5649542808532715 -2.5
      vertex 44.573413364589214 68.43504571914673 -2.5
      vertex 44.864101618528366 2 -2.5
    endloop
  endfacet
  facet normal 0 0 -1
    outer loop
      vertex 44.864101618528366 2 -2.5
      vertex 44.864101618528366 68 -2.5
      vertex 45.09551812708378 2.4692662730813026 -2.5
    endloop
  endfacet
  facet normal 0 0 -1
    outer loop
      vertex 45.09551812708378 2.4692662730813026 -2.5
      vertex 45.09551812708378 67.5307337269187 -2.5
      vertex 45.26370330154896 2.9647238180041313 -2.5
    endloop
  endfacet
  facet normal 0 0 -1
    outer loop
      vertex 45.26370330154896 2.9647238180041313 -2.5
      vertex 45.26370330154896 67.03527618199587 -2.5
      vertex 45.36577944457531 3.4778952300548553 -2.5
    endloop
  endfacet
  facet normal 0 0 -1
    outer loop
      vertex 45.36577944457531 3.4778952300548553 -2.5
      vertex 45.36577944457531 66.52210476994514 -2.5
      vertex 45.399999998509884 4 -2.5
    endloop
  endfacet
  facet normal 1 0 0
    outer loop
      vertex 45.399999998509884 4 -2.5
      vertex 45.399999998509884 66 -2.5
      vertex 45.399999998509884 4 0
    endloop
  endfacet
  facet normal 0 0 1
    outer loop
      vertex 40.649999998509884 4.25 0
      vertex 40.71526309847832 4.2542775720357895 0
      vertex 8.686285720577033 49.58518543427733 0
    endloop
  endfacet
  facet normal 0 0 1
    outer loop
      vertex 40.841341719031334 4.288060232996941 0
      vertex 40.899999998509884 4.316987298429012 0
      vertex 8.686285720577033 49.58518543427733 0
    endloop
  endfacet
  facet normal 0 0 1
    outer loop
      vertex 40.779409520328045 4.267037086188793 0
      vertex 40.841341719031334 4.288060232996941 0
      vertex 8.686285720577033 49.58518543427733 0
    endloop
  endfacet
  facet normal 0 0 1
    outer loop
      vertex 40.71526309847832 4.2542775720357895 0
      vertex 40.779409520328045 4.267037086188793 0
      vertex 8.686285720577033 49.58518543427733 0
    endloop
  endfacet
  facet normal 0 0 1
    outer loop
      vertex 40.954380713403225 4.353323332965374 0
      vertex 41.00355339050293 4.396446608006954 0
      vertex 8.686285720577033 49.58518543427733 0
    endloop
  endfacet
  facet normal 0 0 1
    outer loop
      vertex 40.954380713403225 4.353323332965374 0
      vertex 8.686285720577033 49.58518543427733 0
      vertex 40.899999998509884 4.316987298429012 0
    endloop
  endfacet
  facet normal 0 0 1
    outer loop
      vertex 41.00355339050293 4.396446608006954 0
      vertex 41.04667667299509 4.445619285106659 0
      vertex 8.686285720577033 49.58518543427733 0
    endloop
  endfacet
  facet normal 0 0 1
    outer loop
      vertex 41.08301270008087 4.5 0
      vertex 41.11193976551294 4.5586582869291306 0
      vertex 8.686285720577033 49.58518543427733 0
    endloop
  endfacet
  facet normal 0 0 1
    outer loop
      vertex 41.04667667299509 4.445619285106659 0
      vertex 41.08301270008087 4.5 0
      vertex 8.686285720577033 49.58518543427733 0
    endloop
  endfacet
  facet normal 0 0 1
    outer loop
      vertex 41.11193976551294 4.5586582869291306 0
      vertex 41.13296291232109 4.620590478181839 0
      vertex 8.686285720577033 49.58518543427733 0
    endloop
  endfacet
  facet normal 0 0 1
    outer loop
      vertex 41.13296291232109 4.620590478181839 0
      vertex 41.145722433924675 4.684736907482147 0
      vertex 8.686285720577033 49.58518543427733 0
    endloop
  endfacet
  facet normal 0 0 1
    outer loop
      vertex 41.145722433924675 4.684736907482147 0
      vertex 41.149999998509884 4.75 0
      vertex 8.686285720577033 49.58518543427733 0
    endloop
  endfacet
  facet normal 0 0 1
    outer loop
      vertex 43.399999998509884 0.5358983874320984 0
      vertex 43.149999998509884 65.75 0
      vertex 43.149999998509884 4.25 0
    endloop
  endfacet
  facet normal 0 0 1
    outer loop
      vertex 43.399999998509884 0.5358983874320984 0
      vertex 43.83504571765661 0.8265866413712502 0
      vertex 43.399999998509884 69.4641016125679 0
    endloop
  endfacet
  facet normal 0 0 1
    outer loop
      vertex 43.83504571765661 0.8265866413712502 0
      vertex 44.22842712700367 1.1715728789567947 0
      vertex 43.83504571765661 69.17341335862875 0
    endloop
  endfacet
  facet normal 0 0 1
    outer loop
      vertex 44.22842712700367 1.1715728789567947 0
      vertex 44.573413364589214 1.5649542808532715 0
      vertex 44.22842712700367 68.8284271210432 0
    endloop
  endfacet
  facet normal 0 0 1
    outer loop
      vertex 44.573413364589214 1.5649542808532715 0
      vertex 44.864101618528366 2 0
      vertex 44.573413364589214 68.43504571914673 0
    endloop
  endfacet
  facet normal 0 0 1
    outer loop
      vertex 44.864101618528366 2 0
      vertex 45.09551812708378 2.4692662730813026 0
      vertex 44.864101618528366 68 0
    endloop
  endfacet
  facet normal 0 0 1
    outer loop
      vertex 45.09551812708378 2.4692662730813026 0
      vertex 45.26370330154896 2.9647238180041313 0
      vertex 45.09551812708378 67.5307337269187 0
    endloop
  endfacet
  facet normal 0 0 1
    outer loop
      vertex 45.26370330154896 2.9647238180041313 0
      vertex 45.36577944457531 3.4778952300548553 0
      vertex 45.26370330154896 67.03527618199587 0
    endloop
  endfacet
  facet normal 0 0 1
    outer loop
      vertex 45.36577944457531 3.4778952300548553 0
      vertex 45.399999998509884 4 0
      vertex 45.36577944457531 66.52210476994514 0
    endloop
  endfacet
  facet normal 0 0 -1
    outer loop
      vertex -41.399999998509884 70 -2.5
      vertex 41.399999998509884 70 -2.5
      vertex 41.399999998509884 0 -2.5
    endloop
  endfacet
  facet normal 0 0 1
    outer loop
      vertex -7.811429760811532 50.01661664927191 0
      vertex 8.083333333333334 49.8349364905389 0
      vertex 7.811429760811532 50.01661664927191 0
    endloop
  endfacet
  facet normal 0 0 1
    outer loop
      vertex -7.565566380366965 50.23223304703363 0
      vertex 7.811429760811532 50.01661664927191 0
      vertex 7.565566380366965 50.23223304703363 0
    endloop
  endfacet
  facet normal 0 0 1
    outer loop
      vertex -7.1682698238722375 50.75 0
      vertex 7.349949982605246 50.4780964274782 0
      vertex 7.1682698238722375 50.75 0
    endloop
  endfacet
  facet normal 0 0 1
    outer loop
      vertex -7.349949982605246 50.4780964274782 0
      vertex 7.565566380366965 50.23223304703363 0
      vertex 7.349949982605246 50.4780964274782 0
    endloop
  endfacet
  facet normal 0 0 1
    outer loop
      vertex -7.023634502055117 51.043291419087275 0
      vertex 7.1682698238722375 50.75 0
      vertex 7.023634502055117 51.043291419087275 0
    endloop
  endfacet
  facet normal 0 0 1
    outer loop
      vertex -6.918518767610664 51.3529523872437 0
      vertex 7.023634502055117 51.043291419087275 0
      vertex 6.918518767610664 51.3529523872437 0
    endloop
  endfacet
  facet normal 0 0 1
    outer loop
      vertex -6.854721179898808 51.67368451944987 0
      vertex 6.918518767610664 51.3529523872437 0
      vertex 6.854721179898808 51.67368451944987 0
    endloop
  endfacet
  facet normal 0 0 1
    outer loop
      vertex -6.833333333333334 52 0
      vertex 6.854721179898808 51.67368451944987 0
      vertex 6.833333333333334 52 0
    endloop
  endfacet
  facet normal 0 0 1
    outer loop
      vertex -6.854721179898808 52.32631548055013 0
      vertex 6.833333333333334 52 0
      vertex 6.854721179898808 52.32631548055013 0
    endloop
  endfacet
  facet normal 0 0 1
    outer loop
      vertex 41.149999998509884 4.75 0
      vertex 11.316716684061422 50.4780964274782 0
      vertex 11.101100286299703 50.23223304703363 0
    endloop
  endfacet
  facet normal 0 0 1
    outer loop
      vertex 41.149999998509884 4.75 0
      vertex 11.498396842794431 50.75 0
      vertex 11.316716684061422 50.4780964274782 0
    endloop
  endfacet
  facet normal 0 0 1
    outer loop
      vertex 41.149999998509884 4.75 0
      vertex 11.64303216461155 51.043291419087275 0
      vertex 11.498396842794431 50.75 0
    endloop
  endfacet
  facet normal 0 0 1
    outer loop
      vertex 41.149999998509884 4.75 0
      vertex 11.748147899056004 51.3529523872437 0
      vertex 11.64303216461155 51.043291419087275 0
    endloop
  endfacet
  facet normal 0 0 1
    outer loop
      vertex 41.149999998509884 4.75 0
      vertex 11.81194548676786 51.67368451944987 0
      vertex 11.748147899056004 51.3529523872437 0
    endloop
  endfacet
  facet normal 0 0 1
    outer loop
      vertex 41.149999998509884 4.75 0
      vertex 11.833333333333334 52 0
      vertex 11.81194548676786 51.67368451944987 0
    endloop
  endfacet
  facet normal 0 1 0
    outer loop
      vertex -41.399999998509884 70 -2.5
      vertex 41.399999998509884 70 0
      vertex 41.399999998509884 70 -2.5
    endloop
  endfacet
  facet normal 0 0 1
    outer loop
      vertex -6.918518767610664 52.6470476127563 0
      vertex 6.854721179898808 52.32631548055013 0
      vertex 6.918518767610664 52.6470476127563 0
    endloop
  endfacet
  facet normal 0 0 1
    outer loop
      vertex -7.023634502055117 52.956708580912725 0
      vertex 6.918518767610664 52.6470476127563 0
      vertex 7.023634502055117 52.956708580912725 0
    endloop
  endfacet
  facet normal 0 0 1
    outer loop
      vertex -7.1682698238722375 53.25 0
      vertex 7.023634502055117 52.956708580912725 0
      vertex 7.1682698238722375 53.25 0
    endloop
  endfacet
  facet normal 0 0 1
    outer loop
      vertex -7.349949982605246 53.5219035725218 0
      vertex 7.1682698238722375 53.25 0
      vertex 7.349949982605246 53.5219035725218 0
    endloop
  endfacet
  facet normal 0 0 1
    outer loop
      vertex -7.565566380366965 53.76776695296637 0
      vertex 7.349949982605246 53.5219035725218 0
      vertex 7.565566380366965 53.76776695296637 0
    endloop
  endfacet
  facet normal 0 0 1
    outer loop
      vertex -7.811429760811532 53.98338335072809 0
      vertex 7.565566380366965 53.76776695296637 0
      vertex 7.811429760811532 53.98338335072809 0
    endloop
  endfacet
  facet normal 0 0 1
    outer loop
      vertex -8.083333333333334 54.1650635094611 0
      vertex 7.811429760811532 53.98338335072809 0
      vertex 8.083333333333334 54.1650635094611 0
    endloop
  endfacet
  facet normal 0 0 1
    outer loop
      vertex -8.376624752420609 54.30969883127822 0
      vertex 8.083333333333334 54.1650635094611 0
      vertex 8.376624752420609 54.30969883127822 0
    endloop
  endfacet
  facet normal 0 0 1
    outer loop
      vertex -40.649999998509884 65.75 0
      vertex 9.333333333333334 54.5 0
      vertex 40.649999998509884 65.75 0
    endloop
  endfacet
  facet normal 0 0 1
    outer loop
      vertex 11.833333333333334 52 0
      vertex 41.149999998509884 65.25 0
      vertex 11.81194548676786 52.32631548055013 0
    endloop
  endfacet
  facet normal 0 0 1
    outer loop
      vertex 11.81194548676786 52.32631548055013 0
      vertex 41.149999998509884 65.25 0
      vertex 11.748147899056004 52.6470476127563 0
    endloop
  endfacet
  facet normal 0 0 1
    outer loop
      vertex 10.583333333333334 54.1650635094611 0
      vertex 10.855236905855136 53.98338335072809 0
      vertex 40.649999998509884 65.75 0
    endloop
  endfacet
  facet normal 0 0 1
    outer loop
      vertex 10.855236905855136 53.98338335072809 0
      vertex 11.101100286299703 53.76776695296637 0
      vertex 40.649999998509884 65.75 0
    endloop
  endfacet
  facet normal 0 0 1
    outer loop
      vertex 11.316716684061422 53.5219035725218 0
      vertex 40.649999998509884 65.75 0
      vertex 11.101100286299703 53.76776695296637 0
    endloop
  endfacet
  facet normal 0 0 1
    outer loop
      vertex 9.659648813883463 54.478612153434526 0
      vertex 9.980380946089635 54.41481456572267 0
      vertex 40.649999998509884 65.75 0
    endloop
  endfacet
  facet normal 0 0 1
    outer loop
      vertex 9.333333333333334 54.5 0
      vertex 9.659648813883463 54.478612153434526 0
      vertex 40.649999998509884 65.75 0
    endloop
  endfacet
  facet normal 0 0 1
    outer loop
      vertex 9.980380946089635 54.41481456572267 0
      vertex 10.290041914246059 54.30969883127822 0
      vertex 40.649999998509884 65.75 0
    endloop
  endfacet
  facet normal 0 0 1
    outer loop
      vertex 10.290041914246059 54.30969883127822 0
      vertex 10.583333333333334 54.1650635094611 0
      vertex 40.649999998509884 65.75 0
    endloop
  endfacet
  facet normal 0 0 1
    outer loop
      vertex 11.64303216461155 52.956708580912725 0
      vertex 11.748147899056004 52.6470476127563 0
      vertex 41.149999998509884 65.25 0
    endloop
  endfacet
  facet normal 0 0 1
    outer loop
      vertex 11.64303216461155 52.956708580912725 0
      vertex 41.149999998509884 65.25 0
      vertex 11.498396842794431 53.25 0
    endloop
  endfacet
  facet normal 0 0 1
    outer loop
      vertex 11.316716684061422 53.5219035725218 0
      vertex 11.498396842794431 53.25 0
      vertex 41.149999998509884 65.25 0
    endloop
  endfacet
  facet normal 0 0 1
    outer loop
      vertex -41.149999998509884 67.75 0
      vertex 41.149999998509884 67.75 0
      vertex 41.399999998509884 70 0
    endloop
  endfacet
  facet normal 0 0 -1
    outer loop
      vertex 41.92210476845503 0.03422055393457413 -2.5
      vertex 41.399999998509884 70 -2.5
      vertex 41.92210476845503 69.96577944606543 -2.5
    endloop
  endfacet
  facet normal 0 0 -1
    outer loop
      vertex 42.43527618050575 0.13629669696092606 -2.5
      vertex 41.92210476845503 69.96577944606543 -2.5
      vertex 42.43527618050575 69.86370330303907 -2.5
    endloop
  endfacet
  facet normal 0 0 -1
    outer loop
      vertex 45.399999998509884 4 -2.5
      vertex 45.36577944457531 66.52210476994514 -2.5
      vertex 45.399999998509884 66 -2.5
    endloop
  endfacet
  facet normal 0 0 -1
    outer loop
      vertex 45.26370330154896 2.9647238180041313 -2.5
      vertex 45.09551812708378 67.5307337269187 -2.5
      vertex 45.26370330154896 67.03527618199587 -2.5
    endloop
  endfacet
  facet normal 0 0 -1
    outer loop
      vertex 45.36577944457531 3.4778952300548553 -2.5
      vertex 45.26370330154896 67.03527618199587 -2.5
      vertex 45.36577944457531 66.52210476994514 -2.5
    endloop
  endfacet
  facet normal 0 0 -1
    outer loop
      vertex 42.93073373287916 0.3044818714261055 -2.5
      vertex 42.43527618050575 69.86370330303907 -2.5
      vertex 42.93073373287916 69.6955181285739 -2.5
    endloop
  endfacet
  facet normal 0 0 -1
    outer loop
      vertex 43.399999998509884 0.5358983874320984 -2.5
      vertex 42.93073373287916 69.6955181285739 -2.5
      vertex 43.399999998509884 69.4641016125679 -2.5
    endloop
  endfacet
  facet normal 0 0 -1
    outer loop
      vertex 43.83504571765661 0.8265866413712502 -2.5
      vertex 43.399999998509884 69.4641016125679 -2.5
      vertex 43.83504571765661 69.17341335862875 -2.5
    endloop
  endfacet
  facet normal 0 0 -1
    outer loop
      vertex 44.22842712700367 1.1715728789567947 -2.5
      vertex 43.83504571765661 69.17341335862875 -2.5
      vertex 44.22842712700367 68.8284271210432 -2.5
    endloop
  endfacet
  facet normal 0 0 -1
    outer loop
      vertex 44.573413364589214 1.5649542808532715 -2.5
      vertex 44.22842712700367 68.8284271210432 -2.5
      vertex 44.573413364589214 68.43504571914673 -2.5
    endloop
  endfacet
  facet normal 0 0 -1
    outer loop
      vertex 44.864101618528366 2 -2.5
      vertex 44.573413364589214 68.43504571914673 -2.5
      vertex 44.864101618528366 68 -2.5
    endloop
  endfacet
  facet normal 0 0 -1
    outer loop
      vertex 45.09551812708378 2.4692662730813026 -2.5
      vertex 44.864101618528366 68 -2.5
      vertex 45.09551812708378 67.5307337269187 -2.5
    endloop
  endfacet
  facet normal 1 0 0
    outer loop
      vertex 45.399999998509884 4 0
      vertex 45.399999998509884 66 -2.5
      vertex 45.399999998509884 66 0
    endloop
  endfacet
  facet normal 0 0 1
    outer loop
      vertex 41.149999998509884 4.75 0
      vertex 41.149999998509884 65.25 0
      vertex 11.833333333333334 52 0
    endloop
  endfacet
  facet normal 0 0 1
    outer loop
      vertex 43.399999998509884 0.5358983874320984 0
      vertex 43.399999998509884 69.4641016125679 0
      vertex 43.149999998509884 65.75 0
    endloop
  endfacet
  facet normal 0 0 1
    outer loop
      vertex 45.399999998509884 4 0
      vertex 45.399999998509884 66 0
      vertex 45.36577944457531 66.52210476994514 0
    endloop
  endfacet
  facet normal 0 0 1
    outer loop
      vertex 45.26370330154896 2.9647238180041313 0
      vertex 45.26370330154896 67.03527618199587 0
      vertex 45.09551812708378 67.5307337269187 0
    endloop
  endfacet
  facet normal 0 0 1
    outer loop
      vertex 45.36577944457531 3.4778952300548553 0
      vertex 45.36577944457531 66.52210476994514 0
      vertex 45.26370330154896 67.03527618199587 0
    endloop
  endfacet
  facet normal 0 0 1
    outer loop
      vertex 43.83504571765661 0.8265866413712502 0
      vertex 43.83504571765661 69.17341335862875 0
      vertex 43.399999998509884 69.4641016125679 0
    endloop
  endfacet
  facet normal 0 0 1
    outer loop
      vertex 44.22842712700367 1.1715728789567947 0
      vertex 44.22842712700367 68.8284271210432 0
      vertex 43.83504571765661 69.17341335862875 0
    endloop
  endfacet
  facet normal 0 0 1
    outer loop
      vertex 44.573413364589214 1.5649542808532715 0
      vertex 44.573413364589214 68.43504571914673 0
      vertex 44.22842712700367 68.8284271210432 0
    endloop
  endfacet
  facet normal 0 0 1
    outer loop
      vertex 44.864101618528366 2 0
      vertex 44.864101618528366 68 0
      vertex 44.573413364589214 68.43504571914673 0
    endloop
  endfacet
  facet normal 0 0 1
    outer loop
      vertex 45.09551812708378 2.4692662730813026 0
      vertex 45.09551812708378 67.5307337269187 0
      vertex 44.864101618528366 68 0
    endloop
  endfacet
  facet normal 0.06540312801222276 0.9978589233184302 0
    outer loop
      vertex 41.399999998509884 70 -2.5
      vertex 41.92210476845503 69.96577944606543 0
      vertex 41.92210476845503 69.96577944606543 -2.5
    endloop
  endfacet
  facet normal 0.1950903267663619 0.9807852794583501 0
    outer loop
      vertex 41.92210476845503 69.96577944606543 -2.5
      vertex 42.43527618050575 69.86370330303907 0
      vertex 42.43527618050575 69.86370330303907 -2.5
    endloop
  endfacet
  facet normal 0.9978589233184302 0.06540312801222276 0
    outer loop
      vertex 45.399999998509884 66 -2.5
      vertex 45.36577944457531 66.52210476994514 -2.5
      vertex 45.399999998509884 66 0
    endloop
  endfacet
  facet normal 0.9807852794583501 0.1950903267663619 0
    outer loop
      vertex 45.36577944457531 66.52210476994514 -2.5
      vertex 45.26370330154896 67.03527618199587 -2.5
      vertex 45.36577944457531 66.52210476994514 0
    endloop
  endfacet
  facet normal 0.946930129055815 0.3214394665972703 0
    outer loop
      vertex 45.26370330154896 67.03527618199587 -2.5
      vertex 45.09551812708378 67.5307337269187 -2.5
      vertex 45.26370330154896 67.03527618199587 0
    endloop
  endfacet
  facet normal 0.8968727472986211 0.44228867852684617 0
    outer loop
      vertex 45.09551812708378 67.5307337269187 -2.5
      vertex 44.864101618528366 68 -2.5
      vertex 45.09551812708378 67.5307337269187 0
    endloop
  endfacet
  facet normal 0.3214394622629726 0.9469301305271107 0
    outer loop
      vertex 42.43527618050575 69.86370330303907 -2.5
      vertex 42.93073373287916 69.6955181285739 0
      vertex 42.93073373287916 69.6955181285739 -2.5
    endloop
  endfacet
  facet normal 0.4422886956295731 0.8968727388644896 0
    outer loop
      vertex 42.93073373287916 69.6955181285739 -2.5
      vertex 43.399999998509884 69.4641016125679 0
      vertex 43.399999998509884 69.4641016125679 -2.5
    endloop
  endfacet
  facet normal 0.5555702302277682 0.8314696141679891 0
    outer loop
      vertex 43.83504571765661 69.17341335862875 -2.5
      vertex 43.399999998509884 69.4641016125679 -2.5
      vertex 43.83504571765661 69.17341335862875 0
    endloop
  endfacet
  facet normal 0.7518398007112117 0.6593458228172265 0
    outer loop
      vertex 44.22842712700367 68.8284271210432 -2.5
      vertex 44.573413364589214 68.43504571914673 0
      vertex 44.573413364589214 68.43504571914673 -2.5
    endloop
  endfacet
  facet normal 0.8314696141679891 0.5555702302277682 0
    outer loop
      vertex 44.573413364589214 68.43504571914673 -2.5
      vertex 44.864101618528366 68 0
      vertex 44.864101618528366 68 -2.5
    endloop
  endfacet
  facet normal 0.6593458157582754 0.7518398069017457 0
    outer loop
      vertex 43.83504571765661 69.17341335862875 -2.5
      vertex 44.22842712700367 68.8284271210432 0
      vertex 44.22842712700367 68.8284271210432 -2.5
    endloop
  endfacet
  facet normal 0.06540312801222276 0.9978589233184302 0
    outer loop
      vertex 41.399999998509884 70 -2.5
      vertex 41.399999998509884 70 0
      vertex 41.92210476845503 69.96577944606543 0
    endloop
  endfacet
  facet normal 0.1950903267663619 0.9807852794583501 0
    outer loop
      vertex 41.92210476845503 69.96577944606543 -2.5
      vertex 41.92210476845503 69.96577944606543 0
      vertex 42.43527618050575 69.86370330303907 0
    endloop
  endfacet
  facet normal 0.9978589233184302 0.06540312801222276 0
    outer loop
      vertex 45.36577944457531 66.52210476994514 -2.5
      vertex 45.36577944457531 66.52210476994514 0
      vertex 45.399999998509884 66 0
    endloop
  endfacet
  facet normal 0.9807852794583501 0.1950903267663619 0
    outer loop
      vertex 45.26370330154896 67.03527618199587 -2.5
      vertex 45.26370330154896 67.03527618199587 0
      vertex 45.36577944457531 66.52210476994514 0
    endloop
  endfacet
  facet normal 0.946930129055815 0.3214394665972703 0
    outer loop
      vertex 45.09551812708378 67.5307337269187 -2.5
      vertex 45.09551812708378 67.5307337269187 0
      vertex 45.26370330154896 67.03527618199587 0
    endloop
  endfacet
  facet normal 0.3214394622629726 0.9469301305271107 0
    outer loop
      vertex 42.43527618050575 69.86370330303907 -2.5
      vertex 42.43527618050575 69.86370330303907 0
      vertex 42.93073373287916 69.6955181285739 0
    endloop
  endfacet
  facet normal 0.4422886956295731 0.8968727388644896 0
    outer loop
      vertex 42.93073373287916 69.6955181285739 -2.5
      vertex 42.93073373287916 69.6955181285739 0
      vertex 43.399999998509884 69.4641016125679 0
    endloop
  endfacet
  facet normal 0.5555702302277682 0.8314696141679891 0
    outer loop
      vertex 43.399999998509884 69.4641016125679 -2.5
      vertex 43.399999998509884 69.4641016125679 0
      vertex 43.83504571765661 69.17341335862875 0
    endloop
  endfacet
  facet normal 0.6593458157582754 0.7518398069017457 0
    outer loop
      vertex 43.83504571765661 69.17341335862875 -2.5
      vertex 43.83504571765661 69.17341335862875 0
      vertex 44.22842712700367 68.8284271210432 0
    endloop
  endfacet
  facet normal 0.8314696141679891 0.5555702302277682 0
    outer loop
      vertex 44.573413364589214 68.43504571914673 -2.5
      vertex 44.573413364589214 68.43504571914673 0
      vertex 44.864101618528366 68 0
    endloop
  endfacet
  facet normal 0.7518398007112117 0.6593458228172265 0
    outer loop
      vertex 44.22842712700367 68.8284271210432 -2.5
      vertex 44.22842712700367 68.8284271210432 0
      vertex 44.573413364589214 68.43504571914673 0
    endloop
  endfacet
  facet normal 0.8968727472986211 0.44228867852684617 0
    outer loop
      vertex 44.864101618528366 68 -2.5
      vertex 44.864101618528366 68 0
      vertex 45.09551812708378 67.5307337269187 0
    endloop
  endfacet
  facet normal 0 0 1
    outer loop
      vertex 11.316716684061422 53.5219035725218 0
      vertex 41.149999998509884 65.25 0
      vertex 41.145722433924675 65.31526309251785 0
    endloop
  endfacet
  facet normal 0 0 1
    outer loop
      vertex 11.316716684061422 53.5219035725218 0
      vertex 41.145722433924675 65.31526309251785 0
      vertex 41.13296291232109 65.37940952181816 0
    endloop
  endfacet
  facet normal 0 0 1
    outer loop
      vertex 11.316716684061422 53.5219035725218 0
      vertex 41.13296291232109 65.37940952181816 0
      vertex 41.11193976551294 65.44134171307087 0
    endloop
  endfacet
  facet normal 0 0 1
    outer loop
      vertex 11.316716684061422 53.5219035725218 0
      vertex 41.11193976551294 65.44134171307087 0
      vertex 41.08301270008087 65.5 0
    endloop
  endfacet
  facet normal 0 0 1
    outer loop
      vertex 11.316716684061422 53.5219035725218 0
      vertex 40.899999998509884 65.68301270157099 0
      vertex 40.841341719031334 65.71193976700306 0
    endloop
  endfacet
  facet normal 0 0 1
    outer loop
      vertex 11.316716684061422 53.5219035725218 0
      vertex 40.841341719031334 65.71193976700306 0
      vertex 40.779409520328045 65.7329629138112 0
    endloop
  endfacet
  facet normal 0 0 1
    outer loop
      vertex 11.316716684061422 53.5219035725218 0
      vertex 40.779409520328045 65.7329629138112 0
      vertex 40.71526309847832 65.74572242796421 0
    endloop
  endfacet
  facet normal 0 0 1
    outer loop
      vertex 11.316716684061422 53.5219035725218 0
      vertex 40.71526309847832 65.74572242796421 0
      vertex 40.649999998509884 65.75 0
    endloop
  endfacet
  facet normal 0 0 1
    outer loop
      vertex 11.316716684061422 53.5219035725218 0
      vertex 41.04667667299509 65.55438071489334 0
      vertex 41.00355339050293 65.60355339199305 0
    endloop
  endfacet
  facet normal 0 0 1
    outer loop
      vertex 11.316716684061422 53.5219035725218 0
      vertex 41.00355339050293 65.60355339199305 0
      vertex 40.954380713403225 65.64667666703463 0
    endloop
  endfacet
  facet normal 0 0 1
    outer loop
      vertex 11.316716684061422 53.5219035725218 0
      vertex 40.954380713403225 65.64667666703463 0
      vertex 40.899999998509884 65.68301270157099 0
    endloop
  endfacet
  facet normal 0 0 1
    outer loop
      vertex 11.316716684061422 53.5219035725218 0
      vertex 41.08301270008087 65.5 0
      vertex 41.04667667299509 65.55438071489334 0
    endloop
  endfacet
  facet normal 0 0 1
    outer loop
      vertex 41.149999998509884 67.75 0
      vertex 41.411052383482456 67.73288971930742 0
      vertex 41.399999998509884 70 0
    endloop
  endfacet
  facet normal 0 0 1
    outer loop
      vertex 41.411052383482456 67.73288971930742 0
      vertex 41.66763809323311 67.68185165524483 0
      vertex 41.92210476845503 69.96577944606543 0
    endloop
  endfacet
  facet normal 0 0 1
    outer loop
      vertex 41.66763809323311 67.68185165524483 0
      vertex 41.91536686569452 67.59775906801224 0
      vertex 41.92210476845503 69.96577944606543 0
    endloop
  endfacet
  facet normal 0 0 1
    outer loop
      vertex 42.149999998509884 67.48205080628395 0
      vertex 42.43527618050575 69.86370330303907 0
      vertex 41.91536686569452 67.59775906801224 0
    endloop
  endfacet
  facet normal 0 0 1
    outer loop
      vertex 42.149999998509884 67.48205080628395 0
      vertex 42.36752285808325 67.33670668303967 0
      vertex 42.43527618050575 69.86370330303907 0
    endloop
  endfacet
  facet normal 0 0 1
    outer loop
      vertex 41.411052383482456 67.73288971930742 0
      vertex 41.92210476845503 69.96577944606543 0
      vertex 41.399999998509884 70 0
    endloop
  endfacet
  facet normal 0 0 1
    outer loop
      vertex 41.91536686569452 67.59775906801224 0
      vertex 42.43527618050575 69.86370330303907 0
      vertex 41.92210476845503 69.96577944606543 0
    endloop
  endfacet
  facet normal 0 0 1
    outer loop
      vertex 43.149999998509884 65.75 0
      vertex 43.399999998509884 69.4641016125679 0
      vertex 43.13288972526789 66.01105238497257 0
    endloop
  endfacet
  facet normal 0 0 1
    outer loop
      vertex 43.13288972526789 66.01105238497257 0
      vertex 43.399999998509884 69.4641016125679 0
      vertex 43.08185165375471 66.26763808727264 0
    endloop
  endfacet
  facet normal 0 0 1
    outer loop
      vertex 42.73670668154955 66.96752285957336 0
      vertex 42.882050804793835 66.75 0
      vertex 42.93073373287916 69.6955181285739 0
    endloop
  endfacet
  facet normal 0 0 1
    outer loop
      vertex 43.08185165375471 66.26763808727264 0
      vertex 43.399999998509884 69.4641016125679 0
      vertex 42.99775906652212 66.51536686718464 0
    endloop
  endfacet
  facet normal 0 0 1
    outer loop
      vertex 42.99775906652212 66.51536686718464 0
      vertex 43.399999998509884 69.4641016125679 0
      vertex 42.882050804793835 66.75 0
    endloop
  endfacet
  facet normal 0 0 1
    outer loop
      vertex 42.36752285808325 67.33670668303967 0
      vertex 42.56421355903149 67.1642135605216 0
      vertex 42.93073373287916 69.6955181285739 0
    endloop
  endfacet
  facet normal 0 0 1
    outer loop
      vertex 42.73670668154955 66.96752285957336 0
      vertex 42.93073373287916 69.6955181285739 0
      vertex 42.56421355903149 67.1642135605216 0
    endloop
  endfacet
  facet normal 0 0 1
    outer loop
      vertex 42.882050804793835 66.75 0
      vertex 43.399999998509884 69.4641016125679 0
      vertex 42.93073373287916 69.6955181285739 0
    endloop
  endfacet
  facet normal 0 0 1
    outer loop
      vertex 42.36752285808325 67.33670668303967 0
      vertex 42.93073373287916 69.6955181285739 0
      vertex 42.43527618050575 69.86370330303907 0
    endloop
  endfacet
  facet normal 0 1 0
    outer loop
      vertex -40.649999998509884 4.25 0
      vertex -8.558224994095346 4.25 1
      vertex -8.558224994095346 4.25 0
    endloop
  endfacet
  facet normal -0.7518397936522605 -0.6593458308664174 0
    outer loop
      vertex -42.56421355903149 2.8357864394783974 0
      vertex -42.73670668154955 3.0324771404266357 5
      vertex -42.73670668154955 3.0324771404266357 0
    endloop
  endfacet
  facet normal -0.8314696207458843 -0.5555702203832522 0
    outer loop
      vertex -42.882050804793835 3.25 0
      vertex -42.73670668154955 3.0324771404266357 0
      vertex -42.882050804793835 3.25 5
    endloop
  endfacet
  facet normal -0.8968727332159228 -0.44228870708373325 0
    outer loop
      vertex -42.882050804793835 3.25 0
      vertex -42.99775906652212 3.484633132815361 5
      vertex -42.99775906652212 3.484633132815361 0
    endloop
  endfacet
  facet normal -0.9469301319984065 -0.321439457928675 0
    outer loop
      vertex -42.99775906652212 3.484633132815361 0
      vertex -43.08185165375471 3.732361912727356 5
      vertex -43.08185165375471 3.732361912727356 0
    endloop
  endfacet
  facet normal -0.9807852789163828 -0.1950903294910154 0
    outer loop
      vertex -43.08185165375471 3.732361912727356 0
      vertex -43.13288972526789 3.9889476150274277 5
      vertex -43.13288972526789 3.9889476150274277 0
    endloop
  endfacet
  facet normal -0.9978589242477587 -0.06540311383340917 0
    outer loop
      vertex -43.13288972526789 3.9889476150274277 0
      vertex -43.149999998509884 4.25 5
      vertex -43.149999998509884 4.25 0
    endloop
  endfacet
  facet normal -0.5555702203832522 -0.8314696207458843 0
    outer loop
      vertex -42.36752285808325 2.6632933169603348 0
      vertex -42.149999998509884 2.517949193716049 0
      vertex -42.36752285808325 2.6632933169603348 5
    endloop
  endfacet
  facet normal -0.44228870708373325 -0.8968727332159228 0
    outer loop
      vertex -41.91536686569452 2.4022409319877625 0
      vertex -42.149999998509884 2.517949193716049 5
      vertex -42.149999998509884 2.517949193716049 0
    endloop
  endfacet
  facet normal -0.6593458308664174 -0.7518397936522605 0
    outer loop
      vertex -42.56421355903149 2.8357864394783974 0
      vertex -42.36752285808325 2.6632933169603348 0
      vertex -42.56421355903149 2.8357864394783974 5
    endloop
  endfacet
  facet normal -0.3214394665972703 -0.946930129055815 0
    outer loop
      vertex -41.91536686569452 2.4022409319877625 0
      vertex -41.66763809323311 2.3181483447551727 0
      vertex -41.91536686569452 2.4022409319877625 5
    endloop
  endfacet
  facet normal -0.19509029664619323 -0.9807852854496241 0
    outer loop
      vertex -41.66763809323311 2.3181483447551727 0
      vertex -41.411052383482456 2.2671102806925774 0
      vertex -41.66763809323311 2.3181483447551727 5
    endloop
  endfacet
  facet normal -0.06540314219103631 -0.9978589223891017 0
    outer loop
      vertex -41.411052383482456 2.2671102806925774 0
      vertex -41.149999998509884 2.25 0
      vertex -41.411052383482456 2.2671102806925774 5
    endloop
  endfacet
  facet normal 0.44228872967800165 0.8968727220736616 0
    outer loop
      vertex -40.899999998509884 4.316987298429012 0
      vertex -40.899999998509884 4.316987298429012 5
      vertex -40.841341719031334 4.288060232996941 0
    endloop
  endfacet
  facet normal 0.5555702597613149 0.8314695944343035 0
    outer loop
      vertex -40.954380713403225 4.353323332965374 0
      vertex -40.954380713403225 4.353323332965374 5
      vertex -40.899999998509884 4.316987298429012 0
    endloop
  endfacet
  facet normal 0.32143944059148594 0.9469301378835888 0
    outer loop
      vertex -40.841341719031334 4.288060232996941 0
      vertex -40.841341719031334 4.288060232996941 5
      vertex -40.779409520328045 4.267037086188793 0
    endloop
  endfacet
  facet normal 0.19509028559859504 0.9807852876471275 0
    outer loop
      vertex -40.779409520328045 4.267037086188793 0
      vertex -40.779409520328045 4.267037086188793 5
      vertex -40.71526309847832 4.2542775720357895 0
    endloop
  endfacet
  facet normal 0.065403166831347 0.9978589207740898 0
    outer loop
      vertex -40.71526309847832 4.2542775720357895 0
      vertex -40.71526309847832 4.2542775720357895 5
      vertex -40.649999998509884 4.25 0
    endloop
  endfacet
  facet normal 0.9978589277214253 0.06540306083546474 0
    outer loop
      vertex -41.145722433924675 4.684736907482147 0
      vertex -41.149999998509884 4.75 0
      vertex -41.149999998509884 4.75 5
    endloop
  endfacet
  facet normal 0.8314696470574648 0.5555701810051856 0
    outer loop
      vertex -41.08301270008087 4.5 0
      vertex -41.08301270008087 4.5 5
      vertex -41.04667667299509 4.445619285106659 0
    endloop
  endfacet
  facet normal 0.6593457684533662 0.751839848387035 0
    outer loop
      vertex -40.954380713403225 4.353323332965374 0
      vertex -41.00355339050293 4.396446608006954 0
      vertex -41.00355339050293 4.396446608006954 5
    endloop
  endfacet
  facet normal 0.7518397919154268 0.6593458328468966 0
    outer loop
      vertex -41.00355339050293 4.396446608006954 0
      vertex -41.04667667299509 4.445619285106659 0
      vertex -41.04667667299509 4.445619285106659 5
    endloop
  endfacet
  facet normal 0.896872744358182 0.44228868448946673 0
    outer loop
      vertex -41.08301270008087 4.5 0
      vertex -41.11193976551294 4.5586582869291306 0
      vertex -41.11193976551294 4.5586582869291306 5
    endloop
  endfacet
  facet normal 0.9469301261132232 0.32143947526586597 0
    outer loop
      vertex -41.11193976551294 4.5586582869291306 0
      vertex -41.13296291232109 4.620590478181839 0
      vertex -41.13296291232109 4.620590478181839 5
    endloop
  endfacet
  facet normal 0.9807852701856375 0.19509037338342952 0
    outer loop
      vertex -41.145722433924675 4.684736907482147 0
      vertex -41.145722433924675 4.684736907482147 5
      vertex -41.13296291232109 4.620590478181839 0
    endloop
  endfacet
  facet normal 0 1 0
    outer loop
      vertex -40.649999998509884 4.25 0
      vertex -40.649999998509884 4.25 5
      vertex -8.558224994095346 4.25 1
    endloop
  endfacet
  facet normal -0.7518397936522605 -0.6593458308664174 0
    outer loop
      vertex -42.56421355903149 2.8357864394783974 0
      vertex -42.56421355903149 2.8357864394783974 5
      vertex -42.73670668154955 3.0324771404266357 5
    endloop
  endfacet
  facet normal -0.8314696207458843 -0.5555702203832522 0
    outer loop
      vertex -42.73670668154955 3.0324771404266357 0
      vertex -42.73670668154955 3.0324771404266357 5
      vertex -42.882050804793835 3.25 5
    endloop
  endfacet
  facet normal -0.8968727332159228 -0.44228870708373325 0
    outer loop
      vertex -42.882050804793835 3.25 0
      vertex -42.882050804793835 3.25 5
      vertex -42.99775906652212 3.484633132815361 5
    endloop
  endfacet
  facet normal -0.9807852789163828 -0.1950903294910154 0
    outer loop
      vertex -43.08185165375471 3.732361912727356 0
      vertex -43.08185165375471 3.732361912727356 5
      vertex -43.13288972526789 3.9889476150274277 5
    endloop
  endfacet
  facet normal -0.9469301319984065 -0.321439457928675 0
    outer loop
      vertex -42.99775906652212 3.484633132815361 0
      vertex -42.99775906652212 3.484633132815361 5
      vertex -43.08185165375471 3.732361912727356 5
    endloop
  endfacet
  facet normal -0.9978589242477587 -0.06540311383340917 0
    outer loop
      vertex -43.13288972526789 3.9889476150274277 0
      vertex -43.13288972526789 3.9889476150274277 5
      vertex -43.149999998509884 4.25 5
    endloop
  endfacet
  facet normal -0.6593458308664174 -0.7518397936522605 0
    outer loop
      vertex -42.36752285808325 2.6632933169603348 0
      vertex -42.36752285808325 2.6632933169603348 5
      vertex -42.56421355903149 2.8357864394783974 5
    endloop
  endfacet
  facet normal -0.5555702203832522 -0.8314696207458843 0
    outer loop
      vertex -42.149999998509884 2.517949193716049 0
      vertex -42.149999998509884 2.517949193716049 5
      vertex -42.36752285808325 2.6632933169603348 5
    endloop
  endfacet
  facet normal -0.44228870708373325 -0.8968727332159228 0
    outer loop
      vertex -41.91536686569452 2.4022409319877625 0
      vertex -41.91536686569452 2.4022409319877625 5
      vertex -42.149999998509884 2.517949193716049 5
    endloop
  endfacet
  facet normal -0.3214394665972703 -0.946930129055815 0
    outer loop
      vertex -41.66763809323311 2.3181483447551727 0
      vertex -41.66763809323311 2.3181483447551727 5
      vertex -41.91536686569452 2.4022409319877625 5
    endloop
  endfacet
  facet normal -0.19509029664619323 -0.9807852854496241 0
    outer loop
      vertex -41.411052383482456 2.2671102806925774 0
      vertex -41.411052383482456 2.2671102806925774 5
      vertex -41.66763809323311 2.3181483447551727 5
    endloop
  endfacet
  facet normal -0.06540314219103631 -0.9978589223891017 0
    outer loop
      vertex -41.149999998509884 2.25 0
      vertex -41.149999998509884 2.25 5
      vertex -41.411052383482456 2.2671102806925774 5
    endloop
  endfacet
  facet normal 0.6593457684533662 0.751839848387035 0
    outer loop
      vertex -40.954380713403225 4.353323332965374 0
      vertex -41.00355339050293 4.396446608006954 5
      vertex -40.954380713403225 4.353323332965374 5
    endloop
  endfacet
  facet normal 0.5555702597613149 0.8314695944343035 0
    outer loop
      vertex -40.899999998509884 4.316987298429012 0
      vertex -40.954380713403225 4.353323332965374 5
      vertex -40.899999998509884 4.316987298429012 5
    endloop
  endfacet
  facet normal 0.32143944059148594 0.9469301378835888 0
    outer loop
      vertex -40.779409520328045 4.267037086188793 0
      vertex -40.841341719031334 4.288060232996941 5
      vertex -40.779409520328045 4.267037086188793 5
    endloop
  endfacet
  facet normal 0.44228872967800165 0.8968727220736616 0
    outer loop
      vertex -40.841341719031334 4.288060232996941 0
      vertex -40.899999998509884 4.316987298429012 5
      vertex -40.841341719031334 4.288060232996941 5
    endloop
  endfacet
  facet normal 0.19509028559859504 0.9807852876471275 0
    outer loop
      vertex -40.71526309847832 4.2542775720357895 0
      vertex -40.779409520328045 4.267037086188793 5
      vertex -40.71526309847832 4.2542775720357895 5
    endloop
  endfacet
  facet normal 0.065403166831347 0.9978589207740898 0
    outer loop
      vertex -40.649999998509884 4.25 0
      vertex -40.71526309847832 4.2542775720357895 5
      vertex -40.649999998509884 4.25 5
    endloop
  endfacet
  facet normal 0.9978589277214253 0.06540306083546474 0
    outer loop
      vertex -41.145722433924675 4.684736907482147 0
      vertex -41.149999998509884 4.75 5
      vertex -41.145722433924675 4.684736907482147 5
    endloop
  endfacet
  facet normal 0.8314696470574648 0.5555701810051856 0
    outer loop
      vertex -41.04667667299509 4.445619285106659 0
      vertex -41.08301270008087 4.5 5
      vertex -41.04667667299509 4.445619285106659 5
    endloop
  endfacet
  facet normal 0.7518397919154268 0.6593458328468966 0
    outer loop
      vertex -41.00355339050293 4.396446608006954 0
      vertex -41.04667667299509 4.445619285106659 5
      vertex -41.00355339050293 4.396446608006954 5
    endloop
  endfacet
  facet normal 0.896872744358182 0.44228868448946673 0
    outer loop
      vertex -41.08301270008087 4.5 0
      vertex -41.11193976551294 4.5586582869291306 5
      vertex -41.08301270008087 4.5 5
    endloop
  endfacet
  facet normal 0.9469301261132232 0.32143947526586597 0
    outer loop
      vertex -41.11193976551294 4.5586582869291306 0
      vertex -41.13296291232109 4.620590478181839 5
      vertex -41.11193976551294 4.5586582869291306 5
    endloop
  endfacet
  facet normal 0.9807852701856375 0.19509037338342952 0
    outer loop
      vertex -41.13296291232109 4.620590478181839 0
      vertex -41.145722433924675 4.684736907482147 5
      vertex -41.13296291232109 4.620590478181839 5
    endloop
  endfacet
  facet normal 0 0 1
    outer loop
      vertex -42.36752285808325 2.6632933169603348 5
      vertex -42.149999998509884 2.517949193716049 5
      vertex -40.954380713403225 4.353323332965374 5
    endloop
  endfacet
  facet normal 0 0 1
    outer loop
      vertex -41.91536686569452 2.4022409319877625 5
      vertex -40.899999998509884 4.316987298429012 5
      vertex -42.149999998509884 2.517949193716049 5
    endloop
  endfacet
  facet normal 0 0 1
    outer loop
      vertex -41.66763809323311 2.3181483447551727 5
      vertex -41.411052383482456 2.2671102806925774 5
      vertex -40.841341719031334 4.288060232996941 5
    endloop
  endfacet
  facet normal 0 0 1
    outer loop
      vertex -41.91536686569452 2.4022409319877625 5
      vertex -41.66763809323311 2.3181483447551727 5
      vertex -40.899999998509884 4.316987298429012 5
    endloop
  endfacet
  facet normal 0 0 1
    outer loop
      vertex -42.882050804793835 3.25 5
      vertex -42.73670668154955 3.0324771404266357 5
      vertex -41.04667667299509 4.445619285106659 5
    endloop
  endfacet
  facet normal 0 0 1
    outer loop
      vertex -42.882050804793835 3.25 5
      vertex -41.04667667299509 4.445619285106659 5
      vertex -42.99775906652212 3.484633132815361 5
    endloop
  endfacet
  facet normal 0 0 1
    outer loop
      vertex -42.56421355903149 2.8357864394783974 5
      vertex -41.00355339050293 4.396446608006954 5
      vertex -42.73670668154955 3.0324771404266357 5
    endloop
  endfacet
  facet normal 0 0 1
    outer loop
      vertex -42.56421355903149 2.8357864394783974 5
      vertex -42.36752285808325 2.6632933169603348 5
      vertex -40.954380713403225 4.353323332965374 5
    endloop
  endfacet
  facet normal 0 0 1
    outer loop
      vertex -42.99775906652212 3.484633132815361 5
      vertex -41.08301270008087 4.5 5
      vertex -43.08185165375471 3.732361912727356 5
    endloop
  endfacet
  facet normal 0 0 1
    outer loop
      vertex -43.08185165375471 3.732361912727356 5
      vertex -41.08301270008087 4.5 5
      vertex -43.13288972526789 3.9889476150274277 5
    endloop
  endfacet
  facet normal 0 0 1
    outer loop
      vertex -43.13288972526789 3.9889476150274277 5
      vertex -41.11193976551294 4.5586582869291306 5
      vertex -43.149999998509884 4.25 5
    endloop
  endfacet
  facet normal 0 0 1
    outer loop
      vertex -42.149999998509884 2.517949193716049 5
      vertex -40.899999998509884 4.316987298429012 5
      vertex -40.954380713403225 4.353323332965374 5
    endloop
  endfacet
  facet normal 0 0 1
    outer loop
      vertex -42.73670668154955 3.0324771404266357 5
      vertex -41.00355339050293 4.396446608006954 5
      vertex -41.04667667299509 4.445619285106659 5
    endloop
  endfacet
  facet normal 0 0 1
    outer loop
      vertex -42.56421355903149 2.8357864394783974 5
      vertex -40.954380713403225 4.353323332965374 5
      vertex -41.00355339050293 4.396446608006954 5
    endloop
  endfacet
  facet normal 0 0 1
    outer loop
      vertex -42.99775906652212 3.484633132815361 5
      vertex -41.04667667299509 4.445619285106659 5
      vertex -41.08301270008087 4.5 5
    endloop
  endfacet
  facet normal 0 0 1
    outer loop
      vertex -43.13288972526789 3.9889476150274277 5
      vertex -41.08301270008087 4.5 5
      vertex -41.11193976551294 4.5586582869291306 5
    endloop
  endfacet
  facet normal 0 0 1
    outer loop
      vertex -41.411052383482456 2.2671102806925774 5
      vertex -41.149999998509884 2.25 5
      vertex -40.779409520328045 4.267037086188793 5
    endloop
  endfacet
  facet normal 0 0 1
    outer loop
      vertex -41.66763809323311 2.3181483447551727 5
      vertex -40.841341719031334 4.288060232996941 5
      vertex -40.899999998509884 4.316987298429012 5
    endloop
  endfacet
  facet normal 0 0 1
    outer loop
      vertex -41.411052383482456 2.2671102806925774 5
      vertex -40.779409520328045 4.267037086188793 5
      vertex -40.841341719031334 4.288060232996941 5
    endloop
  endfacet
  facet normal 0 0 1
    outer loop
      vertex -41.149999998509884 2.25 5
      vertex -40.71526309847832 4.2542775720357895 5
      vertex -40.779409520328045 4.267037086188793 5
    endloop
  endfacet
  facet normal 0 0 1
    outer loop
      vertex -41.149999998509884 2.25 5
      vertex -40.649999998509884 4.25 5
      vertex -40.71526309847832 4.2542775720357895 5
    endloop
  endfacet
  facet normal 0 0 1
    outer loop
      vertex -43.149999998509884 4.25 5
      vertex -41.11193976551294 4.5586582869291306 5
      vertex -41.13296291232109 4.620590478181839 5
    endloop
  endfacet
  facet normal 0 0 1
    outer loop
      vertex -43.149999998509884 4.25 5
      vertex -41.13296291232109 4.620590478181839 5
      vertex -41.145722433924675 4.684736907482147 5
    endloop
  endfacet
  facet normal 0 0 1
    outer loop
      vertex -43.149999998509884 4.25 5
      vertex -41.145722433924675 4.684736907482147 5
      vertex -41.149999998509884 4.75 5
    endloop
  endfacet
  facet normal -1 0 0
    outer loop
      vertex -43.149999998509884 4.25 0
      vertex -43.149999998509884 4.25 5
      vertex -43.149999998509884 65.75 5
    endloop
  endfacet
  facet normal 1 0 0
    outer loop
      vertex -41.149999998509884 4.75 0
      vertex -41.149999998509884 65.25 5
      vertex -41.149999998509884 4.75 5
    endloop
  endfacet
  facet normal 0 0 1
    outer loop
      vertex -43.149999998509884 4.25 5
      vertex -41.149999998509884 4.75 5
      vertex -41.149999998509884 65.25 5
    endloop
  endfacet
  facet normal 0 -1 0
    outer loop
      vertex -41.149999998509884 2.25 0
      vertex 41.149999998509884 2.25 0
      vertex -41.149999998509884 2.25 5
    endloop
  endfacet
  facet normal 0 1 0
    outer loop
      vertex -40.649999998509884 4.25 5
      vertex 8.558224994095346 4.25 1
      vertex -8.558224994095346 4.25 1
    endloop
  endfacet
  facet normal 0 0 1
    outer loop
      vertex -41.149999998509884 2.25 5
      vertex 40.649999998509884 4.25 5
      vertex -40.649999998509884 4.25 5
    endloop
  endfacet
  facet normal -1 0 0
    outer loop
      vertex -43.149999998509884 4.25 0
      vertex -43.149999998509884 65.75 5
      vertex -43.149999998509884 65.75 0
    endloop
  endfacet
  facet normal 1 0 0
    outer loop
      vertex -41.149999998509884 4.75 0
      vertex -41.149999998509884 65.25 0
      vertex -41.149999998509884 65.25 5
    endloop
  endfacet
  facet normal 0 0 1
    outer loop
      vertex -43.149999998509884 4.25 5
      vertex -41.149999998509884 65.25 5
      vertex -43.149999998509884 65.75 5
    endloop
  endfacet
  facet normal 0.9978589277214253 -0.06540306083546474 0
    outer loop
      vertex -41.149999998509884 65.25 0
      vertex -41.145722433924675 65.31526309251785 0
      vertex -41.145722433924675 65.31526309251785 5
    endloop
  endfacet
  facet normal 0.9807852701856375 -0.19509037338342952 0
    outer loop
      vertex -41.145722433924675 65.31526309251785 0
      vertex -41.13296291232109 65.37940952181816 0
      vertex -41.13296291232109 65.37940952181816 5
    endloop
  endfacet
  facet normal 0.9469301261132232 -0.32143947526586597 0
    outer loop
      vertex -41.13296291232109 65.37940952181816 0
      vertex -41.11193976551294 65.44134171307087 0
      vertex -41.11193976551294 65.44134171307087 5
    endloop
  endfacet
  facet normal 0.896872744358182 -0.44228868448946673 0
    outer loop
      vertex -41.11193976551294 65.44134171307087 0
      vertex -41.08301270008087 65.5 0
      vertex -41.08301270008087 65.5 5
    endloop
  endfacet
  facet normal 0.8314696470574648 -0.5555701810051856 0
    outer loop
      vertex -41.08301270008087 65.5 0
      vertex -41.04667667299509 65.55438071489334 0
      vertex -41.04667667299509 65.55438071489334 5
    endloop
  endfacet
  facet normal 0.7518397919154268 -0.6593458328468966 0
    outer loop
      vertex -41.04667667299509 65.55438071489334 0
      vertex -41.00355339050293 65.60355339199305 0
      vertex -41.00355339050293 65.60355339199305 5
    endloop
  endfacet
  facet normal -0.9978589242477587 0.06540311383340917 0
    outer loop
      vertex -43.149999998509884 65.75 0
      vertex -43.13288972526789 66.01105238497257 5
      vertex -43.13288972526789 66.01105238497257 0
    endloop
  endfacet
  facet normal -0.9807852789163828 0.1950903294910154 0
    outer loop
      vertex -43.13288972526789 66.01105238497257 0
      vertex -43.08185165375471 66.26763808727264 5
      vertex -43.08185165375471 66.26763808727264 0
    endloop
  endfacet
  facet normal -0.9469301319984065 0.321439457928675 0
    outer loop
      vertex -43.08185165375471 66.26763808727264 0
      vertex -42.99775906652212 66.51536686718464 5
      vertex -42.99775906652212 66.51536686718464 0
    endloop
  endfacet
  facet normal -0.8968727332159228 0.44228870708373325 0
    outer loop
      vertex -42.99775906652212 66.51536686718464 0
      vertex -42.882050804793835 66.75 5
      vertex -42.882050804793835 66.75 0
    endloop
  endfacet
  facet normal -0.8314696207458843 0.5555702203832522 0
    outer loop
      vertex -42.882050804793835 66.75 0
      vertex -42.73670668154955 66.96752285957336 5
      vertex -42.73670668154955 66.96752285957336 0
    endloop
  endfacet
  facet normal -0.7518397936522605 0.6593458308664174 0
    outer loop
      vertex -42.73670668154955 66.96752285957336 0
      vertex -42.56421355903149 67.1642135605216 5
      vertex -42.56421355903149 67.1642135605216 0
    endloop
  endfacet
  facet normal -0.6593458308664174 0.7518397936522605 0
    outer loop
      vertex -42.56421355903149 67.1642135605216 0
      vertex -42.36752285808325 67.33670668303967 5
      vertex -42.36752285808325 67.33670668303967 0
    endloop
  endfacet
  facet normal -0.5555702203832522 0.8314696207458843 0
    outer loop
      vertex -42.36752285808325 67.33670668303967 0
      vertex -42.149999998509884 67.48205080628395 5
      vertex -42.149999998509884 67.48205080628395 0
    endloop
  endfacet
  facet normal -0.44228870708373325 0.8968727332159228 0
    outer loop
      vertex -42.149999998509884 67.48205080628395 0
      vertex -41.91536686569452 67.59775906801224 5
      vertex -41.91536686569452 67.59775906801224 0
    endloop
  endfacet
  facet normal -0.3214394665972703 0.946930129055815 0
    outer loop
      vertex -41.91536686569452 67.59775906801224 0
      vertex -41.66763809323311 67.68185165524483 5
      vertex -41.66763809323311 67.68185165524483 0
    endloop
  endfacet
  facet normal -0.19509029664619323 0.9807852854496241 0
    outer loop
      vertex -41.66763809323311 67.68185165524483 0
      vertex -41.411052383482456 67.73288971930742 5
      vertex -41.411052383482456 67.73288971930742 0
    endloop
  endfacet
  facet normal -0.06540314219103631 0.9978589223891017 0
    outer loop
      vertex -41.411052383482456 67.73288971930742 0
      vertex -41.149999998509884 67.75 5
      vertex -41.149999998509884 67.75 0
    endloop
  endfacet
  facet normal 0.6593457684533662 -0.751839848387035 0
    outer loop
      vertex -41.00355339050293 65.60355339199305 0
      vertex -40.954380713403225 65.64667666703463 0
      vertex -40.954380713403225 65.64667666703463 5
    endloop
  endfacet
  facet normal 0.5555702597613149 -0.8314695944343035 0
    outer loop
      vertex -40.954380713403225 65.64667666703463 0
      vertex -40.899999998509884 65.68301270157099 0
      vertex -40.899999998509884 65.68301270157099 5
    endloop
  endfacet
  facet normal 0.44228872967800165 -0.8968727220736616 0
    outer loop
      vertex -40.899999998509884 65.68301270157099 0
      vertex -40.841341719031334 65.71193976700306 0
      vertex -40.841341719031334 65.71193976700306 5
    endloop
  endfacet
  facet normal 0.32143944059148594 -0.9469301378835888 0
    outer loop
      vertex -40.841341719031334 65.71193976700306 0
      vertex -40.779409520328045 65.7329629138112 0
      vertex -40.779409520328045 65.7329629138112 5
    endloop
  endfacet
  facet normal 0.19509028559859504 -0.9807852876471275 0
    outer loop
      vertex -40.779409520328045 65.7329629138112 0
      vertex -40.71526309847832 65.74572242796421 0
      vertex -40.71526309847832 65.74572242796421 5
    endloop
  endfacet
  facet normal 0.065403166831347 -0.9978589207740898 0
    outer loop
      vertex -40.71526309847832 65.74572242796421 0
      vertex -40.649999998509884 65.75 0
      vertex -40.649999998509884 65.75 5
    endloop
  endfacet
  facet normal 0.9978589277214253 -0.06540306083546474 0
    outer loop
      vertex -41.149999998509884 65.25 0
      vertex -41.145722433924675 65.31526309251785 5
      vertex -41.149999998509884 65.25 5
    endloop
  endfacet
  facet normal 0.9807852701856375 -0.19509037338342952 0
    outer loop
      vertex -41.145722433924675 65.31526309251785 0
      vertex -41.13296291232109 65.37940952181816 5
      vertex -41.145722433924675 65.31526309251785 5
    endloop
  endfacet
  facet normal 0.9469301261132232 -0.32143947526586597 0
    outer loop
      vertex -41.13296291232109 65.37940952181816 0
      vertex -41.11193976551294 65.44134171307087 5
      vertex -41.13296291232109 65.37940952181816 5
    endloop
  endfacet
  facet normal 0.896872744358182 -0.44228868448946673 0
    outer loop
      vertex -41.11193976551294 65.44134171307087 0
      vertex -41.08301270008087 65.5 5
      vertex -41.11193976551294 65.44134171307087 5
    endloop
  endfacet
  facet normal 0.8314696470574648 -0.5555701810051856 0
    outer loop
      vertex -41.08301270008087 65.5 0
      vertex -41.04667667299509 65.55438071489334 5
      vertex -41.08301270008087 65.5 5
    endloop
  endfacet
  facet normal 0.7518397919154268 -0.6593458328468966 0
    outer loop
      vertex -41.04667667299509 65.55438071489334 0
      vertex -41.00355339050293 65.60355339199305 5
      vertex -41.04667667299509 65.55438071489334 5
    endloop
  endfacet
  facet normal 0.6593457684533662 -0.751839848387035 0
    outer loop
      vertex -41.00355339050293 65.60355339199305 0
      vertex -40.954380713403225 65.64667666703463 5
      vertex -41.00355339050293 65.60355339199305 5
    endloop
  endfacet
  facet normal -0.9978589242477587 0.06540311383340917 0
    outer loop
      vertex -43.149999998509884 65.75 0
      vertex -43.149999998509884 65.75 5
      vertex -43.13288972526789 66.01105238497257 5
    endloop
  endfacet
  facet normal -0.9807852789163828 0.1950903294910154 0
    outer loop
      vertex -43.13288972526789 66.01105238497257 0
      vertex -43.13288972526789 66.01105238497257 5
      vertex -43.08185165375471 66.26763808727264 5
    endloop
  endfacet
  facet normal -0.9469301319984065 0.321439457928675 0
    outer loop
      vertex -43.08185165375471 66.26763808727264 0
      vertex -43.08185165375471 66.26763808727264 5
      vertex -42.99775906652212 66.51536686718464 5
    endloop
  endfacet
  facet normal -0.8968727332159228 0.44228870708373325 0
    outer loop
      vertex -42.99775906652212 66.51536686718464 0
      vertex -42.99775906652212 66.51536686718464 5
      vertex -42.882050804793835 66.75 5
    endloop
  endfacet
  facet normal -0.8314696207458843 0.5555702203832522 0
    outer loop
      vertex -42.882050804793835 66.75 0
      vertex -42.882050804793835 66.75 5
      vertex -42.73670668154955 66.96752285957336 5
    endloop
  endfacet
  facet normal -0.7518397936522605 0.6593458308664174 0
    outer loop
      vertex -42.73670668154955 66.96752285957336 0
      vertex -42.73670668154955 66.96752285957336 5
      vertex -42.56421355903149 67.1642135605216 5
    endloop
  endfacet
  facet normal -0.6593458308664174 0.7518397936522605 0
    outer loop
      vertex -42.56421355903149 67.1642135605216 0
      vertex -42.56421355903149 67.1642135605216 5
      vertex -42.36752285808325 67.33670668303967 5
    endloop
  endfacet
  facet normal -0.5555702203832522 0.8314696207458843 0
    outer loop
      vertex -42.36752285808325 67.33670668303967 0
      vertex -42.36752285808325 67.33670668303967 5
      vertex -42.149999998509884 67.48205080628395 5
    endloop
  endfacet
  facet normal -0.44228870708373325 0.8968727332159228 0
    outer loop
      vertex -42.149999998509884 67.48205080628395 0
      vertex -42.149999998509884 67.48205080628395 5
      vertex -41.91536686569452 67.59775906801224 5
    endloop
  endfacet
  facet normal -0.3214394665972703 0.946930129055815 0
    outer loop
      vertex -41.91536686569452 67.59775906801224 0
      vertex -41.91536686569452 67.59775906801224 5
      vertex -41.66763809323311 67.68185165524483 5
    endloop
  endfacet
  facet normal -0.19509029664619323 0.9807852854496241 0
    outer loop
      vertex -41.66763809323311 67.68185165524483 0
      vertex -41.66763809323311 67.68185165524483 5
      vertex -41.411052383482456 67.73288971930742 5
    endloop
  endfacet
  facet normal -0.06540314219103631 0.9978589223891017 0
    outer loop
      vertex -41.411052383482456 67.73288971930742 0
      vertex -41.411052383482456 67.73288971930742 5
      vertex -41.149999998509884 67.75 5
    endloop
  endfacet
  facet normal 0.5555702597613149 -0.8314695944343035 0
    outer loop
      vertex -40.954380713403225 65.64667666703463 0
      vertex -40.899999998509884 65.68301270157099 5
      vertex -40.954380713403225 65.64667666703463 5
    endloop
  endfacet
  facet normal 0.44228872967800165 -0.8968727220736616 0
    outer loop
      vertex -40.899999998509884 65.68301270157099 0
      vertex -40.841341719031334 65.71193976700306 5
      vertex -40.899999998509884 65.68301270157099 5
    endloop
  endfacet
  facet normal 0.32143944059148594 -0.9469301378835888 0
    outer loop
      vertex -40.841341719031334 65.71193976700306 0
      vertex -40.779409520328045 65.7329629138112 5
      vertex -40.841341719031334 65.71193976700306 5
    endloop
  endfacet
  facet normal 0.19509028559859504 -0.9807852876471275 0
    outer loop
      vertex -40.779409520328045 65.7329629138112 0
      vertex -40.71526309847832 65.74572242796421 5
      vertex -40.779409520328045 65.7329629138112 5
    endloop
  endfacet
  facet normal 0.065403166831347 -0.9978589207740898 0
    outer loop
      vertex -40.71526309847832 65.74572242796421 0
      vertex -40.649999998509884 65.75 5
      vertex -40.71526309847832 65.74572242796421 5
    endloop
  endfacet
  facet normal 0 0 1
    outer loop
      vertex -41.149999998509884 65.25 5
      vertex -41.145722433924675 65.31526309251785 5
      vertex -43.149999998509884 65.75 5
    endloop
  endfacet
  facet normal 0 0 1
    outer loop
      vertex -41.145722433924675 65.31526309251785 5
      vertex -41.13296291232109 65.37940952181816 5
      vertex -43.149999998509884 65.75 5
    endloop
  endfacet
  facet normal 0 0 1
    outer loop
      vertex -41.13296291232109 65.37940952181816 5
      vertex -41.11193976551294 65.44134171307087 5
      vertex -43.149999998509884 65.75 5
    endloop
  endfacet
  facet normal 0 0 1
    outer loop
      vertex -41.11193976551294 65.44134171307087 5
      vertex -43.13288972526789 66.01105238497257 5
      vertex -43.149999998509884 65.75 5
    endloop
  endfacet
  facet normal 0 0 1
    outer loop
      vertex -41.08301270008087 65.5 5
      vertex -43.08185165375471 66.26763808727264 5
      vertex -43.13288972526789 66.01105238497257 5
    endloop
  endfacet
  facet normal 0 0 1
    outer loop
      vertex -41.08301270008087 65.5 5
      vertex -42.99775906652212 66.51536686718464 5
      vertex -43.08185165375471 66.26763808727264 5
    endloop
  endfacet
  facet normal 0 0 1
    outer loop
      vertex -41.04667667299509 65.55438071489334 5
      vertex -42.882050804793835 66.75 5
      vertex -42.99775906652212 66.51536686718464 5
    endloop
  endfacet
  facet normal 0 0 1
    outer loop
      vertex -41.04667667299509 65.55438071489334 5
      vertex -42.73670668154955 66.96752285957336 5
      vertex -42.882050804793835 66.75 5
    endloop
  endfacet
  facet normal 0 0 1
    outer loop
      vertex -41.00355339050293 65.60355339199305 5
      vertex -42.56421355903149 67.1642135605216 5
      vertex -42.73670668154955 66.96752285957336 5
    endloop
  endfacet
  facet normal 0 0 1
    outer loop
      vertex -42.56421355903149 67.1642135605216 5
      vertex -40.954380713403225 65.64667666703463 5
      vertex -42.36752285808325 67.33670668303967 5
    endloop
  endfacet
  facet normal 0 0 1
    outer loop
      vertex -41.11193976551294 65.44134171307087 5
      vertex -41.08301270008087 65.5 5
      vertex -43.13288972526789 66.01105238497257 5
    endloop
  endfacet
  facet normal 0 0 1
    outer loop
      vertex -41.08301270008087 65.5 5
      vertex -41.04667667299509 65.55438071489334 5
      vertex -42.99775906652212 66.51536686718464 5
    endloop
  endfacet
  facet normal 0 0 1
    outer loop
      vertex -41.04667667299509 65.55438071489334 5
      vertex -41.00355339050293 65.60355339199305 5
      vertex -42.73670668154955 66.96752285957336 5
    endloop
  endfacet
  facet normal 0 0 1
    outer loop
      vertex -41.00355339050293 65.60355339199305 5
      vertex -40.954380713403225 65.64667666703463 5
      vertex -42.56421355903149 67.1642135605216 5
    endloop
  endfacet
  facet normal 0 0 1
    outer loop
      vertex -42.149999998509884 67.48205080628395 5
      vertex -40.954380713403225 65.64667666703463 5
      vertex -40.899999998509884 65.68301270157099 5
    endloop
  endfacet
  facet normal 0 0 1
    outer loop
      vertex -42.36752285808325 67.33670668303967 5
      vertex -40.954380713403225 65.64667666703463 5
      vertex -42.149999998509884 67.48205080628395 5
    endloop
  endfacet
  facet normal 0 0 1
    outer loop
      vertex -42.149999998509884 67.48205080628395 5
      vertex -40.899999998509884 65.68301270157099 5
      vertex -41.91536686569452 67.59775906801224 5
    endloop
  endfacet
  facet normal 0 0 1
    outer loop
      vertex -41.91536686569452 67.59775906801224 5
      vertex -40.899999998509884 65.68301270157099 5
      vertex -41.66763809323311 67.68185165524483 5
    endloop
  endfacet
  facet normal 0 0 1
    outer loop
      vertex -41.66763809323311 67.68185165524483 5
      vertex -40.841341719031334 65.71193976700306 5
      vertex -41.411052383482456 67.73288971930742 5
    endloop
  endfacet
  facet normal 0 0 1
    outer loop
      vertex -41.66763809323311 67.68185165524483 5
      vertex -40.899999998509884 65.68301270157099 5
      vertex -40.841341719031334 65.71193976700306 5
    endloop
  endfacet
  facet normal 0 0 1
    outer loop
      vertex -41.411052383482456 67.73288971930742 5
      vertex -40.841341719031334 65.71193976700306 5
      vertex -40.779409520328045 65.7329629138112 5
    endloop
  endfacet
  facet normal 0 0 1
    outer loop
      vertex -41.149999998509884 67.75 5
      vertex -40.779409520328045 65.7329629138112 5
      vertex -40.71526309847832 65.74572242796421 5
    endloop
  endfacet
  facet normal 0 0 1
    outer loop
      vertex -41.149999998509884 67.75 5
      vertex -40.71526309847832 65.74572242796421 5
      vertex -40.649999998509884 65.75 5
    endloop
  endfacet
  facet normal 0 0 1
    outer loop
      vertex -41.411052383482456 67.73288971930742 5
      vertex -40.779409520328045 65.7329629138112 5
      vertex -41.149999998509884 67.75 5
    endloop
  endfacet
  facet normal 0 -1 0
    outer loop
      vertex -40.649999998509884 65.75 0
      vertex 40.649999998509884 65.75 5
      vertex -40.649999998509884 65.75 5
    endloop
  endfacet
  facet normal 0 1 0
    outer loop
      vertex -41.149999998509884 67.75 0
      vertex -41.149999998509884 67.75 5
      vertex 41.149999998509884 67.75 5
    endloop
  endfacet
  facet normal 0 0 1
    outer loop
      vertex -41.149999998509884 67.75 5
      vertex -40.649999998509884 65.75 5
      vertex 40.649999998509884 65.75 5
    endloop
  endfacet
  facet normal 0 1 0
    outer loop
      vertex 40.649999998509884 4.25 0
      vertex 8.558224994095346 4.25 0
      vertex 8.558224994095346 4.25 1
    endloop
  endfacet
  facet normal 0 1 0
    outer loop
      vertex -40.649999998509884 4.25 5
      vertex 40.649999998509884 4.25 0
      vertex 8.558224994095346 4.25 1
    endloop
  endfacet
  facet normal 0 -1 0
    outer loop
      vertex -41.149999998509884 2.25 5
      vertex 41.149999998509884 2.25 0
      vertex 41.149999998509884 2.25 5
    endloop
  endfacet
  facet normal 0 1 0
    outer loop
      vertex -40.649999998509884 4.25 5
      vertex 40.649999998509884 4.25 5
      vertex 40.649999998509884 4.25 0
    endloop
  endfacet
  facet normal 0 0 1
    outer loop
      vertex -41.149999998509884 2.25 5
      vertex 41.149999998509884 2.25 5
      vertex 40.649999998509884 4.25 5
    endloop
  endfacet
  facet normal -0.065403166831347 0.9978589207740898 0
    outer loop
      vertex 40.649999998509884 4.25 0
      vertex 40.649999998509884 4.25 5
      vertex 40.71526309847832 4.2542775720357895 0
    endloop
  endfacet
  facet normal -0.19509028559859504 0.9807852876471275 0
    outer loop
      vertex 40.71526309847832 4.2542775720357895 0
      vertex 40.71526309847832 4.2542775720357895 5
      vertex 40.779409520328045 4.267037086188793 0
    endloop
  endfacet
  facet normal -0.32143944059148594 0.9469301378835888 0
    outer loop
      vertex 40.779409520328045 4.267037086188793 0
      vertex 40.779409520328045 4.267037086188793 5
      vertex 40.841341719031334 4.288060232996941 0
    endloop
  endfacet
  facet normal -0.44228872967800165 0.8968727220736616 0
    outer loop
      vertex 40.841341719031334 4.288060232996941 0
      vertex 40.841341719031334 4.288060232996941 5
      vertex 40.899999998509884 4.316987298429012 0
    endloop
  endfacet
  facet normal -0.5555702597613149 0.8314695944343035 0
    outer loop
      vertex 40.954380713403225 4.353323332965374 0
      vertex 40.899999998509884 4.316987298429012 0
      vertex 40.899999998509884 4.316987298429012 5
    endloop
  endfacet
  facet normal -0.6593457684533662 0.751839848387035 0
    outer loop
      vertex 40.954380713403225 4.353323332965374 0
      vertex 40.954380713403225 4.353323332965374 5
      vertex 41.00355339050293 4.396446608006954 0
    endloop
  endfacet
  facet normal 0.06540314219103631 -0.9978589223891017 0
    outer loop
      vertex 41.149999998509884 2.25 0
      vertex 41.411052383482456 2.2671102806925774 0
      vertex 41.149999998509884 2.25 5
    endloop
  endfacet
  facet normal 0.19509029664619323 -0.9807852854496241 0
    outer loop
      vertex 41.411052383482456 2.2671102806925774 0
      vertex 41.66763809323311 2.3181483447551727 0
      vertex 41.411052383482456 2.2671102806925774 5
    endloop
  endfacet
  facet normal 0.3214394665972703 -0.946930129055815 0
    outer loop
      vertex 41.66763809323311 2.3181483447551727 0
      vertex 41.91536686569452 2.4022409319877625 0
      vertex 41.66763809323311 2.3181483447551727 5
    endloop
  endfacet
  facet normal 0.44228870708373325 -0.8968727332159228 0
    outer loop
      vertex 41.91536686569452 2.4022409319877625 0
      vertex 42.149999998509884 2.517949193716049 0
      vertex 41.91536686569452 2.4022409319877625 5
    endloop
  endfacet
  facet normal 0.5555702203832522 -0.8314696207458843 0
    outer loop
      vertex 42.149999998509884 2.517949193716049 0
      vertex 42.36752285808325 2.6632933169603348 0
      vertex 42.149999998509884 2.517949193716049 5
    endloop
  endfacet
  facet normal 0.6593458308664174 -0.7518397936522605 0
    outer loop
      vertex 42.36752285808325 2.6632933169603348 0
      vertex 42.56421355903149 2.8357864394783974 0
      vertex 42.36752285808325 2.6632933169603348 5
    endloop
  endfacet
  facet normal 0.7518397936522605 -0.6593458308664174 0
    outer loop
      vertex 42.56421355903149 2.8357864394783974 0
      vertex 42.73670668154955 3.0324771404266357 0
      vertex 42.56421355903149 2.8357864394783974 5
    endloop
  endfacet
  facet normal 0.8314696207458843 -0.5555702203832522 0
    outer loop
      vertex 42.73670668154955 3.0324771404266357 0
      vertex 42.882050804793835 3.25 0
      vertex 42.73670668154955 3.0324771404266357 5
    endloop
  endfacet
  facet normal 0.8968727332159228 -0.44228870708373325 0
    outer loop
      vertex 42.882050804793835 3.25 0
      vertex 42.99775906652212 3.484633132815361 0
      vertex 42.882050804793835 3.25 5
    endloop
  endfacet
  facet normal 0.9469301319984065 -0.321439457928675 0
    outer loop
      vertex 42.99775906652212 3.484633132815361 0
      vertex 43.08185165375471 3.732361912727356 0
      vertex 42.99775906652212 3.484633132815361 5
    endloop
  endfacet
  facet normal 0.9807852789163828 -0.1950903294910154 0
    outer loop
      vertex 43.08185165375471 3.732361912727356 0
      vertex 43.13288972526789 3.9889476150274277 0
      vertex 43.08185165375471 3.732361912727356 5
    endloop
  endfacet
  facet normal 0.9978589242477587 -0.06540311383340917 0
    outer loop
      vertex 43.13288972526789 3.9889476150274277 0
      vertex 43.149999998509884 4.25 0
      vertex 43.13288972526789 3.9889476150274277 5
    endloop
  endfacet
  facet normal -0.7518397919154268 0.6593458328468966 0
    outer loop
      vertex 41.00355339050293 4.396446608006954 0
      vertex 41.00355339050293 4.396446608006954 5
      vertex 41.04667667299509 4.445619285106659 0
    endloop
  endfacet
  facet normal -0.8314696470574648 0.5555701810051856 0
    outer loop
      vertex 41.04667667299509 4.445619285106659 0
      vertex 41.04667667299509 4.445619285106659 5
      vertex 41.08301270008087 4.5 0
    endloop
  endfacet
  facet normal -0.896872744358182 0.44228868448946673 0
    outer loop
      vertex 41.08301270008087 4.5 0
      vertex 41.08301270008087 4.5 5
      vertex 41.11193976551294 4.5586582869291306 0
    endloop
  endfacet
  facet normal -0.9469301261132232 0.32143947526586597 0
    outer loop
      vertex 41.11193976551294 4.5586582869291306 0
      vertex 41.11193976551294 4.5586582869291306 5
      vertex 41.13296291232109 4.620590478181839 0
    endloop
  endfacet
  facet normal -0.9807852701856375 0.19509037338342952 0
    outer loop
      vertex 41.13296291232109 4.620590478181839 0
      vertex 41.13296291232109 4.620590478181839 5
      vertex 41.145722433924675 4.684736907482147 0
    endloop
  endfacet
  facet normal -0.9978589277214253 0.06540306083546474 0
    outer loop
      vertex 41.145722433924675 4.684736907482147 0
      vertex 41.145722433924675 4.684736907482147 5
      vertex 41.149999998509884 4.75 0
    endloop
  endfacet
  facet normal -0.065403166831347 0.9978589207740898 0
    outer loop
      vertex 40.71526309847832 4.2542775720357895 0
      vertex 40.649999998509884 4.25 5
      vertex 40.71526309847832 4.2542775720357895 5
    endloop
  endfacet
  facet normal -0.19509028559859504 0.9807852876471275 0
    outer loop
      vertex 40.779409520328045 4.267037086188793 0
      vertex 40.71526309847832 4.2542775720357895 5
      vertex 40.779409520328045 4.267037086188793 5
    endloop
  endfacet
  facet normal -0.32143944059148594 0.9469301378835888 0
    outer loop
      vertex 40.841341719031334 4.288060232996941 0
      vertex 40.779409520328045 4.267037086188793 5
      vertex 40.841341719031334 4.288060232996941 5
    endloop
  endfacet
  facet normal -0.5555702597613149 0.8314695944343035 0
    outer loop
      vertex 40.954380713403225 4.353323332965374 0
      vertex 40.899999998509884 4.316987298429012 5
      vertex 40.954380713403225 4.353323332965374 5
    endloop
  endfacet
  facet normal -0.44228872967800165 0.8968727220736616 0
    outer loop
      vertex 40.899999998509884 4.316987298429012 0
      vertex 40.841341719031334 4.288060232996941 5
      vertex 40.899999998509884 4.316987298429012 5
    endloop
  endfacet
  facet normal 0.06540314219103631 -0.9978589223891017 0
    outer loop
      vertex 41.411052383482456 2.2671102806925774 0
      vertex 41.411052383482456 2.2671102806925774 5
      vertex 41.149999998509884 2.25 5
    endloop
  endfacet
  facet normal 0.19509029664619323 -0.9807852854496241 0
    outer loop
      vertex 41.66763809323311 2.3181483447551727 0
      vertex 41.66763809323311 2.3181483447551727 5
      vertex 41.411052383482456 2.2671102806925774 5
    endloop
  endfacet
  facet normal 0.3214394665972703 -0.946930129055815 0
    outer loop
      vertex 41.91536686569452 2.4022409319877625 0
      vertex 41.91536686569452 2.4022409319877625 5
      vertex 41.66763809323311 2.3181483447551727 5
    endloop
  endfacet
  facet normal 0.44228870708373325 -0.8968727332159228 0
    outer loop
      vertex 42.149999998509884 2.517949193716049 0
      vertex 42.149999998509884 2.517949193716049 5
      vertex 41.91536686569452 2.4022409319877625 5
    endloop
  endfacet
  facet normal 0.5555702203832522 -0.8314696207458843 0
    outer loop
      vertex 42.36752285808325 2.6632933169603348 0
      vertex 42.36752285808325 2.6632933169603348 5
      vertex 42.149999998509884 2.517949193716049 5
    endloop
  endfacet
  facet normal 0.6593458308664174 -0.7518397936522605 0
    outer loop
      vertex 42.56421355903149 2.8357864394783974 0
      vertex 42.56421355903149 2.8357864394783974 5
      vertex 42.36752285808325 2.6632933169603348 5
    endloop
  endfacet
  facet normal 0.7518397936522605 -0.6593458308664174 0
    outer loop
      vertex 42.73670668154955 3.0324771404266357 0
      vertex 42.73670668154955 3.0324771404266357 5
      vertex 42.56421355903149 2.8357864394783974 5
    endloop
  endfacet
  facet normal 0.8314696207458843 -0.5555702203832522 0
    outer loop
      vertex 42.882050804793835 3.25 0
      vertex 42.882050804793835 3.25 5
      vertex 42.73670668154955 3.0324771404266357 5
    endloop
  endfacet
  facet normal 0.8968727332159228 -0.44228870708373325 0
    outer loop
      vertex 42.99775906652212 3.484633132815361 0
      vertex 42.99775906652212 3.484633132815361 5
      vertex 42.882050804793835 3.25 5
    endloop
  endfacet
  facet normal 0.9469301319984065 -0.321439457928675 0
    outer loop
      vertex 43.08185165375471 3.732361912727356 0
      vertex 43.08185165375471 3.732361912727356 5
      vertex 42.99775906652212 3.484633132815361 5
    endloop
  endfacet
  facet normal 0.9807852789163828 -0.1950903294910154 0
    outer loop
      vertex 43.13288972526789 3.9889476150274277 0
      vertex 43.13288972526789 3.9889476150274277 5
      vertex 43.08185165375471 3.732361912727356 5
    endloop
  endfacet
  facet normal 0.9978589242477587 -0.06540311383340917 0
    outer loop
      vertex 43.149999998509884 4.25 0
      vertex 43.149999998509884 4.25 5
      vertex 43.13288972526789 3.9889476150274277 5
    endloop
  endfacet
  facet normal -0.6593457684533662 0.751839848387035 0
    outer loop
      vertex 41.00355339050293 4.396446608006954 0
      vertex 40.954380713403225 4.353323332965374 5
      vertex 41.00355339050293 4.396446608006954 5
    endloop
  endfacet
  facet normal -0.7518397919154268 0.6593458328468966 0
    outer loop
      vertex 41.04667667299509 4.445619285106659 0
      vertex 41.00355339050293 4.396446608006954 5
      vertex 41.04667667299509 4.445619285106659 5
    endloop
  endfacet
  facet normal -0.8314696470574648 0.5555701810051856 0
    outer loop
      vertex 41.08301270008087 4.5 0
      vertex 41.04667667299509 4.445619285106659 5
      vertex 41.08301270008087 4.5 5
    endloop
  endfacet
  facet normal -0.896872744358182 0.44228868448946673 0
    outer loop
      vertex 41.11193976551294 4.5586582869291306 0
      vertex 41.08301270008087 4.5 5
      vertex 41.11193976551294 4.5586582869291306 5
    endloop
  endfacet
  facet normal -0.9469301261132232 0.32143947526586597 0
    outer loop
      vertex 41.13296291232109 4.620590478181839 0
      vertex 41.11193976551294 4.5586582869291306 5
      vertex 41.13296291232109 4.620590478181839 5
    endloop
  endfacet
  facet normal -0.9807852701856375 0.19509037338342952 0
    outer loop
      vertex 41.145722433924675 4.684736907482147 0
      vertex 41.13296291232109 4.620590478181839 5
      vertex 41.145722433924675 4.684736907482147 5
    endloop
  endfacet
  facet normal -0.9978589277214253 0.06540306083546474 0
    outer loop
      vertex 41.149999998509884 4.75 0
      vertex 41.145722433924675 4.684736907482147 5
      vertex 41.149999998509884 4.75 5
    endloop
  endfacet
  facet normal 0 0 1
    outer loop
      vertex 40.841341719031334 4.288060232996941 5
      vertex 41.149999998509884 2.25 5
      vertex 41.411052383482456 2.2671102806925774 5
    endloop
  endfacet
  facet normal 0 0 1
    outer loop
      vertex 40.649999998509884 4.25 5
      vertex 41.149999998509884 2.25 5
      vertex 40.71526309847832 4.2542775720357895 5
    endloop
  endfacet
  facet normal 0 0 1
    outer loop
      vertex 40.779409520328045 4.267037086188793 5
      vertex 40.71526309847832 4.2542775720357895 5
      vertex 41.149999998509884 2.25 5
    endloop
  endfacet
  facet normal 0 0 1
    outer loop
      vertex 40.779409520328045 4.267037086188793 5
      vertex 41.149999998509884 2.25 5
      vertex 40.841341719031334 4.288060232996941 5
    endloop
  endfacet
  facet normal 0 0 1
    outer loop
      vertex 40.841341719031334 4.288060232996941 5
      vertex 41.411052383482456 2.2671102806925774 5
      vertex 40.899999998509884 4.316987298429012 5
    endloop
  endfacet
  facet normal 0 0 1
    outer loop
      vertex 40.899999998509884 4.316987298429012 5
      vertex 41.411052383482456 2.2671102806925774 5
      vertex 41.66763809323311 2.3181483447551727 5
    endloop
  endfacet
  facet normal 0 0 1
    outer loop
      vertex 40.899999998509884 4.316987298429012 5
      vertex 41.66763809323311 2.3181483447551727 5
      vertex 41.91536686569452 2.4022409319877625 5
    endloop
  endfacet
  facet normal 0 0 1
    outer loop
      vertex 40.954380713403225 4.353323332965374 5
      vertex 41.91536686569452 2.4022409319877625 5
      vertex 42.149999998509884 2.517949193716049 5
    endloop
  endfacet
  facet normal 0 0 1
    outer loop
      vertex 40.954380713403225 4.353323332965374 5
      vertex 42.149999998509884 2.517949193716049 5
      vertex 42.36752285808325 2.6632933169603348 5
    endloop
  endfacet
  facet normal 0 0 1
    outer loop
      vertex 40.954380713403225 4.353323332965374 5
      vertex 40.899999998509884 4.316987298429012 5
      vertex 41.91536686569452 2.4022409319877625 5
    endloop
  endfacet
  facet normal 0 0 1
    outer loop
      vertex 40.954380713403225 4.353323332965374 5
      vertex 42.36752285808325 2.6632933169603348 5
      vertex 41.00355339050293 4.396446608006954 5
    endloop
  endfacet
  facet normal 0 0 1
    outer loop
      vertex 42.56421355903149 2.8357864394783974 5
      vertex 41.04667667299509 4.445619285106659 5
      vertex 41.00355339050293 4.396446608006954 5
    endloop
  endfacet
  facet normal 0 0 1
    outer loop
      vertex 42.882050804793835 3.25 5
      vertex 41.08301270008087 4.5 5
      vertex 41.04667667299509 4.445619285106659 5
    endloop
  endfacet
  facet normal 0 0 1
    outer loop
      vertex 43.08185165375471 3.732361912727356 5
      vertex 41.11193976551294 4.5586582869291306 5
      vertex 41.08301270008087 4.5 5
    endloop
  endfacet
  facet normal 0 0 1
    outer loop
      vertex 42.36752285808325 2.6632933169603348 5
      vertex 42.56421355903149 2.8357864394783974 5
      vertex 41.00355339050293 4.396446608006954 5
    endloop
  endfacet
  facet normal 0 0 1
    outer loop
      vertex 42.56421355903149 2.8357864394783974 5
      vertex 42.73670668154955 3.0324771404266357 5
      vertex 41.04667667299509 4.445619285106659 5
    endloop
  endfacet
  facet normal 0 0 1
    outer loop
      vertex 42.73670668154955 3.0324771404266357 5
      vertex 42.882050804793835 3.25 5
      vertex 41.04667667299509 4.445619285106659 5
    endloop
  endfacet
  facet normal 0 0 1
    outer loop
      vertex 42.882050804793835 3.25 5
      vertex 42.99775906652212 3.484633132815361 5
      vertex 41.08301270008087 4.5 5
    endloop
  endfacet
  facet normal 0 0 1
    outer loop
      vertex 42.99775906652212 3.484633132815361 5
      vertex 43.08185165375471 3.732361912727356 5
      vertex 41.08301270008087 4.5 5
    endloop
  endfacet
  facet normal 0 0 1
    outer loop
      vertex 43.08185165375471 3.732361912727356 5
      vertex 43.13288972526789 3.9889476150274277 5
      vertex 41.11193976551294 4.5586582869291306 5
    endloop
  endfacet
  facet normal 0 0 1
    outer loop
      vertex 43.13288972526789 3.9889476150274277 5
      vertex 43.149999998509884 4.25 5
      vertex 41.13296291232109 4.620590478181839 5
    endloop
  endfacet
  facet normal 0 0 1
    outer loop
      vertex 43.13288972526789 3.9889476150274277 5
      vertex 41.13296291232109 4.620590478181839 5
      vertex 41.11193976551294 4.5586582869291306 5
    endloop
  endfacet
  facet normal 0 0 1
    outer loop
      vertex 43.149999998509884 4.25 5
      vertex 41.145722433924675 4.684736907482147 5
      vertex 41.13296291232109 4.620590478181839 5
    endloop
  endfacet
  facet normal 0 0 1
    outer loop
      vertex 43.149999998509884 4.25 5
      vertex 41.149999998509884 4.75 5
      vertex 41.145722433924675 4.684736907482147 5
    endloop
  endfacet
  facet normal -1 0 0
    outer loop
      vertex 41.149999998509884 4.75 0
      vertex 41.149999998509884 4.75 5
      vertex 41.149999998509884 65.25 0
    endloop
  endfacet
  facet normal 1 0 0
    outer loop
      vertex 43.149999998509884 4.25 0
      vertex 43.149999998509884 65.75 0
      vertex 43.149999998509884 4.25 5
    endloop
  endfacet
  facet normal 0 0 1
    outer loop
      vertex 43.149999998509884 4.25 5
      vertex 41.149999998509884 65.25 5
      vertex 41.149999998509884 4.75 5
    endloop
  endfacet
  facet normal 0 -1 0
    outer loop
      vertex -40.649999998509884 65.75 0
      vertex 40.649999998509884 65.75 0
      vertex 40.649999998509884 65.75 5
    endloop
  endfacet
  facet normal 0 1 0
    outer loop
      vertex -41.149999998509884 67.75 0
      vertex 41.149999998509884 67.75 5
      vertex 41.149999998509884 67.75 0
    endloop
  endfacet
  facet normal 0 0 1
    outer loop
      vertex -41.149999998509884 67.75 5
      vertex 40.649999998509884 65.75 5
      vertex 41.149999998509884 67.75 5
    endloop
  endfacet
  facet normal -1 0 0
    outer loop
      vertex 41.149999998509884 4.75 5
      vertex 41.149999998509884 65.25 5
      vertex 41.149999998509884 65.25 0
    endloop
  endfacet
  facet normal 1 0 0
    outer loop
      vertex 43.149999998509884 4.25 5
      vertex 43.149999998509884 65.75 0
      vertex 43.149999998509884 65.75 5
    endloop
  endfacet
  facet normal 0 0 1
    outer loop
      vertex 43.149999998509884 4.25 5
      vertex 43.149999998509884 65.75 5
      vertex 41.149999998509884 65.25 5
    endloop
  endfacet
  facet normal -0.9807852701856375 -0.19509037338342952 0
    outer loop
      vertex 41.13296291232109 65.37940952181816 0
      vertex 41.145722433924675 65.31526309251785 0
      vertex 41.145722433924675 65.31526309251785 5
    endloop
  endfacet
  facet normal -0.9469301261132232 -0.32143947526586597 0
    outer loop
      vertex 41.13296291232109 65.37940952181816 0
      vertex 41.13296291232109 65.37940952181816 5
      vertex 41.11193976551294 65.44134171307087 0
    endloop
  endfacet
  facet normal -0.896872744358182 -0.44228868448946673 0
    outer loop
      vertex 41.11193976551294 65.44134171307087 0
      vertex 41.11193976551294 65.44134171307087 5
      vertex 41.08301270008087 65.5 0
    endloop
  endfacet
  facet normal -0.7518397919154268 -0.6593458328468966 0
    outer loop
      vertex 41.04667667299509 65.55438071489334 0
      vertex 41.04667667299509 65.55438071489334 5
      vertex 41.00355339050293 65.60355339199305 0
    endloop
  endfacet
  facet normal -0.6593457684533662 -0.751839848387035 0
    outer loop
      vertex 41.00355339050293 65.60355339199305 0
      vertex 41.00355339050293 65.60355339199305 5
      vertex 40.954380713403225 65.64667666703463 0
    endloop
  endfacet
  facet normal -0.8314696470574648 -0.5555701810051856 0
    outer loop
      vertex 41.04667667299509 65.55438071489334 0
      vertex 41.08301270008087 65.5 0
      vertex 41.08301270008087 65.5 5
    endloop
  endfacet
  facet normal -0.9978589277214253 -0.06540306083546474 0
    outer loop
      vertex 41.149999998509884 65.25 0
      vertex 41.149999998509884 65.25 5
      vertex 41.145722433924675 65.31526309251785 0
    endloop
  endfacet
  facet normal -0.065403166831347 -0.9978589207740898 0
    outer loop
      vertex 40.649999998509884 65.75 0
      vertex 40.71526309847832 65.74572242796421 0
      vertex 40.71526309847832 65.74572242796421 5
    endloop
  endfacet
  facet normal -0.19509028559859504 -0.9807852876471275 0
    outer loop
      vertex 40.71526309847832 65.74572242796421 0
      vertex 40.779409520328045 65.7329629138112 0
      vertex 40.779409520328045 65.7329629138112 5
    endloop
  endfacet
  facet normal -0.32143944059148594 -0.9469301378835888 0
    outer loop
      vertex 40.779409520328045 65.7329629138112 0
      vertex 40.841341719031334 65.71193976700306 0
      vertex 40.841341719031334 65.71193976700306 5
    endloop
  endfacet
  facet normal -0.44228872967800165 -0.8968727220736616 0
    outer loop
      vertex 40.841341719031334 65.71193976700306 0
      vertex 40.899999998509884 65.68301270157099 0
      vertex 40.899999998509884 65.68301270157099 5
    endloop
  endfacet
  facet normal -0.5555702597613149 -0.8314695944343035 0
    outer loop
      vertex 40.899999998509884 65.68301270157099 0
      vertex 40.954380713403225 65.64667666703463 0
      vertex 40.954380713403225 65.64667666703463 5
    endloop
  endfacet
  facet normal 0.06540314219103631 0.9978589223891017 0
    outer loop
      vertex 41.149999998509884 67.75 0
      vertex 41.411052383482456 67.73288971930742 5
      vertex 41.411052383482456 67.73288971930742 0
    endloop
  endfacet
  facet normal 0.19509029664619323 0.9807852854496241 0
    outer loop
      vertex 41.411052383482456 67.73288971930742 0
      vertex 41.66763809323311 67.68185165524483 5
      vertex 41.66763809323311 67.68185165524483 0
    endloop
  endfacet
  facet normal 0.3214394665972703 0.946930129055815 0
    outer loop
      vertex 41.66763809323311 67.68185165524483 0
      vertex 41.91536686569452 67.59775906801224 5
      vertex 41.91536686569452 67.59775906801224 0
    endloop
  endfacet
  facet normal 0.6593458308664174 0.7518397936522605 0
    outer loop
      vertex 42.36752285808325 67.33670668303967 0
      vertex 42.56421355903149 67.1642135605216 5
      vertex 42.56421355903149 67.1642135605216 0
    endloop
  endfacet
  facet normal 0.44228870708373325 0.8968727332159228 0
    outer loop
      vertex 42.149999998509884 67.48205080628395 0
      vertex 41.91536686569452 67.59775906801224 0
      vertex 42.149999998509884 67.48205080628395 5
    endloop
  endfacet
  facet normal 0.5555702203832522 0.8314696207458843 0
    outer loop
      vertex 42.149999998509884 67.48205080628395 0
      vertex 42.36752285808325 67.33670668303967 5
      vertex 42.36752285808325 67.33670668303967 0
    endloop
  endfacet
  facet normal 0.9978589242477587 0.06540311383340917 0
    outer loop
      vertex 43.149999998509884 65.75 0
      vertex 43.13288972526789 66.01105238497257 0
      vertex 43.149999998509884 65.75 5
    endloop
  endfacet
  facet normal 0.9807852789163828 0.1950903294910154 0
    outer loop
      vertex 43.13288972526789 66.01105238497257 0
      vertex 43.08185165375471 66.26763808727264 0
      vertex 43.13288972526789 66.01105238497257 5
    endloop
  endfacet
  facet normal 0.9469301319984065 0.321439457928675 0
    outer loop
      vertex 43.08185165375471 66.26763808727264 0
      vertex 42.99775906652212 66.51536686718464 0
      vertex 43.08185165375471 66.26763808727264 5
    endloop
  endfacet
  facet normal 0.8968727332159228 0.44228870708373325 0
    outer loop
      vertex 42.99775906652212 66.51536686718464 0
      vertex 42.882050804793835 66.75 0
      vertex 42.99775906652212 66.51536686718464 5
    endloop
  endfacet
  facet normal 0.8314696207458843 0.5555702203832522 0
    outer loop
      vertex 42.73670668154955 66.96752285957336 0
      vertex 42.882050804793835 66.75 5
      vertex 42.882050804793835 66.75 0
    endloop
  endfacet
  facet normal 0.7518397936522605 0.6593458308664174 0
    outer loop
      vertex 42.73670668154955 66.96752285957336 0
      vertex 42.56421355903149 67.1642135605216 0
      vertex 42.73670668154955 66.96752285957336 5
    endloop
  endfacet
  facet normal -0.9807852701856375 -0.19509037338342952 0
    outer loop
      vertex 41.13296291232109 65.37940952181816 0
      vertex 41.145722433924675 65.31526309251785 5
      vertex 41.13296291232109 65.37940952181816 5
    endloop
  endfacet
  facet normal -0.9469301261132232 -0.32143947526586597 0
    outer loop
      vertex 41.11193976551294 65.44134171307087 0
      vertex 41.13296291232109 65.37940952181816 5
      vertex 41.11193976551294 65.44134171307087 5
    endloop
  endfacet
  facet normal -0.896872744358182 -0.44228868448946673 0
    outer loop
      vertex 41.08301270008087 65.5 0
      vertex 41.11193976551294 65.44134171307087 5
      vertex 41.08301270008087 65.5 5
    endloop
  endfacet
  facet normal -0.7518397919154268 -0.6593458328468966 0
    outer loop
      vertex 41.00355339050293 65.60355339199305 0
      vertex 41.04667667299509 65.55438071489334 5
      vertex 41.00355339050293 65.60355339199305 5
    endloop
  endfacet
  facet normal -0.8314696470574648 -0.5555701810051856 0
    outer loop
      vertex 41.04667667299509 65.55438071489334 0
      vertex 41.08301270008087 65.5 5
      vertex 41.04667667299509 65.55438071489334 5
    endloop
  endfacet
  facet normal -0.9978589277214253 -0.06540306083546474 0
    outer loop
      vertex 41.145722433924675 65.31526309251785 0
      vertex 41.149999998509884 65.25 5
      vertex 41.145722433924675 65.31526309251785 5
    endloop
  endfacet
  facet normal -0.065403166831347 -0.9978589207740898 0
    outer loop
      vertex 40.649999998509884 65.75 0
      vertex 40.71526309847832 65.74572242796421 5
      vertex 40.649999998509884 65.75 5
    endloop
  endfacet
  facet normal -0.19509028559859504 -0.9807852876471275 0
    outer loop
      vertex 40.71526309847832 65.74572242796421 0
      vertex 40.779409520328045 65.7329629138112 5
      vertex 40.71526309847832 65.74572242796421 5
    endloop
  endfacet
  facet normal -0.44228872967800165 -0.8968727220736616 0
    outer loop
      vertex 40.841341719031334 65.71193976700306 0
      vertex 40.899999998509884 65.68301270157099 5
      vertex 40.841341719031334 65.71193976700306 5
    endloop
  endfacet
  facet normal -0.32143944059148594 -0.9469301378835888 0
    outer loop
      vertex 40.779409520328045 65.7329629138112 0
      vertex 40.841341719031334 65.71193976700306 5
      vertex 40.779409520328045 65.7329629138112 5
    endloop
  endfacet
  facet normal -0.5555702597613149 -0.8314695944343035 0
    outer loop
      vertex 40.899999998509884 65.68301270157099 0
      vertex 40.954380713403225 65.64667666703463 5
      vertex 40.899999998509884 65.68301270157099 5
    endloop
  endfacet
  facet normal -0.6593457684533662 -0.751839848387035 0
    outer loop
      vertex 40.954380713403225 65.64667666703463 0
      vertex 41.00355339050293 65.60355339199305 5
      vertex 40.954380713403225 65.64667666703463 5
    endloop
  endfacet
  facet normal 0.06540314219103631 0.9978589223891017 0
    outer loop
      vertex 41.149999998509884 67.75 0
      vertex 41.149999998509884 67.75 5
      vertex 41.411052383482456 67.73288971930742 5
    endloop
  endfacet
  facet normal 0.19509029664619323 0.9807852854496241 0
    outer loop
      vertex 41.411052383482456 67.73288971930742 0
      vertex 41.411052383482456 67.73288971930742 5
      vertex 41.66763809323311 67.68185165524483 5
    endloop
  endfacet
  facet normal 0.3214394665972703 0.946930129055815 0
    outer loop
      vertex 41.66763809323311 67.68185165524483 0
      vertex 41.66763809323311 67.68185165524483 5
      vertex 41.91536686569452 67.59775906801224 5
    endloop
  endfacet
  facet normal 0.44228870708373325 0.8968727332159228 0
    outer loop
      vertex 41.91536686569452 67.59775906801224 0
      vertex 41.91536686569452 67.59775906801224 5
      vertex 42.149999998509884 67.48205080628395 5
    endloop
  endfacet
  facet normal 0.5555702203832522 0.8314696207458843 0
    outer loop
      vertex 42.149999998509884 67.48205080628395 0
      vertex 42.149999998509884 67.48205080628395 5
      vertex 42.36752285808325 67.33670668303967 5
    endloop
  endfacet
  facet normal 0.6593458308664174 0.7518397936522605 0
    outer loop
      vertex 42.36752285808325 67.33670668303967 0
      vertex 42.36752285808325 67.33670668303967 5
      vertex 42.56421355903149 67.1642135605216 5
    endloop
  endfacet
  facet normal 0.9978589242477587 0.06540311383340917 0
    outer loop
      vertex 43.13288972526789 66.01105238497257 0
      vertex 43.13288972526789 66.01105238497257 5
      vertex 43.149999998509884 65.75 5
    endloop
  endfacet
  facet normal 0.9469301319984065 0.321439457928675 0
    outer loop
      vertex 42.99775906652212 66.51536686718464 0
      vertex 42.99775906652212 66.51536686718464 5
      vertex 43.08185165375471 66.26763808727264 5
    endloop
  endfacet
  facet normal 0.9807852789163828 0.1950903294910154 0
    outer loop
      vertex 43.08185165375471 66.26763808727264 0
      vertex 43.08185165375471 66.26763808727264 5
      vertex 43.13288972526789 66.01105238497257 5
    endloop
  endfacet
  facet normal 0.8968727332159228 0.44228870708373325 0
    outer loop
      vertex 42.882050804793835 66.75 0
      vertex 42.882050804793835 66.75 5
      vertex 42.99775906652212 66.51536686718464 5
    endloop
  endfacet
  facet normal 0.8314696207458843 0.5555702203832522 0
    outer loop
      vertex 42.73670668154955 66.96752285957336 0
      vertex 42.73670668154955 66.96752285957336 5
      vertex 42.882050804793835 66.75 5
    endloop
  endfacet
  facet normal 0.7518397936522605 0.6593458308664174 0
    outer loop
      vertex 42.56421355903149 67.1642135605216 0
      vertex 42.56421355903149 67.1642135605216 5
      vertex 42.73670668154955 66.96752285957336 5
    endloop
  endfacet
  facet normal 0 0 1
    outer loop
      vertex 41.149999998509884 65.25 5
      vertex 43.149999998509884 65.75 5
      vertex 41.145722433924675 65.31526309251785 5
    endloop
  endfacet
  facet normal 0 0 1
    outer loop
      vertex 41.13296291232109 65.37940952181816 5
      vertex 41.145722433924675 65.31526309251785 5
      vertex 43.149999998509884 65.75 5
    endloop
  endfacet
  facet normal 0 0 1
    outer loop
      vertex 41.13296291232109 65.37940952181816 5
      vertex 43.13288972526789 66.01105238497257 5
      vertex 41.11193976551294 65.44134171307087 5
    endloop
  endfacet
  facet normal 0 0 1
    outer loop
      vertex 40.649999998509884 65.75 5
      vertex 40.71526309847832 65.74572242796421 5
      vertex 41.149999998509884 67.75 5
    endloop
  endfacet
  facet normal 0 0 1
    outer loop
      vertex 40.779409520328045 65.7329629138112 5
      vertex 40.841341719031334 65.71193976700306 5
      vertex 41.149999998509884 67.75 5
    endloop
  endfacet
  facet normal 0 0 1
    outer loop
      vertex 40.71526309847832 65.74572242796421 5
      vertex 40.779409520328045 65.7329629138112 5
      vertex 41.149999998509884 67.75 5
    endloop
  endfacet
  facet normal 0 0 1
    outer loop
      vertex 40.841341719031334 65.71193976700306 5
      vertex 40.899999998509884 65.68301270157099 5
      vertex 41.411052383482456 67.73288971930742 5
    endloop
  endfacet
  facet normal 0 0 1
    outer loop
      vertex 40.841341719031334 65.71193976700306 5
      vertex 41.411052383482456 67.73288971930742 5
      vertex 41.149999998509884 67.75 5
    endloop
  endfacet
  facet normal 0 0 1
    outer loop
      vertex 41.11193976551294 65.44134171307087 5
      vertex 43.08185165375471 66.26763808727264 5
      vertex 41.08301270008087 65.5 5
    endloop
  endfacet
  facet normal 0 0 1
    outer loop
      vertex 41.04667667299509 65.55438071489334 5
      vertex 41.08301270008087 65.5 5
      vertex 42.882050804793835 66.75 5
    endloop
  endfacet
  facet normal 0 0 1
    outer loop
      vertex 41.04667667299509 65.55438071489334 5
      vertex 42.56421355903149 67.1642135605216 5
      vertex 41.00355339050293 65.60355339199305 5
    endloop
  endfacet
  facet normal 0 0 1
    outer loop
      vertex 40.899999998509884 65.68301270157099 5
      vertex 40.954380713403225 65.64667666703463 5
      vertex 41.91536686569452 67.59775906801224 5
    endloop
  endfacet
  facet normal 0 0 1
    outer loop
      vertex 41.00355339050293 65.60355339199305 5
      vertex 42.36752285808325 67.33670668303967 5
      vertex 40.954380713403225 65.64667666703463 5
    endloop
  endfacet
  facet normal 0 0 1
    outer loop
      vertex 41.13296291232109 65.37940952181816 5
      vertex 43.149999998509884 65.75 5
      vertex 43.13288972526789 66.01105238497257 5
    endloop
  endfacet
  facet normal 0 0 1
    outer loop
      vertex 41.11193976551294 65.44134171307087 5
      vertex 43.13288972526789 66.01105238497257 5
      vertex 43.08185165375471 66.26763808727264 5
    endloop
  endfacet
  facet normal 0 0 1
    outer loop
      vertex 41.08301270008087 65.5 5
      vertex 43.08185165375471 66.26763808727264 5
      vertex 42.99775906652212 66.51536686718464 5
    endloop
  endfacet
  facet normal 0 0 1
    outer loop
      vertex 41.00355339050293 65.60355339199305 5
      vertex 42.56421355903149 67.1642135605216 5
      vertex 42.36752285808325 67.33670668303967 5
    endloop
  endfacet
  facet normal 0 0 1
    outer loop
      vertex 41.04667667299509 65.55438071489334 5
      vertex 42.73670668154955 66.96752285957336 5
      vertex 42.56421355903149 67.1642135605216 5
    endloop
  endfacet
  facet normal 0 0 1
    outer loop
      vertex 41.08301270008087 65.5 5
      vertex 42.99775906652212 66.51536686718464 5
      vertex 42.882050804793835 66.75 5
    endloop
  endfacet
  facet normal 0 0 1
    outer loop
      vertex 41.04667667299509 65.55438071489334 5
      vertex 42.882050804793835 66.75 5
      vertex 42.73670668154955 66.96752285957336 5
    endloop
  endfacet
  facet normal 0 0 1
    outer loop
      vertex 40.899999998509884 65.68301270157099 5
      vertex 41.91536686569452 67.59775906801224 5
      vertex 41.66763809323311 67.68185165524483 5
    endloop
  endfacet
  facet normal 0 0 1
    outer loop
      vertex 40.899999998509884 65.68301270157099 5
      vertex 41.66763809323311 67.68185165524483 5
      vertex 41.411052383482456 67.73288971930742 5
    endloop
  endfacet
  facet normal 0 0 1
    outer loop
      vertex 40.954380713403225 65.64667666703463 5
      vertex 42.149999998509884 67.48205080628395 5
      vertex 41.91536686569452 67.59775906801224 5
    endloop
  endfacet
  facet normal 0 0 1
    outer loop
      vertex 40.954380713403225 65.64667666703463 5
      vertex 42.36752285808325 67.33670668303967 5
      vertex 42.149999998509884 67.48205080628395 5
    endloop
  endfacet
  facet normal 0.7518397936522605 0.6593458308664174 1.4441415022481208e-16
    outer loop
      vertex -8.558224994095346 4.25 0
      vertex -8.414213560521603 4.085786439478397 -2.5
      vertex -8.586706683039665 4.282477140426636 -2.5
    endloop
  endfacet
  facet normal 0.9469301319984065 0.321439457928675 0
    outer loop
      vertex -8.847759068012238 4.734633132815361 -2.5
      vertex -8.931851655244827 4.982361912727356 -2.5
      vertex -8.931851655244827 4.982361912727356 0
    endloop
  endfacet
  facet normal 0.8314696207458843 0.5555702203832522 0
    outer loop
      vertex -8.586706683039665 4.282477140426636 -2.5
      vertex -8.73205080628395 4.5 -2.5
      vertex -8.73205080628395 4.5 0
    endloop
  endfacet
  facet normal 0.8968727332159228 0.44228870708373325 0
    outer loop
      vertex -8.73205080628395 4.5 -2.5
      vertex -8.847759068012238 4.734633132815361 -2.5
      vertex -8.847759068012238 4.734633132815361 0
    endloop
  endfacet
  facet normal 0.9807852843656897 0.19509030209549946 0
    outer loop
      vertex -8.931851655244827 4.982361912727356 -2.5
      vertex -8.982889719307423 5.238947615027428 -2.5
      vertex -8.982889719307423 5.238947615027428 0
    endloop
  endfacet
  facet normal 0.9978589223891017 0.06540314219103631 0
    outer loop
      vertex -8.982889719307423 5.238947615027428 -2.5
      vertex -9 5.5 -2.5
      vertex -9 5.5 0
    endloop
  endfacet
  facet normal 1 0 0
    outer loop
      vertex -9 5.5 -2.5
      vertex -9 6.5 -2.5
      vertex -9 6.5 0
    endloop
  endfacet
  facet normal 0.9978589223891017 -0.06540314219103631 0
    outer loop
      vertex -9 6.5 -2.5
      vertex -8.982889719307423 6.761052384972572 -2.5
      vertex -8.982889719307423 6.761052384972572 0
    endloop
  endfacet
  facet normal 0.9807852843656897 -0.19509030209549946 0
    outer loop
      vertex -8.982889719307423 6.761052384972572 -2.5
      vertex -8.931851655244827 7.017638087272644 -2.5
      vertex -8.931851655244827 7.017638087272644 0
    endloop
  endfacet
  facet normal 0.9469301319984065 -0.321439457928675 0
    outer loop
      vertex -8.931851655244827 7.017638087272644 -2.5
      vertex -8.847759068012238 7.265366867184639 -2.5
      vertex -8.847759068012238 7.265366867184639 0
    endloop
  endfacet
  facet normal 0.8968727332159228 -0.44228870708373325 0
    outer loop
      vertex -8.847759068012238 7.265366867184639 -2.5
      vertex -8.73205080628395 7.5 -2.5
      vertex -8.73205080628395 7.5 0
    endloop
  endfacet
  facet normal 0.8314696207458843 -0.5555702203832522 0
    outer loop
      vertex -8.73205080628395 7.5 -2.5
      vertex -8.586706683039665 7.717522859573364 -2.5
      vertex -8.586706683039665 7.717522859573364 0
    endloop
  endfacet
  facet normal 0.7518397936522605 -0.6593458308664174 0
    outer loop
      vertex -8.586706683039665 7.717522859573364 -2.5
      vertex -8.414213560521603 7.914213560521603 -2.5
      vertex -8.414213560521603 7.914213560521603 0
    endloop
  endfacet
  facet normal 0.6593458308664174 -0.7518397936522605 0
    outer loop
      vertex -8.414213560521603 7.914213560521603 -2.5
      vertex -8.217522859573364 8.086706683039665 -2.5
      vertex -8.217522859573364 8.086706683039665 0
    endloop
  endfacet
  facet normal 0.5555702203832522 -0.8314696207458843 0
    outer loop
      vertex -8.217522859573364 8.086706683039665 -2.5
      vertex -8 8.23205080628395 -2.5
      vertex -8 8.23205080628395 0
    endloop
  endfacet
  facet normal 0.44228870708373325 -0.8968727332159228 0
    outer loop
      vertex -8 8.23205080628395 -2.5
      vertex -7.765366867184639 8.347759068012238 -2.5
      vertex -7.765366867184639 8.347759068012238 0
    endloop
  endfacet
  facet normal 0.321439457928675 -0.9469301319984065 0
    outer loop
      vertex -7.765366867184639 8.347759068012238 -2.5
      vertex -7.517638087272644 8.431851655244827 -2.5
      vertex -7.517638087272644 8.431851655244827 0
    endloop
  endfacet
  facet normal 0.19509030209549946 -0.9807852843656897 0
    outer loop
      vertex -7.517638087272644 8.431851655244827 -2.5
      vertex -7.261052384972572 8.482889719307423 -2.5
      vertex -7.261052384972572 8.482889719307423 0
    endloop
  endfacet
  facet normal 0.06540314219103631 -0.9978589223891017 0
    outer loop
      vertex -7.261052384972572 8.482889719307423 -2.5
      vertex -7 8.5 -2.5
      vertex -7 8.5 0
    endloop
  endfacet
  facet normal 0.4422887070837332 0.8968727332159228 0
    outer loop
      vertex -8 3.767949193716049 1
      vertex -7.765366867184639 3.6522409319877625 -2.5
      vertex -8 3.767949193716049 -2.5
    endloop
  endfacet
  facet normal 0.6593458308664174 0.7518397936522605 0
    outer loop
      vertex -8.414213560521603 4.085786439478397 1
      vertex -8.217522859573364 3.9132933169603348 -2.5
      vertex -8.414213560521603 4.085786439478397 -2.5
    endloop
  endfacet
  facet normal 0.5555702203832522 0.8314696207458843 0
    outer loop
      vertex -8.217522859573364 3.9132933169603348 1
      vertex -8 3.767949193716049 -2.5
      vertex -8.217522859573364 3.9132933169603348 -2.5
    endloop
  endfacet
  facet normal 0.32143945792867507 0.9469301319984065 0
    outer loop
      vertex -7.765366867184639 3.6522409319877625 1
      vertex -7.517638087272644 3.5681483447551727 -2.5
      vertex -7.765366867184639 3.6522409319877625 -2.5
    endloop
  endfacet
  facet normal 0.1950903020954995 0.9807852843656898 0
    outer loop
      vertex -7.517638087272644 3.5681483447551727 1
      vertex -7.261052384972572 3.5171102806925774 -2.5
      vertex -7.517638087272644 3.5681483447551727 -2.5
    endloop
  endfacet
  facet normal 0.06540314219103631 0.9978589223891017 0
    outer loop
      vertex -7.261052384972572 3.5171102806925774 1
      vertex -7 3.5 -2.5
      vertex -7.261052384972572 3.5171102806925774 -2.5
    endloop
  endfacet
  facet normal 0.8314696207458843 0.5555702203832522 0
    outer loop
      vertex -8.586706683039665 4.282477140426636 -2.5
      vertex -8.73205080628395 4.5 0
      vertex -8.586706683039665 4.282477140426636 0
    endloop
  endfacet
  facet normal 0.751839793652266 0.6593458308664112 1.6079097965213811e-19
    outer loop
      vertex -8.558224994095346 4.25 0
      vertex -8.586706683039665 4.282477140426636 -2.5
      vertex -8.586706683039665 4.282477140426636 0
    endloop
  endfacet
  facet normal 0.9469301319984065 0.321439457928675 0
    outer loop
      vertex -8.847759068012238 4.734633132815361 -2.5
      vertex -8.931851655244827 4.982361912727356 0
      vertex -8.847759068012238 4.734633132815361 0
    endloop
  endfacet
  facet normal 0.8968727332159228 0.44228870708373325 0
    outer loop
      vertex -8.73205080628395 4.5 -2.5
      vertex -8.847759068012238 4.734633132815361 0
      vertex -8.73205080628395 4.5 0
    endloop
  endfacet
  facet normal 0.9807852843656897 0.19509030209549946 0
    outer loop
      vertex -8.931851655244827 4.982361912727356 -2.5
      vertex -8.982889719307423 5.238947615027428 0
      vertex -8.931851655244827 4.982361912727356 0
    endloop
  endfacet
  facet normal 0.9978589223891017 0.06540314219103631 0
    outer loop
      vertex -8.982889719307423 5.238947615027428 -2.5
      vertex -9 5.5 0
      vertex -8.982889719307423 5.238947615027428 0
    endloop
  endfacet
  facet normal 1 0 0
    outer loop
      vertex -9 5.5 0
      vertex -9 5.5 -2.5
      vertex -9 6.5 0
    endloop
  endfacet
  facet normal 0.9978589223891017 -0.06540314219103631 0
    outer loop
      vertex -9 6.5 -2.5
      vertex -8.982889719307423 6.761052384972572 0
      vertex -9 6.5 0
    endloop
  endfacet
  facet normal 0.9807852843656897 -0.19509030209549946 0
    outer loop
      vertex -8.982889719307423 6.761052384972572 -2.5
      vertex -8.931851655244827 7.017638087272644 0
      vertex -8.982889719307423 6.761052384972572 0
    endloop
  endfacet
  facet normal 0.9469301319984065 -0.321439457928675 0
    outer loop
      vertex -8.931851655244827 7.017638087272644 -2.5
      vertex -8.847759068012238 7.265366867184639 0
      vertex -8.931851655244827 7.017638087272644 0
    endloop
  endfacet
  facet normal 0.8968727332159228 -0.44228870708373325 0
    outer loop
      vertex -8.847759068012238 7.265366867184639 -2.5
      vertex -8.73205080628395 7.5 0
      vertex -8.847759068012238 7.265366867184639 0
    endloop
  endfacet
  facet normal 0.8314696207458843 -0.5555702203832522 0
    outer loop
      vertex -8.73205080628395 7.5 -2.5
      vertex -8.586706683039665 7.717522859573364 0
      vertex -8.73205080628395 7.5 0
    endloop
  endfacet
  facet normal 0.7518397936522605 -0.6593458308664174 0
    outer loop
      vertex -8.586706683039665 7.717522859573364 -2.5
      vertex -8.414213560521603 7.914213560521603 0
      vertex -8.586706683039665 7.717522859573364 0
    endloop
  endfacet
  facet normal 0.6593458308664174 -0.7518397936522605 0
    outer loop
      vertex -8.414213560521603 7.914213560521603 -2.5
      vertex -8.217522859573364 8.086706683039665 0
      vertex -8.414213560521603 7.914213560521603 0
    endloop
  endfacet
  facet normal 0.5555702203832522 -0.8314696207458843 0
    outer loop
      vertex -8.217522859573364 8.086706683039665 -2.5
      vertex -8 8.23205080628395 0
      vertex -8.217522859573364 8.086706683039665 0
    endloop
  endfacet
  facet normal 0.44228870708373325 -0.8968727332159228 0
    outer loop
      vertex -8 8.23205080628395 -2.5
      vertex -7.765366867184639 8.347759068012238 0
      vertex -8 8.23205080628395 0
    endloop
  endfacet
  facet normal 0.321439457928675 -0.9469301319984065 0
    outer loop
      vertex -7.765366867184639 8.347759068012238 -2.5
      vertex -7.517638087272644 8.431851655244827 0
      vertex -7.765366867184639 8.347759068012238 0
    endloop
  endfacet
  facet normal 0.19509030209549946 -0.9807852843656897 0
    outer loop
      vertex -7.517638087272644 8.431851655244827 -2.5
      vertex -7.261052384972572 8.482889719307423 0
      vertex -7.517638087272644 8.431851655244827 0
    endloop
  endfacet
  facet normal 0.06540314219103631 -0.9978589223891017 0
    outer loop
      vertex -7.261052384972572 8.482889719307423 -2.5
      vertex -7 8.5 0
      vertex -7.261052384972572 8.482889719307423 0
    endloop
  endfacet
  facet normal 0 1 0
    outer loop
      vertex -7 3.5 1
      vertex 7 3.5 -2.5
      vertex -7 3.5 -2.5
    endloop
  endfacet
  facet normal 0 -1 0
    outer loop
      vertex -7 8.5 0
      vertex -7 8.5 -2.5
      vertex 7 8.5 0
    endloop
  endfacet
  facet normal 0.7518397936522594 0.6593458308664187 0
    outer loop
      vertex -8.414213560521603 4.085786439478397 1
      vertex -8.414213560521603 4.085786439478397 -2.5
      vertex -8.558224994095346 4.25 0
    endloop
  endfacet
  facet normal 0.5555702203832522 0.8314696207458843 0
    outer loop
      vertex -8 3.767949193716049 1
      vertex -8 3.767949193716049 -2.5
      vertex -8.217522859573364 3.9132933169603348 1
    endloop
  endfacet
  facet normal 0.4422887070837332 0.8968727332159228 0
    outer loop
      vertex -8 3.767949193716049 1
      vertex -7.765366867184639 3.6522409319877625 1
      vertex -7.765366867184639 3.6522409319877625 -2.5
    endloop
  endfacet
  facet normal 0.6593458308664174 0.7518397936522605 0
    outer loop
      vertex -8.217522859573364 3.9132933169603348 1
      vertex -8.217522859573364 3.9132933169603348 -2.5
      vertex -8.414213560521603 4.085786439478397 1
    endloop
  endfacet
  facet normal 0.32143945792867507 0.9469301319984065 0
    outer loop
      vertex -7.765366867184639 3.6522409319877625 1
      vertex -7.517638087272644 3.5681483447551727 1
      vertex -7.517638087272644 3.5681483447551727 -2.5
    endloop
  endfacet
  facet normal 0.1950903020954995 0.9807852843656898 0
    outer loop
      vertex -7.517638087272644 3.5681483447551727 1
      vertex -7.261052384972572 3.5171102806925774 1
      vertex -7.261052384972572 3.5171102806925774 -2.5
    endloop
  endfacet
  facet normal 0.06540314219103631 0.9978589223891017 0
    outer loop
      vertex -7.261052384972572 3.5171102806925774 1
      vertex -7 3.5 1
      vertex -7 3.5 -2.5
    endloop
  endfacet
  facet normal 0.7518397936522594 0.6593458308664186 -4.858323419167676e-18
    outer loop
      vertex -8.414213560521603 4.085786439478397 1
      vertex -8.558224994095346 4.25 0
      vertex -8.558224994095346 4.25 1
    endloop
  endfacet
  facet normal 0 0 -1
    outer loop
      vertex -7.765366867184639 3.6522409319877625 1
      vertex -8.558224994095346 4.25 1
      vertex -7.517638087272644 3.5681483447551727 1
    endloop
  endfacet
  facet normal 0 0 -1
    outer loop
      vertex -8.217522859573364 3.9132933169603348 1
      vertex -8.414213560521603 4.085786439478397 1
      vertex -8.558224994095346 4.25 1
    endloop
  endfacet
  facet normal 0 0 -1
    outer loop
      vertex -8 3.767949193716049 1
      vertex -8.217522859573364 3.9132933169603348 1
      vertex -8.558224994095346 4.25 1
    endloop
  endfacet
  facet normal 0 0 -1
    outer loop
      vertex -8 3.767949193716049 1
      vertex -8.558224994095346 4.25 1
      vertex -7.765366867184639 3.6522409319877625 1
    endloop
  endfacet
  facet normal 0 0 -1
    outer loop
      vertex -7.517638087272644 3.5681483447551727 1
      vertex -8.558224994095346 4.25 1
      vertex -7.261052384972572 3.5171102806925774 1
    endloop
  endfacet
  facet normal 0 0 -1
    outer loop
      vertex -7.261052384972572 3.5171102806925774 1
      vertex -8.558224994095346 4.25 1
      vertex -7 3.5 1
    endloop
  endfacet
  facet normal 0 0 -1
    outer loop
      vertex -7 3.5 1
      vertex -8.558224994095346 4.25 1
      vertex 7 3.5 1
    endloop
  endfacet
  facet normal 0 -1 0
    outer loop
      vertex -7 8.5 -2.5
      vertex 7 8.5 -2.5
      vertex 7 8.5 0
    endloop
  endfacet
  facet normal -0.8314696207458843 0.5555702203832522 0
    outer loop
      vertex 8.73205080628395 4.5 -2.5
      vertex 8.586706683039665 4.282477140426636 -2.5
      vertex 8.586706683039665 4.282477140426636 0
    endloop
  endfacet
  facet normal -0.19509030209549946 -0.9807852843656897 0
    outer loop
      vertex 7.261052384972572 8.482889719307423 -2.5
      vertex 7.517638087272644 8.431851655244827 -2.5
      vertex 7.517638087272644 8.431851655244827 0
    endloop
  endfacet
  facet normal -0.06540314219103631 -0.9978589223891017 0
    outer loop
      vertex 7 8.5 -2.5
      vertex 7.261052384972572 8.482889719307423 -2.5
      vertex 7.261052384972572 8.482889719307423 0
    endloop
  endfacet
  facet normal -0.321439457928675 -0.9469301319984065 0
    outer loop
      vertex 7.517638087272644 8.431851655244827 -2.5
      vertex 7.765366867184639 8.347759068012238 -2.5
      vertex 7.765366867184639 8.347759068012238 0
    endloop
  endfacet
  facet normal -0.5555702203832522 -0.8314696207458843 0
    outer loop
      vertex 8 8.23205080628395 -2.5
      vertex 8.217522859573364 8.086706683039665 -2.5
      vertex 8.217522859573364 8.086706683039665 0
    endloop
  endfacet
  facet normal -0.6593458308664174 -0.7518397936522605 0
    outer loop
      vertex 8.217522859573364 8.086706683039665 -2.5
      vertex 8.414213560521603 7.914213560521603 -2.5
      vertex 8.414213560521603 7.914213560521603 0
    endloop
  endfacet
  facet normal -0.44228870708373325 -0.8968727332159228 0
    outer loop
      vertex 7.765366867184639 8.347759068012238 -2.5
      vertex 8 8.23205080628395 -2.5
      vertex 8 8.23205080628395 0
    endloop
  endfacet
  facet normal -0.8968727332159228 0.44228870708373325 0
    outer loop
      vertex 8.847759068012238 4.734633132815361 -2.5
      vertex 8.73205080628395 4.5 -2.5
      vertex 8.73205080628395 4.5 0
    endloop
  endfacet
  facet normal -0.9469301319984065 0.321439457928675 0
    outer loop
      vertex 8.931851655244827 4.982361912727356 -2.5
      vertex 8.847759068012238 4.734633132815361 -2.5
      vertex 8.847759068012238 4.734633132815361 0
    endloop
  endfacet
  facet normal -0.9807852843656897 0.19509030209549946 0
    outer loop
      vertex 8.982889719307423 5.238947615027428 -2.5
      vertex 8.931851655244827 4.982361912727356 -2.5
      vertex 8.931851655244827 4.982361912727356 0
    endloop
  endfacet
  facet normal -0.9978589223891017 0.06540314219103631 0
    outer loop
      vertex 9 5.5 -2.5
      vertex 8.982889719307423 5.238947615027428 -2.5
      vertex 8.982889719307423 5.238947615027428 0
    endloop
  endfacet
  facet normal -1 0 0
    outer loop
      vertex 9 5.5 -2.5
      vertex 9 5.5 0
      vertex 9 6.5 -2.5
    endloop
  endfacet
  facet normal -0.9978589223891017 -0.06540314219103631 0
    outer loop
      vertex 8.982889719307423 6.761052384972572 -2.5
      vertex 9 6.5 -2.5
      vertex 9 6.5 0
    endloop
  endfacet
  facet normal -0.9807852843656897 -0.19509030209549946 0
    outer loop
      vertex 8.931851655244827 7.017638087272644 -2.5
      vertex 8.982889719307423 6.761052384972572 -2.5
      vertex 8.982889719307423 6.761052384972572 0
    endloop
  endfacet
  facet normal -0.9469301319984065 -0.321439457928675 0
    outer loop
      vertex 8.847759068012238 7.265366867184639 -2.5
      vertex 8.931851655244827 7.017638087272644 -2.5
      vertex 8.931851655244827 7.017638087272644 0
    endloop
  endfacet
  facet normal -0.8968727332159228 -0.44228870708373325 0
    outer loop
      vertex 8.73205080628395 7.5 -2.5
      vertex 8.847759068012238 7.265366867184639 -2.5
      vertex 8.847759068012238 7.265366867184639 0
    endloop
  endfacet
  facet normal -0.8314696207458843 -0.5555702203832522 0
    outer loop
      vertex 8.586706683039665 7.717522859573364 -2.5
      vertex 8.73205080628395 7.5 -2.5
      vertex 8.73205080628395 7.5 0
    endloop
  endfacet
  facet normal -0.7518397936522605 -0.6593458308664174 0
    outer loop
      vertex 8.414213560521603 7.914213560521603 -2.5
      vertex 8.586706683039665 7.717522859573364 -2.5
      vertex 8.586706683039665 7.717522859573364 0
    endloop
  endfacet
  facet normal -0.06540314219103631 0.9978589223891017 0
    outer loop
      vertex 7 3.5 1
      vertex 7.261052384972572 3.5171102806925774 -2.5
      vertex 7 3.5 -2.5
    endloop
  endfacet
  facet normal -0.1950903020954995 0.9807852843656898 0
    outer loop
      vertex 7.261052384972572 3.5171102806925774 1
      vertex 7.517638087272644 3.5681483447551727 -2.5
      vertex 7.261052384972572 3.5171102806925774 -2.5
    endloop
  endfacet
  facet normal -0.32143945792867507 0.9469301319984065 0
    outer loop
      vertex 7.517638087272644 3.5681483447551727 1
      vertex 7.765366867184639 3.6522409319877625 -2.5
      vertex 7.517638087272644 3.5681483447551727 -2.5
    endloop
  endfacet
  facet normal -0.4422887070837332 0.8968727332159228 0
    outer loop
      vertex 7.765366867184639 3.6522409319877625 1
      vertex 8 3.767949193716049 -2.5
      vertex 7.765366867184639 3.6522409319877625 -2.5
    endloop
  endfacet
  facet normal -0.5555702203832522 0.8314696207458843 0
    outer loop
      vertex 8 3.767949193716049 1
      vertex 8.217522859573364 3.9132933169603348 -2.5
      vertex 8 3.767949193716049 -2.5
    endloop
  endfacet
  facet normal -0.6593458308664174 0.7518397936522605 0
    outer loop
      vertex 8.217522859573364 3.9132933169603348 1
      vertex 8.414213560521603 4.085786439478397 -2.5
      vertex 8.217522859573364 3.9132933169603348 -2.5
    endloop
  endfacet
  facet normal -0.7518397936522605 0.6593458308664174 0
    outer loop
      vertex 8.414213560521603 4.085786439478397 1
      vertex 8.586706683039665 4.282477140426636 -2.5
      vertex 8.414213560521603 4.085786439478397 -2.5
    endloop
  endfacet
  facet normal -0.751839793652266 0.6593458308664112 -1.6079097965213811e-19
    outer loop
      vertex 8.558224994095346 4.25 0
      vertex 8.586706683039665 4.282477140426636 0
      vertex 8.586706683039665 4.282477140426636 -2.5
    endloop
  endfacet
  facet normal -0.06540314219103631 -0.9978589223891017 0
    outer loop
      vertex 7 8.5 -2.5
      vertex 7.261052384972572 8.482889719307423 0
      vertex 7 8.5 0
    endloop
  endfacet
  facet normal -0.19509030209549946 -0.9807852843656897 0
    outer loop
      vertex 7.261052384972572 8.482889719307423 -2.5
      vertex 7.517638087272644 8.431851655244827 0
      vertex 7.261052384972572 8.482889719307423 0
    endloop
  endfacet
  facet normal -0.321439457928675 -0.9469301319984065 0
    outer loop
      vertex 7.517638087272644 8.431851655244827 -2.5
      vertex 7.765366867184639 8.347759068012238 0
      vertex 7.517638087272644 8.431851655244827 0
    endloop
  endfacet
  facet normal -0.5555702203832522 -0.8314696207458843 0
    outer loop
      vertex 8 8.23205080628395 -2.5
      vertex 8.217522859573364 8.086706683039665 0
      vertex 8 8.23205080628395 0
    endloop
  endfacet
  facet normal -0.7518397936522605 -0.6593458308664174 0
    outer loop
      vertex 8.414213560521603 7.914213560521603 -2.5
      vertex 8.586706683039665 7.717522859573364 0
      vertex 8.414213560521603 7.914213560521603 0
    endloop
  endfacet
  facet normal -0.6593458308664174 -0.7518397936522605 0
    outer loop
      vertex 8.217522859573364 8.086706683039665 -2.5
      vertex 8.414213560521603 7.914213560521603 0
      vertex 8.217522859573364 8.086706683039665 0
    endloop
  endfacet
  facet normal -0.44228870708373325 -0.8968727332159228 0
    outer loop
      vertex 7.765366867184639 8.347759068012238 -2.5
      vertex 8 8.23205080628395 0
      vertex 7.765366867184639 8.347759068012238 0
    endloop
  endfacet
  facet normal -0.8314696207458843 0.5555702203832522 0
    outer loop
      vertex 8.73205080628395 4.5 -2.5
      vertex 8.586706683039665 4.282477140426636 0
      vertex 8.73205080628395 4.5 0
    endloop
  endfacet
  facet normal -0.8968727332159228 0.44228870708373325 0
    outer loop
      vertex 8.847759068012238 4.734633132815361 -2.5
      vertex 8.73205080628395 4.5 0
      vertex 8.847759068012238 4.734633132815361 0
    endloop
  endfacet
  facet normal -0.9469301319984065 0.321439457928675 0
    outer loop
      vertex 8.931851655244827 4.982361912727356 -2.5
      vertex 8.847759068012238 4.734633132815361 0
      vertex 8.931851655244827 4.982361912727356 0
    endloop
  endfacet
  facet normal -0.9807852843656897 0.19509030209549946 0
    outer loop
      vertex 8.982889719307423 5.238947615027428 -2.5
      vertex 8.931851655244827 4.982361912727356 0
      vertex 8.982889719307423 5.238947615027428 0
    endloop
  endfacet
  facet normal -0.9978589223891017 0.06540314219103631 0
    outer loop
      vertex 9 5.5 -2.5
      vertex 8.982889719307423 5.238947615027428 0
      vertex 9 5.5 0
    endloop
  endfacet
  facet normal -1 0 0
    outer loop
      vertex 9 6.5 0
      vertex 9 6.5 -2.5
      vertex 9 5.5 0
    endloop
  endfacet
  facet normal -0.9978589223891017 -0.06540314219103631 0
    outer loop
      vertex 8.982889719307423 6.761052384972572 -2.5
      vertex 9 6.5 0
      vertex 8.982889719307423 6.761052384972572 0
    endloop
  endfacet
  facet normal -0.9807852843656897 -0.19509030209549946 0
    outer loop
      vertex 8.931851655244827 7.017638087272644 -2.5
      vertex 8.982889719307423 6.761052384972572 0
      vertex 8.931851655244827 7.017638087272644 0
    endloop
  endfacet
  facet normal -0.8314696207458843 -0.5555702203832522 0
    outer loop
      vertex 8.586706683039665 7.717522859573364 -2.5
      vertex 8.73205080628395 7.5 0
      vertex 8.586706683039665 7.717522859573364 0
    endloop
  endfacet
  facet normal -0.8968727332159228 -0.44228870708373325 0
    outer loop
      vertex 8.73205080628395 7.5 -2.5
      vertex 8.847759068012238 7.265366867184639 0
      vertex 8.73205080628395 7.5 0
    endloop
  endfacet
  facet normal -0.9469301319984065 -0.321439457928675 0
    outer loop
      vertex 8.847759068012238 7.265366867184639 -2.5
      vertex 8.931851655244827 7.017638087272644 0
      vertex 8.847759068012238 7.265366867184639 0
    endloop
  endfacet
  facet normal 0 1 0
    outer loop
      vertex -7 3.5 1
      vertex 7 3.5 1
      vertex 7 3.5 -2.5
    endloop
  endfacet
  facet normal -0.06540314219103631 0.9978589223891017 0
    outer loop
      vertex 7 3.5 1
      vertex 7.261052384972572 3.5171102806925774 1
      vertex 7.261052384972572 3.5171102806925774 -2.5
    endloop
  endfacet
  facet normal -0.1950903020954995 0.9807852843656898 0
    outer loop
      vertex 7.261052384972572 3.5171102806925774 1
      vertex 7.517638087272644 3.5681483447551727 1
      vertex 7.517638087272644 3.5681483447551727 -2.5
    endloop
  endfacet
  facet normal -0.32143945792867507 0.9469301319984065 0
    outer loop
      vertex 7.517638087272644 3.5681483447551727 1
      vertex 7.765366867184639 3.6522409319877625 1
      vertex 7.765366867184639 3.6522409319877625 -2.5
    endloop
  endfacet
  facet normal -0.4422887070837332 0.8968727332159228 0
    outer loop
      vertex 7.765366867184639 3.6522409319877625 1
      vertex 8 3.767949193716049 1
      vertex 8 3.767949193716049 -2.5
    endloop
  endfacet
  facet normal -0.5555702203832522 0.8314696207458843 0
    outer loop
      vertex 8 3.767949193716049 1
      vertex 8.217522859573364 3.9132933169603348 1
      vertex 8.217522859573364 3.9132933169603348 -2.5
    endloop
  endfacet
  facet normal -0.6593458308664174 0.7518397936522605 0
    outer loop
      vertex 8.217522859573364 3.9132933169603348 1
      vertex 8.414213560521603 4.085786439478397 1
      vertex 8.414213560521603 4.085786439478397 -2.5
    endloop
  endfacet
  facet normal -0.7518397936522588 0.6593458308664193 1.8822037843730906e-16
    outer loop
      vertex 8.414213560521603 4.085786439478397 1
      vertex 8.558224994095346 4.25 0
      vertex 8.586706683039665 4.282477140426636 -2.5
    endloop
  endfacet
  facet normal 0 0 -1
    outer loop
      vertex 7 3.5 1
      vertex -8.558224994095346 4.25 1
      vertex 7.261052384972572 3.5171102806925774 1
    endloop
  endfacet
  facet normal 0 0 -1
    outer loop
      vertex 7.261052384972572 3.5171102806925774 1
      vertex -8.558224994095346 4.25 1
      vertex 7.517638087272644 3.5681483447551727 1
    endloop
  endfacet
  facet normal 0 0 -1
    outer loop
      vertex 7.517638087272644 3.5681483447551727 1
      vertex -8.558224994095346 4.25 1
      vertex 7.765366867184639 3.6522409319877625 1
    endloop
  endfacet
  facet normal 0 0 -1
    outer loop
      vertex 7.765366867184639 3.6522409319877625 1
      vertex -8.558224994095346 4.25 1
      vertex 8 3.767949193716049 1
    endloop
  endfacet
  facet normal 0 0 -1
    outer loop
      vertex 8 3.767949193716049 1
      vertex -8.558224994095346 4.25 1
      vertex 8.217522859573364 3.9132933169603348 1
    endloop
  endfacet
  facet normal 0 0 -1
    outer loop
      vertex 8.217522859573364 3.9132933169603348 1
      vertex -8.558224994095346 4.25 1
      vertex 8.414213560521603 4.085786439478397 1
    endloop
  endfacet
  facet normal 0 0 -1
    outer loop
      vertex 8.414213560521603 4.085786439478397 1
      vertex -8.558224994095346 4.25 1
      vertex 8.558224994095346 4.25 1
    endloop
  endfacet
  facet normal -0.7518397936522594 0.6593458308664186 4.858323419167676e-18
    outer loop
      vertex 8.414213560521603 4.085786439478397 1
      vertex 8.558224994095346 4.25 1
      vertex 8.558224994095346 4.25 0
    endloop
  endfacet
endsolid OpenSCAD_Model
