solid OpenSCAD_Model
  facet normal 0 -0.9396926207781247 0.34202014334705455
    outer loop
      vertex -45.4 0 0
      vertex -43.405 0 0
      vertex -43.405 0.7315801709268708 2.01
    endloop
  endfacet
  facet normal 0 0 -1
    outer loop
      vertex -45.4 0 0
      vertex -43.405 2.1283555449518246 0
      vertex -43.405 0 0
    endloop
  endfacet
  facet normal 0 0 -1
    outer loop
      vertex -45.4 0 0
      vertex -44.98670668154955 2.287810110563232 0
      vertex -44.93887930059833 2.1283555449518246 0
    endloop
  endfacet
  facet normal 0 0 -1
    outer loop
      vertex -45.4 0 0
      vertex -45.132050804793835 2.923804404519892 0
      vertex -44.98670668154955 2.287810110563232 0
    endloop
  endfacet
  facet normal 0 0 -1
    outer loop
      vertex -45.4 0 0
      vertex -45.24775906652212 3.6098257906694946 0
      vertex -45.132050804793835 2.923804404519892 0
    endloop
  endfacet
  facet normal 0 0 -1
    outer loop
      vertex -45.4 0 0
      vertex -44.93887930059833 2.1283555449518246 0
      vertex -43.405 2.1283555449518246 0
    endloop
  endfacet
  facet normal 0 0 -1
    outer loop
      vertex -45.4 0 0
      vertex -45.33185165375471 4.334136265639178 0
      vertex -45.24775906652212 3.6098257906694946 0
    endloop
  endfacet
  facet normal 0 0 -1
    outer loop
      vertex -45.4 0 0
      vertex -45.38288972526789 5.084342692827104 0
      vertex -45.33185165375471 4.334136265639178 0
    endloop
  endfacet
  facet normal 0 0 -1
    outer loop
      vertex -45.4 0 0
      vertex -45.38819242315074 5.320888862379561 0
      vertex -45.38288972526789 5.084342692827104 0
    endloop
  endfacet
  facet normal -3.079573907272993e-17 -0.9396926207781242 0.3420201433470553
    outer loop
      vertex -43.405 0.7315801709268708 2.01
      vertex -34.71314214169979 0.8242582804073542 2.2646310130573406
      vertex -34.860660172998905 0.8685053716377986 2.3861988970809267
    endloop
  endfacet
  facet normal 2.8293309357761665e-17 -0.9396926207781247 0.3420201433470542
    outer loop
      vertex -43.405 0.7315801709268708 2.01
      vertex -34.99003001302481 0.9189595098489971 2.5248205025244213
      vertex -35.09903810918331 0.9747574095584044 2.678123972018156
    endloop
  endfacet
  facet normal 1.4021962892008014e-17 -0.9396926207781247 0.3420201433470544
    outer loop
      vertex -43.405 0.7315801709268708 2.01
      vertex -34.860660172998905 0.8685053716377986 2.3861988970809267
      vertex -34.99003001302481 0.9189595098489971 2.5248205025244213
    endloop
  endfacet
  facet normal 0 -0.9396926207781253 0.3420201433470526
    outer loop
      vertex -43.405 0.7315801709268708 2.01
      vertex -34.127327682047316 0.7315801709268708 2.01
      vertex -34.18822856992483 0.7357233820296352 2.0213833789480726
    endloop
  endfacet
  facet normal 1.6531138985846643e-18 -0.9396926207781248 0.34202014334705416
    outer loop
      vertex -43.405 0.7315801709268708 2.01
      vertex -34.37402515113354 0.7572944010844214 2.0806492667115264
      vertex -34.54999999701977 0.786975315733233 2.162196909492122
    endloop
  endfacet
  facet normal -9.198230960865139e-18 -0.9396926207781247 0.3420201433470546
    outer loop
      vertex -43.405 0.7315801709268708 2.01
      vertex -34.54999999701977 0.786975315733233 2.162196909492122
      vertex -34.71314214169979 0.8242582804073542 2.2646310130573406
    endloop
  endfacet
  facet normal -2.809342346065198e-18 -0.9396926207781247 0.34202014334705466
    outer loop
      vertex -43.405 0.7315801709268708 2.01
      vertex -34.18822856992483 0.7357233820296352 2.0213833789480726
      vertex -34.37402515113354 0.7572944010844214 2.0806492667115264
    endloop
  endfacet
  facet normal -2.855732937350275e-18 -0.9396926207781245 0.3420201433470548
    outer loop
      vertex -43.405 0.7315801709268708 2.01
      vertex -35.24888873845339 1.098490524912283 3.0180779124676387
      vertex -35.28716728836298 1.1643086351975138 3.1989116842546794
    endloop
  endfacet
  facet normal 3.395061731931692e-17 -0.9396926207781247 0.3420201433470542
    outer loop
      vertex -43.405 0.7315801709268708 2.01
      vertex -35.09903810918331 0.9747574095584044 2.678123972018156
      vertex -35.185819298028946 1.0349443515738888 2.8434862361400146
    endloop
  endfacet
  facet normal -7.031131221380728e-17 -0.9396926207781243 0.34202014334705505
    outer loop
      vertex -43.405 0.7315801709268708 2.01
      vertex -35.185819298028946 1.0349443515738888 2.8434862361400146
      vertex -35.24888873845339 1.098490524912283 3.0180779124676387
    endloop
  endfacet
  facet normal -2.4268283646585144e-17 -0.9396926207781245 0.3420201433470548
    outer loop
      vertex -43.405 0.7315801709268708 2.01
      vertex -35.28716728836298 1.1643086351975138 3.1989116842546794
      vertex -35.29999999701977 1.2312725170686953 3.382893437601749
    endloop
  endfacet
  facet normal 9.303696832737643e-18 -0.9396926207781245 0.34202014334705455
    outer loop
      vertex -45.4 0 0
      vertex -43.405 0.7315801709268708 2.01
      vertex -45.4 18.74270385503769 51.49515561759472
    endloop
  endfacet
  facet normal 2.4771001231622593e-17 -0.9396926207781247 0.3420201433470545
    outer loop
      vertex -43.405 0.7315801709268708 2.01
      vertex -35.29999999701977 1.2312725170686953 3.382893437601749
      vertex -35.29999999701977 17.51143133834989 48.112262181039476
    endloop
  endfacet
  facet normal 0 0 -1
    outer loop
      vertex -45.4 0 0
      vertex -45.4 70 0
      vertex -45.38819242315074 5.320888862379561 0
    endloop
  endfacet
  facet normal 0 0 -1
    outer loop
      vertex -45.38819242315074 5.320888862379561 0
      vertex -43.405 70 0
      vertex -43.405 5.320888862379561 0
    endloop
  endfacet
  facet normal -1 0 0
    outer loop
      vertex -45.4 0 0
      vertex -45.4 18.74270385503769 51.49515561759472
      vertex -45.4 70 0
    endloop
  endfacet
  facet normal -2.0674324588437004e-16 -0.9396926207781245 0.34202014334705444
    outer loop
      vertex -43.405 0.7315801709268708 2.01
      vertex -35.29999999701977 17.51143133834989 48.112262181039476
      vertex -45.4 18.74270385503769 51.49515561759472
    endloop
  endfacet
  facet normal 7.0486811112029115e-16 -0.9396926207781241 0.34202014334705594
    outer loop
      vertex -45.4 18.74270385503769 51.49515561759472
      vertex -35.29999999701977 17.51143133834989 48.112262181039476
      vertex -35.28716728836298 17.578395220221072 48.296243934386546
    endloop
  endfacet
  facet normal 3.2909326410932647e-17 -0.9396926207781244 0.3420201433470555
    outer loop
      vertex -45.4 18.74270385503769 51.49515561759472
      vertex -35.28716728836298 17.578395220221072 48.296243934386546
      vertex -35.24888873845339 17.644213330506304 48.47707770617359
    endloop
  endfacet
  facet normal 1.875516449389309e-15 -0.9396926207781224 0.3420201433470604
    outer loop
      vertex -45.4 18.74270385503769 51.49515561759472
      vertex -35.24888873845339 17.644213330506304 48.47707770617359
      vertex -35.185819298028946 17.7077595038447 48.65166938250121
    endloop
  endfacet
  facet normal -1.1926922095219496e-15 -0.9396926207781262 0.3420201433470501
    outer loop
      vertex -45.4 18.74270385503769 51.49515561759472
      vertex -35.185819298028946 17.7077595038447 48.65166938250121
      vertex -35.09903810918331 17.767946445860183 48.81703164662307
    endloop
  endfacet
  facet normal -1.4198137165707934e-16 -0.9396926207781248 0.34202014334705394
    outer loop
      vertex -45.4 18.74270385503769 51.49515561759472
      vertex -35.09903810918331 17.767946445860183 48.81703164662307
      vertex -34.99003001302481 17.82374434556959 48.97033511611681
    endloop
  endfacet
  facet normal 2.217466801287849e-15 -0.9396926207781215 0.3420201433470629
    outer loop
      vertex -45.4 18.74270385503769 51.49515561759472
      vertex -34.99003001302481 17.82374434556959 48.97033511611681
      vertex -34.860660172998905 17.87419848378079 49.108956721560304
    endloop
  endfacet
  facet normal -1.6251452548506111e-15 -0.939692620778127 0.34202014334704794
    outer loop
      vertex -45.4 18.74270385503769 51.49515561759472
      vertex -34.860660172998905 17.87419848378079 49.108956721560304
      vertex -34.71314214169979 17.918445575011233 49.23052460558389
    endloop
  endfacet
  facet normal -7.734233483911706e-16 -0.9396926207781255 0.342020143347052
    outer loop
      vertex -45.4 18.74270385503769 51.49515561759472
      vertex -34.71314214169979 17.918445575011233 49.23052460558389
      vertex -34.54999999701977 17.955728539685353 49.3329587091491
    endloop
  endfacet
  facet normal 2.238418010644398e-15 -0.9396926207781207 0.34202014334706554
    outer loop
      vertex -45.4 18.74270385503769 51.49515561759472
      vertex -34.54999999701977 17.955728539685353 49.3329587091491
      vertex -34.37402515113354 17.985409454334167 49.4145063519297
    endloop
  endfacet
  facet normal 7.9497377863111155e-16 -0.9396926207781232 0.3420201433470585
    outer loop
      vertex -45.4 18.74270385503769 51.49515561759472
      vertex -34.37402515113354 17.985409454334167 49.4145063519297
      vertex -34.18822856992483 18.006980473388953 49.473772239693155
    endloop
  endfacet
  facet normal 1.3637697555798352e-15 -0.9396926207781222 0.34202014334706127
    outer loop
      vertex -45.4 18.74270385503769 51.49515561759472
      vertex -34.18822856992483 18.006980473388953 49.473772239693155
      vertex -33.99578928947449 18.02007250851615 49.50974231057729
    endloop
  endfacet
  facet normal -4.392780961044317e-15 -0.9396926207781328 0.34202014334703196
    outer loop
      vertex -45.4 18.74270385503769 51.49515561759472
      vertex -33.99578928947449 18.02007250851615 49.50974231057729
      vertex -33.79999999701977 18.024461553370475 49.52180111220667
    endloop
  endfacet
  facet normal 0 -0.9396926207781247 0.3420201433470542
    outer loop
      vertex -45.4 18.74270385503769 51.49515561759472
      vertex -33.79999999701977 18.024461553370475 49.52180111220667
      vertex 45.4 18.74270385503769 51.49515561759472
    endloop
  endfacet
  facet normal 0 0 -1
    outer loop
      vertex -45.38819242315074 5.320888862379561 0
      vertex -45.4 70 0
      vertex -43.405 70 0
    endloop
  endfacet
  facet normal 0 1 0
    outer loop
      vertex -45.4 70 0
      vertex -43.405 70 2.01
      vertex -43.405 70 0
    endloop
  endfacet
  facet normal 0 1 0
    outer loop
      vertex -45.4 70 0
      vertex -45.4 70 51.49515561759472
      vertex -43.405 70 2.01
    endloop
  endfacet
  facet normal 0 1 0
    outer loop
      vertex -43.405 70 2.01
      vertex -31.1 70 20.67820699857358
      vertex -27.700000000000003 70 20.67820699857358
    endloop
  endfacet
  facet normal 0 1 0
    outer loop
      vertex -43.405 70 2.01
      vertex -32.800000000000004 70 23.62269337144067
      vertex -31.1 70 20.67820699857358
    endloop
  endfacet
  facet normal 0 1 0
    outer loop
      vertex -43.405 70 2.01
      vertex -27.700000000000003 70 20.67820699857358
      vertex -22.700000000000003 70 20.67820699857358
    endloop
  endfacet
  facet normal 0 1 0
    outer loop
      vertex -43.405 70 2.01
      vertex -22.700000000000003 70 20.67820699857358
      vertex -19.300000000000004 70 20.67820699857358
    endloop
  endfacet
  facet normal 0 1 0
    outer loop
      vertex -43.405 70 2.01
      vertex -19.300000000000004 70 20.67820699857358
      vertex -14.3 70 20.67820699857358
    endloop
  endfacet
  facet normal 0 1 0
    outer loop
      vertex -43.405 70 2.01
      vertex -14.3 70 20.67820699857358
      vertex -10.900000000000002 70 20.67820699857358
    endloop
  endfacet
  facet normal 0 1 0
    outer loop
      vertex -27.700000000000003 70 20.67820699857358
      vertex -26.000000000000004 70 23.62269337144067
      vertex -22.700000000000003 70 20.67820699857358
    endloop
  endfacet
  facet normal 0 1 0
    outer loop
      vertex -22.700000000000003 70 20.67820699857358
      vertex -26.000000000000004 70 23.62269337144067
      vertex -24.400000000000002 70 23.62269337144067
    endloop
  endfacet
  facet normal 0 1 0
    outer loop
      vertex -43.405 70 2.01
      vertex -5.5 70 9.25
      vertex -5.5 70 3.75
    endloop
  endfacet
  facet normal 0 1 0
    outer loop
      vertex -43.405 70 2.01
      vertex -5.9 70 20.67820699857358
      vertex -5.5 70 9.25
    endloop
  endfacet
  facet normal 0 1 0
    outer loop
      vertex -43.405 70 2.01
      vertex -5.5 70 3.75
      vertex 43.405 70 2.01
    endloop
  endfacet
  facet normal 0 1 0
    outer loop
      vertex -43.405 70 2.01
      vertex -10.900000000000002 70 20.67820699857358
      vertex -5.9 70 20.67820699857358
    endloop
  endfacet
  facet normal 0 1 0
    outer loop
      vertex -19.300000000000004 70 20.67820699857358
      vertex -17.600000000000005 70 23.62269337144067
      vertex -14.3 70 20.67820699857358
    endloop
  endfacet
  facet normal 0 1 0
    outer loop
      vertex -17.600000000000005 70 23.62269337144067
      vertex -16 70 23.62269337144067
      vertex -14.3 70 20.67820699857358
    endloop
  endfacet
  facet normal 0 1 0
    outer loop
      vertex -5.5 70 9.25
      vertex -5.9 70 20.67820699857358
      vertex -2.5 70 20.67820699857358
    endloop
  endfacet
  facet normal 0 1 0
    outer loop
      vertex -5.5 70 9.25
      vertex -2.5 70 20.67820699857358
      vertex 2.5 70 20.67820699857358
    endloop
  endfacet
  facet normal 0 1 0
    outer loop
      vertex -5.9 70 20.67820699857358
      vertex -10.900000000000002 70 20.67820699857358
      vertex -9.200000000000001 70 23.62269337144067
    endloop
  endfacet
  facet normal 0 1 0
    outer loop
      vertex -5.9 70 20.67820699857358
      vertex -9.200000000000001 70 23.62269337144067
      vertex -7.6 70 23.62269337144067
    endloop
  endfacet
  facet normal 0 1 0
    outer loop
      vertex -2.5 70 20.67820699857358
      vertex -0.8000000000000003 70 23.62269337144067
      vertex 2.5 70 20.67820699857358
    endloop
  endfacet
  facet normal 0 1 0
    outer loop
      vertex -2.5 70 26.567179744307758
      vertex 0.8000000000000003 70 23.62269337144067
      vertex -0.8000000000000003 70 23.62269337144067
    endloop
  endfacet
  facet normal -1 0 0
    outer loop
      vertex -45.4 18.74270385503769 51.49515561759472
      vertex -45.4 70 51.49515561759472
      vertex -45.4 70 0
    endloop
  endfacet
  facet normal 0 1 0
    outer loop
      vertex -43.405 70 2.01
      vertex -45.4 70 51.49515561759472
      vertex -32.800000000000004 70 23.62269337144067
    endloop
  endfacet
  facet normal 0 1 0
    outer loop
      vertex -45.4 70 51.49515561759472
      vertex -32.800000000000004 70 38.17149337144067
      vertex -32.800000000000004 70 23.62269337144067
    endloop
  endfacet
  facet normal 0 1 0
    outer loop
      vertex -31.1 70 26.567179744307758
      vertex -26.900000000000002 70 27.95260699857358
      vertex -27.700000000000003 70 26.567179744307758
    endloop
  endfacet
  facet normal 0 1 0
    outer loop
      vertex -32.800000000000004 70 23.62269337144067
      vertex -31.1 70 35.22700699857358
      vertex -31.1 70 26.567179744307758
    endloop
  endfacet
  facet normal 0 1 0
    outer loop
      vertex -31.1 70 26.567179744307758
      vertex -28.6 70 30.89709337144067
      vertex -26.900000000000002 70 27.95260699857358
    endloop
  endfacet
  facet normal 0 1 0
    outer loop
      vertex -31.1 70 26.567179744307758
      vertex -31.1 70 35.22700699857358
      vertex -28.6 70 30.89709337144067
    endloop
  endfacet
  facet normal 0 1 0
    outer loop
      vertex -26.000000000000004 70 23.62269337144067
      vertex -27.700000000000003 70 26.567179744307758
      vertex -23.500000000000004 70 27.95260699857358
    endloop
  endfacet
  facet normal 0 1 0
    outer loop
      vertex -27.700000000000003 70 26.567179744307758
      vertex -26.900000000000002 70 27.95260699857358
      vertex -23.500000000000004 70 27.95260699857358
    endloop
  endfacet
  facet normal 0 1 0
    outer loop
      vertex -26.000000000000004 70 23.62269337144067
      vertex -23.500000000000004 70 27.95260699857358
      vertex -24.400000000000002 70 23.62269337144067
    endloop
  endfacet
  facet normal 0 1 0
    outer loop
      vertex -24.400000000000002 70 23.62269337144067
      vertex -23.500000000000004 70 27.95260699857358
      vertex -22.700000000000003 70 26.567179744307758
    endloop
  endfacet
  facet normal 0 1 0
    outer loop
      vertex -32.800000000000004 70 23.62269337144067
      vertex -32.800000000000004 70 38.17149337144067
      vertex -31.1 70 35.22700699857358
    endloop
  endfacet
  facet normal 0 1 0
    outer loop
      vertex -28.6 70 30.89709337144067
      vertex -31.1 70 35.22700699857358
      vertex -27.700000000000003 70 35.22700699857358
    endloop
  endfacet
  facet normal 0 1 0
    outer loop
      vertex -28.6 70 30.89709337144067
      vertex -27.700000000000003 70 35.22700699857358
      vertex -26.900000000000002 70 33.84157974430776
    endloop
  endfacet
  facet normal 0 1 0
    outer loop
      vertex -23.500000000000004 70 33.84157974430776
      vertex -26.900000000000002 70 33.84157974430776
      vertex -22.700000000000003 70 35.22700699857358
    endloop
  endfacet
  facet normal 0 1 0
    outer loop
      vertex -26.900000000000002 70 33.84157974430776
      vertex -27.700000000000003 70 35.22700699857358
      vertex -26.000000000000004 70 38.17149337144067
    endloop
  endfacet
  facet normal 0 1 0
    outer loop
      vertex -26.900000000000002 70 33.84157974430776
      vertex -26.000000000000004 70 38.17149337144067
      vertex -24.400000000000002 70 38.17149337144067
    endloop
  endfacet
  facet normal 0 1 0
    outer loop
      vertex -26.900000000000002 70 33.84157974430776
      vertex -24.400000000000002 70 38.17149337144067
      vertex -22.700000000000003 70 35.22700699857358
    endloop
  endfacet
  facet normal 0 1 0
    outer loop
      vertex -45.4 70 51.49515561759472
      vertex -31.1 70 41.11597974430776
      vertex -32.800000000000004 70 38.17149337144067
    endloop
  endfacet
  facet normal 0 1 0
    outer loop
      vertex -45.4 70 51.49515561759472
      vertex -27.700000000000003 70 41.11597974430776
      vertex -31.1 70 41.11597974430776
    endloop
  endfacet
  facet normal 0 1 0
    outer loop
      vertex -45.4 70 51.49515561759472
      vertex -22.700000000000003 70 41.11597974430776
      vertex -27.700000000000003 70 41.11597974430776
    endloop
  endfacet
  facet normal 0 1 0
    outer loop
      vertex -45.4 70 51.49515561759472
      vertex -19.300000000000004 70 41.11597974430776
      vertex -22.700000000000003 70 41.11597974430776
    endloop
  endfacet
  facet normal 0 1 0
    outer loop
      vertex -24.400000000000002 70 38.17149337144067
      vertex -26.000000000000004 70 38.17149337144067
      vertex -27.700000000000003 70 41.11597974430776
    endloop
  endfacet
  facet normal 0 1 0
    outer loop
      vertex -27.700000000000003 70 41.11597974430776
      vertex -22.700000000000003 70 41.11597974430776
      vertex -24.400000000000002 70 38.17149337144067
    endloop
  endfacet
  facet normal 0 1 0
    outer loop
      vertex -45.4 70 51.49515561759472
      vertex -14.3 70 41.11597974430776
      vertex -19.300000000000004 70 41.11597974430776
    endloop
  endfacet
  facet normal 0 1 0
    outer loop
      vertex -45.4 70 51.49515561759472
      vertex -10.900000000000002 70 41.11597974430776
      vertex -14.3 70 41.11597974430776
    endloop
  endfacet
  facet normal 0 1 0
    outer loop
      vertex -19.300000000000004 70 26.567179744307758
      vertex -22.700000000000003 70 26.567179744307758
      vertex -18.5 70 27.95260699857358
    endloop
  endfacet
  facet normal 0 1 0
    outer loop
      vertex -17.600000000000005 70 23.62269337144067
      vertex -19.300000000000004 70 26.567179744307758
      vertex -15.100000000000001 70 27.95260699857358
    endloop
  endfacet
  facet normal 0 1 0
    outer loop
      vertex -19.300000000000004 70 26.567179744307758
      vertex -18.5 70 27.95260699857358
      vertex -15.100000000000001 70 27.95260699857358
    endloop
  endfacet
  facet normal 0 1 0
    outer loop
      vertex -22.700000000000003 70 26.567179744307758
      vertex -23.500000000000004 70 27.95260699857358
      vertex -21.800000000000004 70 30.89709337144067
    endloop
  endfacet
  facet normal 0 1 0
    outer loop
      vertex -22.700000000000003 70 26.567179744307758
      vertex -21.800000000000004 70 30.89709337144067
      vertex -20.2 70 30.89709337144067
    endloop
  endfacet
  facet normal 0 1 0
    outer loop
      vertex -22.700000000000003 70 26.567179744307758
      vertex -20.2 70 30.89709337144067
      vertex -18.5 70 27.95260699857358
    endloop
  endfacet
  facet normal 0 1 0
    outer loop
      vertex -17.600000000000005 70 23.62269337144067
      vertex -15.100000000000001 70 27.95260699857358
      vertex -16 70 23.62269337144067
    endloop
  endfacet
  facet normal 0 1 0
    outer loop
      vertex -16 70 23.62269337144067
      vertex -15.100000000000001 70 27.95260699857358
      vertex -14.3 70 26.567179744307758
    endloop
  endfacet
  facet normal 0 1 0
    outer loop
      vertex -10.900000000000002 70 26.567179744307758
      vertex -14.3 70 26.567179744307758
      vertex -10.1 70 27.95260699857358
    endloop
  endfacet
  facet normal 0 1 0
    outer loop
      vertex -14.3 70 26.567179744307758
      vertex -15.100000000000001 70 27.95260699857358
      vertex -13.4 70 30.89709337144067
    endloop
  endfacet
  facet normal 0 1 0
    outer loop
      vertex -14.3 70 26.567179744307758
      vertex -13.4 70 30.89709337144067
      vertex -11.8 70 30.89709337144067
    endloop
  endfacet
  facet normal 0 1 0
    outer loop
      vertex -14.3 70 26.567179744307758
      vertex -11.8 70 30.89709337144067
      vertex -10.1 70 27.95260699857358
    endloop
  endfacet
  facet normal 0 1 0
    outer loop
      vertex -21.800000000000004 70 30.89709337144067
      vertex -19.300000000000004 70 35.22700699857358
      vertex -20.2 70 30.89709337144067
    endloop
  endfacet
  facet normal 0 1 0
    outer loop
      vertex -23.500000000000004 70 33.84157974430776
      vertex -19.300000000000004 70 35.22700699857358
      vertex -21.800000000000004 70 30.89709337144067
    endloop
  endfacet
  facet normal 0 1 0
    outer loop
      vertex -23.500000000000004 70 33.84157974430776
      vertex -22.700000000000003 70 35.22700699857358
      vertex -19.300000000000004 70 35.22700699857358
    endloop
  endfacet
  facet normal 0 1 0
    outer loop
      vertex -18.5 70 33.84157974430776
      vertex -20.2 70 30.89709337144067
      vertex -19.300000000000004 70 35.22700699857358
    endloop
  endfacet
  facet normal 0 1 0
    outer loop
      vertex -18.5 70 33.84157974430776
      vertex -19.300000000000004 70 35.22700699857358
      vertex -17.600000000000005 70 38.17149337144067
    endloop
  endfacet
  facet normal 0 1 0
    outer loop
      vertex -18.5 70 33.84157974430776
      vertex -17.600000000000005 70 38.17149337144067
      vertex -16 70 38.17149337144067
    endloop
  endfacet
  facet normal 0 1 0
    outer loop
      vertex -18.5 70 33.84157974430776
      vertex -14.3 70 35.22700699857358
      vertex -15.100000000000001 70 33.84157974430776
    endloop
  endfacet
  facet normal 0 1 0
    outer loop
      vertex -13.4 70 30.89709337144067
      vertex -10.900000000000002 70 35.22700699857358
      vertex -11.8 70 30.89709337144067
    endloop
  endfacet
  facet normal 0 1 0
    outer loop
      vertex -15.100000000000001 70 33.84157974430776
      vertex -10.900000000000002 70 35.22700699857358
      vertex -13.4 70 30.89709337144067
    endloop
  endfacet
  facet normal 0 1 0
    outer loop
      vertex -15.100000000000001 70 33.84157974430776
      vertex -14.3 70 35.22700699857358
      vertex -10.900000000000002 70 35.22700699857358
    endloop
  endfacet
  facet normal 0 1 0
    outer loop
      vertex -18.5 70 33.84157974430776
      vertex -16 70 38.17149337144067
      vertex -14.3 70 35.22700699857358
    endloop
  endfacet
  facet normal 0 1 0
    outer loop
      vertex -9.200000000000001 70 23.62269337144067
      vertex -10.900000000000002 70 26.567179744307758
      vertex -6.7 70 27.95260699857358
    endloop
  endfacet
  facet normal 0 1 0
    outer loop
      vertex -10.900000000000002 70 26.567179744307758
      vertex -10.1 70 27.95260699857358
      vertex -6.7 70 27.95260699857358
    endloop
  endfacet
  facet normal 0 1 0
    outer loop
      vertex -9.200000000000001 70 23.62269337144067
      vertex -6.7 70 27.95260699857358
      vertex -7.6 70 23.62269337144067
    endloop
  endfacet
  facet normal 0 1 0
    outer loop
      vertex -7.6 70 23.62269337144067
      vertex -6.7 70 27.95260699857358
      vertex -5.9 70 26.567179744307758
    endloop
  endfacet
  facet normal 0 1 0
    outer loop
      vertex -5.9 70 26.567179744307758
      vertex -6.7 70 27.95260699857358
      vertex -5 70 30.89709337144067
    endloop
  endfacet
  facet normal 0 1 0
    outer loop
      vertex -2.5 70 26.567179744307758
      vertex -5.9 70 26.567179744307758
      vertex -1.7 70 27.95260699857358
    endloop
  endfacet
  facet normal 0 1 0
    outer loop
      vertex -2.5 70 26.567179744307758
      vertex -1.7 70 27.95260699857358
      vertex 1.7 70 27.95260699857358
    endloop
  endfacet
  facet normal 0 1 0
    outer loop
      vertex -5.9 70 26.567179744307758
      vertex -5 70 30.89709337144067
      vertex -3.4 70 30.89709337144067
    endloop
  endfacet
  facet normal 0 1 0
    outer loop
      vertex -5.9 70 26.567179744307758
      vertex -3.4 70 30.89709337144067
      vertex -1.7 70 27.95260699857358
    endloop
  endfacet
  facet normal 0 1 0
    outer loop
      vertex -11.8 70 30.89709337144067
      vertex -10.900000000000002 70 35.22700699857358
      vertex -10.1 70 33.84157974430776
    endloop
  endfacet
  facet normal 0 1 0
    outer loop
      vertex -10.1 70 33.84157974430776
      vertex -5.9 70 35.22700699857358
      vertex -6.7 70 33.84157974430776
    endloop
  endfacet
  facet normal 0 1 0
    outer loop
      vertex -10.1 70 33.84157974430776
      vertex -10.900000000000002 70 35.22700699857358
      vertex -9.200000000000001 70 38.17149337144067
    endloop
  endfacet
  facet normal 0 1 0
    outer loop
      vertex -10.1 70 33.84157974430776
      vertex -9.200000000000001 70 38.17149337144067
      vertex -7.6 70 38.17149337144067
    endloop
  endfacet
  facet normal 0 1 0
    outer loop
      vertex -10.1 70 33.84157974430776
      vertex -7.6 70 38.17149337144067
      vertex -5.9 70 35.22700699857358
    endloop
  endfacet
  facet normal 0 1 0
    outer loop
      vertex -5 70 30.89709337144067
      vertex -2.5 70 35.22700699857358
      vertex -3.4 70 30.89709337144067
    endloop
  endfacet
  facet normal 0 1 0
    outer loop
      vertex -6.7 70 33.84157974430776
      vertex -2.5 70 35.22700699857358
      vertex -5 70 30.89709337144067
    endloop
  endfacet
  facet normal 0 1 0
    outer loop
      vertex -6.7 70 33.84157974430776
      vertex -5.9 70 35.22700699857358
      vertex -2.5 70 35.22700699857358
    endloop
  endfacet
  facet normal 0 1 0
    outer loop
      vertex -1.7 70 33.84157974430776
      vertex -3.4 70 30.89709337144067
      vertex -2.5 70 35.22700699857358
    endloop
  endfacet
  facet normal 0 1 0
    outer loop
      vertex -1.7 70 33.84157974430776
      vertex -2.5 70 35.22700699857358
      vertex -0.8000000000000003 70 38.17149337144067
    endloop
  endfacet
  facet normal 0 1 0
    outer loop
      vertex -1.7 70 33.84157974430776
      vertex -0.8000000000000003 70 38.17149337144067
      vertex 0.8000000000000003 70 38.17149337144067
    endloop
  endfacet
  facet normal 0 0 1
    outer loop
      vertex -45.4 18.74270385503769 51.49515561759472
      vertex 45.4 70 51.49515561759472
      vertex -45.4 70 51.49515561759472
    endloop
  endfacet
  facet normal 0 1 0
    outer loop
      vertex -16 70 38.17149337144067
      vertex -17.600000000000005 70 38.17149337144067
      vertex -19.300000000000004 70 41.11597974430776
    endloop
  endfacet
  facet normal 0 1 0
    outer loop
      vertex -45.4 70 51.49515561759472
      vertex -5.9 70 41.11597974430776
      vertex -10.900000000000002 70 41.11597974430776
    endloop
  endfacet
  facet normal 0 1 0
    outer loop
      vertex -45.4 70 51.49515561759472
      vertex -2.5 70 41.11597974430776
      vertex -5.9 70 41.11597974430776
    endloop
  endfacet
  facet normal 0 1 0
    outer loop
      vertex -19.300000000000004 70 41.11597974430776
      vertex -14.3 70 41.11597974430776
      vertex -16 70 38.17149337144067
    endloop
  endfacet
  facet normal 0 1 0
    outer loop
      vertex -7.6 70 38.17149337144067
      vertex -9.200000000000001 70 38.17149337144067
      vertex -10.900000000000002 70 41.11597974430776
    endloop
  endfacet
  facet normal 0 1 0
    outer loop
      vertex -10.900000000000002 70 41.11597974430776
      vertex -5.9 70 41.11597974430776
      vertex -7.6 70 38.17149337144067
    endloop
  endfacet
  facet normal 0 1 0
    outer loop
      vertex -2.5 70 41.11597974430776
      vertex 0.8000000000000003 70 38.17149337144067
      vertex -0.8000000000000003 70 38.17149337144067
    endloop
  endfacet
  facet normal 0 1 0
    outer loop
      vertex -45.4 70 51.49515561759472
      vertex 45.4 70 51.49515561759472
      vertex -2.5 70 41.11597974430776
    endloop
  endfacet
  facet normal 0 -0.9396926207781253 0.3420201433470526
    outer loop
      vertex 43.405 0.7315801709268707 2.01
      vertex 33.18822856992483 0.735723382029635 2.0213833789480726
      vertex 33.127327682047316 0.7315801709268707 2.01
    endloop
  endfacet
  facet normal 1.6387086728596563e-18 -0.9396926207781249 0.34202014334705394
    outer loop
      vertex 43.405 0.7315801709268707 2.01
      vertex 33.37402515113354 0.7572944010844214 2.080649266711527
      vertex 33.18822856992483 0.735723382029635 2.0213833789480726
    endloop
  endfacet
  facet normal 7.462042506287036e-18 -0.9396926207781247 0.3420201433470547
    outer loop
      vertex 43.405 0.7315801709268707 2.01
      vertex 33.54999999701977 0.7869753157332329 2.162196909492122
      vertex 33.37402515113354 0.7572944010844214 2.080649266711527
    endloop
  endfacet
  facet normal 7.224859465872521e-18 -0.9396926207781244 0.34202014334705466
    outer loop
      vertex 43.405 0.7315801709268707 2.01
      vertex 33.71314214169979 0.824258280407354 2.2646310130573406
      vertex 33.54999999701977 0.7869753157332329 2.162196909492122
    endloop
  endfacet
  facet normal 2.5556090894746723e-17 -0.9396926207781243 0.3420201433470553
    outer loop
      vertex 43.405 0.7315801709268707 2.01
      vertex 33.860660172998905 0.8685053716377985 2.3861988970809267
      vertex 33.71314214169979 0.824258280407354 2.2646310130573406
    endloop
  endfacet
  facet normal -3.849680501742473e-17 -0.939692620778125 0.34202014334705383
    outer loop
      vertex 43.405 0.7315801709268707 2.01
      vertex 33.99003001302481 0.9189595098489969 2.5248205025244213
      vertex 33.860660172998905 0.8685053716377985 2.3861988970809267
    endloop
  endfacet
  facet normal -1.9935059604661315e-17 -0.9396926207781248 0.342020143347054
    outer loop
      vertex 43.405 0.7315801709268707 2.01
      vertex 34.09903810918331 0.9747574095584042 2.678123972018156
      vertex 33.99003001302481 0.9189595098489969 2.5248205025244213
    endloop
  endfacet
  facet normal 6.565803774014849e-17 -0.9396926207781243 0.3420201433470553
    outer loop
      vertex 43.405 0.7315801709268707 2.01
      vertex 34.185819298028946 1.0349443515738888 2.8434862361400146
      vertex 34.09903810918331 0.9747574095584042 2.678123972018156
    endloop
  endfacet
  facet normal -6.445129920313699e-17 -0.9396926207781249 0.3420201433470539
    outer loop
      vertex 43.405 0.7315801709268707 2.01
      vertex 34.24888873845339 1.0984905249122827 3.0180779124676387
      vertex 34.185819298028946 1.0349443515738888 2.8434862361400146
    endloop
  endfacet
  facet normal 8.04008579442427e-18 -0.9396926207781245 0.3420201433470547
    outer loop
      vertex 43.405 0.7315801709268707 2.01
      vertex 34.28716728836298 1.1643086351975136 3.1989116842546794
      vertex 34.24888873845339 1.0984905249122827 3.0180779124676387
    endloop
  endfacet
  facet normal -5.1683723800683596e-17 -0.9396926207781248 0.3420201433470541
    outer loop
      vertex 43.405 0.7315801709268707 2.01
      vertex 34.29999999701977 1.2312725170686951 3.3828934376017497
      vertex 34.28716728836298 1.1643086351975136 3.1989116842546794
    endloop
  endfacet
  facet normal 0 0 -1
    outer loop
      vertex 43.405 0 0
      vertex 43.405 2.128355544951824 0
      vertex 44.93887930059833 2.1283555449518246 0
    endloop
  endfacet
  facet normal 0 0 -1
    outer loop
      vertex 43.405 0 0
      vertex 44.93887930059833 2.1283555449518246 0
      vertex 45.4 0 0
    endloop
  endfacet
  facet normal 0 0 -1
    outer loop
      vertex 45.4 0 0
      vertex 44.93887930059833 2.1283555449518246 0
      vertex 44.98670668154955 2.287810110563232 0
    endloop
  endfacet
  facet normal 0 0 -1
    outer loop
      vertex 45.4 0 0
      vertex 44.98670668154955 2.287810110563232 0
      vertex 45.132050804793835 2.923804404519892 0
    endloop
  endfacet
  facet normal 0 0 -1
    outer loop
      vertex 45.4 0 0
      vertex 45.132050804793835 2.923804404519892 0
      vertex 45.24775906652212 3.6098257906694946 0
    endloop
  endfacet
  facet normal 0 0 -1
    outer loop
      vertex 45.4 0 0
      vertex 45.24775906652212 3.6098257906694946 0
      vertex 45.33185165375471 4.334136265639178 0
    endloop
  endfacet
  facet normal 0 0 -1
    outer loop
      vertex 45.4 0 0
      vertex 45.33185165375471 4.334136265639178 0
      vertex 45.38288972526789 5.084342692827104 0
    endloop
  endfacet
  facet normal 0 0 -1
    outer loop
      vertex 45.4 0 0
      vertex 45.38288972526789 5.084342692827104 0
      vertex 45.38819242315074 5.320888862379561 0
    endloop
  endfacet
  facet normal 0 -0.9396926207781245 0.34202014334705455
    outer loop
      vertex 43.405 0 0
      vertex 45.4 0 0
      vertex 45.4 18.74270385503769 51.49515561759472
    endloop
  endfacet
  facet normal 1.1950647490697033e-15 -0.9396926207781247 0.3420201433470545
    outer loop
      vertex 43.405 0 0
      vertex 45.4 18.74270385503769 51.49515561759472
      vertex 43.405 0.7315801709268707 2.01
    endloop
  endfacet
  facet normal 8.523296600133573e-18 -0.9396926207781245 0.3420201433470545
    outer loop
      vertex 43.405 0.7315801709268707 2.01
      vertex 45.4 18.74270385503769 51.49515561759472
      vertex 34.29999999701977 1.2312725170686951 3.3828934376017497
    endloop
  endfacet
  facet normal 0 0 -1
    outer loop
      vertex 45.4 0 0
      vertex 45.38819242315074 5.320888862379561 0
      vertex 45.4 70 0
    endloop
  endfacet
  facet normal 0 0 -1
    outer loop
      vertex 43.405 5.320888862379561 0
      vertex 45.4 70 0
      vertex 45.38819242315074 5.320888862379561 0
    endloop
  endfacet
  facet normal 1 0 0
    outer loop
      vertex 45.4 0 0
      vertex 45.4 70 0
      vertex 45.4 18.74270385503769 51.49515561759472
    endloop
  endfacet
  facet normal -6.182739497609488e-20 -0.9396926207781248 0.3420201433470543
    outer loop
      vertex 45.4 18.74270385503769 51.49515561759472
      vertex -33.79999999701977 18.024461553370475 49.52180111220667
      vertex 32.79999999701977 18.024461553370475 49.52180111220667
    endloop
  endfacet
  facet normal 9.073228190094738e-17 -0.9396926207781245 0.3420201433470545
    outer loop
      vertex 45.4 18.74270385503769 51.49515561759472
      vertex 34.29999999701977 17.51143133834989 48.112262181039476
      vertex 34.29999999701977 1.2312725170686951 3.3828934376017497
    endloop
  endfacet
  facet normal -2.1918875077092247e-15 -0.9396926207781224 0.3420201433470606
    outer loop
      vertex 45.4 18.74270385503769 51.49515561759472
      vertex 34.28716728836298 17.578395220221076 48.29624393438655
      vertex 34.29999999701977 17.51143133834989 48.112262181039476
    endloop
  endfacet
  facet normal 5.088098782004718e-15 -0.9396926207781308 0.3420201433470376
    outer loop
      vertex 45.4 18.74270385503769 51.49515561759472
      vertex 34.185819298028946 17.7077595038447 48.65166938250122
      vertex 34.24888873845339 17.644213330506304 48.47707770617358
    endloop
  endfacet
  facet normal -2.5424901364263217e-15 -0.9396926207781218 0.3420201433470622
    outer loop
      vertex 45.4 18.74270385503769 51.49515561759472
      vertex 34.24888873845339 17.644213330506304 48.47707770617358
      vertex 34.28716728836298 17.578395220221076 48.29624393438655
    endloop
  endfacet
  facet normal -1.885025932865184e-15 -0.939692620778122 0.34202014334706177
    outer loop
      vertex 45.4 18.74270385503769 51.49515561759472
      vertex 34.09903810918331 17.767946445860183 48.81703164662307
      vertex 34.185819298028946 17.7077595038447 48.65166938250122
    endloop
  endfacet
  facet normal 2.8440421479560153e-16 -0.9396926207781247 0.34202014334705416
    outer loop
      vertex 45.4 18.74270385503769 51.49515561759472
      vertex 33.99003001302481 17.82374434556959 48.97033511611681
      vertex 34.09903810918331 17.767946445860183 48.81703164662307
    endloop
  endfacet
  facet normal -7.792787034065465e-15 -0.9396926207781077 0.342020143347101
    outer loop
      vertex 45.4 18.74270385503769 51.49515561759472
      vertex 32.79999999701977 18.024461553370475 49.52180111220667
      vertex 32.99578928947449 18.020072508516147 49.50974231057729
    endloop
  endfacet
  facet normal -1.2987419205946453e-15 -0.9396926207781217 0.34202014334706254
    outer loop
      vertex 45.4 18.74270385503769 51.49515561759472
      vertex 32.99578928947449 18.020072508516147 49.50974231057729
      vertex 33.18822856992483 18.00698047338895 49.473772239693155
    endloop
  endfacet
  facet normal 6.359682176192479e-16 -0.9396926207781258 0.34202014334705116
    outer loop
      vertex 45.4 18.74270385503769 51.49515561759472
      vertex 33.54999999701977 17.955728539685353 49.3329587091491
      vertex 33.71314214169979 17.918445575011233 49.23052460558389
    endloop
  endfacet
  facet normal 5.488774368369222e-15 -0.939692620778135 0.34202014334702613
    outer loop
      vertex 45.4 18.74270385503769 51.49515561759472
      vertex 33.18822856992483 18.00698047338895 49.473772239693155
      vertex 33.37402515113354 17.985409454334167 49.4145063519297
    endloop
  endfacet
  facet normal -2.2247610744746085e-15 -0.9396926207781207 0.3420201433470653
    outer loop
      vertex 45.4 18.74270385503769 51.49515561759472
      vertex 33.37402515113354 17.985409454334167 49.4145063519297
      vertex 33.54999999701977 17.955728539685353 49.3329587091491
    endloop
  endfacet
  facet normal 1.1570334479839257e-15 -0.9396926207781262 0.3420201433470499
    outer loop
      vertex 45.4 18.74270385503769 51.49515561759472
      vertex 33.860660172998905 17.87419848378079 49.10895672156031
      vertex 33.99003001302481 17.82374434556959 48.97033511611681
    endloop
  endfacet
  facet normal -1.5402203966287281e-15 -0.9396926207781221 0.3420201433470614
    outer loop
      vertex 45.4 18.74270385503769 51.49515561759472
      vertex 33.71314214169979 17.918445575011233 49.23052460558389
      vertex 33.860660172998905 17.87419848378079 49.10895672156031
    endloop
  endfacet
  facet normal 0 1 0
    outer loop
      vertex 43.405 70 2.01
      vertex -5.5 70 3.75
      vertex 5.5 70 3.75
    endloop
  endfacet
  facet normal 0 1 0
    outer loop
      vertex 43.405 70 2.01
      vertex 5.5 70 3.75
      vertex 5.5 70 9.25
    endloop
  endfacet
  facet normal 0 1 0
    outer loop
      vertex 43.405 70 2.01
      vertex 5.5 70 9.25
      vertex 14.3 70 20.67820699857358
    endloop
  endfacet
  facet normal 0 1 0
    outer loop
      vertex -5.5 70 9.25
      vertex 5.9 70 20.67820699857358
      vertex 5.5 70 9.25
    endloop
  endfacet
  facet normal 0 1 0
    outer loop
      vertex -5.5 70 9.25
      vertex 2.5 70 20.67820699857358
      vertex 5.9 70 20.67820699857358
    endloop
  endfacet
  facet normal 0 1 0
    outer loop
      vertex 5.5 70 9.25
      vertex 5.9 70 20.67820699857358
      vertex 10.900000000000002 70 20.67820699857358
    endloop
  endfacet
  facet normal 0 1 0
    outer loop
      vertex 5.5 70 9.25
      vertex 10.900000000000002 70 20.67820699857358
      vertex 14.3 70 20.67820699857358
    endloop
  endfacet
  facet normal 0 1 0
    outer loop
      vertex -0.8000000000000003 70 23.62269337144067
      vertex 0.8000000000000003 70 23.62269337144067
      vertex 2.5 70 20.67820699857358
    endloop
  endfacet
  facet normal 0 1 0
    outer loop
      vertex 5.9 70 20.67820699857358
      vertex 7.6 70 23.62269337144067
      vertex 10.900000000000002 70 20.67820699857358
    endloop
  endfacet
  facet normal 0 1 0
    outer loop
      vertex 10.900000000000002 70 20.67820699857358
      vertex 7.6 70 23.62269337144067
      vertex 9.200000000000001 70 23.62269337144067
    endloop
  endfacet
  facet normal 0 1 0
    outer loop
      vertex 14.3 70 20.67820699857358
      vertex 16 70 23.62269337144067
      vertex 19.3 70 20.67820699857358
    endloop
  endfacet
  facet normal 0 1 0
    outer loop
      vertex 16 70 23.62269337144067
      vertex 17.6 70 23.62269337144067
      vertex 19.3 70 20.67820699857358
    endloop
  endfacet
  facet normal 0 0 -1
    outer loop
      vertex 43.405 5.320888862379561 0
      vertex 43.405 70 0
      vertex 45.4 70 0
    endloop
  endfacet
  facet normal 0 1 0
    outer loop
      vertex 43.405 70 0
      vertex 43.405 70 2.01
      vertex 45.4 70 0
    endloop
  endfacet
  facet normal 0 1 0
    outer loop
      vertex 43.405 70 2.01
      vertex 14.3 70 20.67820699857358
      vertex 19.3 70 20.67820699857358
    endloop
  endfacet
  facet normal 0 1 0
    outer loop
      vertex 43.405 70 2.01
      vertex 19.3 70 20.67820699857358
      vertex 22.7 70 20.67820699857358
    endloop
  endfacet
  facet normal 0 1 0
    outer loop
      vertex 43.405 70 2.01
      vertex 22.7 70 20.67820699857358
      vertex 27.700000000000003 70 20.67820699857358
    endloop
  endfacet
  facet normal 0 1 0
    outer loop
      vertex 22.7 70 20.67820699857358
      vertex 24.4 70 23.62269337144067
      vertex 27.700000000000003 70 20.67820699857358
    endloop
  endfacet
  facet normal 0 1 0
    outer loop
      vertex 24.4 70 23.62269337144067
      vertex 26.000000000000004 70 23.62269337144067
      vertex 27.700000000000003 70 20.67820699857358
    endloop
  endfacet
  facet normal 0 1 0
    outer loop
      vertex 43.405 70 2.01
      vertex 27.700000000000003 70 20.67820699857358
      vertex 31.1 70 20.67820699857358
    endloop
  endfacet
  facet normal 0 1 0
    outer loop
      vertex 43.405 70 2.01
      vertex 31.1 70 20.67820699857358
      vertex 32.800000000000004 70 23.62269337144067
    endloop
  endfacet
  facet normal 0 1 0
    outer loop
      vertex 45.4 70 0
      vertex 43.405 70 2.01
      vertex 45.4 70 51.49515561759472
    endloop
  endfacet
  facet normal 0 0 1
    outer loop
      vertex -45.4 18.74270385503769 51.49515561759472
      vertex 45.4 18.74270385503769 51.49515561759472
      vertex 45.4 70 51.49515561759472
    endloop
  endfacet
  facet normal 0 1 0
    outer loop
      vertex -2.5 70 26.567179744307758
      vertex 2.5 70 26.567179744307758
      vertex 0.8000000000000003 70 23.62269337144067
    endloop
  endfacet
  facet normal 0 1 0
    outer loop
      vertex -2.5 70 26.567179744307758
      vertex 6.7 70 27.95260699857358
      vertex 2.5 70 26.567179744307758
    endloop
  endfacet
  facet normal 0 1 0
    outer loop
      vertex -2.5 70 26.567179744307758
      vertex 1.7 70 27.95260699857358
      vertex 6.7 70 27.95260699857358
    endloop
  endfacet
  facet normal 0 1 0
    outer loop
      vertex 6.7 70 27.95260699857358
      vertex 5.9 70 26.567179744307758
      vertex 2.5 70 26.567179744307758
    endloop
  endfacet
  facet normal 0 1 0
    outer loop
      vertex 6.7 70 27.95260699857358
      vertex 1.7 70 27.95260699857358
      vertex 3.4 70 30.89709337144067
    endloop
  endfacet
  facet normal 0 1 0
    outer loop
      vertex 6.7 70 27.95260699857358
      vertex 3.4 70 30.89709337144067
      vertex 5 70 30.89709337144067
    endloop
  endfacet
  facet normal 0 1 0
    outer loop
      vertex 7.6 70 23.62269337144067
      vertex 5.9 70 26.567179744307758
      vertex 10.1 70 27.95260699857358
    endloop
  endfacet
  facet normal 0 1 0
    outer loop
      vertex 5.9 70 26.567179744307758
      vertex 6.7 70 27.95260699857358
      vertex 10.1 70 27.95260699857358
    endloop
  endfacet
  facet normal 0 1 0
    outer loop
      vertex 7.6 70 23.62269337144067
      vertex 10.1 70 27.95260699857358
      vertex 9.200000000000001 70 23.62269337144067
    endloop
  endfacet
  facet normal 0 1 0
    outer loop
      vertex 9.200000000000001 70 23.62269337144067
      vertex 10.1 70 27.95260699857358
      vertex 10.900000000000002 70 26.567179744307758
    endloop
  endfacet
  facet normal 0 1 0
    outer loop
      vertex 10.900000000000002 70 26.567179744307758
      vertex 10.1 70 27.95260699857358
      vertex 11.8 70 30.89709337144067
    endloop
  endfacet
  facet normal 0 1 0
    outer loop
      vertex -1.7 70 33.84157974430776
      vertex 2.5 70 35.22700699857358
      vertex 1.7 70 33.84157974430776
    endloop
  endfacet
  facet normal 0 1 0
    outer loop
      vertex 3.4 70 30.89709337144067
      vertex 5.9 70 35.22700699857358
      vertex 5 70 30.89709337144067
    endloop
  endfacet
  facet normal 0 1 0
    outer loop
      vertex 1.7 70 33.84157974430776
      vertex 5.9 70 35.22700699857358
      vertex 3.4 70 30.89709337144067
    endloop
  endfacet
  facet normal 0 1 0
    outer loop
      vertex 1.7 70 33.84157974430776
      vertex 2.5 70 35.22700699857358
      vertex 5.9 70 35.22700699857358
    endloop
  endfacet
  facet normal 0 1 0
    outer loop
      vertex -1.7 70 33.84157974430776
      vertex 0.8000000000000003 70 38.17149337144067
      vertex 2.5 70 35.22700699857358
    endloop
  endfacet
  facet normal 0 1 0
    outer loop
      vertex 5 70 30.89709337144067
      vertex 5.9 70 35.22700699857358
      vertex 6.7 70 33.84157974430776
    endloop
  endfacet
  facet normal 0 1 0
    outer loop
      vertex 6.7 70 33.84157974430776
      vertex 5.9 70 35.22700699857358
      vertex 10.900000000000002 70 35.22700699857358
    endloop
  endfacet
  facet normal 0 1 0
    outer loop
      vertex 6.7 70 33.84157974430776
      vertex 10.900000000000002 70 35.22700699857358
      vertex 10.1 70 33.84157974430776
    endloop
  endfacet
  facet normal 0 1 0
    outer loop
      vertex 7.6 70 38.17149337144067
      vertex 10.900000000000002 70 35.22700699857358
      vertex 5.9 70 35.22700699857358
    endloop
  endfacet
  facet normal 0 1 0
    outer loop
      vertex 7.6 70 38.17149337144067
      vertex 9.200000000000001 70 38.17149337144067
      vertex 10.900000000000002 70 35.22700699857358
    endloop
  endfacet
  facet normal 0 1 0
    outer loop
      vertex 14.3 70 26.567179744307758
      vertex 10.900000000000002 70 26.567179744307758
      vertex 15.100000000000001 70 27.95260699857358
    endloop
  endfacet
  facet normal 0 1 0
    outer loop
      vertex 16 70 23.62269337144067
      vertex 14.3 70 26.567179744307758
      vertex 18.5 70 27.95260699857358
    endloop
  endfacet
  facet normal 0 1 0
    outer loop
      vertex 14.3 70 26.567179744307758
      vertex 15.100000000000001 70 27.95260699857358
      vertex 18.5 70 27.95260699857358
    endloop
  endfacet
  facet normal 0 1 0
    outer loop
      vertex 10.900000000000002 70 26.567179744307758
      vertex 11.8 70 30.89709337144067
      vertex 13.4 70 30.89709337144067
    endloop
  endfacet
  facet normal 0 1 0
    outer loop
      vertex 10.900000000000002 70 26.567179744307758
      vertex 13.4 70 30.89709337144067
      vertex 15.100000000000001 70 27.95260699857358
    endloop
  endfacet
  facet normal 0 1 0
    outer loop
      vertex 16 70 23.62269337144067
      vertex 18.5 70 27.95260699857358
      vertex 17.6 70 23.62269337144067
    endloop
  endfacet
  facet normal 0 1 0
    outer loop
      vertex 17.6 70 23.62269337144067
      vertex 18.5 70 27.95260699857358
      vertex 19.3 70 26.567179744307758
    endloop
  endfacet
  facet normal 0 1 0
    outer loop
      vertex 22.7 70 26.567179744307758
      vertex 19.3 70 26.567179744307758
      vertex 23.500000000000004 70 27.95260699857358
    endloop
  endfacet
  facet normal 0 1 0
    outer loop
      vertex 19.3 70 26.567179744307758
      vertex 18.5 70 27.95260699857358
      vertex 20.2 70 30.89709337144067
    endloop
  endfacet
  facet normal 0 1 0
    outer loop
      vertex 19.3 70 26.567179744307758
      vertex 20.2 70 30.89709337144067
      vertex 21.800000000000004 70 30.89709337144067
    endloop
  endfacet
  facet normal 0 1 0
    outer loop
      vertex 19.3 70 26.567179744307758
      vertex 21.800000000000004 70 30.89709337144067
      vertex 23.500000000000004 70 27.95260699857358
    endloop
  endfacet
  facet normal 0 1 0
    outer loop
      vertex 10.1 70 33.84157974430776
      vertex 13.4 70 30.89709337144067
      vertex 11.8 70 30.89709337144067
    endloop
  endfacet
  facet normal 0 1 0
    outer loop
      vertex 10.1 70 33.84157974430776
      vertex 15.100000000000001 70 33.84157974430776
      vertex 13.4 70 30.89709337144067
    endloop
  endfacet
  facet normal 0 1 0
    outer loop
      vertex 10.1 70 33.84157974430776
      vertex 10.900000000000002 70 35.22700699857358
      vertex 14.3 70 35.22700699857358
    endloop
  endfacet
  facet normal 0 1 0
    outer loop
      vertex 10.1 70 33.84157974430776
      vertex 19.3 70 35.22700699857358
      vertex 15.100000000000001 70 33.84157974430776
    endloop
  endfacet
  facet normal 0 1 0
    outer loop
      vertex 10.1 70 33.84157974430776
      vertex 14.3 70 35.22700699857358
      vertex 19.3 70 35.22700699857358
    endloop
  endfacet
  facet normal 0 1 0
    outer loop
      vertex 19.3 70 35.22700699857358
      vertex 14.3 70 35.22700699857358
      vertex 16 70 38.17149337144067
    endloop
  endfacet
  facet normal 0 1 0
    outer loop
      vertex 19.3 70 35.22700699857358
      vertex 18.5 70 33.84157974430776
      vertex 15.100000000000001 70 33.84157974430776
    endloop
  endfacet
  facet normal 0 1 0
    outer loop
      vertex 20.2 70 30.89709337144067
      vertex 22.7 70 35.22700699857358
      vertex 21.800000000000004 70 30.89709337144067
    endloop
  endfacet
  facet normal 0 1 0
    outer loop
      vertex 18.5 70 33.84157974430776
      vertex 22.7 70 35.22700699857358
      vertex 20.2 70 30.89709337144067
    endloop
  endfacet
  facet normal 0 1 0
    outer loop
      vertex 18.5 70 33.84157974430776
      vertex 19.3 70 35.22700699857358
      vertex 22.7 70 35.22700699857358
    endloop
  endfacet
  facet normal 0 1 0
    outer loop
      vertex 23.500000000000004 70 33.84157974430776
      vertex 21.800000000000004 70 30.89709337144067
      vertex 22.7 70 35.22700699857358
    endloop
  endfacet
  facet normal 0 1 0
    outer loop
      vertex 19.3 70 35.22700699857358
      vertex 16 70 38.17149337144067
      vertex 17.6 70 38.17149337144067
    endloop
  endfacet
  facet normal 0 1 0
    outer loop
      vertex -2.5 70 41.11597974430776
      vertex 2.5 70 41.11597974430776
      vertex 0.8000000000000003 70 38.17149337144067
    endloop
  endfacet
  facet normal 0 1 0
    outer loop
      vertex 9.200000000000001 70 38.17149337144067
      vertex 7.6 70 38.17149337144067
      vertex 5.9 70 41.11597974430776
    endloop
  endfacet
  facet normal 0 1 0
    outer loop
      vertex 5.9 70 41.11597974430776
      vertex 10.900000000000002 70 41.11597974430776
      vertex 9.200000000000001 70 38.17149337144067
    endloop
  endfacet
  facet normal 0 1 0
    outer loop
      vertex 17.6 70 38.17149337144067
      vertex 16 70 38.17149337144067
      vertex 14.3 70 41.11597974430776
    endloop
  endfacet
  facet normal 0 1 0
    outer loop
      vertex 45.4 70 51.49515561759472
      vertex 2.5 70 41.11597974430776
      vertex -2.5 70 41.11597974430776
    endloop
  endfacet
  facet normal 0 1 0
    outer loop
      vertex 14.3 70 41.11597974430776
      vertex 19.3 70 41.11597974430776
      vertex 17.6 70 38.17149337144067
    endloop
  endfacet
  facet normal 0 1 0
    outer loop
      vertex 45.4 70 51.49515561759472
      vertex 5.9 70 41.11597974430776
      vertex 2.5 70 41.11597974430776
    endloop
  endfacet
  facet normal 0 1 0
    outer loop
      vertex 45.4 70 51.49515561759472
      vertex 10.900000000000002 70 41.11597974430776
      vertex 5.9 70 41.11597974430776
    endloop
  endfacet
  facet normal 0 1 0
    outer loop
      vertex 24.4 70 23.62269337144067
      vertex 22.7 70 26.567179744307758
      vertex 26.900000000000002 70 27.95260699857358
    endloop
  endfacet
  facet normal 0 1 0
    outer loop
      vertex 22.7 70 26.567179744307758
      vertex 23.500000000000004 70 27.95260699857358
      vertex 26.900000000000002 70 27.95260699857358
    endloop
  endfacet
  facet normal 0 1 0
    outer loop
      vertex 24.4 70 23.62269337144067
      vertex 26.900000000000002 70 27.95260699857358
      vertex 26.000000000000004 70 23.62269337144067
    endloop
  endfacet
  facet normal 0 1 0
    outer loop
      vertex 26.000000000000004 70 23.62269337144067
      vertex 26.900000000000002 70 27.95260699857358
      vertex 27.700000000000003 70 26.567179744307758
    endloop
  endfacet
  facet normal 0 1 0
    outer loop
      vertex 27.700000000000003 70 26.567179744307758
      vertex 26.900000000000002 70 27.95260699857358
      vertex 28.6 70 30.89709337144067
    endloop
  endfacet
  facet normal 0 1 0
    outer loop
      vertex 27.700000000000003 70 26.567179744307758
      vertex 28.6 70 30.89709337144067
      vertex 31.1 70 26.567179744307758
    endloop
  endfacet
  facet normal 0 1 0
    outer loop
      vertex 31.1 70 26.567179744307758
      vertex 28.6 70 30.89709337144067
      vertex 31.1 70 35.22700699857358
    endloop
  endfacet
  facet normal 0 1 0
    outer loop
      vertex 32.800000000000004 70 23.62269337144067
      vertex 31.1 70 26.567179744307758
      vertex 32.800000000000004 70 38.17149337144067
    endloop
  endfacet
  facet normal 0 1 0
    outer loop
      vertex 26.900000000000002 70 33.84157974430776
      vertex 23.500000000000004 70 33.84157974430776
      vertex 27.700000000000003 70 35.22700699857358
    endloop
  endfacet
  facet normal 0 1 0
    outer loop
      vertex 23.500000000000004 70 33.84157974430776
      vertex 22.7 70 35.22700699857358
      vertex 24.4 70 38.17149337144067
    endloop
  endfacet
  facet normal 0 1 0
    outer loop
      vertex 23.500000000000004 70 33.84157974430776
      vertex 24.4 70 38.17149337144067
      vertex 26.000000000000004 70 38.17149337144067
    endloop
  endfacet
  facet normal 0 1 0
    outer loop
      vertex 23.500000000000004 70 33.84157974430776
      vertex 26.000000000000004 70 38.17149337144067
      vertex 27.700000000000003 70 35.22700699857358
    endloop
  endfacet
  facet normal 0 1 0
    outer loop
      vertex 26.900000000000002 70 33.84157974430776
      vertex 31.1 70 35.22700699857358
      vertex 28.6 70 30.89709337144067
    endloop
  endfacet
  facet normal 0 1 0
    outer loop
      vertex 26.900000000000002 70 33.84157974430776
      vertex 27.700000000000003 70 35.22700699857358
      vertex 31.1 70 35.22700699857358
    endloop
  endfacet
  facet normal 0 1 0
    outer loop
      vertex 31.1 70 26.567179744307758
      vertex 31.1 70 35.22700699857358
      vertex 32.800000000000004 70 38.17149337144067
    endloop
  endfacet
  facet normal 1 0 0
    outer loop
      vertex 45.4 18.74270385503769 51.49515561759472
      vertex 45.4 70 0
      vertex 45.4 70 51.49515561759472
    endloop
  endfacet
  facet normal 0 1 0
    outer loop
      vertex 43.405 70 2.01
      vertex 32.800000000000004 70 23.62269337144067
      vertex 45.4 70 51.49515561759472
    endloop
  endfacet
  facet normal 0 1 0
    outer loop
      vertex 45.4 70 51.49515561759472
      vertex 32.800000000000004 70 23.62269337144067
      vertex 32.800000000000004 70 38.17149337144067
    endloop
  endfacet
  facet normal 0 1 0
    outer loop
      vertex 22.7 70 41.11597974430776
      vertex 26.000000000000004 70 38.17149337144067
      vertex 24.4 70 38.17149337144067
    endloop
  endfacet
  facet normal 0 1 0
    outer loop
      vertex 22.7 70 41.11597974430776
      vertex 27.700000000000003 70 41.11597974430776
      vertex 26.000000000000004 70 38.17149337144067
    endloop
  endfacet
  facet normal 0 1 0
    outer loop
      vertex 45.4 70 51.49515561759472
      vertex 14.3 70 41.11597974430776
      vertex 10.900000000000002 70 41.11597974430776
    endloop
  endfacet
  facet normal 0 1 0
    outer loop
      vertex 45.4 70 51.49515561759472
      vertex 19.3 70 41.11597974430776
      vertex 14.3 70 41.11597974430776
    endloop
  endfacet
  facet normal 0 1 0
    outer loop
      vertex 45.4 70 51.49515561759472
      vertex 22.7 70 41.11597974430776
      vertex 19.3 70 41.11597974430776
    endloop
  endfacet
  facet normal 0 1 0
    outer loop
      vertex 45.4 70 51.49515561759472
      vertex 27.700000000000003 70 41.11597974430776
      vertex 22.7 70 41.11597974430776
    endloop
  endfacet
  facet normal 0 1 0
    outer loop
      vertex 45.4 70 51.49515561759472
      vertex 31.1 70 41.11597974430776
      vertex 27.700000000000003 70 41.11597974430776
    endloop
  endfacet
  facet normal 0 1 0
    outer loop
      vertex 45.4 70 51.49515561759472
      vertex 32.800000000000004 70 38.17149337144067
      vertex 31.1 70 41.11597974430776
    endloop
  endfacet
  facet normal 2.3721910141592054e-17 0.9396926207485052 -0.3420201434284328
    outer loop
      vertex -43.4 2.859935712659319 2.01
      vertex -35.28716728836298 3.0436938739547044 2.514871398627782
      vertex -35.24888873845339 2.977875763653813 2.3340376268464413
    endloop
  endfacet
  facet normal 1.0474875937609126e-16 0.939692620748505 -0.34202014342843384
    outer loop
      vertex -43.4 2.859935712659319 2.01
      vertex -35.29999999701977 3.110657755841819 2.698853151969053
      vertex -35.28716728836298 3.0436938739547044 2.514871398627782
    endloop
  endfacet
  facet normal 0 0.9396926207485052 -0.3420201434284328
    outer loop
      vertex -43.4 2.859935712659319 2.01
      vertex -35.185819298028946 2.9143295903002993 2.15944595052432
      vertex -35.107390901296796 2.859935712659319 2.01
    endloop
  endfacet
  facet normal -1.8630610115798228e-17 0.9396926207485058 -0.3420201434284319
    outer loop
      vertex -43.4 2.859935712659319 2.01
      vertex -35.24888873845339 2.977875763653813 2.3340376268464413
      vertex -35.185819298028946 2.9143295903002993 2.15944595052432
    endloop
  endfacet
  facet normal 1 0 0
    outer loop
      vertex -43.4 2.859935712659319 2.01
      vertex -43.4 2.859935715826891 2.01
      vertex -43.4 12.169065754310175 27.586624575499563
    endloop
  endfacet
  facet normal -2.3463257133078633e-17 0.9396926207485053 -0.3420201434284327
    outer loop
      vertex -43.4 2.859935712659319 2.01
      vertex -43.4 12.169065754310175 27.586624575499563
      vertex -35.29999999701977 3.110657755841819 2.698853151969053
    endloop
  endfacet
  facet normal 1.6929464018453913e-16 0.9396926207485053 -0.3420201434284326
    outer loop
      vertex -43.4 12.169065754310175 27.586624575499563
      vertex -35.29999999701977 12.16906673470654 27.58662726911644
      vertex -35.29999999701977 3.110657755841819 2.698853151969053
    endloop
  endfacet
  facet normal -2.7742765312363806e-16 0.9396926211802474 -0.3420201422422312
    outer loop
      vertex -43.4 12.169065754310175 27.586624575499563
      vertex -43.399999998509884 12.169065973613503 27.586625178030506
      vertex -35.29999999701977 12.16906673470654 27.58662726911644
    endloop
  endfacet
  facet normal 1 0 0
    outer loop
      vertex -43.4 6.052469033254628 2.01
      vertex -43.4 68 49.49515561759472
      vertex -43.4 23.33565224755765 49.49515561759472
    endloop
  endfacet
  facet normal 1 0 0
    outer loop
      vertex -43.4 6.052469033254628 2.01
      vertex -43.4 68 2.01
      vertex -43.4 68 49.49515561759472
    endloop
  endfacet
  facet normal 0 -1 0
    outer loop
      vertex -43.4 68 2.01
      vertex -27.700000000000003 68 20.67820699857358
      vertex -31.1 68 20.67820699857358
    endloop
  endfacet
  facet normal 0 -1 0
    outer loop
      vertex -43.4 68 2.01
      vertex -31.1 68 20.67820699857358
      vertex -32.800000000000004 68 23.62269337144067
    endloop
  endfacet
  facet normal 0 -1 0
    outer loop
      vertex -43.4 68 2.01
      vertex -22.700000000000003 68 20.67820699857358
      vertex -27.700000000000003 68 20.67820699857358
    endloop
  endfacet
  facet normal 0 -1 0
    outer loop
      vertex -43.4 68 2.01
      vertex -19.300000000000004 68 20.67820699857358
      vertex -22.700000000000003 68 20.67820699857358
    endloop
  endfacet
  facet normal 0 -1 0
    outer loop
      vertex -43.4 68 2.01
      vertex -14.3 68 20.67820699857358
      vertex -19.300000000000004 68 20.67820699857358
    endloop
  endfacet
  facet normal 0 -1 0
    outer loop
      vertex -43.4 68 2.01
      vertex -10.900000000000002 68 20.67820699857358
      vertex -14.3 68 20.67820699857358
    endloop
  endfacet
  facet normal 0 -1 0
    outer loop
      vertex -27.700000000000003 68 20.67820699857358
      vertex -24.400000000000002 68 23.62269337144067
      vertex -26.000000000000004 68 23.62269337144067
    endloop
  endfacet
  facet normal 0 -1 0
    outer loop
      vertex -24.400000000000002 68 23.62269337144067
      vertex -27.700000000000003 68 20.67820699857358
      vertex -22.700000000000003 68 20.67820699857358
    endloop
  endfacet
  facet normal 0 -1 0
    outer loop
      vertex -43.4 68 2.01
      vertex 5.5 68 3.75
      vertex -5.5 68 3.75
    endloop
  endfacet
  facet normal 0 -1 0
    outer loop
      vertex -43.4 68 2.01
      vertex -5.5 68 3.75
      vertex -5.5 68 9.25
    endloop
  endfacet
  facet normal 0 -1 0
    outer loop
      vertex -43.4 68 2.01
      vertex -5.5 68 9.25
      vertex -10.900000000000002 68 20.67820699857358
    endloop
  endfacet
  facet normal 0 -1 0
    outer loop
      vertex -19.300000000000004 68 20.67820699857358
      vertex -16 68 23.62269337144067
      vertex -17.600000000000005 68 23.62269337144067
    endloop
  endfacet
  facet normal 0 -1 0
    outer loop
      vertex -19.300000000000004 68 20.67820699857358
      vertex -14.3 68 20.67820699857358
      vertex -16 68 23.62269337144067
    endloop
  endfacet
  facet normal 0 -1 0
    outer loop
      vertex -17.600000000000005 68 23.62269337144067
      vertex -16 68 23.62269337144067
      vertex -14.3 68 26.567179744307758
    endloop
  endfacet
  facet normal 0 -1 0
    outer loop
      vertex -5.5 68 9.25
      vertex -5.9 68 20.67820699857358
      vertex -10.900000000000002 68 20.67820699857358
    endloop
  endfacet
  facet normal 0 -1 0
    outer loop
      vertex -5.5 68 9.25
      vertex 5.5 68 9.25
      vertex -2.5 68 20.67820699857358
    endloop
  endfacet
  facet normal 0 -1 0
    outer loop
      vertex -5.5 68 9.25
      vertex -2.5 68 20.67820699857358
      vertex -5.9 68 20.67820699857358
    endloop
  endfacet
  facet normal 0 -1 0
    outer loop
      vertex -10.900000000000002 68 20.67820699857358
      vertex -7.6 68 23.62269337144067
      vertex -9.200000000000001 68 23.62269337144067
    endloop
  endfacet
  facet normal 0 -1 0
    outer loop
      vertex -7.6 68 23.62269337144067
      vertex -10.900000000000002 68 20.67820699857358
      vertex -5.9 68 20.67820699857358
    endloop
  endfacet
  facet normal 0 -1 0
    outer loop
      vertex -2.5 68 20.67820699857358
      vertex 0.8000000000000003 68 23.62269337144067
      vertex -0.8000000000000003 68 23.62269337144067
    endloop
  endfacet
  facet normal 0 -1 0
    outer loop
      vertex -43.4 68 2.01
      vertex -32.800000000000004 68 23.62269337144067
      vertex -43.4 68 49.49515561759472
    endloop
  endfacet
  facet normal 0 -1 0
    outer loop
      vertex -43.4 68 49.49515561759472
      vertex -32.800000000000004 68 23.62269337144067
      vertex -32.800000000000004 68 38.17149337144067
    endloop
  endfacet
  facet normal 0 -1 0
    outer loop
      vertex -31.1 68 26.567179744307758
      vertex -27.700000000000003 68 26.567179744307758
      vertex -28.6 68 30.89709337144067
    endloop
  endfacet
  facet normal 0 -1 0
    outer loop
      vertex -32.800000000000004 68 23.62269337144067
      vertex -31.1 68 26.567179744307758
      vertex -32.800000000000004 68 38.17149337144067
    endloop
  endfacet
  facet normal 0 -1 0
    outer loop
      vertex -31.1 68 26.567179744307758
      vertex -28.6 68 30.89709337144067
      vertex -31.1 68 35.22700699857358
    endloop
  endfacet
  facet normal 0 -1 0
    outer loop
      vertex -26.000000000000004 68 23.62269337144067
      vertex -24.400000000000002 68 23.62269337144067
      vertex -26.900000000000002 68 27.95260699857358
    endloop
  endfacet
  facet normal 0 -1 0
    outer loop
      vertex -26.000000000000004 68 23.62269337144067
      vertex -26.900000000000002 68 27.95260699857358
      vertex -27.700000000000003 68 26.567179744307758
    endloop
  endfacet
  facet normal 0 -1 0
    outer loop
      vertex -24.400000000000002 68 23.62269337144067
      vertex -22.700000000000003 68 26.567179744307758
      vertex -26.900000000000002 68 27.95260699857358
    endloop
  endfacet
  facet normal 0 -1 0
    outer loop
      vertex -26.900000000000002 68 27.95260699857358
      vertex -22.700000000000003 68 26.567179744307758
      vertex -23.500000000000004 68 27.95260699857358
    endloop
  endfacet
  facet normal 0 -1 0
    outer loop
      vertex -27.700000000000003 68 26.567179744307758
      vertex -26.900000000000002 68 27.95260699857358
      vertex -28.6 68 30.89709337144067
    endloop
  endfacet
  facet normal 0 -1 0
    outer loop
      vertex -31.1 68 26.567179744307758
      vertex -31.1 68 35.22700699857358
      vertex -32.800000000000004 68 38.17149337144067
    endloop
  endfacet
  facet normal 0 -1 0
    outer loop
      vertex -28.6 68 30.89709337144067
      vertex -26.900000000000002 68 33.84157974430776
      vertex -31.1 68 35.22700699857358
    endloop
  endfacet
  facet normal 0 -1 0
    outer loop
      vertex -26.900000000000002 68 33.84157974430776
      vertex -27.700000000000003 68 35.22700699857358
      vertex -31.1 68 35.22700699857358
    endloop
  endfacet
  facet normal 0 -1 0
    outer loop
      vertex -26.900000000000002 68 33.84157974430776
      vertex -23.500000000000004 68 33.84157974430776
      vertex -27.700000000000003 68 35.22700699857358
    endloop
  endfacet
  facet normal 0 -1 0
    outer loop
      vertex -27.700000000000003 68 35.22700699857358
      vertex -23.500000000000004 68 33.84157974430776
      vertex -22.700000000000003 68 35.22700699857358
    endloop
  endfacet
  facet normal 0 -1 0
    outer loop
      vertex -27.700000000000003 68 35.22700699857358
      vertex -24.400000000000002 68 38.17149337144067
      vertex -26.000000000000004 68 38.17149337144067
    endloop
  endfacet
  facet normal 0 -1 0
    outer loop
      vertex -27.700000000000003 68 35.22700699857358
      vertex -22.700000000000003 68 35.22700699857358
      vertex -24.400000000000002 68 38.17149337144067
    endloop
  endfacet
  facet normal 0 -1 0
    outer loop
      vertex -43.4 68 49.49515561759472
      vertex -32.800000000000004 68 38.17149337144067
      vertex -31.1 68 41.11597974430776
    endloop
  endfacet
  facet normal 0 -1 0
    outer loop
      vertex -43.4 68 49.49515561759472
      vertex -31.1 68 41.11597974430776
      vertex -27.700000000000003 68 41.11597974430776
    endloop
  endfacet
  facet normal 0 -1 0
    outer loop
      vertex -43.4 68 49.49515561759472
      vertex -27.700000000000003 68 41.11597974430776
      vertex -22.700000000000003 68 41.11597974430776
    endloop
  endfacet
  facet normal 0 -1 0
    outer loop
      vertex -43.4 68 49.49515561759472
      vertex -22.700000000000003 68 41.11597974430776
      vertex -19.300000000000004 68 41.11597974430776
    endloop
  endfacet
  facet normal 0 -1 0
    outer loop
      vertex -22.700000000000003 68 41.11597974430776
      vertex -26.000000000000004 68 38.17149337144067
      vertex -24.400000000000002 68 38.17149337144067
    endloop
  endfacet
  facet normal 0 -1 0
    outer loop
      vertex -26.000000000000004 68 38.17149337144067
      vertex -22.700000000000003 68 41.11597974430776
      vertex -27.700000000000003 68 41.11597974430776
    endloop
  endfacet
  facet normal 0 -1 0
    outer loop
      vertex -43.4 68 49.49515561759472
      vertex -19.300000000000004 68 41.11597974430776
      vertex -14.3 68 41.11597974430776
    endloop
  endfacet
  facet normal 0 -1 0
    outer loop
      vertex -43.4 68 49.49515561759472
      vertex -14.3 68 41.11597974430776
      vertex -10.900000000000002 68 41.11597974430776
    endloop
  endfacet
  facet normal 0 -1 0
    outer loop
      vertex -22.700000000000003 68 26.567179744307758
      vertex -19.300000000000004 68 26.567179744307758
      vertex -23.500000000000004 68 27.95260699857358
    endloop
  endfacet
  facet normal 0 -1 0
    outer loop
      vertex -19.300000000000004 68 26.567179744307758
      vertex -17.600000000000005 68 23.62269337144067
      vertex -18.5 68 27.95260699857358
    endloop
  endfacet
  facet normal 0 -1 0
    outer loop
      vertex -17.600000000000005 68 23.62269337144067
      vertex -15.100000000000001 68 27.95260699857358
      vertex -18.5 68 27.95260699857358
    endloop
  endfacet
  facet normal 0 -1 0
    outer loop
      vertex -23.500000000000004 68 27.95260699857358
      vertex -19.300000000000004 68 26.567179744307758
      vertex -20.2 68 30.89709337144067
    endloop
  endfacet
  facet normal 0 -1 0
    outer loop
      vertex -23.500000000000004 68 27.95260699857358
      vertex -20.2 68 30.89709337144067
      vertex -21.800000000000004 68 30.89709337144067
    endloop
  endfacet
  facet normal 0 -1 0
    outer loop
      vertex -19.300000000000004 68 26.567179744307758
      vertex -18.5 68 27.95260699857358
      vertex -20.2 68 30.89709337144067
    endloop
  endfacet
  facet normal 0 -1 0
    outer loop
      vertex -17.600000000000005 68 23.62269337144067
      vertex -14.3 68 26.567179744307758
      vertex -15.100000000000001 68 27.95260699857358
    endloop
  endfacet
  facet normal 0 -1 0
    outer loop
      vertex -14.3 68 26.567179744307758
      vertex -10.900000000000002 68 26.567179744307758
      vertex -11.8 68 30.89709337144067
    endloop
  endfacet
  facet normal 0 -1 0
    outer loop
      vertex -14.3 68 26.567179744307758
      vertex -11.8 68 30.89709337144067
      vertex -15.100000000000001 68 27.95260699857358
    endloop
  endfacet
  facet normal 0 -1 0
    outer loop
      vertex -15.100000000000001 68 27.95260699857358
      vertex -11.8 68 30.89709337144067
      vertex -13.4 68 30.89709337144067
    endloop
  endfacet
  facet normal 0 -1 0
    outer loop
      vertex -21.800000000000004 68 30.89709337144067
      vertex -20.2 68 30.89709337144067
      vertex -18.5 68 33.84157974430776
    endloop
  endfacet
  facet normal 0 -1 0
    outer loop
      vertex -23.500000000000004 68 33.84157974430776
      vertex -21.800000000000004 68 30.89709337144067
      vertex -18.5 68 33.84157974430776
    endloop
  endfacet
  facet normal 0 -1 0
    outer loop
      vertex -23.500000000000004 68 33.84157974430776
      vertex -18.5 68 33.84157974430776
      vertex -22.700000000000003 68 35.22700699857358
    endloop
  endfacet
  facet normal 0 -1 0
    outer loop
      vertex -18.5 68 33.84157974430776
      vertex -19.300000000000004 68 35.22700699857358
      vertex -22.700000000000003 68 35.22700699857358
    endloop
  endfacet
  facet normal 0 -1 0
    outer loop
      vertex -19.300000000000004 68 35.22700699857358
      vertex -18.5 68 33.84157974430776
      vertex -15.100000000000001 68 33.84157974430776
    endloop
  endfacet
  facet normal 0 -1 0
    outer loop
      vertex -19.300000000000004 68 35.22700699857358
      vertex -16 68 38.17149337144067
      vertex -17.600000000000005 68 38.17149337144067
    endloop
  endfacet
  facet normal 0 -1 0
    outer loop
      vertex -19.300000000000004 68 35.22700699857358
      vertex -15.100000000000001 68 33.84157974430776
      vertex -10.1 68 33.84157974430776
    endloop
  endfacet
  facet normal 0 -1 0
    outer loop
      vertex -19.300000000000004 68 35.22700699857358
      vertex -10.1 68 33.84157974430776
      vertex -14.3 68 35.22700699857358
    endloop
  endfacet
  facet normal 0 -1 0
    outer loop
      vertex -10.1 68 33.84157974430776
      vertex -15.100000000000001 68 33.84157974430776
      vertex -13.4 68 30.89709337144067
    endloop
  endfacet
  facet normal 0 -1 0
    outer loop
      vertex -10.1 68 33.84157974430776
      vertex -13.4 68 30.89709337144067
      vertex -11.8 68 30.89709337144067
    endloop
  endfacet
  facet normal 0 -1 0
    outer loop
      vertex -14.3 68 35.22700699857358
      vertex -10.1 68 33.84157974430776
      vertex -10.900000000000002 68 35.22700699857358
    endloop
  endfacet
  facet normal 0 -1 0
    outer loop
      vertex -19.300000000000004 68 35.22700699857358
      vertex -14.3 68 35.22700699857358
      vertex -16 68 38.17149337144067
    endloop
  endfacet
  facet normal 0 -1 0
    outer loop
      vertex -10.900000000000002 68 26.567179744307758
      vertex -9.200000000000001 68 23.62269337144067
      vertex -10.1 68 27.95260699857358
    endloop
  endfacet
  facet normal 0 -1 0
    outer loop
      vertex -7.6 68 23.62269337144067
      vertex -10.1 68 27.95260699857358
      vertex -9.200000000000001 68 23.62269337144067
    endloop
  endfacet
  facet normal 0 -1 0
    outer loop
      vertex -7.6 68 23.62269337144067
      vertex -5.9 68 26.567179744307758
      vertex -10.1 68 27.95260699857358
    endloop
  endfacet
  facet normal 0 -1 0
    outer loop
      vertex -5.9 68 26.567179744307758
      vertex -6.7 68 27.95260699857358
      vertex -10.1 68 27.95260699857358
    endloop
  endfacet
  facet normal 0 -1 0
    outer loop
      vertex -10.900000000000002 68 26.567179744307758
      vertex -10.1 68 27.95260699857358
      vertex -11.8 68 30.89709337144067
    endloop
  endfacet
  facet normal 0 -1 0
    outer loop
      vertex -5.9 68 26.567179744307758
      vertex -2.5 68 26.567179744307758
      vertex -6.7 68 27.95260699857358
    endloop
  endfacet
  facet normal 0 -1 0
    outer loop
      vertex 2.5 68 26.567179744307758
      vertex -2.5 68 26.567179744307758
      vertex -0.8000000000000003 68 23.62269337144067
    endloop
  endfacet
  facet normal 0 -1 0
    outer loop
      vertex -6.7 68 27.95260699857358
      vertex -2.5 68 26.567179744307758
      vertex 2.5 68 26.567179744307758
    endloop
  endfacet
  facet normal 0 -1 0
    outer loop
      vertex -6.7 68 27.95260699857358
      vertex 2.5 68 26.567179744307758
      vertex -1.7 68 27.95260699857358
    endloop
  endfacet
  facet normal 0 -1 0
    outer loop
      vertex -6.7 68 27.95260699857358
      vertex -1.7 68 27.95260699857358
      vertex -3.4 68 30.89709337144067
    endloop
  endfacet
  facet normal 0 -1 0
    outer loop
      vertex -6.7 68 27.95260699857358
      vertex -3.4 68 30.89709337144067
      vertex -5 68 30.89709337144067
    endloop
  endfacet
  facet normal 0 -1 0
    outer loop
      vertex -10.1 68 33.84157974430776
      vertex -6.7 68 33.84157974430776
      vertex -10.900000000000002 68 35.22700699857358
    endloop
  endfacet
  facet normal 0 -1 0
    outer loop
      vertex -6.7 68 33.84157974430776
      vertex -5 68 30.89709337144067
      vertex -5.9 68 35.22700699857358
    endloop
  endfacet
  facet normal 0 -1 0
    outer loop
      vertex -6.7 68 33.84157974430776
      vertex -9.200000000000001 68 38.17149337144067
      vertex -10.900000000000002 68 35.22700699857358
    endloop
  endfacet
  facet normal 0 -1 0
    outer loop
      vertex -6.7 68 33.84157974430776
      vertex -5.9 68 35.22700699857358
      vertex -7.6 68 38.17149337144067
    endloop
  endfacet
  facet normal 0 -1 0
    outer loop
      vertex -6.7 68 33.84157974430776
      vertex -7.6 68 38.17149337144067
      vertex -9.200000000000001 68 38.17149337144067
    endloop
  endfacet
  facet normal 0 -1 0
    outer loop
      vertex -3.4 68 30.89709337144067
      vertex -5.9 68 35.22700699857358
      vertex -5 68 30.89709337144067
    endloop
  endfacet
  facet normal 0 -1 0
    outer loop
      vertex -3.4 68 30.89709337144067
      vertex -1.7 68 33.84157974430776
      vertex -5.9 68 35.22700699857358
    endloop
  endfacet
  facet normal 0 -1 0
    outer loop
      vertex -1.7 68 33.84157974430776
      vertex -2.5 68 35.22700699857358
      vertex -5.9 68 35.22700699857358
    endloop
  endfacet
  facet normal 0 -1 0
    outer loop
      vertex -1.7 68 33.84157974430776
      vertex 1.7 68 33.84157974430776
      vertex -2.5 68 35.22700699857358
    endloop
  endfacet
  facet normal 0 -1 0
    outer loop
      vertex 1.7 68 33.84157974430776
      vertex -0.8000000000000003 68 38.17149337144067
      vertex -2.5 68 35.22700699857358
    endloop
  endfacet
  facet normal 0 0 -1
    outer loop
      vertex -43.4 23.33565224755765 49.49515561759472
      vertex -43.4 68 49.49515561759472
      vertex 43.4 68 49.49515561759472
    endloop
  endfacet
  facet normal 0 -1 0
    outer loop
      vertex -17.600000000000005 68 38.17149337144067
      vertex -14.3 68 41.11597974430776
      vertex -19.300000000000004 68 41.11597974430776
    endloop
  endfacet
  facet normal 0 -1 0
    outer loop
      vertex -16 68 38.17149337144067
      vertex -14.3 68 41.11597974430776
      vertex -17.600000000000005 68 38.17149337144067
    endloop
  endfacet
  facet normal 0 -1 0
    outer loop
      vertex -10.900000000000002 68 41.11597974430776
      vertex -9.200000000000001 68 38.17149337144067
      vertex -5.9 68 41.11597974430776
    endloop
  endfacet
  facet normal 0 -1 0
    outer loop
      vertex -7.6 68 38.17149337144067
      vertex -5.9 68 41.11597974430776
      vertex -9.200000000000001 68 38.17149337144067
    endloop
  endfacet
  facet normal 0 -1 0
    outer loop
      vertex -0.8000000000000003 68 38.17149337144067
      vertex 2.5 68 41.11597974430776
      vertex -2.5 68 41.11597974430776
    endloop
  endfacet
  facet normal 0 -1 0
    outer loop
      vertex -43.4 68 49.49515561759472
      vertex -10.900000000000002 68 41.11597974430776
      vertex 43.4 68 49.49515561759472
    endloop
  endfacet
  facet normal 0 0.9396926207485053 -0.3420201434284328
    outer loop
      vertex 43.4 2.859935712659319 2.01
      vertex 34.1073909012968 2.859935712659319 2.01
      vertex 34.185819298028946 2.9143295903002993 2.15944595052432
    endloop
  endfacet
  facet normal 1.6111451031410685e-17 0.9396926207485057 -0.34202014342843184
    outer loop
      vertex 43.4 2.859935712659319 2.01
      vertex 34.185819298028946 2.9143295903002993 2.15944595052432
      vertex 34.24888873845339 2.977875763653813 2.3340376268464413
    endloop
  endfacet
  facet normal -1.8079650342598326e-17 0.9396926207485053 -0.34202014342843284
    outer loop
      vertex 43.4 2.859935712659319 2.01
      vertex 34.24888873845339 2.977875763653813 2.3340376268464413
      vertex 34.28716728836298 3.0436938739547044 2.514871398627782
    endloop
  endfacet
  facet normal -9.087166292565286e-17 0.9396926207485049 -0.342020143428434
    outer loop
      vertex 43.4 2.859935712659319 2.01
      vertex 34.28716728836298 3.0436938739547044 2.514871398627782
      vertex 34.29999999701977 3.110657755841819 2.698853151969053
    endloop
  endfacet
  facet normal 1.4926391071685193e-17 0.9396926207485053 -0.3420201434284327
    outer loop
      vertex 43.4 2.859935712659319 2.01
      vertex 34.29999999701977 3.110657755841819 2.698853151969053
      vertex 43.399999998509884 12.1690616603768 27.586613327510058
    endloop
  endfacet
  facet normal -0.9999999968972008 0.0000740248693225129 -0.000026942849038007754
    outer loop
      vertex 43.4 2.859935712659319 2.01
      vertex 43.4 12.169065535143728 27.586623973344697
      vertex 43.40000000000023 2.8599357158268908 2.01
    endloop
  endfacet
  facet normal 6.206836334168169e-17 0.9396926207485053 -0.3420201434284327
    outer loop
      vertex 43.399999998509884 12.1690616603768 27.586613327510058
      vertex 34.29999999701977 3.110657755841819 2.698853151969053
      vertex 34.29999999701977 12.169063321006824 27.58661789005355
    endloop
  endfacet
  facet normal -5.233891095694945e-7 0.9396926207483767 -0.34202014342838594
    outer loop
      vertex 43.4 2.859935712659319 2.01
      vertex 43.399999998509884 12.1690616603768 27.586613327510058
      vertex 43.4 12.169065535143728 27.586623973344697
    endloop
  endfacet
  facet normal -1 0 0
    outer loop
      vertex 43.4 6.052469033254628 2.01
      vertex 43.4 23.33565224755765 49.49515561759472
      vertex 43.4 68 2.01
    endloop
  endfacet
  facet normal 0 -1 0
    outer loop
      vertex -43.4 68 2.01
      vertex 43.4 68 2.01
      vertex 5.5 68 3.75
    endloop
  endfacet
  facet normal 0 -1 0
    outer loop
      vertex 43.4 68 2.01
      vertex 5.5 68 9.25
      vertex 5.5 68 3.75
    endloop
  endfacet
  facet normal 0 -1 0
    outer loop
      vertex 43.4 68 2.01
      vertex 5.9 68 20.67820699857358
      vertex 5.5 68 9.25
    endloop
  endfacet
  facet normal 0 -1 0
    outer loop
      vertex -2.5 68 20.67820699857358
      vertex 5.5 68 9.25
      vertex 2.5 68 20.67820699857358
    endloop
  endfacet
  facet normal 0 -1 0
    outer loop
      vertex 5.5 68 9.25
      vertex 5.9 68 20.67820699857358
      vertex 2.5 68 20.67820699857358
    endloop
  endfacet
  facet normal 0 -1 0
    outer loop
      vertex -2.5 68 20.67820699857358
      vertex 2.5 68 20.67820699857358
      vertex 0.8000000000000003 68 23.62269337144067
    endloop
  endfacet
  facet normal 0 -1 0
    outer loop
      vertex 2.5 68 26.567179744307758
      vertex -0.8000000000000003 68 23.62269337144067
      vertex 0.8000000000000003 68 23.62269337144067
    endloop
  endfacet
  facet normal 0 -1 0
    outer loop
      vertex 5.9 68 20.67820699857358
      vertex 9.200000000000001 68 23.62269337144067
      vertex 7.6 68 23.62269337144067
    endloop
  endfacet
  facet normal 0 -1 0
    outer loop
      vertex 5.9 68 20.67820699857358
      vertex 10.900000000000002 68 20.67820699857358
      vertex 9.200000000000001 68 23.62269337144067
    endloop
  endfacet
  facet normal 0 -1 0
    outer loop
      vertex 7.6 68 23.62269337144067
      vertex 9.200000000000001 68 23.62269337144067
      vertex 10.900000000000002 68 26.567179744307758
    endloop
  endfacet
  facet normal 0 -1 0
    outer loop
      vertex 43.4 68 2.01
      vertex 10.900000000000002 68 20.67820699857358
      vertex 5.9 68 20.67820699857358
    endloop
  endfacet
  facet normal 0 -1 0
    outer loop
      vertex 14.3 68 20.67820699857358
      vertex 17.6 68 23.62269337144067
      vertex 16 68 23.62269337144067
    endloop
  endfacet
  facet normal 0 -1 0
    outer loop
      vertex 14.3 68 20.67820699857358
      vertex 19.3 68 20.67820699857358
      vertex 17.6 68 23.62269337144067
    endloop
  endfacet
  facet normal 0 -1 0
    outer loop
      vertex 16 68 23.62269337144067
      vertex 17.6 68 23.62269337144067
      vertex 19.3 68 26.567179744307758
    endloop
  endfacet
  facet normal 0 -1 0
    outer loop
      vertex 43.4 68 2.01
      vertex 14.3 68 20.67820699857358
      vertex 10.900000000000002 68 20.67820699857358
    endloop
  endfacet
  facet normal 0 -1 0
    outer loop
      vertex 43.4 68 2.01
      vertex 19.3 68 20.67820699857358
      vertex 14.3 68 20.67820699857358
    endloop
  endfacet
  facet normal 0 -1 0
    outer loop
      vertex 43.4 68 2.01
      vertex 22.7 68 20.67820699857358
      vertex 19.3 68 20.67820699857358
    endloop
  endfacet
  facet normal 0 -1 0
    outer loop
      vertex 43.4 68 2.01
      vertex 27.700000000000003 68 20.67820699857358
      vertex 22.7 68 20.67820699857358
    endloop
  endfacet
  facet normal 0 -1 0
    outer loop
      vertex 22.7 68 20.67820699857358
      vertex 27.700000000000003 68 20.67820699857358
      vertex 26.000000000000004 68 23.62269337144067
    endloop
  endfacet
  facet normal 0 -1 0
    outer loop
      vertex 22.7 68 20.67820699857358
      vertex 26.000000000000004 68 23.62269337144067
      vertex 24.4 68 23.62269337144067
    endloop
  endfacet
  facet normal 0 -1 0
    outer loop
      vertex 24.4 68 23.62269337144067
      vertex 26.000000000000004 68 23.62269337144067
      vertex 27.700000000000003 68 26.567179744307758
    endloop
  endfacet
  facet normal 0 -1 0
    outer loop
      vertex 43.4 68 2.01
      vertex 31.1 68 20.67820699857358
      vertex 27.700000000000003 68 20.67820699857358
    endloop
  endfacet
  facet normal 0 -1 0
    outer loop
      vertex 43.4 68 2.01
      vertex 32.800000000000004 68 23.62269337144067
      vertex 31.1 68 20.67820699857358
    endloop
  endfacet
  facet normal 0 0 -1
    outer loop
      vertex -43.4 23.33565224755765 49.49515561759472
      vertex 43.4 68 49.49515561759472
      vertex 43.4 23.33565224755765 49.49515561759472
    endloop
  endfacet
  facet normal 0 -1 0
    outer loop
      vertex -1.7 68 27.95260699857358
      vertex 2.5 68 26.567179744307758
      vertex 1.7 68 27.95260699857358
    endloop
  endfacet
  facet normal 0 -1 0
    outer loop
      vertex 2.5 68 26.567179744307758
      vertex 5.9 68 26.567179744307758
      vertex 1.7 68 27.95260699857358
    endloop
  endfacet
  facet normal 0 -1 0
    outer loop
      vertex 5.9 68 26.567179744307758
      vertex 3.4 68 30.89709337144067
      vertex 1.7 68 27.95260699857358
    endloop
  endfacet
  facet normal 0 -1 0
    outer loop
      vertex 5.9 68 26.567179744307758
      vertex 5 68 30.89709337144067
      vertex 3.4 68 30.89709337144067
    endloop
  endfacet
  facet normal 0 -1 0
    outer loop
      vertex 5.9 68 26.567179744307758
      vertex 7.6 68 23.62269337144067
      vertex 6.7 68 27.95260699857358
    endloop
  endfacet
  facet normal 0 -1 0
    outer loop
      vertex 7.6 68 23.62269337144067
      vertex 10.1 68 27.95260699857358
      vertex 6.7 68 27.95260699857358
    endloop
  endfacet
  facet normal 0 -1 0
    outer loop
      vertex 7.6 68 23.62269337144067
      vertex 10.900000000000002 68 26.567179744307758
      vertex 10.1 68 27.95260699857358
    endloop
  endfacet
  facet normal 0 -1 0
    outer loop
      vertex 5.9 68 26.567179744307758
      vertex 6.7 68 27.95260699857358
      vertex 5 68 30.89709337144067
    endloop
  endfacet
  facet normal 0 -1 0
    outer loop
      vertex 1.7 68 33.84157974430776
      vertex 3.4 68 30.89709337144067
      vertex 2.5 68 35.22700699857358
    endloop
  endfacet
  facet normal 0 -1 0
    outer loop
      vertex 5 68 30.89709337144067
      vertex 2.5 68 35.22700699857358
      vertex 3.4 68 30.89709337144067
    endloop
  endfacet
  facet normal 0 -1 0
    outer loop
      vertex 5 68 30.89709337144067
      vertex 6.7 68 33.84157974430776
      vertex 2.5 68 35.22700699857358
    endloop
  endfacet
  facet normal 0 -1 0
    outer loop
      vertex 2.5 68 35.22700699857358
      vertex 6.7 68 33.84157974430776
      vertex 5.9 68 35.22700699857358
    endloop
  endfacet
  facet normal 0 -1 0
    outer loop
      vertex 1.7 68 33.84157974430776
      vertex 2.5 68 35.22700699857358
      vertex 0.8000000000000003 68 38.17149337144067
    endloop
  endfacet
  facet normal 0 -1 0
    outer loop
      vertex 1.7 68 33.84157974430776
      vertex 0.8000000000000003 68 38.17149337144067
      vertex -0.8000000000000003 68 38.17149337144067
    endloop
  endfacet
  facet normal 0 -1 0
    outer loop
      vertex 6.7 68 33.84157974430776
      vertex 10.1 68 33.84157974430776
      vertex 5.9 68 35.22700699857358
    endloop
  endfacet
  facet normal 0 -1 0
    outer loop
      vertex 10.1 68 33.84157974430776
      vertex 11.8 68 30.89709337144067
      vertex 10.900000000000002 68 35.22700699857358
    endloop
  endfacet
  facet normal 0 -1 0
    outer loop
      vertex 10.1 68 33.84157974430776
      vertex 7.6 68 38.17149337144067
      vertex 5.9 68 35.22700699857358
    endloop
  endfacet
  facet normal 0 -1 0
    outer loop
      vertex 10.1 68 33.84157974430776
      vertex 10.900000000000002 68 35.22700699857358
      vertex 9.200000000000001 68 38.17149337144067
    endloop
  endfacet
  facet normal 0 -1 0
    outer loop
      vertex 10.1 68 33.84157974430776
      vertex 9.200000000000001 68 38.17149337144067
      vertex 7.6 68 38.17149337144067
    endloop
  endfacet
  facet normal 0 -1 0
    outer loop
      vertex 10.900000000000002 68 26.567179744307758
      vertex 14.3 68 26.567179744307758
      vertex 13.4 68 30.89709337144067
    endloop
  endfacet
  facet normal 0 -1 0
    outer loop
      vertex 14.3 68 26.567179744307758
      vertex 16 68 23.62269337144067
      vertex 15.100000000000001 68 27.95260699857358
    endloop
  endfacet
  facet normal 0 -1 0
    outer loop
      vertex 16 68 23.62269337144067
      vertex 19.3 68 26.567179744307758
      vertex 15.100000000000001 68 27.95260699857358
    endloop
  endfacet
  facet normal 0 -1 0
    outer loop
      vertex 10.900000000000002 68 26.567179744307758
      vertex 13.4 68 30.89709337144067
      vertex 10.1 68 27.95260699857358
    endloop
  endfacet
  facet normal 0 -1 0
    outer loop
      vertex 10.1 68 27.95260699857358
      vertex 13.4 68 30.89709337144067
      vertex 11.8 68 30.89709337144067
    endloop
  endfacet
  facet normal 0 -1 0
    outer loop
      vertex 14.3 68 26.567179744307758
      vertex 15.100000000000001 68 27.95260699857358
      vertex 13.4 68 30.89709337144067
    endloop
  endfacet
  facet normal 0 -1 0
    outer loop
      vertex 15.100000000000001 68 27.95260699857358
      vertex 19.3 68 26.567179744307758
      vertex 18.5 68 27.95260699857358
    endloop
  endfacet
  facet normal 0 -1 0
    outer loop
      vertex 19.3 68 26.567179744307758
      vertex 22.7 68 26.567179744307758
      vertex 18.5 68 27.95260699857358
    endloop
  endfacet
  facet normal 0 -1 0
    outer loop
      vertex 22.7 68 26.567179744307758
      vertex 20.2 68 30.89709337144067
      vertex 18.5 68 27.95260699857358
    endloop
  endfacet
  facet normal 0 -1 0
    outer loop
      vertex 22.7 68 26.567179744307758
      vertex 23.500000000000004 68 27.95260699857358
      vertex 21.800000000000004 68 30.89709337144067
    endloop
  endfacet
  facet normal 0 -1 0
    outer loop
      vertex 22.7 68 26.567179744307758
      vertex 21.800000000000004 68 30.89709337144067
      vertex 20.2 68 30.89709337144067
    endloop
  endfacet
  facet normal 0 -1 0
    outer loop
      vertex 13.4 68 30.89709337144067
      vertex 10.900000000000002 68 35.22700699857358
      vertex 11.8 68 30.89709337144067
    endloop
  endfacet
  facet normal 0 -1 0
    outer loop
      vertex 13.4 68 30.89709337144067
      vertex 15.100000000000001 68 33.84157974430776
      vertex 10.900000000000002 68 35.22700699857358
    endloop
  endfacet
  facet normal 0 -1 0
    outer loop
      vertex 15.100000000000001 68 33.84157974430776
      vertex 14.3 68 35.22700699857358
      vertex 10.900000000000002 68 35.22700699857358
    endloop
  endfacet
  facet normal 0 -1 0
    outer loop
      vertex 15.100000000000001 68 33.84157974430776
      vertex 18.5 68 33.84157974430776
      vertex 14.3 68 35.22700699857358
    endloop
  endfacet
  facet normal 0 -1 0
    outer loop
      vertex 18.5 68 33.84157974430776
      vertex 16 68 38.17149337144067
      vertex 14.3 68 35.22700699857358
    endloop
  endfacet
  facet normal 0 -1 0
    outer loop
      vertex 18.5 68 33.84157974430776
      vertex 20.2 68 30.89709337144067
      vertex 19.3 68 35.22700699857358
    endloop
  endfacet
  facet normal 0 -1 0
    outer loop
      vertex 20.2 68 30.89709337144067
      vertex 21.800000000000004 68 30.89709337144067
      vertex 19.3 68 35.22700699857358
    endloop
  endfacet
  facet normal 0 -1 0
    outer loop
      vertex 19.3 68 35.22700699857358
      vertex 21.800000000000004 68 30.89709337144067
      vertex 23.500000000000004 68 33.84157974430776
    endloop
  endfacet
  facet normal 0 -1 0
    outer loop
      vertex 19.3 68 35.22700699857358
      vertex 23.500000000000004 68 33.84157974430776
      vertex 22.7 68 35.22700699857358
    endloop
  endfacet
  facet normal 0 -1 0
    outer loop
      vertex 18.5 68 33.84157974430776
      vertex 19.3 68 35.22700699857358
      vertex 17.6 68 38.17149337144067
    endloop
  endfacet
  facet normal 0 -1 0
    outer loop
      vertex 18.5 68 33.84157974430776
      vertex 17.6 68 38.17149337144067
      vertex 16 68 38.17149337144067
    endloop
  endfacet
  facet normal 0 -1 0
    outer loop
      vertex -0.8000000000000003 68 38.17149337144067
      vertex 0.8000000000000003 68 38.17149337144067
      vertex 2.5 68 41.11597974430776
    endloop
  endfacet
  facet normal 0 -1 0
    outer loop
      vertex 5.9 68 41.11597974430776
      vertex 7.6 68 38.17149337144067
      vertex 10.900000000000002 68 41.11597974430776
    endloop
  endfacet
  facet normal 0 -1 0
    outer loop
      vertex 9.200000000000001 68 38.17149337144067
      vertex 10.900000000000002 68 41.11597974430776
      vertex 7.6 68 38.17149337144067
    endloop
  endfacet
  facet normal 0 -1 0
    outer loop
      vertex 43.4 68 49.49515561759472
      vertex -10.900000000000002 68 41.11597974430776
      vertex -5.9 68 41.11597974430776
    endloop
  endfacet
  facet normal 0 -1 0
    outer loop
      vertex 16 68 38.17149337144067
      vertex 19.3 68 41.11597974430776
      vertex 14.3 68 41.11597974430776
    endloop
  endfacet
  facet normal 0 -1 0
    outer loop
      vertex 43.4 68 49.49515561759472
      vertex -5.9 68 41.11597974430776
      vertex -2.5 68 41.11597974430776
    endloop
  endfacet
  facet normal 0 -1 0
    outer loop
      vertex 43.4 68 49.49515561759472
      vertex -2.5 68 41.11597974430776
      vertex 2.5 68 41.11597974430776
    endloop
  endfacet
  facet normal 0 -1 0
    outer loop
      vertex 17.6 68 38.17149337144067
      vertex 19.3 68 41.11597974430776
      vertex 16 68 38.17149337144067
    endloop
  endfacet
  facet normal 0 -1 0
    outer loop
      vertex 43.4 68 49.49515561759472
      vertex 2.5 68 41.11597974430776
      vertex 5.9 68 41.11597974430776
    endloop
  endfacet
  facet normal 0 -1 0
    outer loop
      vertex 43.4 68 49.49515561759472
      vertex 5.9 68 41.11597974430776
      vertex 10.900000000000002 68 41.11597974430776
    endloop
  endfacet
  facet normal 0 -1 0
    outer loop
      vertex 22.7 68 26.567179744307758
      vertex 24.4 68 23.62269337144067
      vertex 23.500000000000004 68 27.95260699857358
    endloop
  endfacet
  facet normal 0 -1 0
    outer loop
      vertex 24.4 68 23.62269337144067
      vertex 27.700000000000003 68 26.567179744307758
      vertex 23.500000000000004 68 27.95260699857358
    endloop
  endfacet
  facet normal 0 -1 0
    outer loop
      vertex 23.500000000000004 68 27.95260699857358
      vertex 27.700000000000003 68 26.567179744307758
      vertex 26.900000000000002 68 27.95260699857358
    endloop
  endfacet
  facet normal 0 -1 0
    outer loop
      vertex 27.700000000000003 68 26.567179744307758
      vertex 31.1 68 26.567179744307758
      vertex 26.900000000000002 68 27.95260699857358
    endloop
  endfacet
  facet normal 0 -1 0
    outer loop
      vertex 31.1 68 26.567179744307758
      vertex 28.6 68 30.89709337144067
      vertex 26.900000000000002 68 27.95260699857358
    endloop
  endfacet
  facet normal 0 -1 0
    outer loop
      vertex 31.1 68 26.567179744307758
      vertex 31.1 68 35.22700699857358
      vertex 28.6 68 30.89709337144067
    endloop
  endfacet
  facet normal 0 -1 0
    outer loop
      vertex 32.800000000000004 68 23.62269337144067
      vertex 31.1 68 35.22700699857358
      vertex 31.1 68 26.567179744307758
    endloop
  endfacet
  facet normal 0 -1 0
    outer loop
      vertex 23.500000000000004 68 33.84157974430776
      vertex 26.900000000000002 68 33.84157974430776
      vertex 22.7 68 35.22700699857358
    endloop
  endfacet
  facet normal 0 -1 0
    outer loop
      vertex 26.900000000000002 68 33.84157974430776
      vertex 28.6 68 30.89709337144067
      vertex 27.700000000000003 68 35.22700699857358
    endloop
  endfacet
  facet normal 0 -1 0
    outer loop
      vertex 26.900000000000002 68 33.84157974430776
      vertex 24.4 68 38.17149337144067
      vertex 22.7 68 35.22700699857358
    endloop
  endfacet
  facet normal 0 -1 0
    outer loop
      vertex 26.900000000000002 68 33.84157974430776
      vertex 27.700000000000003 68 35.22700699857358
      vertex 26.000000000000004 68 38.17149337144067
    endloop
  endfacet
  facet normal 0 -1 0
    outer loop
      vertex 26.900000000000002 68 33.84157974430776
      vertex 26.000000000000004 68 38.17149337144067
      vertex 24.4 68 38.17149337144067
    endloop
  endfacet
  facet normal 0 -1 0
    outer loop
      vertex 28.6 68 30.89709337144067
      vertex 31.1 68 35.22700699857358
      vertex 27.700000000000003 68 35.22700699857358
    endloop
  endfacet
  facet normal -1 0 0
    outer loop
      vertex 43.4 23.33565224755765 49.49515561759472
      vertex 43.4 68 49.49515561759472
      vertex 43.4 68 2.01
    endloop
  endfacet
  facet normal 0 -1 0
    outer loop
      vertex 43.4 68 2.01
      vertex 43.4 68 49.49515561759472
      vertex 32.800000000000004 68 23.62269337144067
    endloop
  endfacet
  facet normal 0 -1 0
    outer loop
      vertex 43.4 68 49.49515561759472
      vertex 31.1 68 35.22700699857358
      vertex 32.800000000000004 68 23.62269337144067
    endloop
  endfacet
  facet normal 0 -1 0
    outer loop
      vertex 22.7 68 41.11597974430776
      vertex 24.4 68 38.17149337144067
      vertex 27.700000000000003 68 41.11597974430776
    endloop
  endfacet
  facet normal 0 -1 0
    outer loop
      vertex 26.000000000000004 68 38.17149337144067
      vertex 27.700000000000003 68 41.11597974430776
      vertex 24.4 68 38.17149337144067
    endloop
  endfacet
  facet normal 0 -1 0
    outer loop
      vertex 43.4 68 49.49515561759472
      vertex 10.900000000000002 68 41.11597974430776
      vertex 14.3 68 41.11597974430776
    endloop
  endfacet
  facet normal 0 -1 0
    outer loop
      vertex 43.4 68 49.49515561759472
      vertex 14.3 68 41.11597974430776
      vertex 19.3 68 41.11597974430776
    endloop
  endfacet
  facet normal 0 -1 0
    outer loop
      vertex 43.4 68 49.49515561759472
      vertex 19.3 68 41.11597974430776
      vertex 22.7 68 41.11597974430776
    endloop
  endfacet
  facet normal 0 -1 0
    outer loop
      vertex 43.4 68 49.49515561759472
      vertex 22.7 68 41.11597974430776
      vertex 27.700000000000003 68 41.11597974430776
    endloop
  endfacet
  facet normal 0 -1 0
    outer loop
      vertex 43.4 68 49.49515561759472
      vertex 32.800000000000004 68 38.17149337144067
      vertex 31.1 68 35.22700699857358
    endloop
  endfacet
  facet normal 0 -1 0
    outer loop
      vertex 43.4 68 49.49515561759472
      vertex 31.1 68 41.11597974430776
      vertex 32.800000000000004 68 38.17149337144067
    endloop
  endfacet
  facet normal 0 -1 0
    outer loop
      vertex 43.4 68 49.49515561759472
      vertex 27.700000000000003 68 41.11597974430776
      vertex 31.1 68 41.11597974430776
    endloop
  endfacet
  facet normal 1 0 0
    outer loop
      vertex -43.405 0 0
      vertex -43.405 2.1283555449518246 0
      vertex -43.405 2.859935715826891 2.01
    endloop
  endfacet
  facet normal 1 0 0
    outer loop
      vertex -43.405 0 0
      vertex -43.405 2.859935715826891 2.01
      vertex -43.405 0.7315801709268708 2.01
    endloop
  endfacet
  facet normal 0 0 -1
    outer loop
      vertex -43.405 0.7315801709268708 2.01
      vertex -43.405 2.859935715826891 2.01
      vertex -43.4 2.859935712659319 2.01
    endloop
  endfacet
  facet normal 0 0 -1
    outer loop
      vertex -43.4 2.859935712659319 2.01
      vertex -43.405 2.859935715826891 2.01
      vertex -43.4 2.859935715826891 2.01
    endloop
  endfacet
  facet normal 0 0 -1
    outer loop
      vertex -43.405 0.7315801709268708 2.01
      vertex -43.4 2.859935712659319 2.01
      vertex -34.99003001302481 2.333417215607126 2.01
    endloop
  endfacet
  facet normal 0 0 -1
    outer loop
      vertex -43.405 0.7315801709268708 2.01
      vertex -34.37402515113354 0.9514016660753675 2.01
      vertex -34.18822856992483 0.7669989586465599 2.01
    endloop
  endfacet
  facet normal 0 0 -1
    outer loop
      vertex -43.405 0.7315801709268708 2.01
      vertex -34.54999999701977 1.2051328878736167 2.01
      vertex -34.37402515113354 0.9514016660753675 2.01
    endloop
  endfacet
  facet normal 0 0 -1
    outer loop
      vertex -43.405 0.7315801709268708 2.01
      vertex -34.18822856992483 0.7669989586465599 2.01
      vertex -34.127327682047316 0.7315801709268708 2.01
    endloop
  endfacet
  facet normal 0 0 -1
    outer loop
      vertex -43.405 0.7315801709268708 2.01
      vertex -34.860660172998905 1.9021033465913793 2.01
      vertex -34.71314214169979 1.523851239075253 2.01
    endloop
  endfacet
  facet normal 0 0 -1
    outer loop
      vertex -43.405 0.7315801709268708 2.01
      vertex -34.99003001302481 2.333417215607126 2.01
      vertex -34.860660172998905 1.9021033465913793 2.01
    endloop
  endfacet
  facet normal 0 0 -1
    outer loop
      vertex -43.405 0.7315801709268708 2.01
      vertex -34.71314214169979 1.523851239075253 2.01
      vertex -34.54999999701977 1.2051328878736167 2.01
    endloop
  endfacet
  facet normal 0 0 -1
    outer loop
      vertex -43.4 2.859935712659319 2.01
      vertex -35.09903810918331 2.810412936074621 2.01
      vertex -34.99003001302481 2.333417215607126 2.01
    endloop
  endfacet
  facet normal 0 0 -1
    outer loop
      vertex -43.4 2.859935712659319 2.01
      vertex -35.107390901296796 2.859935712659319 2.01
      vertex -35.09903810918331 2.810412936074621 2.01
    endloop
  endfacet
  facet normal 1 0 0
    outer loop
      vertex -43.405 5.320888862379561 0
      vertex -43.405 70 2.01
      vertex -43.405 6.052469033254628 2.01
    endloop
  endfacet
  facet normal 0 0 -1
    outer loop
      vertex -43.405 6.052469033254628 2.01
      vertex -43.4 68 2.01
      vertex -43.4 6.052469033254628 2.01
    endloop
  endfacet
  facet normal 0 0 -1
    outer loop
      vertex -43.405 6.052469033254628 2.01
      vertex -43.405 70 2.01
      vertex -43.4 68 2.01
    endloop
  endfacet
  facet normal 1 0 0
    outer loop
      vertex -43.405 5.320888862379561 0
      vertex -43.405 70 0
      vertex -43.405 70 2.01
    endloop
  endfacet
  facet normal 0 0 -1
    outer loop
      vertex -43.4 68 2.01
      vertex -43.405 70 2.01
      vertex 43.4 68 2.01
    endloop
  endfacet
  facet normal 0 0 -1
    outer loop
      vertex 43.405 0.7315801709268707 2.01
      vertex 33.127327682047316 0.7315801709268707 2.01
      vertex 33.18822856992483 0.7669989586465598 2.01
    endloop
  endfacet
  facet normal 0 0 -1
    outer loop
      vertex 43.405 0.7315801709268707 2.01
      vertex 33.18822856992483 0.7669989586465598 2.01
      vertex 33.37402515113354 0.9514016660753685 2.01
    endloop
  endfacet
  facet normal 0 0 -1
    outer loop
      vertex 43.405 0.7315801709268707 2.01
      vertex 33.37402515113354 0.9514016660753685 2.01
      vertex 33.54999999701977 1.205132887873616 2.01
    endloop
  endfacet
  facet normal 0 0 -1
    outer loop
      vertex 43.405 0.7315801709268707 2.01
      vertex 33.54999999701977 1.205132887873616 2.01
      vertex 33.71314214169979 1.5238512390752526 2.01
    endloop
  endfacet
  facet normal 0 0 -1
    outer loop
      vertex 43.405 0.7315801709268707 2.01
      vertex 33.71314214169979 1.5238512390752526 2.01
      vertex 33.860660172998905 1.902103346591379 2.01
    endloop
  endfacet
  facet normal 0 0 -1
    outer loop
      vertex 43.405 0.7315801709268707 2.01
      vertex 33.860660172998905 1.902103346591379 2.01
      vertex 33.99003001302481 2.333417215607126 2.01
    endloop
  endfacet
  facet normal 0 0 -1
    outer loop
      vertex 43.405 0.7315801709268707 2.01
      vertex 33.99003001302481 2.333417215607126 2.01
      vertex 34.09903810918331 2.8104129360746204 2.01
    endloop
  endfacet
  facet normal 0 0 -1
    outer loop
      vertex 43.405 0.7315801709268707 2.01
      vertex 34.09903810918331 2.8104129360746204 2.01
      vertex 34.1073909012968 2.859935712659319 2.01
    endloop
  endfacet
  facet normal -1 0 0
    outer loop
      vertex 43.405 0 0
      vertex 43.405 0.7315801709268707 2.01
      vertex 43.405 2.128355544951824 0
    endloop
  endfacet
  facet normal -1 0 0
    outer loop
      vertex 43.405 2.128355544951824 0
      vertex 43.405 0.7315801709268707 2.01
      vertex 43.405 2.8599357158268908 2.01
    endloop
  endfacet
  facet normal 0 0 -1
    outer loop
      vertex 43.405 0.7315801709268707 2.01
      vertex 34.1073909012968 2.859935712659319 2.01
      vertex 43.4 2.859935712659319 2.01
    endloop
  endfacet
  facet normal 0 0 -1
    outer loop
      vertex 43.405 0.7315801709268707 2.01
      vertex 43.4 2.859935712659319 2.01
      vertex 43.405 2.8599357158268908 2.01
    endloop
  endfacet
  facet normal 0 0 -1
    outer loop
      vertex 43.4 2.859935712659319 2.01
      vertex 43.40000000000023 2.8599357158268908 2.01
      vertex 43.405 2.8599357158268908 2.01
    endloop
  endfacet
  facet normal -1 0 0
    outer loop
      vertex 43.405 5.320888862379561 0
      vertex 43.405 6.052469033254628 2.01
      vertex 43.405 70 0
    endloop
  endfacet
  facet normal 0 0 -1
    outer loop
      vertex 43.405 6.052469033254628 2.01
      vertex 43.4 6.052469033254628 2.01
      vertex 43.405 70 2.01
    endloop
  endfacet
  facet normal 0 0 -1
    outer loop
      vertex -43.405 70 2.01
      vertex 43.405 70 2.01
      vertex 43.4 68 2.01
    endloop
  endfacet
  facet normal 0 0 -1
    outer loop
      vertex 43.4 6.052469033254628 2.01
      vertex 43.4 68 2.01
      vertex 43.405 70 2.01
    endloop
  endfacet
  facet normal -1 0 0
    outer loop
      vertex 43.405 6.052469033254628 2.01
      vertex 43.405 70 2.01
      vertex 43.405 70 0
    endloop
  endfacet
  facet normal -1.4069659536354331e-16 -0.9396926207859082 0.34202014332566927
    outer loop
      vertex -44.16536686569452 1.931454707459954 -0.5409806048806179
      vertex -43.405 2.1283555449518246 0
      vertex -44.399999998509884 1.9710292637202267 -0.43225040517058233
    endloop
  endfacet
  facet normal 1.8621715957235531e-16 -0.9396926207859085 0.34202014332566844
    outer loop
      vertex -44.81421355903149 2.0797360040701007 -0.13358109071678648
      vertex -44.61752285808325 2.020739881583781 -0.2956716050833295
      vertex -43.405 2.1283555449518246 0
    endloop
  endfacet
  facet normal 4.917602887650137e-17 -0.9396926207859083 0.3420201433256689
    outer loop
      vertex -44.61752285808325 2.020739881583781 -0.2956716050833295
      vertex -44.399999998509884 1.9710292637202267 -0.43225040517058233
      vertex -43.405 2.1283555449518246 0
    endloop
  endfacet
  facet normal 3.262706082966772e-16 -0.9396926207859084 0.34202014332566866
    outer loop
      vertex -44.16536686569452 1.931454707459954 -0.5409806048806179
      vertex -43.91763809323311 1.9026933487220374 -0.6200017885658777
      vertex -43.405 2.1283555449518246 0
    endloop
  endfacet
  facet normal -3.349043737803078e-16 -0.9396926207859083 0.34202014332566916
    outer loop
      vertex -43.91763809323311 1.9026933487220374 -0.6200017885658777
      vertex -43.661052383482456 1.8852373001880351 -0.6679618877459527
      vertex -43.405 2.1283555449518246 0
    endloop
  endfacet
  facet normal 6.892805623380279e-17 -0.9396926207859083 0.34202014332566905
    outer loop
      vertex -43.661052383482456 1.8852373001880351 -0.6679618877459527
      vertex -43.399999998509884 1.879385242081466 -0.6840402852510876
      vertex -43.405 2.1283555449518246 0
    endloop
  endfacet
  facet normal -1.7261017728332137e-18 -0.9396926207859079 0.3420201433256701
    outer loop
      vertex -44.81421355903149 2.0797360040701007 -0.13358109071678648
      vertex -43.405 2.1283555449518246 0
      vertex -44.93887930059833 2.1283555449518246 0
    endloop
  endfacet
  facet normal -0.32143946659726996 -0.3238691784590639 -0.8898232546735974
    outer loop
      vertex -44.16536686569452 1.931454707459954 -0.5409806048806179
      vertex -43.91763809323311 4.721771211079763 -1.646062218542884
      vertex -43.91763809323311 1.9026933487220374 -0.6200017885658777
    endloop
  endfacet
  facet normal -0.7518397936522563 -0.22550955557411642 -0.6195824118111303
    outer loop
      vertex -44.93887930059833 2.1283555449518246 0
      vertex -44.98670668154955 2.287810110563232 0
      vertex -44.81421355903149 4.898813866427826 -1.1596415206937927
    endloop
  endfacet
  facet normal -0.7518397936522626 -0.22550955557411342 -0.619582411811124
    outer loop
      vertex -44.81421355903149 2.0797360040701007 -0.13358109071678648
      vertex -44.93887930059833 2.1283555449518246 0
      vertex -44.81421355903149 4.898813866427826 -1.1596415206937927
    endloop
  endfacet
  facet normal -0.5555702203832522 -0.28437935885844673 -0.7813258670225651
    outer loop
      vertex -44.61752285808325 2.020739881583781 -0.2956716050833295
      vertex -44.399999998509884 4.7901071260779515 -1.4583108351475884
      vertex -44.399999998509884 1.9710292637202267 -0.43225040517058233
    endloop
  endfacet
  facet normal -0.6593458308664173 -0.2571443539828873 -0.7064983061082293
    outer loop
      vertex -44.81421355903149 2.0797360040701007 -0.13358109071678648
      vertex -44.61752285808325 4.839817743941506 -1.3217320350603357
      vertex -44.61752285808325 2.020739881583781 -0.2956716050833295
    endloop
  endfacet
  facet normal -0.44228870708373336 -0.3067485407593941 -0.8427846891870912
    outer loop
      vertex -44.16536686569452 1.931454707459954 -0.5409806048806179
      vertex -44.399999998509884 1.9710292637202267 -0.43225040517058233
      vertex -44.16536686569452 4.750532569817679 -1.567041034857624
    endloop
  endfacet
  facet normal -0.3214394665972696 -0.32386917845906393 -0.8898232546735975
    outer loop
      vertex -44.16536686569452 1.931454707459954 -0.5409806048806179
      vertex -44.16536686569452 4.750532569817679 -1.567041034857624
      vertex -43.91763809323311 4.721771211079763 -1.646062218542884
    endloop
  endfacet
  facet normal -0.5555702203832523 -0.28437935885844673 -0.7813258670225651
    outer loop
      vertex -44.61752285808325 2.020739881583781 -0.2956716050833295
      vertex -44.61752285808325 4.839817743941506 -1.3217320350603357
      vertex -44.399999998509884 4.7901071260779515 -1.4583108351475884
    endloop
  endfacet
  facet normal -0.44228870708373297 -0.30674854075939423 -0.8427846891870914
    outer loop
      vertex -44.399999998509884 1.9710292637202267 -0.43225040517058233
      vertex -44.399999998509884 4.7901071260779515 -1.4583108351475884
      vertex -44.16536686569452 4.750532569817679 -1.567041034857624
    endloop
  endfacet
  facet normal -0.8314696207458844 -0.1900162064029532 -0.5220652364225427
    outer loop
      vertex -44.98670668154955 2.287810110563232 0
      vertex -45.132050804793835 2.923804404519892 0
      vertex -44.98670668154955 4.966086048156969 -0.9748127204355252
    endloop
  endfacet
  facet normal -0.8314696207458844 -0.1900162064029532 -0.5220652364225428
    outer loop
      vertex -45.132050804793835 2.923804404519892 0
      vertex -45.132050804793835 5.04048324776486 -0.7704080944421854
      vertex -44.98670668154955 4.966086048156969 -0.9748127204355252
    endloop
  endfacet
  facet normal -0.7518397936522606 -0.22550955557411423 -0.619582411811126
    outer loop
      vertex -44.98670668154955 2.287810110563232 0
      vertex -44.98670668154955 4.966086048156969 -0.9748127204355252
      vertex -44.81421355903149 4.898813866427826 -1.1596415206937927
    endloop
  endfacet
  facet normal -0.6593458308664175 -0.25714435398288726 -0.7064983061082292
    outer loop
      vertex -44.81421355903149 2.0797360040701007 -0.13358109071678648
      vertex -44.81421355903149 4.898813866427826 -1.1596415206937927
      vertex -44.61752285808325 4.839817743941506 -1.3217320350603357
    endloop
  endfacet
  facet normal -0.8968727332159228 -0.1512716469881031 -0.4156154343035241
    outer loop
      vertex -45.132050804793835 2.923804404519892 0
      vertex -45.24775906652212 3.6098257906694946 0
      vertex -45.132050804793835 5.04048324776486 -0.7704080944421854
    endloop
  endfacet
  facet normal -0.946930129055815 -0.10993877243612486 -0.3020542947908134
    outer loop
      vertex -45.24775906652212 3.6098257906694946 0
      vertex -45.33185165375471 4.334136265639178 0
      vertex -45.24775906652212 5.120732505479321 -0.5499250709437105
    endloop
  endfacet
  facet normal -0.19509032404170862 -0.33544832203741465 -0.9216366901917393
    outer loop
      vertex -43.91763809323311 1.9026933487220374 -0.6200017885658777
      vertex -43.661052383482456 4.70431516254576 -1.6940223177229587
      vertex -43.661052383482456 1.8852373001880351 -0.6679618877459527
    endloop
  endfacet
  facet normal -0.0654031138334092 -0.3412878522900159 -0.9376806677009835
    outer loop
      vertex -43.661052383482456 1.8852373001880351 -0.6679618877459527
      vertex -43.399999998509884 4.698463104439192 -1.7101007152280938
      vertex -43.399999998509884 1.879385242081466 -0.6840402852510876
    endloop
  endfacet
  facet normal -0.195090324041709 -0.33544832203741465 -0.9216366901917392
    outer loop
      vertex -43.91763809323311 1.9026933487220374 -0.6200017885658777
      vertex -43.91763809323311 4.721771211079763 -1.646062218542884
      vertex -43.661052383482456 4.70431516254576 -1.6940223177229587
    endloop
  endfacet
  facet normal -0.06540311383340786 -0.3412878522900161 -0.9376806677009836
    outer loop
      vertex -43.661052383482456 1.8852373001880351 -0.6679618877459527
      vertex -43.661052383482456 4.70431516254576 -1.6940223177229587
      vertex -43.399999998509884 4.698463104439192 -1.7101007152280938
    endloop
  endfacet
  facet normal -4.7481229732023063e-14 -0.9396926207859083 0.3420201433256687
    outer loop
      vertex -43.399999998509884 1.879385242081466 -0.6840402852510876
      vertex -43.405 2.859935715826891 2.01
      vertex -43.405 2.1283555449518246 0
    endloop
  endfacet
  facet normal 1.3502539770921282e-14 -0.9396926207859083 0.3420201433256688
    outer loop
      vertex -43.399999998509884 1.879385242081466 -0.6840402852510876
      vertex -43.4 2.859935715826891 2.01
      vertex -43.405 2.859935715826891 2.01
    endloop
  endfacet
  facet normal 1.0418522696081021e-16 0.9396926207859084 -0.34202014332566877
    outer loop
      vertex -44.61752285808325 4.839817743941506 -1.3217320350603357
      vertex -45.38819242315074 5.320888862379561 0
      vertex -44.399999998509884 4.7901071260779515 -1.4583108351475884
    endloop
  endfacet
  facet normal 2.6983751118314853e-15 0.9396926207859092 -0.3420201433256664
    outer loop
      vertex -43.91763809323311 4.721771211079763 -1.646062218542884
      vertex -45.38819242315074 5.320888862379561 0
      vertex -43.661052383482456 4.70431516254576 -1.6940223177229587
    endloop
  endfacet
  facet normal -2.7699787195066566e-15 0.9396926207859074 -0.3420201433256713
    outer loop
      vertex -43.661052383482456 4.70431516254576 -1.6940223177229587
      vertex -45.38819242315074 5.320888862379561 0
      vertex -43.399999998509884 4.698463104439192 -1.7101007152280938
    endloop
  endfacet
  facet normal -7.96493204374219e-16 0.9396926207859082 -0.3420201433256694
    outer loop
      vertex -44.399999998509884 4.7901071260779515 -1.4583108351475884
      vertex -45.38819242315074 5.320888862379561 0
      vertex -44.16536686569452 4.750532569817679 -1.567041034857624
    endloop
  endfacet
  facet normal -2.930725243800335e-15 0.9396926207859075 -0.3420201433256708
    outer loop
      vertex -44.16536686569452 4.750532569817679 -1.567041034857624
      vertex -45.38819242315074 5.320888862379561 0
      vertex -43.91763809323311 4.721771211079763 -1.646062218542884
    endloop
  endfacet
  facet normal -0.8968727332159229 -0.15127164698810294 -0.41561543430352377
    outer loop
      vertex -45.24775906652212 3.6098257906694946 0
      vertex -45.24775906652212 5.120732505479321 -0.5499250709437105
      vertex -45.132050804793835 5.04048324776486 -0.7704080944421854
    endloop
  endfacet
  facet normal -0.9469301290558149 -0.10993877243612504 -0.3020542947908137
    outer loop
      vertex -45.33185165375471 4.334136265639178 0
      vertex -45.33185165375471 5.205460735742466 -0.31713617150536827
      vertex -45.24775906652212 5.120732505479321 -0.5499250709437105
    endloop
  endfacet
  facet normal -0.9807852800003174 -0.06672482059019633 -0.1833249378887252
    outer loop
      vertex -45.33185165375471 4.334136265639178 0
      vertex -45.38288972526789 5.084342692827104 0
      vertex -45.33185165375471 5.205460735742466 -0.31713617150536827
    endloop
  endfacet
  facet normal 1.780652371420387e-15 0.9396926207859088 -0.34202014332566777
    outer loop
      vertex -44.81421355903149 4.898813866427826 -1.1596415206937927
      vertex -44.98670668154955 4.966086048156969 -0.9748127204355252
      vertex -45.38819242315074 5.320888862379561 0
    endloop
  endfacet
  facet normal 8.280097326314687e-16 0.9396926207859084 -0.34202014332566816
    outer loop
      vertex -44.98670668154955 4.966086048156969 -0.9748127204355252
      vertex -45.132050804793835 5.04048324776486 -0.7704080944421854
      vertex -45.38819242315074 5.320888862379561 0
    endloop
  endfacet
  facet normal 3.0523904872142515e-15 0.9396926207859089 -0.34202014332566727
    outer loop
      vertex -44.81421355903149 4.898813866427826 -1.1596415206937927
      vertex -45.38819242315074 5.320888862379561 0
      vertex -44.61752285808325 4.839817743941506 -1.3217320350603357
    endloop
  endfacet
  facet normal 5.2672868342020934e-15 0.939692620785909 -0.3420201433256669
    outer loop
      vertex -45.132050804793835 5.04048324776486 -0.7704080944421854
      vertex -45.24775906652212 5.120732505479321 -0.5499250709437105
      vertex -45.38819242315074 5.320888862379561 0
    endloop
  endfacet
  facet normal -0.9807852800003174 -0.0667248205901963 -0.1833249378887252
    outer loop
      vertex -45.33185165375471 5.205460735742466 -0.31713617150536827
      vertex -45.38288972526789 5.084342692827104 0
      vertex -45.38288972526789 5.293218216966702 -0.07602447345356539
    endloop
  endfacet
  facet normal 1.9662619459394917e-15 0.9396926207859088 -0.34202014332566777
    outer loop
      vertex -45.24775906652212 5.120732505479321 -0.5499250709437105
      vertex -45.33185165375471 5.205460735742466 -0.31713617150536827
      vertex -45.38819242315074 5.320888862379561 0
    endloop
  endfacet
  facet normal 5.167785324397889e-16 0.9396926207859086 -0.342020143325668
    outer loop
      vertex -45.33185165375471 5.205460735742466 -0.31713617150536827
      vertex -45.38288972526789 5.293218216966702 -0.07602447345356539
      vertex -45.38819242315074 5.320888862379561 0
    endloop
  endfacet
  facet normal -1.6880303601604544e-17 0.9396926207859085 -0.34202014332566844
    outer loop
      vertex -43.399999998509884 4.698463104439192 -1.7101007152280938
      vertex -45.38819242315074 5.320888862379561 0
      vertex -43.405 5.320888862379561 0
    endloop
  endfacet
  facet normal 3.4921504791231508e-15 0.939692620785908 -0.3420201433256697
    outer loop
      vertex -43.399999998509884 4.698463104439192 -1.7101007152280938
      vertex -42.81314214318991 5.48851937199139 0.4605610399701693
      vertex -42.649999998509884 5.451236407319599 0.3581269364041019
    endloop
  endfacet
  facet normal 2.1654320362161548e-16 0.9396926207859084 -0.34202014332566866
    outer loop
      vertex -43.399999998509884 4.698463104439192 -1.7101007152280938
      vertex -43.09003000706434 5.583220598878862 0.7207505224381493
      vertex -42.96066017448902 5.5327664606708185 0.5821289169935072
    endloop
  endfacet
  facet normal -3.2995996895342706e-15 0.9396926207859085 -0.342020143325668
    outer loop
      vertex -43.399999998509884 4.698463104439192 -1.7101007152280938
      vertex -42.96066017448902 5.5327664606708185 0.5821289169935072
      vertex -42.81314214318991 5.48851937199139 0.4605610399701693
    endloop
  endfacet
  facet normal -8.218496917065964e-16 0.9396926207859085 -0.34202014332566827
    outer loop
      vertex -43.399999998509884 4.698463104439192 -1.7101007152280938
      vertex -42.649999998509884 5.451236407319599 0.3581269364041019
      vertex -42.47402514517307 5.421555490124395 0.2765792866215754
    endloop
  endfacet
  facet normal 1.2931098063700357e-15 0.9396926207859082 -0.3420201433256691
    outer loop
      vertex -43.399999998509884 4.698463104439192 -1.7101007152280938
      vertex -42.47402514517307 5.421555490124395 0.2765792866215754
      vertex -42.28822856396437 5.399984471070957 0.21731339885763035
    endloop
  endfacet
  facet normal -2.427301436618355e-15 0.9396926207859089 -0.3420201433256674
    outer loop
      vertex -43.399999998509884 4.698463104439192 -1.7101007152280938
      vertex -42.28822856396437 5.399984471070957 0.21731339885763035
      vertex -42.0957892909646 5.3868924359445804 0.18134332797320185
    endloop
  endfacet
  facet normal -0.9978589242477562 -0.02236918236725966 -0.06145882344570842
    outer loop
      vertex -45.38288972526789 5.293218216966702 -0.07602447345356539
      vertex -45.38288972526789 5.084342692827104 0
      vertex -45.38819242315074 5.320888862379561 0
    endloop
  endfacet
  facet normal -1.0580361804385973e-13 0.9396926207859084 -0.3420201433256687
    outer loop
      vertex -43.399999998509884 4.698463104439192 -1.7101007152280938
      vertex -43.405 5.320888862379561 0
      vertex -43.4 6.052469033254628 2.01
    endloop
  endfacet
  facet normal -3.537609908350257e-15 0.9396926207859084 -0.34202014332566855
    outer loop
      vertex -43.399999998509884 4.698463104439192 -1.7101007152280938
      vertex -43.28581929951906 5.69920544314475 1.0394162630576385
      vertex -43.19903810322285 5.639018498584781 0.874053991933154
    endloop
  endfacet
  facet normal 7.757029401691015e-15 0.9396926207859082 -0.3420201433256689
    outer loop
      vertex -43.399999998509884 4.698463104439192 -1.7101007152280938
      vertex -43.348888739943504 5.7627516164791714 1.2140079393867085
      vertex -43.28581929951906 5.69920544314475 1.0394162630576385
    endloop
  endfacet
  facet normal -5.684270121837991e-15 0.9396926207859084 -0.3420201433256687
    outer loop
      vertex -43.399999998509884 4.698463104439192 -1.7101007152280938
      vertex -43.387167289853096 5.828569724212038 1.3948417041739913
      vertex -43.348888739943504 5.7627516164791714 1.2140079393867085
    endloop
  endfacet
  facet normal 2.7239137390323065e-15 0.9396926207859083 -0.34202014332566905
    outer loop
      vertex -43.399999998509884 4.698463104439192 -1.7101007152280938
      vertex -43.19903810322285 5.639018498584781 0.874053991933154
      vertex -43.09003000706434 5.583220598878862 0.7207505224381493
    endloop
  endfacet
  facet normal 1.814905433332432e-14 0.9396926207859083 -0.34202014332566877
    outer loop
      vertex -43.399999998509884 4.698463104439192 -1.7101007152280938
      vertex -43.399999998509884 5.895533606079033 1.5788234575225855
      vertex -43.387167289853096 5.828569724212038 1.3948417041739913
    endloop
  endfacet
  facet normal 5.34990177958521e-15 0.9396926207859083 -0.34202014332566893
    outer loop
      vertex -43.405 5.320888862379561 0
      vertex -43.405 6.052469033254628 2.01
      vertex -43.4 6.052469033254628 2.01
    endloop
  endfacet
  facet normal -1.8604615246820764e-15 0.9396926207859086 -0.34202014332566777
    outer loop
      vertex -43.399999998509884 4.698463104439192 -1.7101007152280938
      vertex -42.0957892909646 5.3868924359445804 0.18134332797320185
      vertex -41.899999998509884 5.3825033910905296 0.1692845263437227
    endloop
  endfacet
  facet normal -5.527944241122942e-16 -0.9396926207859075 0.34202014332567077
    outer loop
      vertex -43.399999998509884 1.879385242081466 -0.6840402852510876
      vertex -34.37402515113354 2.636679642608886 1.3966089800774237
      vertex -34.54999999701977 2.666360557255842 1.4781566228586942
    endloop
  endfacet
  facet normal -2.1974196752771398e-16 -0.9396926207859083 0.3420201433256688
    outer loop
      vertex -43.399999998509884 1.879385242081466 -0.6840402852510876
      vertex -34.18822856992483 2.6151086235554484 1.3373430923134784
      vertex -34.37402515113354 2.636679642608886 1.3966089800774237
    endloop
  endfacet
  facet normal 1.291663954806738e-15 -0.9396926207859101 0.34202014332566416
    outer loop
      vertex -43.399999998509884 1.879385242081466 -0.6840402852510876
      vertex -33.99578928947449 2.6020165884290716 1.30137302142905
      vertex -34.18822856992483 2.6151086235554484 1.3373430923134784
    endloop
  endfacet
  facet normal -7.696338236969034e-16 -0.9396926207859071 0.3420201433256723
    outer loop
      vertex -43.399999998509884 1.879385242081466 -0.6840402852510876
      vertex -33.79999999701977 2.5976275435750202 1.289314219799571
      vertex -33.99578928947449 2.6020165884290716 1.30137302142905
    endloop
  endfacet
  facet normal 2.383172395623683e-16 -0.9396926207859086 0.34202014332566816
    outer loop
      vertex -43.399999998509884 1.879385242081466 -0.6840402852510876
      vertex -34.71314214169979 2.703643521927632 1.5805907264247616
      vertex -34.860660172998905 2.7478906131553096 1.7021586104493551
    endloop
  endfacet
  facet normal -5.414042876209587e-16 -0.9396926207859077 0.34202014332567093
    outer loop
      vertex -43.399999998509884 1.879385242081466 -0.6840402852510876
      vertex -34.860660172998905 2.7478906131553096 1.7021586104493551
      vertex -34.99003001302481 2.7983447513633535 1.8407802158939974
    endloop
  endfacet
  facet normal 3.86952418073017e-16 -0.9396926207859086 0.3420201433256678
    outer loop
      vertex -43.399999998509884 1.879385242081466 -0.6840402852510876
      vertex -34.99003001302481 2.7983447513633535 1.8407802158939974
      vertex -35.09903810918331 2.854142651069272 1.9940836853890023
    endloop
  endfacet
  facet normal 2.985010426279739e-16 -0.9396926207859085 0.3420201433256683
    outer loop
      vertex -43.399999998509884 1.879385242081466 -0.6840402852510876
      vertex -35.09903810918331 2.854142651069272 1.9940836853890023
      vertex -35.185819298028946 2.9143295930809927 2.159445949512231
    endloop
  endfacet
  facet normal 6.466445405025428e-16 -0.9396926207859088 0.3420201433256676
    outer loop
      vertex -43.399999998509884 1.879385242081466 -0.6840402852510876
      vertex -35.24888873845339 2.977875766415414 2.334037625841301
      vertex -35.28716728836298 3.043693876696529 2.5148713976298396
    endloop
  endfacet
  facet normal -1.9527883503807445e-16 -0.9396926207859082 0.34202014332566916
    outer loop
      vertex -43.399999998509884 1.879385242081466 -0.6840402852510876
      vertex -35.28716728836298 3.043693876696529 2.5148713976298396
      vertex -35.29999999701977 3.1106577585635233 2.6988531509784335
    endloop
  endfacet
  facet normal -1.0185557022869146e-15 -0.9396926207859075 0.34202014332567077
    outer loop
      vertex -43.399999998509884 1.879385242081466 -0.6840402852510876
      vertex -35.185819298028946 2.9143295930809927 2.159445949512231
      vertex -35.24888873845339 2.977875766415414 2.334037625841301
    endloop
  endfacet
  facet normal 3.689752222815957e-16 -0.9396926207859088 0.34202014332566777
    outer loop
      vertex -43.399999998509884 1.879385242081466 -0.6840402852510876
      vertex -34.54999999701977 2.666360557255842 1.4781566228586942
      vertex -34.71314214169979 2.703643521927632 1.5805907264247616
    endloop
  endfacet
  facet normal -1.0078604290447962e-7 -0.9396926207859035 0.34202014332566705
    outer loop
      vertex -43.399999998509884 1.879385242081466 -0.6840402852510876
      vertex -43.4 12.169065754310175 27.586624575499563
      vertex -43.4 2.859935715826891 2.01
    endloop
  endfacet
  facet normal 2.9032714509962797e-17 -0.9396926207859083 0.3420201433256687
    outer loop
      vertex -43.399999998509884 1.879385242081466 -0.6840402852510876
      vertex -35.29999999701977 3.1106577585635233 2.6988531509784335
      vertex -43.399999998509884 12.169065973613503 27.586625178030506
    endloop
  endfacet
  facet normal -0.0000010634657663960379 -0.9396926207853771 0.34202014332547537
    outer loop
      vertex -43.399999998509884 1.879385242081466 -0.6840402852510876
      vertex -43.399999998509884 12.169065973613503 27.586625178030506
      vertex -43.4 12.169065754310175 27.586624575499563
    endloop
  endfacet
  facet normal -0.000005144201913737171 0.9396926207734749 -0.34202014332114344
    outer loop
      vertex -43.399999998509884 4.698463104439192 -1.7101007152280938
      vertex -43.4 23.33565224755765 49.49515561759472
      vertex -43.399999998509884 5.895533606079033 1.5788234575225855
    endloop
  endfacet
  facet normal -2.132615177745701e-8 0.9396926207859083 -0.34202014332566866
    outer loop
      vertex -43.399999998509884 4.698463104439192 -1.7101007152280938
      vertex -43.4 6.052469033254628 2.01
      vertex -43.4 23.33565224755765 49.49515561759472
    endloop
  endfacet
  facet normal -3.932415587462653e-17 -0.9396926207859084 0.3420201433256687
    outer loop
      vertex -43.399999998509884 12.169065973613503 27.586625178030506
      vertex -35.29999999701977 3.1106577585635233 2.6988531509784335
      vertex -35.29999999701977 12.16906673470654 27.58662726911644
    endloop
  endfacet
  facet normal 7.621592559976693e-19 -0.34202014332566866 -0.9396926207859083
    outer loop
      vertex -43.399999998509884 1.879385242081466 -0.6840402852510876
      vertex -43.399999998509884 4.698463104439192 -1.7101007152280938
      vertex 43.399999998509884 4.698463104439192 -1.7101007152280938
    endloop
  endfacet
  facet normal 1.0247338850443836e-17 0.9396926207859082 -0.3420201433256689
    outer loop
      vertex -43.399999998509884 4.698463104439192 -1.7101007152280938
      vertex -41.899999998509884 5.3825033910905296 0.1692845263437227
      vertex 41.899999998509884 5.382503391090529 0.16928452634372276
    endloop
  endfacet
  facet normal 0 -0.9396926207859083 0.34202014332566877
    outer loop
      vertex -43.399999998509884 1.879385242081466 -0.6840402852510876
      vertex 43.399999998509884 1.879385242081466 -0.6840402852510876
      vertex -33.79999999701977 2.5976275435750202 1.289314219799571
    endloop
  endfacet
  facet normal 0.0000018636943545702244 0.9396926207842766 -0.3420201433250747
    outer loop
      vertex -43.4 23.33565224755765 49.49515561759472
      vertex -43.399999998509884 22.244096456026696 46.49613072828851
      vertex -43.399999998509884 5.895533606079033 1.5788234575225855
    endloop
  endfacet
  facet normal -1.8869368237308e-13 0.9396926207859082 -0.34202014332566955
    outer loop
      vertex -43.4 23.33565224755765 49.49515561759472
      vertex -43.387167289853096 22.31106033789369 46.680112481637096
      vertex -43.399999998509884 22.244096456026696 46.49613072828851
    endloop
  endfacet
  facet normal -3.476871107238616e-14 0.9396926207859083 -0.3420201433256689
    outer loop
      vertex -43.4 23.33565224755765 49.49515561759472
      vertex -43.348888739943504 22.37687844562656 46.86094624642438
      vertex -43.387167289853096 22.31106033789369 46.680112481637096
    endloop
  endfacet
  facet normal 2.729387310554121e-14 0.9396926207859086 -0.3420201433256678
    outer loop
      vertex -43.4 23.33565224755765 49.49515561759472
      vertex -43.28581929951906 22.44042461896098 47.035537922753456
      vertex -43.348888739943504 22.37687844562656 46.86094624642438
    endloop
  endfacet
  facet normal -1.610464072786987e-14 0.9396926207859081 -0.34202014332566955
    outer loop
      vertex -43.4 23.33565224755765 49.49515561759472
      vertex -43.19903810322285 22.50061156352095 47.200900193877935
      vertex -43.28581929951906 22.44042461896098 47.035537922753456
    endloop
  endfacet
  facet normal 5.440822310466262e-15 0.9396926207859088 -0.34202014332566794
    outer loop
      vertex -43.4 23.33565224755765 49.49515561759472
      vertex -43.09003000706434 22.556409463226867 47.35420366337294
      vertex -43.19903810322285 22.50061156352095 47.200900193877935
    endloop
  endfacet
  facet normal 1.8536148798334397e-14 0.9396926207859093 -0.3420201433256662
    outer loop
      vertex -43.4 23.33565224755765 49.49515561759472
      vertex -42.96066017448902 22.60686360143491 47.49282526881759
      vertex -43.09003000706434 22.556409463226867 47.35420366337294
    endloop
  endfacet
  facet normal -5.166630133561392e-15 0.9396926207859077 -0.342020143325671
    outer loop
      vertex -43.4 23.33565224755765 49.49515561759472
      vertex -42.81314214318991 22.65111069011434 47.61439314584093
      vertex -42.96066017448902 22.60686360143491 47.49282526881759
    endloop
  endfacet
  facet normal -1.0234884884216456e-14 0.9396926207859071 -0.3420201433256722
    outer loop
      vertex -43.4 23.33565224755765 49.49515561759472
      vertex -42.649999998509884 22.688393654786132 47.716827249407
      vertex -42.81314214318991 22.65111069011434 47.61439314584093
    endloop
  endfacet
  facet normal 8.719062046037067e-15 0.9396926207859096 -0.34202014332566505
    outer loop
      vertex -43.4 23.33565224755765 49.49515561759472
      vertex -42.47402514517307 22.718074571981333 47.79837489918952
      vertex -42.649999998509884 22.688393654786132 47.716827249407
    endloop
  endfacet
  facet normal 2.7257520648126323e-15 0.9396926207859085 -0.34202014332566816
    outer loop
      vertex -43.4 23.33565224755765 49.49515561759472
      vertex -42.28822856396437 22.73964559103477 47.85764078695346
      vertex -42.47402514517307 22.718074571981333 47.79837489918952
    endloop
  endfacet
  facet normal -3.923711890719761e-15 0.9396926207859071 -0.34202014332567193
    outer loop
      vertex -43.4 23.33565224755765 49.49515561759472
      vertex -42.0957892909646 22.752737626161146 47.893610857837885
      vertex -42.28822856396437 22.73964559103477 47.85764078695346
    endloop
  endfacet
  facet normal -1.5341416753643474e-14 0.9396926207859041 -0.3420201433256804
    outer loop
      vertex -43.4 23.33565224755765 49.49515561759472
      vertex -41.899999998509884 22.7571266710152 47.905669659467364
      vertex -42.0957892909646 22.752737626161146 47.893610857837885
    endloop
  endfacet
  facet normal 0 0.9396926207859089 -0.34202014332566755
    outer loop
      vertex -43.4 23.33565224755765 49.49515561759472
      vertex 43.4 23.33565224755765 49.49515561759472
      vertex -41.899999998509884 22.7571266710152 47.905669659467364
    endloop
  endfacet
  facet normal -6.968752340587306e-18 -0.9396926207859084 0.3420201433256686
    outer loop
      vertex 43.399999998509884 1.879385242081466 -0.6840402852510876
      vertex 32.79999999701977 2.59762754357502 1.289314219799571
      vertex -33.79999999701977 2.5976275435750202 1.289314219799571
    endloop
  endfacet
  facet normal 0 -0.34202014332566866 -0.9396926207859083
    outer loop
      vertex -43.399999998509884 1.879385242081466 -0.6840402852510876
      vertex 43.399999998509884 4.698463104439192 -1.7101007152280938
      vertex 43.399999998509884 1.879385242081466 -0.6840402852510876
    endloop
  endfacet
  facet normal 0 0.9396926207859084 -0.3420201433256685
    outer loop
      vertex -43.399999998509884 4.698463104439192 -1.7101007152280938
      vertex 41.899999998509884 5.382503391090529 0.16928452634372276
      vertex 43.399999998509884 4.698463104439192 -1.7101007152280938
    endloop
  endfacet
  facet normal 2.5190736171362005e-15 -0.9396926207859038 0.3420201433256813
    outer loop
      vertex 43.399999998509884 1.879385242081466 -0.6840402852510876
      vertex 32.99578928947449 2.6020165884290716 1.30137302142905
      vertex 32.79999999701977 2.59762754357502 1.289314219799571
    endloop
  endfacet
  facet normal -3.7016312220797264e-17 -0.9396926207859085 0.3420201433256681
    outer loop
      vertex 43.399999998509884 1.879385242081466 -0.6840402852510876
      vertex 33.18822856992483 2.615108623555449 1.3373430923134784
      vertex 32.99578928947449 2.6020165884290716 1.30137302142905
    endloop
  endfacet
  facet normal -6.975472820210189e-16 -0.9396926207859096 0.3420201433256655
    outer loop
      vertex 43.399999998509884 1.879385242081466 -0.6840402852510876
      vertex 33.37402515113354 2.636679642608886 1.3966089800774237
      vertex 33.18822856992483 2.615108623555449 1.3373430923134784
    endloop
  endfacet
  facet normal 4.853609675992334e-16 -0.9396926207859078 0.3420201433256709
    outer loop
      vertex 43.399999998509884 1.879385242081466 -0.6840402852510876
      vertex 33.54999999701977 2.666360557255842 1.4781566228586942
      vertex 33.37402515113354 2.636679642608886 1.3966089800774237
    endloop
  endfacet
  facet normal -2.350161279004221e-16 -0.9396926207859086 0.34202014332566777
    outer loop
      vertex 43.399999998509884 1.879385242081466 -0.6840402852510876
      vertex 33.71314214169979 2.703643521927632 1.5805907264247616
      vertex 33.54999999701977 2.666360557255842 1.4781566228586942
    endloop
  endfacet
  facet normal -2.253578276397691e-16 -0.9396926207859084 0.3420201433256685
    outer loop
      vertex 43.399999998509884 1.879385242081466 -0.6840402852510876
      vertex 33.860660172998905 2.7478906131553096 1.7021586104493551
      vertex 33.71314214169979 2.703643521927632 1.5805907264247616
    endloop
  endfacet
  facet normal 6.362773036856701e-16 -0.9396926207859074 0.34202014332567154
    outer loop
      vertex 43.399999998509884 1.879385242081466 -0.6840402852510876
      vertex 33.99003001302481 2.7983447513633535 1.8407802158939974
      vertex 33.860660172998905 2.7478906131553096 1.7021586104493551
    endloop
  endfacet
  facet normal -2.1221657271358347e-16 -0.9396926207859088 0.34202014332566805
    outer loop
      vertex 43.399999998509884 1.879385242081466 -0.6840402852510876
      vertex 34.09903810918331 2.854142651069272 1.9940836853890023
      vertex 33.99003001302481 2.7983447513633535 1.8407802158939974
    endloop
  endfacet
  facet normal -3.0713072836017846e-16 -0.9396926207859089 0.34202014332566727
    outer loop
      vertex 43.399999998509884 1.879385242081466 -0.6840402852510876
      vertex 34.185819298028946 2.9143295930809927 2.159445949512231
      vertex 34.09903810918331 2.854142651069272 1.9940836853890023
    endloop
  endfacet
  facet normal 6.07007275365908e-16 -0.9396926207859078 0.34202014332567066
    outer loop
      vertex 43.399999998509884 1.879385242081466 -0.6840402852510876
      vertex 34.24888873845339 2.977875766415414 2.3340376258413014
      vertex 34.185819298028946 2.9143295930809927 2.159445949512231
    endloop
  endfacet
  facet normal -1.8783631860125102e-16 -0.9396926207859086 0.3420201433256681
    outer loop
      vertex 43.399999998509884 1.879385242081466 -0.6840402852510876
      vertex 34.28716728836298 3.043693876696529 2.5148713976298396
      vertex 34.24888873845339 2.977875766415414 2.3340376258413014
    endloop
  endfacet
  facet normal 6.602577624856308e-16 -0.9396926207859079 0.34202014332567005
    outer loop
      vertex 43.399999998509884 1.879385242081466 -0.6840402852510876
      vertex 34.29999999701977 3.110657758563524 2.698853150978434
      vertex 34.28716728836298 3.043693876696529 2.5148713976298396
    endloop
  endfacet
  facet normal -2.9942398603189515e-17 -0.9396926207859085 0.3420201433256685
    outer loop
      vertex 43.399999998509884 1.879385242081466 -0.6840402852510876
      vertex 43.661052383482456 1.8852373001880351 -0.6679618877459527
      vertex 43.405 2.128355544951824 0
    endloop
  endfacet
  facet normal 5.632461112105647e-16 -0.9396926207859086 0.34202014332566816
    outer loop
      vertex 43.661052383482456 1.8852373001880351 -0.6679618877459527
      vertex 43.91763809323311 1.9026933487220374 -0.6200017885658777
      vertex 44.93887930059833 2.1283555449518246 0
    endloop
  endfacet
  facet normal 2.8308700274601025e-16 -0.9396926207859085 0.3420201433256686
    outer loop
      vertex 43.661052383482456 1.8852373001880351 -0.6679618877459527
      vertex 44.93887930059833 2.1283555449518246 0
      vertex 43.405 2.128355544951824 0
    endloop
  endfacet
  facet normal -8.912317052449472e-16 -0.9396926207859079 0.34202014332567016
    outer loop
      vertex 43.91763809323311 1.9026933487220374 -0.6200017885658777
      vertex 44.16536686569452 1.931454707459954 -0.5409806048806179
      vertex 44.93887930059833 2.1283555449518246 0
    endloop
  endfacet
  facet normal 6.518702948324511e-16 -0.9396926207859085 0.34202014332566827
    outer loop
      vertex 44.16536686569452 1.931454707459954 -0.5409806048806179
      vertex 44.399999998509884 1.9710292637202267 -0.43225040517058233
      vertex 44.93887930059833 2.1283555449518246 0
    endloop
  endfacet
  facet normal -5.917595828088607e-16 -0.9396926207859081 0.34202014332566966
    outer loop
      vertex 44.399999998509884 1.9710292637202267 -0.43225040517058233
      vertex 44.61752285808325 2.020739881583781 -0.2956716050833295
      vertex 44.93887930059833 2.1283555449518246 0
    endloop
  endfacet
  facet normal -7.674662115659664e-15 -0.9396926207859055 0.34202014332567626
    outer loop
      vertex 44.61752285808325 2.020739881583781 -0.2956716050833295
      vertex 44.81421355903149 2.0797360040701007 -0.13358109071678648
      vertex 44.93887930059833 2.1283555449518246 0
    endloop
  endfacet
  facet normal 0.7518397936522625 -0.22550955557411828 -0.6195824118111222
    outer loop
      vertex 44.81421355903149 2.0797360040701007 -0.13358109071678648
      vertex 44.98670668154955 2.287810110563232 0
      vertex 44.93887930059833 2.1283555449518246 0
    endloop
  endfacet
  facet normal 0.0654031138334092 -0.34128785229001596 -0.9376806677009835
    outer loop
      vertex 43.399999998509884 1.879385242081466 -0.6840402852510876
      vertex 43.661052383482456 4.70431516254576 -1.6940223177229587
      vertex 43.661052383482456 1.8852373001880351 -0.6679618877459527
    endloop
  endfacet
  facet normal 0.19509032404170862 -0.33544832203741476 -0.9216366901917393
    outer loop
      vertex 43.661052383482456 1.8852373001880351 -0.6679618877459527
      vertex 43.91763809323311 4.721771211079763 -1.646062218542884
      vertex 43.91763809323311 1.9026933487220374 -0.6200017885658777
    endloop
  endfacet
  facet normal 0.06540311383340862 -0.34128785229001596 -0.9376806677009835
    outer loop
      vertex 43.399999998509884 1.879385242081466 -0.6840402852510876
      vertex 43.399999998509884 4.698463104439192 -1.7101007152280938
      vertex 43.661052383482456 4.70431516254576 -1.6940223177229587
    endloop
  endfacet
  facet normal 0.19509032404170937 -0.3354483220374147 -0.9216366901917391
    outer loop
      vertex 43.661052383482456 1.8852373001880351 -0.6679618877459527
      vertex 43.661052383482456 4.70431516254576 -1.6940223177229587
      vertex 43.91763809323311 4.721771211079763 -1.646062218542884
    endloop
  endfacet
  facet normal 0.32143946659727 -0.3238691784590638 -0.8898232546735974
    outer loop
      vertex 43.91763809323311 1.9026933487220374 -0.6200017885658777
      vertex 44.16536686569452 4.750532569817679 -1.567041034857624
      vertex 44.16536686569452 1.931454707459954 -0.5409806048806179
    endloop
  endfacet
  facet normal 0.4422887070837334 -0.3067485407593942 -0.8427846891870913
    outer loop
      vertex 44.16536686569452 1.931454707459954 -0.5409806048806179
      vertex 44.399999998509884 4.7901071260779515 -1.4583108351475884
      vertex 44.399999998509884 1.9710292637202267 -0.43225040517058233
    endloop
  endfacet
  facet normal 0.5555702203832522 -0.28437935885844673 -0.7813258670225651
    outer loop
      vertex 44.399999998509884 1.9710292637202267 -0.43225040517058233
      vertex 44.61752285808325 4.839817743941506 -1.3217320350603357
      vertex 44.61752285808325 2.020739881583781 -0.2956716050833295
    endloop
  endfacet
  facet normal 0.6593458308664175 -0.2571443539828874 -0.7064983061082293
    outer loop
      vertex 44.61752285808325 2.020739881583781 -0.2956716050833295
      vertex 44.81421355903149 4.898813866427826 -1.1596415206937927
      vertex 44.81421355903149 2.0797360040701007 -0.13358109071678648
    endloop
  endfacet
  facet normal 0.7518397936522606 -0.2255095555741142 -0.619582411811126
    outer loop
      vertex 44.81421355903149 2.0797360040701007 -0.13358109071678648
      vertex 44.98670668154955 4.966086048156969 -0.9748127204355252
      vertex 44.98670668154955 2.287810110563232 0
    endloop
  endfacet
  facet normal 0.3214394665972695 -0.3238691784590639 -0.8898232546735976
    outer loop
      vertex 43.91763809323311 1.9026933487220374 -0.6200017885658777
      vertex 43.91763809323311 4.721771211079763 -1.646062218542884
      vertex 44.16536686569452 4.750532569817679 -1.567041034857624
    endloop
  endfacet
  facet normal 0.4422887070837332 -0.3067485407593941 -0.8427846891870912
    outer loop
      vertex 44.16536686569452 1.931454707459954 -0.5409806048806179
      vertex 44.16536686569452 4.750532569817679 -1.567041034857624
      vertex 44.399999998509884 4.7901071260779515 -1.4583108351475884
    endloop
  endfacet
  facet normal 0.5555702203832525 -0.2843793588584467 -0.781325867022565
    outer loop
      vertex 44.399999998509884 1.9710292637202267 -0.43225040517058233
      vertex 44.399999998509884 4.7901071260779515 -1.4583108351475884
      vertex 44.61752285808325 4.839817743941506 -1.3217320350603357
    endloop
  endfacet
  facet normal 0.6593458308664175 -0.2571443539828873 -0.7064983061082292
    outer loop
      vertex 44.61752285808325 2.020739881583781 -0.2956716050833295
      vertex 44.61752285808325 4.839817743941506 -1.3217320350603357
      vertex 44.81421355903149 4.898813866427826 -1.1596415206937927
    endloop
  endfacet
  facet normal 0.8314696207458844 -0.1900162064029532 -0.5220652364225427
    outer loop
      vertex 44.98670668154955 2.287810110563232 0
      vertex 44.98670668154955 4.966086048156969 -0.9748127204355252
      vertex 45.132050804793835 2.923804404519892 0
    endloop
  endfacet
  facet normal 0.7518397936522604 -0.22550955557411426 -0.6195824118111263
    outer loop
      vertex 44.81421355903149 2.0797360040701007 -0.13358109071678648
      vertex 44.81421355903149 4.898813866427826 -1.1596415206937927
      vertex 44.98670668154955 4.966086048156969 -0.9748127204355252
    endloop
  endfacet
  facet normal 0.8314696207458843 -0.1900162064029532 -0.5220652364225428
    outer loop
      vertex 45.132050804793835 2.923804404519892 0
      vertex 44.98670668154955 4.966086048156969 -0.9748127204355252
      vertex 45.132050804793835 5.04048324776486 -0.7704080944421854
    endloop
  endfacet
  facet normal 0.8968727332159228 -0.1512716469881031 -0.4156154343035241
    outer loop
      vertex 45.132050804793835 2.923804404519892 0
      vertex 45.132050804793835 5.04048324776486 -0.7704080944421854
      vertex 45.24775906652212 3.6098257906694946 0
    endloop
  endfacet
  facet normal 0.946930129055815 -0.10993877243612486 -0.3020542947908134
    outer loop
      vertex 45.24775906652212 3.6098257906694946 0
      vertex 45.24775906652212 5.120732505479321 -0.5499250709437105
      vertex 45.33185165375471 4.334136265639178 0
    endloop
  endfacet
  facet normal -3.131543491880755e-14 -0.9396926207859084 0.34202014332566866
    outer loop
      vertex 43.399999998509884 1.879385242081466 -0.6840402852510876
      vertex 43.405 2.128355544951824 0
      vertex 43.40000000000023 2.8599357158268908 2.01
    endloop
  endfacet
  facet normal 4.934670582337494e-15 -0.9396926207859083 0.3420201433256687
    outer loop
      vertex 43.405 2.128355544951824 0
      vertex 43.405 2.8599357158268908 2.01
      vertex 43.40000000000023 2.8599357158268908 2.01
    endloop
  endfacet
  facet normal -2.6084348282221154e-15 0.9396926207859078 -0.3420201433256703
    outer loop
      vertex 43.399999998509884 4.698463104439192 -1.7101007152280938
      vertex 41.899999998509884 5.382503391090529 0.16928452634372276
      vertex 42.0957892909646 5.3868924359445804 0.18134332797320202
    endloop
  endfacet
  facet normal 2.5719812015996875e-15 0.9396926207859084 -0.34202014332566844
    outer loop
      vertex 43.399999998509884 4.698463104439192 -1.7101007152280938
      vertex 43.405 5.320888862379561 0
      vertex 43.661052383482456 4.70431516254576 -1.6940223177229587
    endloop
  endfacet
  facet normal -2.1260651272279873e-15 0.9396926207859082 -0.34202014332566905
    outer loop
      vertex 43.661052383482456 4.70431516254576 -1.6940223177229587
      vertex 43.405 5.320888862379561 0
      vertex 43.91763809323311 4.721771211079763 -1.646062218542884
    endloop
  endfacet
  facet normal 1.9156727960948136e-15 0.9396926207859088 -0.34202014332566794
    outer loop
      vertex 43.91763809323311 4.721771211079763 -1.646062218542884
      vertex 43.405 5.320888862379561 0
      vertex 44.16536686569452 4.750532569817679 -1.567041034857624
    endloop
  endfacet
  facet normal -1.766138660901765e-15 0.9396926207859081 -0.3420201433256697
    outer loop
      vertex 43.399999998509884 4.698463104439192 -1.7101007152280938
      vertex 42.0957892909646 5.3868924359445804 0.18134332797320202
      vertex 42.28822856396437 5.399984471070958 0.21731339885763026
    endloop
  endfacet
  facet normal 2.6718621326609343e-15 0.9396926207859088 -0.3420201433256676
    outer loop
      vertex 43.399999998509884 4.698463104439192 -1.7101007152280938
      vertex 42.28822856396437 5.399984471070958 0.21731339885763026
      vertex 42.47402514517307 5.421555490124395 0.2765792866215754
    endloop
  endfacet
  facet normal 1.8499468937234083e-15 0.9396926207859088 -0.34202014332566805
    outer loop
      vertex 43.399999998509884 4.698463104439192 -1.7101007152280938
      vertex 42.47402514517307 5.421555490124395 0.2765792866215754
      vertex 42.649999998509884 5.451236407319599 0.35812693640410204
    endloop
  endfacet
  facet normal 7.816174959561272e-16 0.9396926207859085 -0.3420201433256684
    outer loop
      vertex 43.399999998509884 4.698463104439192 -1.7101007152280938
      vertex 42.649999998509884 5.451236407319599 0.35812693640410204
      vertex 42.81314214318991 5.488519371991389 0.46056103997016945
    endloop
  endfacet
  facet normal -2.0405246861733287e-15 0.9396926207859083 -0.34202014332566905
    outer loop
      vertex 43.399999998509884 4.698463104439192 -1.7101007152280938
      vertex 42.81314214318991 5.488519371991389 0.46056103997016945
      vertex 42.96066017448902 5.5327664606708185 0.5821289169935071
    endloop
  endfacet
  facet normal -9.102022975264423e-16 0.9396926207859084 -0.3420201433256688
    outer loop
      vertex 43.399999998509884 4.698463104439192 -1.7101007152280938
      vertex 42.96066017448902 5.5327664606708185 0.5821289169935071
      vertex 43.09003000706434 5.583220598878862 0.7207505224381492
    endloop
  endfacet
  facet normal 4.251563101246877e-16 0.9396926207859084 -0.3420201433256686
    outer loop
      vertex 44.16536686569452 4.750532569817679 -1.567041034857624
      vertex 43.405 5.320888862379561 0
      vertex 44.399999998509884 4.7901071260779515 -1.4583108351475884
    endloop
  endfacet
  facet normal -2.7764031149643774e-17 0.9396926207859083 -0.34202014332566893
    outer loop
      vertex 44.399999998509884 4.7901071260779515 -1.4583108351475884
      vertex 43.405 5.320888862379561 0
      vertex 44.61752285808325 4.839817743941506 -1.3217320350603357
    endloop
  endfacet
  facet normal -9.168074757903253e-16 0.9396926207859081 -0.3420201433256696
    outer loop
      vertex 44.61752285808325 4.839817743941506 -1.3217320350603357
      vertex 43.405 5.320888862379561 0
      vertex 44.81421355903149 4.898813866427826 -1.1596415206937927
    endloop
  endfacet
  facet normal -3.6884400850325e-16 0.9396926207859082 -0.34202014332566905
    outer loop
      vertex 44.81421355903149 4.898813866427826 -1.1596415206937927
      vertex 43.405 5.320888862379561 0
      vertex 44.98670668154955 4.966086048156969 -0.9748127204355252
    endloop
  endfacet
  facet normal -1.0478021297319715e-16 0.9396926207859085 -0.34202014332566866
    outer loop
      vertex 44.98670668154955 4.966086048156969 -0.9748127204355252
      vertex 43.405 5.320888862379561 0
      vertex 45.132050804793835 5.04048324776486 -0.7704080944421854
    endloop
  endfacet
  facet normal -3.6088765495457977e-16 0.9396926207859083 -0.34202014332566916
    outer loop
      vertex 45.132050804793835 5.04048324776486 -0.7704080944421854
      vertex 43.405 5.320888862379561 0
      vertex 45.24775906652212 5.120732505479321 -0.5499250709437105
    endloop
  endfacet
  facet normal -4.8144156398564296e-17 0.9396926207859085 -0.3420201433256682
    outer loop
      vertex 45.24775906652212 5.120732505479321 -0.5499250709437105
      vertex 43.405 5.320888862379561 0
      vertex 45.33185165375471 5.205460735742466 -0.31713617150536827
    endloop
  endfacet
  facet normal 0.8968727332159229 -0.15127164698810294 -0.41561543430352377
    outer loop
      vertex 45.24775906652212 3.6098257906694946 0
      vertex 45.132050804793835 5.04048324776486 -0.7704080944421854
      vertex 45.24775906652212 5.120732505479321 -0.5499250709437105
    endloop
  endfacet
  facet normal 0.9469301290558149 -0.10993877243612503 -0.30205429479081364
    outer loop
      vertex 45.33185165375471 4.334136265639178 0
      vertex 45.24775906652212 5.120732505479321 -0.5499250709437105
      vertex 45.33185165375471 5.205460735742466 -0.31713617150536827
    endloop
  endfacet
  facet normal 0.9807852800003174 -0.06672482059019633 -0.1833249378887252
    outer loop
      vertex 45.33185165375471 4.334136265639178 0
      vertex 45.33185165375471 5.205460735742466 -0.31713617150536827
      vertex 45.38288972526789 5.084342692827104 0
    endloop
  endfacet
  facet normal -2.5442998937619753e-18 0.9396926207859086 -0.34202014332566794
    outer loop
      vertex 45.33185165375471 5.205460735742466 -0.31713617150536827
      vertex 43.405 5.320888862379561 0
      vertex 45.38288972526789 5.293218216966702 -0.07602447345356539
    endloop
  endfacet
  facet normal 0.9807852800003175 -0.06672482059019627 -0.18332493788872517
    outer loop
      vertex 45.33185165375471 5.205460735742466 -0.31713617150536827
      vertex 45.38288972526789 5.293218216966702 -0.07602447345356539
      vertex 45.38288972526789 5.084342692827104 0
    endloop
  endfacet
  facet normal -1.674190153950022e-15 0.9396926207859083 -0.34202014332566877
    outer loop
      vertex 43.399999998509884 4.698463104439192 -1.7101007152280938
      vertex 43.09003000706434 5.583220598878862 0.7207505224381492
      vertex 43.19903810322285 5.639018498584781 0.874053991933154
    endloop
  endfacet
  facet normal 2.5553600119901507e-15 0.9396926207859084 -0.34202014332566855
    outer loop
      vertex 43.399999998509884 4.698463104439192 -1.7101007152280938
      vertex 43.19903810322285 5.639018498584781 0.874053991933154
      vertex 43.28581929951906 5.69920544314475 1.0394162630576382
    endloop
  endfacet
  facet normal 1.0490051371615238e-13 0.9396926207859084 -0.3420201433256687
    outer loop
      vertex 43.399999998509884 4.698463104439192 -1.7101007152280938
      vertex 43.4 6.052469033254628 2.01
      vertex 43.405 5.320888862379561 0
    endloop
  endfacet
  facet normal -8.443410298600587e-15 0.9396926207859084 -0.342020143325669
    outer loop
      vertex 43.399999998509884 4.698463104439192 -1.7101007152280938
      vertex 43.28581929951906 5.69920544314475 1.0394162630576382
      vertex 43.348888739943504 5.7627516164791714 1.2140079393867085
    endloop
  endfacet
  facet normal 7.421124579706846e-15 0.9396926207859084 -0.3420201433256687
    outer loop
      vertex 43.399999998509884 4.698463104439192 -1.7101007152280938
      vertex 43.348888739943504 5.7627516164791714 1.2140079393867085
      vertex 43.387167289853096 5.828569724212038 1.3948417041739913
    endloop
  endfacet
  facet normal -2.3978940738622924e-14 0.9396926207859083 -0.34202014332566877
    outer loop
      vertex 43.399999998509884 4.698463104439192 -1.7101007152280938
      vertex 43.387167289853096 5.828569724212038 1.3948417041739913
      vertex 43.399999998509884 5.895533606079033 1.5788234575225855
    endloop
  endfacet
  facet normal 5.34990177958521e-15 0.9396926207859083 -0.34202014332566893
    outer loop
      vertex 43.405 5.320888862379561 0
      vertex 43.4 6.052469033254628 2.01
      vertex 43.405 6.052469033254628 2.01
    endloop
  endfacet
  facet normal 1.0843192135872256e-19 0.9396926207859088 -0.3420201433256678
    outer loop
      vertex 45.38288972526789 5.293218216966702 -0.07602447345356539
      vertex 43.405 5.320888862379561 0
      vertex 45.38819242315074 5.320888862379561 0
    endloop
  endfacet
  facet normal 0.9978589242477562 -0.02236918236725966 -0.06145882344570842
    outer loop
      vertex 45.38288972526789 5.293218216966702 -0.07602447345356539
      vertex 45.38819242315074 5.320888862379561 0
      vertex 45.38288972526789 5.084342692827104 0
    endloop
  endfacet
  facet normal -5.695689915962035e-17 -0.9396926207859084 0.3420201433256687
    outer loop
      vertex 43.399999998509884 1.879385242081466 -0.6840402852510876
      vertex 43.399999998509884 12.1690616603768 27.586613327510058
      vertex 34.29999999701977 3.110657758563524 2.698853150978434
    endloop
  endfacet
  facet normal -6.903138720660822e-8 -0.9396926207859061 0.3420201433256679
    outer loop
      vertex 43.399999998509884 1.879385242081466 -0.6840402852510876
      vertex 43.40000000000023 2.8599357158268908 2.01
      vertex 43.399999998509884 12.1690616603768 27.586613327510058
    endloop
  endfacet
  facet normal 0.000005105174206552163 0.9396926207736629 -0.34202014332121183
    outer loop
      vertex 43.399999998509884 4.698463104439192 -1.7101007152280938
      vertex 43.399999998509884 5.895533606079033 1.5788234575225855
      vertex 43.4 23.33565224755765 49.49515561759472
    endloop
  endfacet
  facet normal -4.279033767711318e-8 0.9396926207859077 -0.3420201433256684
    outer loop
      vertex 43.399999998509884 4.698463104439192 -1.7101007152280938
      vertex 43.4 23.33565224755765 49.49515561759472
      vertex 43.4 6.052469033254628 2.01
    endloop
  endfacet
  facet normal -1.204175759325772e-16 -0.9396926207859084 0.3420201433256687
    outer loop
      vertex 43.399999998509884 12.1690616603768 27.586613327510058
      vertex 34.29999999701977 12.169063321006824 27.58661789005355
      vertex 34.29999999701977 3.110657758563524 2.698853150978434
    endloop
  endfacet
  facet normal 0.0000019348735360828894 -0.9396926207841494 0.3420201433250285
    outer loop
      vertex 43.40000000000023 2.8599357158268908 2.01
      vertex 43.4 12.169065535143728 27.586623973344697
      vertex 43.399999998509884 12.1690616603768 27.586613327510058
    endloop
  endfacet
  facet normal 1.150136372048609e-20 0.9396926207859089 -0.34202014332566755
    outer loop
      vertex 43.4 23.33565224755765 49.49515561759472
      vertex 41.899999998509884 22.7571266710152 47.905669659467364
      vertex -41.899999998509884 22.7571266710152 47.905669659467364
    endloop
  endfacet
  facet normal 4.857471763421942e-7 0.9396926207857975 -0.34202014332562847
    outer loop
      vertex 43.4 23.33565224755765 49.49515561759472
      vertex 43.399999998509884 5.895533606079033 1.5788234575225855
      vertex 43.399999998509884 22.2440964560267 46.49613072828851
    endloop
  endfacet
  facet normal 1.370519413575292e-14 0.9396926207859078 -0.3420201433256704
    outer loop
      vertex 43.4 23.33565224755765 49.49515561759472
      vertex 43.19903810322285 22.50061156352095 47.20090019387794
      vertex 43.09003000706434 22.556409463226867 47.35420366337294
    endloop
  endfacet
  facet normal -2.1126013345174556e-15 0.9396926207859086 -0.3420201433256683
    outer loop
      vertex 43.4 23.33565224755765 49.49515561759472
      vertex 43.09003000706434 22.556409463226867 47.35420366337294
      vertex 42.96066017448902 22.60686360143491 47.49282526881758
    endloop
  endfacet
  facet normal 1.1066337997216621e-14 0.9396926207859084 -0.3420201433256686
    outer loop
      vertex 43.4 23.33565224755765 49.49515561759472
      vertex 43.399999998509884 22.2440964560267 46.49613072828851
      vertex 43.387167289853096 22.311060337893693 46.6801124816371
    endloop
  endfacet
  facet normal 1.6481355116038036e-14 0.9396926207859084 -0.3420201433256685
    outer loop
      vertex 43.4 23.33565224755765 49.49515561759472
      vertex 43.387167289853096 22.311060337893693 46.6801124816371
      vertex 43.348888739943504 22.37687844562656 46.86094624642438
    endloop
  endfacet
  facet normal 1.0215824245027869e-14 0.9396926207859085 -0.34202014332566844
    outer loop
      vertex 43.4 23.33565224755765 49.49515561759472
      vertex 43.348888739943504 22.37687844562656 46.86094624642438
      vertex 43.28581929951906 22.44042461896098 47.03553792275345
    endloop
  endfacet
  facet normal -3.3103713955303424e-14 0.9396926207859092 -0.34202014332566666
    outer loop
      vertex 43.4 23.33565224755765 49.49515561759472
      vertex 43.28581929951906 22.44042461896098 47.03553792275345
      vertex 43.19903810322285 22.50061156352095 47.20090019387794
    endloop
  endfacet
  facet normal 1.0709603870211843e-14 0.9396926207859055 -0.34202014332567654
    outer loop
      vertex 43.4 23.33565224755765 49.49515561759472
      vertex 42.0957892909646 22.75273762616115 47.89361085783789
      vertex 41.899999998509884 22.7571266710152 47.905669659467364
    endloop
  endfacet
  facet normal 7.057959732499288e-15 0.9396926207859073 -0.3420201433256715
    outer loop
      vertex 43.4 23.33565224755765 49.49515561759472
      vertex 42.649999998509884 22.68839365478613 47.71682724940699
      vertex 42.47402514517307 22.718074571981333 47.79837489918951
    endloop
  endfacet
  facet normal -6.861902891107899e-15 0.9396926207859101 -0.3420201433256638
    outer loop
      vertex 43.4 23.33565224755765 49.49515561759472
      vertex 42.28822856396437 22.739645591034773 47.85764078695346
      vertex 42.0957892909646 22.75273762616115 47.89361085783789
    endloop
  endfacet
  facet normal 1.7412119961331782e-15 0.9396926207859083 -0.34202014332566905
    outer loop
      vertex 43.4 23.33565224755765 49.49515561759472
      vertex 42.47402514517307 22.718074571981333 47.79837489918951
      vertex 42.28822856396437 22.739645591034773 47.85764078695346
    endloop
  endfacet
  facet normal -7.754375891084014e-15 0.939692620785909 -0.34202014332566716
    outer loop
      vertex 43.4 23.33565224755765 49.49515561759472
      vertex 42.96066017448902 22.60686360143491 47.49282526881758
      vertex 42.81314214318991 22.65111069011434 47.61439314584093
    endloop
  endfacet
  facet normal 5.447690818329615e-15 0.9396926207859077 -0.3420201433256709
    outer loop
      vertex 43.4 23.33565224755765 49.49515561759472
      vertex 42.81314214318991 22.65111069011434 47.61439314584093
      vertex 42.649999998509884 22.68839365478613 47.71682724940699
    endloop
  endfacet
  facet normal 0.8660254037844382 0 0.5000000000000009
    outer loop
      vertex -31.1 68 35.22700699857358
      vertex -31.1 70 35.22700699857358
      vertex -32.800000000000004 68 38.17149337144067
    endloop
  endfacet
  facet normal 0.8660254037844382 0 0.5000000000000009
    outer loop
      vertex -32.800000000000004 68 38.17149337144067
      vertex -31.1 70 35.22700699857358
      vertex -32.800000000000004 70 38.17149337144067
    endloop
  endfacet
  facet normal 0 0 1
    outer loop
      vertex -31.1 68 35.22700699857358
      vertex -27.700000000000003 70 35.22700699857358
      vertex -31.1 70 35.22700699857358
    endloop
  endfacet
  facet normal 0 0 1
    outer loop
      vertex -31.1 68 35.22700699857358
      vertex -27.700000000000003 68 35.22700699857358
      vertex -27.700000000000003 70 35.22700699857358
    endloop
  endfacet
  facet normal -0.8660254037844386 0 0.5000000000000001
    outer loop
      vertex -27.700000000000003 70 35.22700699857358
      vertex -27.700000000000003 68 35.22700699857358
      vertex -26.000000000000004 70 38.17149337144067
    endloop
  endfacet
  facet normal -0.8660254037844386 5.800706543380046e-18 0.5000000000000001
    outer loop
      vertex -27.700000000000003 68 35.22700699857358
      vertex -26.000000000000004 68 38.17149337144067
      vertex -26.000000000000004 70 38.17149337144067
    endloop
  endfacet
  facet normal 0.8660254037844382 0 -0.5000000000000009
    outer loop
      vertex -32.800000000000004 68 38.17149337144067
      vertex -32.800000000000004 70 38.17149337144067
      vertex -31.1 68 41.11597974430776
    endloop
  endfacet
  facet normal 0.8660254037844382 0 -0.5000000000000009
    outer loop
      vertex -31.1 68 41.11597974430776
      vertex -32.800000000000004 70 38.17149337144067
      vertex -31.1 70 41.11597974430776
    endloop
  endfacet
  facet normal 0 0 -1
    outer loop
      vertex -31.1 68 41.11597974430776
      vertex -31.1 70 41.11597974430776
      vertex -27.700000000000003 68 41.11597974430776
    endloop
  endfacet
  facet normal 0 0 -1
    outer loop
      vertex -27.700000000000003 68 41.11597974430776
      vertex -31.1 70 41.11597974430776
      vertex -27.700000000000003 70 41.11597974430776
    endloop
  endfacet
  facet normal -0.8660254037844386 0 -0.5000000000000001
    outer loop
      vertex -26.000000000000004 68 38.17149337144067
      vertex -27.700000000000003 70 41.11597974430776
      vertex -26.000000000000004 70 38.17149337144067
    endloop
  endfacet
  facet normal -0.8660254037844386 -5.800706543380046e-18 -0.5000000000000001
    outer loop
      vertex -26.000000000000004 68 38.17149337144067
      vertex -27.700000000000003 68 41.11597974430776
      vertex -27.700000000000003 70 41.11597974430776
    endloop
  endfacet
  facet normal 0.8660254037844386 -5.800706543380046e-18 0.5000000000000001
    outer loop
      vertex -24.400000000000002 68 38.17149337144067
      vertex -22.700000000000003 68 35.22700699857358
      vertex -22.700000000000003 70 35.22700699857358
    endloop
  endfacet
  facet normal 0.8660254037844386 0 0.5000000000000001
    outer loop
      vertex -24.400000000000002 68 38.17149337144067
      vertex -22.700000000000003 70 35.22700699857358
      vertex -24.400000000000002 70 38.17149337144067
    endloop
  endfacet
  facet normal 0.8660254037844386 5.800706543380046e-18 -0.5000000000000001
    outer loop
      vertex -22.700000000000003 68 41.11597974430776
      vertex -24.400000000000002 68 38.17149337144067
      vertex -24.400000000000002 70 38.17149337144067
    endloop
  endfacet
  facet normal 0.8660254037844386 5.800706543380046e-18 -0.5000000000000001
    outer loop
      vertex -24.400000000000002 70 38.17149337144067
      vertex -22.700000000000003 70 41.11597974430776
      vertex -22.700000000000003 68 41.11597974430776
    endloop
  endfacet
  facet normal 0 0 1
    outer loop
      vertex -22.700000000000003 68 35.22700699857358
      vertex -19.300000000000004 70 35.22700699857358
      vertex -22.700000000000003 70 35.22700699857358
    endloop
  endfacet
  facet normal 0 0 1
    outer loop
      vertex -22.700000000000003 68 35.22700699857358
      vertex -19.300000000000004 68 35.22700699857358
      vertex -19.300000000000004 70 35.22700699857358
    endloop
  endfacet
  facet normal -0.8660254037844386 5.800706543380046e-18 0.5000000000000001
    outer loop
      vertex -17.600000000000005 70 38.17149337144067
      vertex -19.300000000000004 70 35.22700699857358
      vertex -19.300000000000004 68 35.22700699857358
    endloop
  endfacet
  facet normal -0.8660254037844386 0 0.5000000000000001
    outer loop
      vertex -17.600000000000005 70 38.17149337144067
      vertex -19.300000000000004 68 35.22700699857358
      vertex -17.600000000000005 68 38.17149337144067
    endloop
  endfacet
  facet normal 0 0 -1
    outer loop
      vertex -22.700000000000003 70 41.11597974430776
      vertex -19.300000000000004 68 41.11597974430776
      vertex -22.700000000000003 68 41.11597974430776
    endloop
  endfacet
  facet normal 0 0 -1
    outer loop
      vertex -19.300000000000004 70 41.11597974430776
      vertex -19.300000000000004 68 41.11597974430776
      vertex -22.700000000000003 70 41.11597974430776
    endloop
  endfacet
  facet normal -0.8660254037844386 -5.800706543380046e-18 -0.5000000000000001
    outer loop
      vertex -19.300000000000004 70 41.11597974430776
      vertex -17.600000000000005 70 38.17149337144067
      vertex -17.600000000000005 68 38.17149337144067
    endloop
  endfacet
  facet normal -0.8660254037844386 0 -0.5000000000000001
    outer loop
      vertex -19.300000000000004 70 41.11597974430776
      vertex -17.600000000000005 68 38.17149337144067
      vertex -19.300000000000004 68 41.11597974430776
    endloop
  endfacet
  facet normal 0.8660254037844386 0 0.5000000000000001
    outer loop
      vertex -14.3 70 35.22700699857358
      vertex -16 68 38.17149337144067
      vertex -14.3 68 35.22700699857358
    endloop
  endfacet
  facet normal 0.8660254037844386 -5.800706543380046e-18 0.5000000000000001
    outer loop
      vertex -14.3 70 35.22700699857358
      vertex -16 70 38.17149337144067
      vertex -16 68 38.17149337144067
    endloop
  endfacet
  facet normal 0 0 1
    outer loop
      vertex -14.3 70 35.22700699857358
      vertex -14.3 68 35.22700699857358
      vertex -10.900000000000002 70 35.22700699857358
    endloop
  endfacet
  facet normal 0 0 1
    outer loop
      vertex -14.3 68 35.22700699857358
      vertex -10.900000000000002 68 35.22700699857358
      vertex -10.900000000000002 70 35.22700699857358
    endloop
  endfacet
  facet normal -0.8660254037844384 -8.701059815070067e-18 0.5000000000000004
    outer loop
      vertex -9.200000000000001 70 38.17149337144067
      vertex -10.900000000000002 70 35.22700699857358
      vertex -10.900000000000002 68 35.22700699857358
    endloop
  endfacet
  facet normal -0.8660254037844384 0 0.5000000000000004
    outer loop
      vertex -9.200000000000001 70 38.17149337144067
      vertex -10.900000000000002 68 35.22700699857358
      vertex -9.200000000000001 68 38.17149337144067
    endloop
  endfacet
  facet normal 0.8660254037844386 0 -0.5000000000000001
    outer loop
      vertex -16 68 38.17149337144067
      vertex -16 70 38.17149337144067
      vertex -14.3 68 41.11597974430776
    endloop
  endfacet
  facet normal 0.8660254037844386 5.800706543380046e-18 -0.5000000000000001
    outer loop
      vertex -16 70 38.17149337144067
      vertex -14.3 70 41.11597974430776
      vertex -14.3 68 41.11597974430776
    endloop
  endfacet
  facet normal 0 0 -1
    outer loop
      vertex -14.3 70 41.11597974430776
      vertex -10.900000000000002 68 41.11597974430776
      vertex -14.3 68 41.11597974430776
    endloop
  endfacet
  facet normal 0 0 -1
    outer loop
      vertex -10.900000000000002 70 41.11597974430776
      vertex -10.900000000000002 68 41.11597974430776
      vertex -14.3 70 41.11597974430776
    endloop
  endfacet
  facet normal -0.8660254037844384 8.701059815070067e-18 -0.5000000000000004
    outer loop
      vertex -10.900000000000002 70 41.11597974430776
      vertex -9.200000000000001 70 38.17149337144067
      vertex -9.200000000000001 68 38.17149337144067
    endloop
  endfacet
  facet normal -0.8660254037844384 0 -0.5000000000000004
    outer loop
      vertex -10.900000000000002 68 41.11597974430776
      vertex -10.900000000000002 70 41.11597974430776
      vertex -9.200000000000001 68 38.17149337144067
    endloop
  endfacet
  facet normal 0.8660254037844386 0 0.5000000000000001
    outer loop
      vertex -5.9 70 35.22700699857358
      vertex -7.6 68 38.17149337144067
      vertex -5.9 68 35.22700699857358
    endloop
  endfacet
  facet normal 0.8660254037844386 -5.800706543380046e-18 0.5000000000000001
    outer loop
      vertex -5.9 70 35.22700699857358
      vertex -7.6 70 38.17149337144067
      vertex -7.6 68 38.17149337144067
    endloop
  endfacet
  facet normal 0 0 1
    outer loop
      vertex -5.9 70 35.22700699857358
      vertex -5.9 68 35.22700699857358
      vertex -2.5 70 35.22700699857358
    endloop
  endfacet
  facet normal 0 0 1
    outer loop
      vertex -5.9 68 35.22700699857358
      vertex -2.5 68 35.22700699857358
      vertex -2.5 70 35.22700699857358
    endloop
  endfacet
  facet normal -0.8660254037844386 -6.313197178888879e-17 0.5000000000000002
    outer loop
      vertex -0.8000000000000003 70 38.17149337144067
      vertex -2.5 70 35.22700699857358
      vertex -2.5 68 35.22700699857358
    endloop
  endfacet
  facet normal -0.8660254037844386 0 0.5000000000000002
    outer loop
      vertex -0.8000000000000003 70 38.17149337144067
      vertex -2.5 68 35.22700699857358
      vertex -0.8000000000000003 68 38.17149337144067
    endloop
  endfacet
  facet normal 0.8660254037844386 0 -0.5000000000000001
    outer loop
      vertex -7.6 68 38.17149337144067
      vertex -7.6 70 38.17149337144067
      vertex -5.9 68 41.11597974430776
    endloop
  endfacet
  facet normal 0.8660254037844386 5.800706543380046e-18 -0.5000000000000001
    outer loop
      vertex -7.6 70 38.17149337144067
      vertex -5.9 70 41.11597974430776
      vertex -5.9 68 41.11597974430776
    endloop
  endfacet
  facet normal 0 0 -1
    outer loop
      vertex -5.9 70 41.11597974430776
      vertex -2.5 68 41.11597974430776
      vertex -5.9 68 41.11597974430776
    endloop
  endfacet
  facet normal 0 0 -1
    outer loop
      vertex -2.5 70 41.11597974430776
      vertex -2.5 68 41.11597974430776
      vertex -5.9 70 41.11597974430776
    endloop
  endfacet
  facet normal -0.8660254037844386 6.313197178888879e-17 -0.5000000000000002
    outer loop
      vertex -2.5 70 41.11597974430776
      vertex -0.8000000000000003 70 38.17149337144067
      vertex -0.8000000000000003 68 38.17149337144067
    endloop
  endfacet
  facet normal -0.8660254037844386 0 -0.5000000000000002
    outer loop
      vertex -2.5 70 41.11597974430776
      vertex -0.8000000000000003 68 38.17149337144067
      vertex -2.5 68 41.11597974430776
    endloop
  endfacet
  facet normal 0.8660254037844386 0 0.5000000000000002
    outer loop
      vertex 2.5 70 35.22700699857358
      vertex 0.8000000000000003 68 38.17149337144067
      vertex 2.5 68 35.22700699857358
    endloop
  endfacet
  facet normal 0.8660254037844386 6.313197178888879e-17 0.5000000000000002
    outer loop
      vertex 2.5 70 35.22700699857358
      vertex 0.8000000000000003 70 38.17149337144067
      vertex 0.8000000000000003 68 38.17149337144067
    endloop
  endfacet
  facet normal 0 0 1
    outer loop
      vertex 2.5 70 35.22700699857358
      vertex 2.5 68 35.22700699857358
      vertex 5.9 70 35.22700699857358
    endloop
  endfacet
  facet normal 0 0 1
    outer loop
      vertex 2.5 68 35.22700699857358
      vertex 5.9 68 35.22700699857358
      vertex 5.9 70 35.22700699857358
    endloop
  endfacet
  facet normal -0.8660254037844386 5.800706543380046e-18 0.5000000000000001
    outer loop
      vertex 7.6 70 38.17149337144067
      vertex 5.9 70 35.22700699857358
      vertex 5.9 68 35.22700699857358
    endloop
  endfacet
  facet normal -0.8660254037844386 0 0.5000000000000001
    outer loop
      vertex 7.6 70 38.17149337144067
      vertex 5.9 68 35.22700699857358
      vertex 7.6 68 38.17149337144067
    endloop
  endfacet
  facet normal 0.8660254037844386 0 -0.5000000000000002
    outer loop
      vertex 0.8000000000000003 68 38.17149337144067
      vertex 0.8000000000000003 70 38.17149337144067
      vertex 2.5 68 41.11597974430776
    endloop
  endfacet
  facet normal 0.8660254037844386 -6.313197178888879e-17 -0.5000000000000002
    outer loop
      vertex 0.8000000000000003 70 38.17149337144067
      vertex 2.5 70 41.11597974430776
      vertex 2.5 68 41.11597974430776
    endloop
  endfacet
  facet normal 0 0 -1
    outer loop
      vertex 2.5 70 41.11597974430776
      vertex 5.9 68 41.11597974430776
      vertex 2.5 68 41.11597974430776
    endloop
  endfacet
  facet normal 0 0 -1
    outer loop
      vertex 5.9 70 41.11597974430776
      vertex 5.9 68 41.11597974430776
      vertex 2.5 70 41.11597974430776
    endloop
  endfacet
  facet normal -0.8660254037844386 -5.800706543380046e-18 -0.5000000000000001
    outer loop
      vertex 5.9 70 41.11597974430776
      vertex 7.6 70 38.17149337144067
      vertex 7.6 68 38.17149337144067
    endloop
  endfacet
  facet normal -0.8660254037844386 0 -0.5000000000000001
    outer loop
      vertex 5.9 68 41.11597974430776
      vertex 5.9 70 41.11597974430776
      vertex 7.6 68 38.17149337144067
    endloop
  endfacet
  facet normal 0.8660254037844384 0 0.5000000000000004
    outer loop
      vertex 10.900000000000002 70 35.22700699857358
      vertex 9.200000000000001 68 38.17149337144067
      vertex 10.900000000000002 68 35.22700699857358
    endloop
  endfacet
  facet normal 0.8660254037844384 8.701059815070067e-18 0.5000000000000004
    outer loop
      vertex 10.900000000000002 70 35.22700699857358
      vertex 9.200000000000001 70 38.17149337144067
      vertex 9.200000000000001 68 38.17149337144067
    endloop
  endfacet
  facet normal 0 0 1
    outer loop
      vertex 10.900000000000002 70 35.22700699857358
      vertex 10.900000000000002 68 35.22700699857358
      vertex 14.3 70 35.22700699857358
    endloop
  endfacet
  facet normal 0 0 1
    outer loop
      vertex 10.900000000000002 68 35.22700699857358
      vertex 14.3 68 35.22700699857358
      vertex 14.3 70 35.22700699857358
    endloop
  endfacet
  facet normal -0.8660254037844386 5.800706543380046e-18 0.5000000000000001
    outer loop
      vertex 16 70 38.17149337144067
      vertex 14.3 70 35.22700699857358
      vertex 14.3 68 35.22700699857358
    endloop
  endfacet
  facet normal -0.8660254037844386 0 0.5000000000000001
    outer loop
      vertex 16 70 38.17149337144067
      vertex 14.3 68 35.22700699857358
      vertex 16 68 38.17149337144067
    endloop
  endfacet
  facet normal 0.8660254037844384 0 -0.5000000000000004
    outer loop
      vertex 9.200000000000001 68 38.17149337144067
      vertex 9.200000000000001 70 38.17149337144067
      vertex 10.900000000000002 68 41.11597974430776
    endloop
  endfacet
  facet normal 0.8660254037844384 -8.701059815070067e-18 -0.5000000000000004
    outer loop
      vertex 9.200000000000001 70 38.17149337144067
      vertex 10.900000000000002 70 41.11597974430776
      vertex 10.900000000000002 68 41.11597974430776
    endloop
  endfacet
  facet normal 0 0 -1
    outer loop
      vertex 10.900000000000002 70 41.11597974430776
      vertex 14.3 68 41.11597974430776
      vertex 10.900000000000002 68 41.11597974430776
    endloop
  endfacet
  facet normal 0 0 -1
    outer loop
      vertex 14.3 70 41.11597974430776
      vertex 14.3 68 41.11597974430776
      vertex 10.900000000000002 70 41.11597974430776
    endloop
  endfacet
  facet normal -0.8660254037844386 -5.800706543380046e-18 -0.5000000000000001
    outer loop
      vertex 14.3 70 41.11597974430776
      vertex 16 70 38.17149337144067
      vertex 16 68 38.17149337144067
    endloop
  endfacet
  facet normal -0.8660254037844386 0 -0.5000000000000001
    outer loop
      vertex 14.3 70 41.11597974430776
      vertex 16 68 38.17149337144067
      vertex 14.3 68 41.11597974430776
    endloop
  endfacet
  facet normal 0.8660254037844386 0 0.5000000000000001
    outer loop
      vertex 19.3 70 35.22700699857358
      vertex 17.6 68 38.17149337144067
      vertex 19.3 68 35.22700699857358
    endloop
  endfacet
  facet normal 0.8660254037844386 -5.800706543380046e-18 0.5000000000000001
    outer loop
      vertex 19.3 70 35.22700699857358
      vertex 17.6 70 38.17149337144067
      vertex 17.6 68 38.17149337144067
    endloop
  endfacet
  facet normal 0 0 1
    outer loop
      vertex 19.3 70 35.22700699857358
      vertex 19.3 68 35.22700699857358
      vertex 22.7 70 35.22700699857358
    endloop
  endfacet
  facet normal 0 0 1
    outer loop
      vertex 19.3 68 35.22700699857358
      vertex 22.7 68 35.22700699857358
      vertex 22.7 70 35.22700699857358
    endloop
  endfacet
  facet normal 0.8660254037844386 0 -0.5000000000000001
    outer loop
      vertex 17.6 68 38.17149337144067
      vertex 17.6 70 38.17149337144067
      vertex 19.3 68 41.11597974430776
    endloop
  endfacet
  facet normal 0.8660254037844386 5.800706543380046e-18 -0.5000000000000001
    outer loop
      vertex 17.6 70 38.17149337144067
      vertex 19.3 70 41.11597974430776
      vertex 19.3 68 41.11597974430776
    endloop
  endfacet
  facet normal 0 0 -1
    outer loop
      vertex 19.3 70 41.11597974430776
      vertex 22.7 68 41.11597974430776
      vertex 19.3 68 41.11597974430776
    endloop
  endfacet
  facet normal 0 0 -1
    outer loop
      vertex 22.7 70 41.11597974430776
      vertex 22.7 68 41.11597974430776
      vertex 19.3 70 41.11597974430776
    endloop
  endfacet
  facet normal -0.8660254037844386 5.800706543380046e-18 0.5000000000000001
    outer loop
      vertex 24.4 70 38.17149337144067
      vertex 22.7 70 35.22700699857358
      vertex 22.7 68 35.22700699857358
    endloop
  endfacet
  facet normal -0.8660254037844386 0 0.5000000000000001
    outer loop
      vertex 24.4 70 38.17149337144067
      vertex 22.7 68 35.22700699857358
      vertex 24.4 68 38.17149337144067
    endloop
  endfacet
  facet normal -0.8660254037844386 -5.800706543380046e-18 -0.5000000000000001
    outer loop
      vertex 22.7 70 41.11597974430776
      vertex 24.4 70 38.17149337144067
      vertex 24.4 68 38.17149337144067
    endloop
  endfacet
  facet normal -0.8660254037844386 0 -0.5000000000000001
    outer loop
      vertex 22.7 68 41.11597974430776
      vertex 22.7 70 41.11597974430776
      vertex 24.4 68 38.17149337144067
    endloop
  endfacet
  facet normal 0.8660254037844386 0 0.5000000000000001
    outer loop
      vertex 27.700000000000003 70 35.22700699857358
      vertex 26.000000000000004 68 38.17149337144067
      vertex 27.700000000000003 68 35.22700699857358
    endloop
  endfacet
  facet normal 0.8660254037844386 -5.800706543380046e-18 0.5000000000000001
    outer loop
      vertex 27.700000000000003 70 35.22700699857358
      vertex 26.000000000000004 70 38.17149337144067
      vertex 26.000000000000004 68 38.17149337144067
    endloop
  endfacet
  facet normal 0 0 1
    outer loop
      vertex 27.700000000000003 70 35.22700699857358
      vertex 27.700000000000003 68 35.22700699857358
      vertex 31.1 70 35.22700699857358
    endloop
  endfacet
  facet normal 0 0 1
    outer loop
      vertex 27.700000000000003 68 35.22700699857358
      vertex 31.1 68 35.22700699857358
      vertex 31.1 70 35.22700699857358
    endloop
  endfacet
  facet normal -0.8660254037844382 -2.3202826173520172e-17 0.5000000000000009
    outer loop
      vertex 32.800000000000004 70 38.17149337144067
      vertex 31.1 70 35.22700699857358
      vertex 31.1 68 35.22700699857358
    endloop
  endfacet
  facet normal -0.8660254037844382 0 0.5000000000000009
    outer loop
      vertex 32.800000000000004 70 38.17149337144067
      vertex 31.1 68 35.22700699857358
      vertex 32.800000000000004 68 38.17149337144067
    endloop
  endfacet
  facet normal 0.8660254037844386 0 -0.5000000000000001
    outer loop
      vertex 26.000000000000004 68 38.17149337144067
      vertex 26.000000000000004 70 38.17149337144067
      vertex 27.700000000000003 68 41.11597974430776
    endloop
  endfacet
  facet normal 0.8660254037844386 5.800706543380046e-18 -0.5000000000000001
    outer loop
      vertex 26.000000000000004 70 38.17149337144067
      vertex 27.700000000000003 70 41.11597974430776
      vertex 27.700000000000003 68 41.11597974430776
    endloop
  endfacet
  facet normal 0 0 -1
    outer loop
      vertex 27.700000000000003 70 41.11597974430776
      vertex 31.1 68 41.11597974430776
      vertex 27.700000000000003 68 41.11597974430776
    endloop
  endfacet
  facet normal 0 0 -1
    outer loop
      vertex 27.700000000000003 70 41.11597974430776
      vertex 31.1 70 41.11597974430776
      vertex 31.1 68 41.11597974430776
    endloop
  endfacet
  facet normal -0.8660254037844382 2.3202826173520172e-17 -0.5000000000000009
    outer loop
      vertex 31.1 70 41.11597974430776
      vertex 32.800000000000004 70 38.17149337144067
      vertex 32.800000000000004 68 38.17149337144067
    endloop
  endfacet
  facet normal -0.8660254037844382 0 -0.5000000000000009
    outer loop
      vertex 31.1 70 41.11597974430776
      vertex 32.800000000000004 68 38.17149337144067
      vertex 31.1 68 41.11597974430776
    endloop
  endfacet
  facet normal 0 0 1
    outer loop
      vertex -26.900000000000002 68 27.95260699857358
      vertex -23.500000000000004 70 27.95260699857358
      vertex -26.900000000000002 70 27.95260699857358
    endloop
  endfacet
  facet normal 0 0 1
    outer loop
      vertex -26.900000000000002 68 27.95260699857358
      vertex -23.500000000000004 68 27.95260699857358
      vertex -23.500000000000004 70 27.95260699857358
    endloop
  endfacet
  facet normal 0.8660254037844386 -5.800706543380046e-18 0.5000000000000001
    outer loop
      vertex -28.6 68 30.89709337144067
      vertex -26.900000000000002 68 27.95260699857358
      vertex -26.900000000000002 70 27.95260699857358
    endloop
  endfacet
  facet normal 0.8660254037844386 0 0.5000000000000001
    outer loop
      vertex -28.6 68 30.89709337144067
      vertex -26.900000000000002 70 27.95260699857358
      vertex -28.6 70 30.89709337144067
    endloop
  endfacet
  facet normal -0.8660254037844386 0 0.5000000000000001
    outer loop
      vertex -23.500000000000004 68 27.95260699857358
      vertex -21.800000000000004 70 30.89709337144067
      vertex -23.500000000000004 70 27.95260699857358
    endloop
  endfacet
  facet normal 0.8660254037844386 0 -0.5000000000000001
    outer loop
      vertex -28.6 68 30.89709337144067
      vertex -28.6 70 30.89709337144067
      vertex -26.900000000000002 68 33.84157974430776
    endloop
  endfacet
  facet normal 0.8660254037844386 0 -0.5000000000000001
    outer loop
      vertex -26.900000000000002 68 33.84157974430776
      vertex -28.6 70 30.89709337144067
      vertex -26.900000000000002 70 33.84157974430776
    endloop
  endfacet
  facet normal 0 0 -1
    outer loop
      vertex -26.900000000000002 68 33.84157974430776
      vertex -26.900000000000002 70 33.84157974430776
      vertex -23.500000000000004 68 33.84157974430776
    endloop
  endfacet
  facet normal -0.8660254037844386 0 -0.5000000000000001
    outer loop
      vertex -23.500000000000004 68 33.84157974430776
      vertex -23.500000000000004 70 33.84157974430776
      vertex -21.800000000000004 68 30.89709337144067
    endloop
  endfacet
  facet normal 0 0 -1
    outer loop
      vertex -23.500000000000004 68 33.84157974430776
      vertex -26.900000000000002 70 33.84157974430776
      vertex -23.500000000000004 70 33.84157974430776
    endloop
  endfacet
  facet normal -0.8660254037844386 5.800706543380046e-18 0.5000000000000001
    outer loop
      vertex -23.500000000000004 68 27.95260699857358
      vertex -21.800000000000004 68 30.89709337144067
      vertex -21.800000000000004 70 30.89709337144067
    endloop
  endfacet
  facet normal -0.8660254037844386 0 -0.5000000000000001
    outer loop
      vertex -21.800000000000004 68 30.89709337144067
      vertex -23.500000000000004 70 33.84157974430776
      vertex -21.800000000000004 70 30.89709337144067
    endloop
  endfacet
  facet normal 0 0 1
    outer loop
      vertex -18.5 68 27.95260699857358
      vertex -15.100000000000001 70 27.95260699857358
      vertex -18.5 70 27.95260699857358
    endloop
  endfacet
  facet normal 0.8660254037844386 0 0.5000000000000001
    outer loop
      vertex -18.5 68 27.95260699857358
      vertex -18.5 70 27.95260699857358
      vertex -20.2 68 30.89709337144067
    endloop
  endfacet
  facet normal 0.8660254037844386 0 0.5000000000000001
    outer loop
      vertex -20.2 68 30.89709337144067
      vertex -18.5 70 27.95260699857358
      vertex -20.2 70 30.89709337144067
    endloop
  endfacet
  facet normal 0 0 1
    outer loop
      vertex -18.5 68 27.95260699857358
      vertex -15.100000000000001 68 27.95260699857358
      vertex -15.100000000000001 70 27.95260699857358
    endloop
  endfacet
  facet normal -0.8660254037844384 0 0.5000000000000004
    outer loop
      vertex -15.100000000000001 68 27.95260699857358
      vertex -13.4 70 30.89709337144067
      vertex -15.100000000000001 70 27.95260699857358
    endloop
  endfacet
  facet normal -0.8660254037844384 -8.701059815070067e-18 0.5000000000000004
    outer loop
      vertex -15.100000000000001 68 27.95260699857358
      vertex -13.4 68 30.89709337144067
      vertex -13.4 70 30.89709337144067
    endloop
  endfacet
  facet normal 0.8660254037844386 0 -0.5000000000000001
    outer loop
      vertex -20.2 68 30.89709337144067
      vertex -20.2 70 30.89709337144067
      vertex -18.5 68 33.84157974430776
    endloop
  endfacet
  facet normal 0.8660254037844386 0 -0.5000000000000001
    outer loop
      vertex -18.5 70 33.84157974430776
      vertex -18.5 68 33.84157974430776
      vertex -20.2 70 30.89709337144067
    endloop
  endfacet
  facet normal 0 0 -1
    outer loop
      vertex -18.5 68 33.84157974430776
      vertex -18.5 70 33.84157974430776
      vertex -15.100000000000001 68 33.84157974430776
    endloop
  endfacet
  facet normal -0.8660254037844384 0 -0.5000000000000004
    outer loop
      vertex -15.100000000000001 68 33.84157974430776
      vertex -15.100000000000001 70 33.84157974430776
      vertex -13.4 68 30.89709337144067
    endloop
  endfacet
  facet normal 0 0 -1
    outer loop
      vertex -18.5 70 33.84157974430776
      vertex -15.100000000000001 70 33.84157974430776
      vertex -15.100000000000001 68 33.84157974430776
    endloop
  endfacet
  facet normal -0.8660254037844384 0 -0.5000000000000004
    outer loop
      vertex -13.4 68 30.89709337144067
      vertex -15.100000000000001 70 33.84157974430776
      vertex -13.4 70 30.89709337144067
    endloop
  endfacet
  facet normal 0 0 1
    outer loop
      vertex -10.1 68 27.95260699857358
      vertex -6.7 70 27.95260699857358
      vertex -10.1 70 27.95260699857358
    endloop
  endfacet
  facet normal 0 0 1
    outer loop
      vertex -10.1 68 27.95260699857358
      vertex -6.7 68 27.95260699857358
      vertex -6.7 70 27.95260699857358
    endloop
  endfacet
  facet normal 0.8660254037844384 0 0.5000000000000004
    outer loop
      vertex -10.1 68 27.95260699857358
      vertex -10.1 70 27.95260699857358
      vertex -11.8 68 30.89709337144067
    endloop
  endfacet
  facet normal 0.8660254037844384 0 0.5000000000000004
    outer loop
      vertex -11.8 70 30.89709337144067
      vertex -11.8 68 30.89709337144067
      vertex -10.1 70 27.95260699857358
    endloop
  endfacet
  facet normal -0.8660254037844385 0 0.5000000000000002
    outer loop
      vertex -6.7 68 27.95260699857358
      vertex -5 70 30.89709337144067
      vertex -6.7 70 27.95260699857358
    endloop
  endfacet
  facet normal -0.8660254037844385 -1.4501766358450113e-18 0.5000000000000002
    outer loop
      vertex -6.7 68 27.95260699857358
      vertex -5 68 30.89709337144067
      vertex -5 70 30.89709337144067
    endloop
  endfacet
  facet normal 0.8660254037844384 -8.701059815070067e-18 -0.5000000000000004
    outer loop
      vertex -10.1 68 33.84157974430776
      vertex -11.8 68 30.89709337144067
      vertex -11.8 70 30.89709337144067
    endloop
  endfacet
  facet normal 0.8660254037844384 -8.701059815070067e-18 -0.5000000000000004
    outer loop
      vertex -11.8 70 30.89709337144067
      vertex -10.1 70 33.84157974430776
      vertex -10.1 68 33.84157974430776
    endloop
  endfacet
  facet normal 0 0 -1
    outer loop
      vertex -10.1 70 33.84157974430776
      vertex -6.7 68 33.84157974430776
      vertex -10.1 68 33.84157974430776
    endloop
  endfacet
  facet normal -0.8660254037844385 0 -0.5000000000000002
    outer loop
      vertex -6.7 68 33.84157974430776
      vertex -6.7 70 33.84157974430776
      vertex -5 68 30.89709337144067
    endloop
  endfacet
  facet normal 0 0 -1
    outer loop
      vertex -10.1 70 33.84157974430776
      vertex -6.7 70 33.84157974430776
      vertex -6.7 68 33.84157974430776
    endloop
  endfacet
  facet normal -0.8660254037844385 1.4501766358450113e-18 -0.5000000000000002
    outer loop
      vertex -6.7 70 33.84157974430776
      vertex -5 70 30.89709337144067
      vertex -5 68 30.89709337144067
    endloop
  endfacet
  facet normal 0 0 1
    outer loop
      vertex -1.7 70 27.95260699857358
      vertex -1.7 68 27.95260699857358
      vertex 1.7 70 27.95260699857358
    endloop
  endfacet
  facet normal 0.8660254037844386 0 0.5000000000000002
    outer loop
      vertex -1.7 68 27.95260699857358
      vertex -1.7 70 27.95260699857358
      vertex -3.4 68 30.89709337144067
    endloop
  endfacet
  facet normal 0.8660254037844386 0 0.5000000000000002
    outer loop
      vertex -3.4 70 30.89709337144067
      vertex -3.4 68 30.89709337144067
      vertex -1.7 70 27.95260699857358
    endloop
  endfacet
  facet normal 0.8660254037844386 0 -0.5000000000000002
    outer loop
      vertex -3.4 68 30.89709337144067
      vertex -3.4 70 30.89709337144067
      vertex -1.7 68 33.84157974430776
    endloop
  endfacet
  facet normal 0.8660254037844386 0 -0.5000000000000002
    outer loop
      vertex -1.7 70 33.84157974430776
      vertex -1.7 68 33.84157974430776
      vertex -3.4 70 30.89709337144067
    endloop
  endfacet
  facet normal 0 0 -1
    outer loop
      vertex -1.7 70 33.84157974430776
      vertex 1.7 68 33.84157974430776
      vertex -1.7 68 33.84157974430776
    endloop
  endfacet
  facet normal 0 0 1
    outer loop
      vertex -1.7 68 27.95260699857358
      vertex 1.7 68 27.95260699857358
      vertex 1.7 70 27.95260699857358
    endloop
  endfacet
  facet normal -0.8660254037844386 0 0.5000000000000002
    outer loop
      vertex 1.7 70 27.95260699857358
      vertex 1.7 68 27.95260699857358
      vertex 3.4 70 30.89709337144067
    endloop
  endfacet
  facet normal -0.8660254037844386 0 0.5000000000000002
    outer loop
      vertex 3.4 70 30.89709337144067
      vertex 1.7 68 27.95260699857358
      vertex 3.4 68 30.89709337144067
    endloop
  endfacet
  facet normal -0.8660254037844386 0 -0.5000000000000002
    outer loop
      vertex 1.7 68 33.84157974430776
      vertex 1.7 70 33.84157974430776
      vertex 3.4 68 30.89709337144067
    endloop
  endfacet
  facet normal -0.8660254037844386 -3.3016162530289404e-17 -0.5000000000000002
    outer loop
      vertex 1.7 70 33.84157974430776
      vertex 3.4 70 30.89709337144067
      vertex 3.4 68 30.89709337144067
    endloop
  endfacet
  facet normal 0 0 -1
    outer loop
      vertex -1.7 70 33.84157974430776
      vertex 1.7 70 33.84157974430776
      vertex 1.7 68 33.84157974430776
    endloop
  endfacet
  facet normal 0.8660254037844385 1.4501766358450113e-18 0.5000000000000002
    outer loop
      vertex 6.7 70 27.95260699857358
      vertex 5 70 30.89709337144067
      vertex 5 68 30.89709337144067
    endloop
  endfacet
  facet normal 0 0 1
    outer loop
      vertex 6.7 70 27.95260699857358
      vertex 6.7 68 27.95260699857358
      vertex 10.1 70 27.95260699857358
    endloop
  endfacet
  facet normal 0 0 1
    outer loop
      vertex 6.7 68 27.95260699857358
      vertex 10.1 68 27.95260699857358
      vertex 10.1 70 27.95260699857358
    endloop
  endfacet
  facet normal 0.8660254037844385 0 0.5000000000000002
    outer loop
      vertex 6.7 68 27.95260699857358
      vertex 6.7 70 27.95260699857358
      vertex 5 68 30.89709337144067
    endloop
  endfacet
  facet normal -0.8660254037844384 0 0.5000000000000004
    outer loop
      vertex 10.1 70 27.95260699857358
      vertex 10.1 68 27.95260699857358
      vertex 11.8 70 30.89709337144067
    endloop
  endfacet
  facet normal -0.8660254037844384 0 0.5000000000000004
    outer loop
      vertex 11.8 70 30.89709337144067
      vertex 10.1 68 27.95260699857358
      vertex 11.8 68 30.89709337144067
    endloop
  endfacet
  facet normal 0.8660254037844385 0 -0.5000000000000002
    outer loop
      vertex 5 68 30.89709337144067
      vertex 5 70 30.89709337144067
      vertex 6.7 68 33.84157974430776
    endloop
  endfacet
  facet normal 0.8660254037844385 -1.4501766358450113e-18 -0.5000000000000002
    outer loop
      vertex 5 70 30.89709337144067
      vertex 6.7 70 33.84157974430776
      vertex 6.7 68 33.84157974430776
    endloop
  endfacet
  facet normal 0 0 -1
    outer loop
      vertex 6.7 70 33.84157974430776
      vertex 10.1 68 33.84157974430776
      vertex 6.7 68 33.84157974430776
    endloop
  endfacet
  facet normal -0.8660254037844384 0 -0.5000000000000004
    outer loop
      vertex 10.1 68 33.84157974430776
      vertex 10.1 70 33.84157974430776
      vertex 11.8 68 30.89709337144067
    endloop
  endfacet
  facet normal -0.8660254037844384 8.701059815070067e-18 -0.5000000000000004
    outer loop
      vertex 10.1 70 33.84157974430776
      vertex 11.8 70 30.89709337144067
      vertex 11.8 68 30.89709337144067
    endloop
  endfacet
  facet normal 0 0 -1
    outer loop
      vertex 6.7 70 33.84157974430776
      vertex 10.1 70 33.84157974430776
      vertex 10.1 68 33.84157974430776
    endloop
  endfacet
  facet normal 0 0 1
    outer loop
      vertex 15.100000000000001 70 27.95260699857358
      vertex 15.100000000000001 68 27.95260699857358
      vertex 18.5 70 27.95260699857358
    endloop
  endfacet
  facet normal 0.8660254037844384 8.701059815070067e-18 0.5000000000000004
    outer loop
      vertex 15.100000000000001 70 27.95260699857358
      vertex 13.4 70 30.89709337144067
      vertex 13.4 68 30.89709337144067
    endloop
  endfacet
  facet normal 0.8660254037844384 0 0.5000000000000004
    outer loop
      vertex 15.100000000000001 68 27.95260699857358
      vertex 15.100000000000001 70 27.95260699857358
      vertex 13.4 68 30.89709337144067
    endloop
  endfacet
  facet normal 0 0 1
    outer loop
      vertex 15.100000000000001 68 27.95260699857358
      vertex 18.5 68 27.95260699857358
      vertex 18.5 70 27.95260699857358
    endloop
  endfacet
  facet normal -0.8660254037844386 5.800706543380046e-18 0.5000000000000001
    outer loop
      vertex 20.2 70 30.89709337144067
      vertex 18.5 70 27.95260699857358
      vertex 18.5 68 27.95260699857358
    endloop
  endfacet
  facet normal -0.8660254037844386 0 0.5000000000000001
    outer loop
      vertex 20.2 70 30.89709337144067
      vertex 18.5 68 27.95260699857358
      vertex 20.2 68 30.89709337144067
    endloop
  endfacet
  facet normal 0.8660254037844384 0 -0.5000000000000004
    outer loop
      vertex 13.4 68 30.89709337144067
      vertex 13.4 70 30.89709337144067
      vertex 15.100000000000001 68 33.84157974430776
    endloop
  endfacet
  facet normal 0.8660254037844384 0 -0.5000000000000004
    outer loop
      vertex 15.100000000000001 70 33.84157974430776
      vertex 15.100000000000001 68 33.84157974430776
      vertex 13.4 70 30.89709337144067
    endloop
  endfacet
  facet normal 0 0 -1
    outer loop
      vertex 15.100000000000001 70 33.84157974430776
      vertex 18.5 68 33.84157974430776
      vertex 15.100000000000001 68 33.84157974430776
    endloop
  endfacet
  facet normal -0.8660254037844386 0 -0.5000000000000001
    outer loop
      vertex 18.5 68 33.84157974430776
      vertex 18.5 70 33.84157974430776
      vertex 20.2 68 30.89709337144067
    endloop
  endfacet
  facet normal -0.8660254037844386 -5.800706543380046e-18 -0.5000000000000001
    outer loop
      vertex 18.5 70 33.84157974430776
      vertex 20.2 70 30.89709337144067
      vertex 20.2 68 30.89709337144067
    endloop
  endfacet
  facet normal 0 0 -1
    outer loop
      vertex 15.100000000000001 70 33.84157974430776
      vertex 18.5 70 33.84157974430776
      vertex 18.5 68 33.84157974430776
    endloop
  endfacet
  facet normal 0.8660254037844386 -5.800706543380046e-18 0.5000000000000001
    outer loop
      vertex 23.500000000000004 70 27.95260699857358
      vertex 21.800000000000004 70 30.89709337144067
      vertex 21.800000000000004 68 30.89709337144067
    endloop
  endfacet
  facet normal 0.8660254037844386 0 -0.5000000000000001
    outer loop
      vertex 21.800000000000004 68 30.89709337144067
      vertex 21.800000000000004 70 30.89709337144067
      vertex 23.500000000000004 68 33.84157974430776
    endloop
  endfacet
  facet normal 0 0 1
    outer loop
      vertex 23.500000000000004 70 27.95260699857358
      vertex 23.500000000000004 68 27.95260699857358
      vertex 26.900000000000002 70 27.95260699857358
    endloop
  endfacet
  facet normal 0 0 1
    outer loop
      vertex 23.500000000000004 68 27.95260699857358
      vertex 26.900000000000002 68 27.95260699857358
      vertex 26.900000000000002 70 27.95260699857358
    endloop
  endfacet
  facet normal 0.8660254037844386 0 0.5000000000000001
    outer loop
      vertex 23.500000000000004 68 27.95260699857358
      vertex 23.500000000000004 70 27.95260699857358
      vertex 21.800000000000004 68 30.89709337144067
    endloop
  endfacet
  facet normal -0.8660254037844386 5.800706543380046e-18 0.5000000000000001
    outer loop
      vertex 28.6 70 30.89709337144067
      vertex 26.900000000000002 70 27.95260699857358
      vertex 26.900000000000002 68 27.95260699857358
    endloop
  endfacet
  facet normal -0.8660254037844386 0 0.5000000000000001
    outer loop
      vertex 28.6 70 30.89709337144067
      vertex 26.900000000000002 68 27.95260699857358
      vertex 28.6 68 30.89709337144067
    endloop
  endfacet
  facet normal 0.8660254037844386 0 -0.5000000000000001
    outer loop
      vertex 23.500000000000004 70 33.84157974430776
      vertex 23.500000000000004 68 33.84157974430776
      vertex 21.800000000000004 70 30.89709337144067
    endloop
  endfacet
  facet normal 0 0 -1
    outer loop
      vertex 23.500000000000004 70 33.84157974430776
      vertex 26.900000000000002 68 33.84157974430776
      vertex 23.500000000000004 68 33.84157974430776
    endloop
  endfacet
  facet normal -0.8660254037844386 0 -0.5000000000000001
    outer loop
      vertex 26.900000000000002 68 33.84157974430776
      vertex 26.900000000000002 70 33.84157974430776
      vertex 28.6 68 30.89709337144067
    endloop
  endfacet
  facet normal -0.8660254037844386 -5.800706543380046e-18 -0.5000000000000001
    outer loop
      vertex 26.900000000000002 70 33.84157974430776
      vertex 28.6 70 30.89709337144067
      vertex 28.6 68 30.89709337144067
    endloop
  endfacet
  facet normal 0 0 -1
    outer loop
      vertex 26.900000000000002 70 33.84157974430776
      vertex 26.900000000000002 68 33.84157974430776
      vertex 23.500000000000004 70 33.84157974430776
    endloop
  endfacet
  facet normal 0 0 1
    outer loop
      vertex -31.1 68 20.67820699857358
      vertex -27.700000000000003 70 20.67820699857358
      vertex -31.1 70 20.67820699857358
    endloop
  endfacet
  facet normal 0 0 1
    outer loop
      vertex -31.1 68 20.67820699857358
      vertex -27.700000000000003 68 20.67820699857358
      vertex -27.700000000000003 70 20.67820699857358
    endloop
  endfacet
  facet normal 0.8660254037844382 2.3202826173520172e-17 0.5000000000000009
    outer loop
      vertex -32.800000000000004 68 23.62269337144067
      vertex -31.1 68 20.67820699857358
      vertex -31.1 70 20.67820699857358
    endloop
  endfacet
  facet normal 0.8660254037844382 0 0.5000000000000009
    outer loop
      vertex -32.800000000000004 68 23.62269337144067
      vertex -31.1 70 20.67820699857358
      vertex -32.800000000000004 70 23.62269337144067
    endloop
  endfacet
  facet normal 0.8660254037844382 0 -0.5000000000000009
    outer loop
      vertex -32.800000000000004 68 23.62269337144067
      vertex -32.800000000000004 70 23.62269337144067
      vertex -31.1 68 26.567179744307758
    endloop
  endfacet
  facet normal -0.8660254037844386 0 0.5000000000000001
    outer loop
      vertex -27.700000000000003 70 20.67820699857358
      vertex -27.700000000000003 68 20.67820699857358
      vertex -26.000000000000004 70 23.62269337144067
    endloop
  endfacet
  facet normal -0.8660254037844386 5.800706543380046e-18 0.5000000000000001
    outer loop
      vertex -27.700000000000003 68 20.67820699857358
      vertex -26.000000000000004 68 23.62269337144067
      vertex -26.000000000000004 70 23.62269337144067
    endloop
  endfacet
  facet normal -0.8660254037844386 0 -0.5000000000000001
    outer loop
      vertex -26.000000000000004 70 23.62269337144067
      vertex -26.000000000000004 68 23.62269337144067
      vertex -27.700000000000003 70 26.567179744307758
    endloop
  endfacet
  facet normal 0.8660254037844382 0 -0.5000000000000009
    outer loop
      vertex -31.1 68 26.567179744307758
      vertex -32.800000000000004 70 23.62269337144067
      vertex -31.1 70 26.567179744307758
    endloop
  endfacet
  facet normal 0 0 -1
    outer loop
      vertex -31.1 68 26.567179744307758
      vertex -31.1 70 26.567179744307758
      vertex -27.700000000000003 68 26.567179744307758
    endloop
  endfacet
  facet normal 0 0 -1
    outer loop
      vertex -31.1 70 26.567179744307758
      vertex -27.700000000000003 70 26.567179744307758
      vertex -27.700000000000003 68 26.567179744307758
    endloop
  endfacet
  facet normal -0.8660254037844386 -5.800706543380046e-18 -0.5000000000000001
    outer loop
      vertex -26.000000000000004 68 23.62269337144067
      vertex -27.700000000000003 68 26.567179744307758
      vertex -27.700000000000003 70 26.567179744307758
    endloop
  endfacet
  facet normal 0.8660254037844386 -5.800706543380046e-18 0.5000000000000001
    outer loop
      vertex -24.400000000000002 68 23.62269337144067
      vertex -22.700000000000003 68 20.67820699857358
      vertex -22.700000000000003 70 20.67820699857358
    endloop
  endfacet
  facet normal 0.8660254037844386 0 0.5000000000000001
    outer loop
      vertex -24.400000000000002 68 23.62269337144067
      vertex -22.700000000000003 70 20.67820699857358
      vertex -24.400000000000002 70 23.62269337144067
    endloop
  endfacet
  facet normal 0.8660254037844386 0 -0.5000000000000001
    outer loop
      vertex -24.400000000000002 68 23.62269337144067
      vertex -24.400000000000002 70 23.62269337144067
      vertex -22.700000000000003 68 26.567179744307758
    endloop
  endfacet
  facet normal 0 0 1
    outer loop
      vertex -22.700000000000003 68 20.67820699857358
      vertex -19.300000000000004 70 20.67820699857358
      vertex -22.700000000000003 70 20.67820699857358
    endloop
  endfacet
  facet normal 0 0 1
    outer loop
      vertex -22.700000000000003 68 20.67820699857358
      vertex -19.300000000000004 68 20.67820699857358
      vertex -19.300000000000004 70 20.67820699857358
    endloop
  endfacet
  facet normal -0.8660254037844386 0 0.5000000000000001
    outer loop
      vertex -19.300000000000004 70 20.67820699857358
      vertex -19.300000000000004 68 20.67820699857358
      vertex -17.600000000000005 70 23.62269337144067
    endloop
  endfacet
  facet normal -0.8660254037844386 5.800706543380046e-18 0.5000000000000001
    outer loop
      vertex -19.300000000000004 68 20.67820699857358
      vertex -17.600000000000005 68 23.62269337144067
      vertex -17.600000000000005 70 23.62269337144067
    endloop
  endfacet
  facet normal -0.8660254037844386 0 -0.5000000000000001
    outer loop
      vertex -17.600000000000005 70 23.62269337144067
      vertex -17.600000000000005 68 23.62269337144067
      vertex -19.300000000000004 70 26.567179744307758
    endloop
  endfacet
  facet normal 0.8660254037844386 0 -0.5000000000000001
    outer loop
      vertex -22.700000000000003 68 26.567179744307758
      vertex -24.400000000000002 70 23.62269337144067
      vertex -22.700000000000003 70 26.567179744307758
    endloop
  endfacet
  facet normal 0 0 -1
    outer loop
      vertex -22.700000000000003 68 26.567179744307758
      vertex -22.700000000000003 70 26.567179744307758
      vertex -19.300000000000004 68 26.567179744307758
    endloop
  endfacet
  facet normal 0 0 -1
    outer loop
      vertex -19.300000000000004 68 26.567179744307758
      vertex -22.700000000000003 70 26.567179744307758
      vertex -19.300000000000004 70 26.567179744307758
    endloop
  endfacet
  facet normal -0.8660254037844386 0 -0.5000000000000001
    outer loop
      vertex -19.300000000000004 68 26.567179744307758
      vertex -19.300000000000004 70 26.567179744307758
      vertex -17.600000000000005 68 23.62269337144067
    endloop
  endfacet
  facet normal 0 0 1
    outer loop
      vertex -14.3 68 20.67820699857358
      vertex -10.900000000000002 70 20.67820699857358
      vertex -14.3 70 20.67820699857358
    endloop
  endfacet
  facet normal 0 0 1
    outer loop
      vertex -14.3 68 20.67820699857358
      vertex -10.900000000000002 68 20.67820699857358
      vertex -10.900000000000002 70 20.67820699857358
    endloop
  endfacet
  facet normal 0.8660254037844386 -5.800706543380046e-18 0.5000000000000001
    outer loop
      vertex -16 68 23.62269337144067
      vertex -14.3 68 20.67820699857358
      vertex -14.3 70 20.67820699857358
    endloop
  endfacet
  facet normal 0.8660254037844386 0 0.5000000000000001
    outer loop
      vertex -16 68 23.62269337144067
      vertex -14.3 70 20.67820699857358
      vertex -16 70 23.62269337144067
    endloop
  endfacet
  facet normal 0.8660254037844386 0 -0.5000000000000001
    outer loop
      vertex -16 68 23.62269337144067
      vertex -16 70 23.62269337144067
      vertex -14.3 68 26.567179744307758
    endloop
  endfacet
  facet normal -0.8660254037844384 0 0.5000000000000004
    outer loop
      vertex -10.900000000000002 70 20.67820699857358
      vertex -10.900000000000002 68 20.67820699857358
      vertex -9.200000000000001 70 23.62269337144067
    endloop
  endfacet
  facet normal -0.8660254037844384 -8.701059815070067e-18 0.5000000000000004
    outer loop
      vertex -10.900000000000002 68 20.67820699857358
      vertex -9.200000000000001 68 23.62269337144067
      vertex -9.200000000000001 70 23.62269337144067
    endloop
  endfacet
  facet normal -0.8660254037844384 0 -0.5000000000000004
    outer loop
      vertex -9.200000000000001 70 23.62269337144067
      vertex -9.200000000000001 68 23.62269337144067
      vertex -10.900000000000002 70 26.567179744307758
    endloop
  endfacet
  facet normal 0.8660254037844386 0 -0.5000000000000001
    outer loop
      vertex -14.3 68 26.567179744307758
      vertex -16 70 23.62269337144067
      vertex -14.3 70 26.567179744307758
    endloop
  endfacet
  facet normal 0 0 -1
    outer loop
      vertex -14.3 68 26.567179744307758
      vertex -14.3 70 26.567179744307758
      vertex -10.900000000000002 68 26.567179744307758
    endloop
  endfacet
  facet normal 0 0 -1
    outer loop
      vertex -10.900000000000002 68 26.567179744307758
      vertex -14.3 70 26.567179744307758
      vertex -10.900000000000002 70 26.567179744307758
    endloop
  endfacet
  facet normal -0.8660254037844384 0 -0.5000000000000004
    outer loop
      vertex -10.900000000000002 68 26.567179744307758
      vertex -10.900000000000002 70 26.567179744307758
      vertex -9.200000000000001 68 23.62269337144067
    endloop
  endfacet
  facet normal 0.8660254037844386 -5.800706543380046e-18 0.5000000000000001
    outer loop
      vertex -7.6 68 23.62269337144067
      vertex -5.9 68 20.67820699857358
      vertex -5.9 70 20.67820699857358
    endloop
  endfacet
  facet normal 0.8660254037844386 -5.800706543380046e-18 0.5000000000000001
    outer loop
      vertex -5.9 70 20.67820699857358
      vertex -7.6 70 23.62269337144067
      vertex -7.6 68 23.62269337144067
    endloop
  endfacet
  facet normal 0.8660254037844386 0 -0.5000000000000001
    outer loop
      vertex -7.6 68 23.62269337144067
      vertex -7.6 70 23.62269337144067
      vertex -5.9 68 26.567179744307758
    endloop
  endfacet
  facet normal 0 0 1
    outer loop
      vertex -5.9 68 20.67820699857358
      vertex -2.5 70 20.67820699857358
      vertex -5.9 70 20.67820699857358
    endloop
  endfacet
  facet normal 0 0 1
    outer loop
      vertex -5.9 68 20.67820699857358
      vertex -2.5 68 20.67820699857358
      vertex -2.5 70 20.67820699857358
    endloop
  endfacet
  facet normal -0.8660254037844386 0 0.5000000000000002
    outer loop
      vertex -2.5 70 20.67820699857358
      vertex -2.5 68 20.67820699857358
      vertex -0.8000000000000003 70 23.62269337144067
    endloop
  endfacet
  facet normal -0.8660254037844386 -6.313197178888879e-17 0.5000000000000002
    outer loop
      vertex -2.5 68 20.67820699857358
      vertex -0.8000000000000003 68 23.62269337144067
      vertex -0.8000000000000003 70 23.62269337144067
    endloop
  endfacet
  facet normal -0.8660254037844386 6.313197178888879e-17 -0.5000000000000002
    outer loop
      vertex -2.5 70 26.567179744307758
      vertex -0.8000000000000003 70 23.62269337144067
      vertex -0.8000000000000003 68 23.62269337144067
    endloop
  endfacet
  facet normal 0.8660254037844386 0 -0.5000000000000001
    outer loop
      vertex -5.9 68 26.567179744307758
      vertex -7.6 70 23.62269337144067
      vertex -5.9 70 26.567179744307758
    endloop
  endfacet
  facet normal 0 0 -1
    outer loop
      vertex -5.9 68 26.567179744307758
      vertex -5.9 70 26.567179744307758
      vertex -2.5 68 26.567179744307758
    endloop
  endfacet
  facet normal 0 0 -1
    outer loop
      vertex -2.5 68 26.567179744307758
      vertex -5.9 70 26.567179744307758
      vertex -2.5 70 26.567179744307758
    endloop
  endfacet
  facet normal -0.8660254037844386 0 -0.5000000000000002
    outer loop
      vertex -2.5 68 26.567179744307758
      vertex -2.5 70 26.567179744307758
      vertex -0.8000000000000003 68 23.62269337144067
    endloop
  endfacet
  facet normal 0 0 1
    outer loop
      vertex 2.5 68 20.67820699857358
      vertex 5.9 70 20.67820699857358
      vertex 2.5 70 20.67820699857358
    endloop
  endfacet
  facet normal 0 0 1
    outer loop
      vertex 2.5 68 20.67820699857358
      vertex 5.9 68 20.67820699857358
      vertex 5.9 70 20.67820699857358
    endloop
  endfacet
  facet normal 0.8660254037844386 0 0.5000000000000002
    outer loop
      vertex 0.8000000000000003 68 23.62269337144067
      vertex 2.5 70 20.67820699857358
      vertex 0.8000000000000003 70 23.62269337144067
    endloop
  endfacet
  facet normal 0.8660254037844386 6.313197178888879e-17 0.5000000000000002
    outer loop
      vertex 0.8000000000000003 68 23.62269337144067
      vertex 2.5 68 20.67820699857358
      vertex 2.5 70 20.67820699857358
    endloop
  endfacet
  facet normal 0.8660254037844386 -6.313197178888879e-17 -0.5000000000000002
    outer loop
      vertex 2.5 68 26.567179744307758
      vertex 0.8000000000000003 68 23.62269337144067
      vertex 0.8000000000000003 70 23.62269337144067
    endloop
  endfacet
  facet normal -0.8660254037844386 5.800706543380046e-18 0.5000000000000001
    outer loop
      vertex 5.9 68 20.67820699857358
      vertex 7.6 68 23.62269337144067
      vertex 7.6 70 23.62269337144067
    endloop
  endfacet
  facet normal -0.8660254037844386 0 0.5000000000000001
    outer loop
      vertex 5.9 70 20.67820699857358
      vertex 5.9 68 20.67820699857358
      vertex 7.6 70 23.62269337144067
    endloop
  endfacet
  facet normal -0.8660254037844386 0 -0.5000000000000001
    outer loop
      vertex 7.6 70 23.62269337144067
      vertex 7.6 68 23.62269337144067
      vertex 5.9 70 26.567179744307758
    endloop
  endfacet
  facet normal 0.8660254037844386 -6.313197178888879e-17 -0.5000000000000002
    outer loop
      vertex 0.8000000000000003 70 23.62269337144067
      vertex 2.5 70 26.567179744307758
      vertex 2.5 68 26.567179744307758
    endloop
  endfacet
  facet normal 0 0 -1
    outer loop
      vertex 2.5 70 26.567179744307758
      vertex 5.9 68 26.567179744307758
      vertex 2.5 68 26.567179744307758
    endloop
  endfacet
  facet normal 0 0 -1
    outer loop
      vertex 5.9 70 26.567179744307758
      vertex 5.9 68 26.567179744307758
      vertex 2.5 70 26.567179744307758
    endloop
  endfacet
  facet normal -0.8660254037844386 0 -0.5000000000000001
    outer loop
      vertex 5.9 68 26.567179744307758
      vertex 5.9 70 26.567179744307758
      vertex 7.6 68 23.62269337144067
    endloop
  endfacet
  facet normal 0.8660254037844384 8.701059815070067e-18 0.5000000000000004
    outer loop
      vertex 10.900000000000002 70 20.67820699857358
      vertex 9.200000000000001 70 23.62269337144067
      vertex 9.200000000000001 68 23.62269337144067
    endloop
  endfacet
  facet normal 0.8660254037844384 0 0.5000000000000004
    outer loop
      vertex 10.900000000000002 70 20.67820699857358
      vertex 9.200000000000001 68 23.62269337144067
      vertex 10.900000000000002 68 20.67820699857358
    endloop
  endfacet
  facet normal 0.8660254037844384 0 -0.5000000000000004
    outer loop
      vertex 9.200000000000001 68 23.62269337144067
      vertex 9.200000000000001 70 23.62269337144067
      vertex 10.900000000000002 68 26.567179744307758
    endloop
  endfacet
  facet normal 0 0 1
    outer loop
      vertex 10.900000000000002 70 20.67820699857358
      vertex 10.900000000000002 68 20.67820699857358
      vertex 14.3 70 20.67820699857358
    endloop
  endfacet
  facet normal 0 0 1
    outer loop
      vertex 10.900000000000002 68 20.67820699857358
      vertex 14.3 68 20.67820699857358
      vertex 14.3 70 20.67820699857358
    endloop
  endfacet
  facet normal -0.8660254037844386 0 0.5000000000000001
    outer loop
      vertex 14.3 70 20.67820699857358
      vertex 14.3 68 20.67820699857358
      vertex 16 68 23.62269337144067
    endloop
  endfacet
  facet normal -0.8660254037844386 5.800706543380046e-18 0.5000000000000001
    outer loop
      vertex 14.3 70 20.67820699857358
      vertex 16 68 23.62269337144067
      vertex 16 70 23.62269337144067
    endloop
  endfacet
  facet normal -0.8660254037844386 0 -0.5000000000000001
    outer loop
      vertex 16 70 23.62269337144067
      vertex 16 68 23.62269337144067
      vertex 14.3 70 26.567179744307758
    endloop
  endfacet
  facet normal 0.8660254037844384 -8.701059815070067e-18 -0.5000000000000004
    outer loop
      vertex 9.200000000000001 70 23.62269337144067
      vertex 10.900000000000002 70 26.567179744307758
      vertex 10.900000000000002 68 26.567179744307758
    endloop
  endfacet
  facet normal 0 0 -1
    outer loop
      vertex 10.900000000000002 70 26.567179744307758
      vertex 14.3 68 26.567179744307758
      vertex 10.900000000000002 68 26.567179744307758
    endloop
  endfacet
  facet normal 0 0 -1
    outer loop
      vertex 14.3 70 26.567179744307758
      vertex 14.3 68 26.567179744307758
      vertex 10.900000000000002 70 26.567179744307758
    endloop
  endfacet
  facet normal -0.8660254037844386 0 -0.5000000000000001
    outer loop
      vertex 14.3 68 26.567179744307758
      vertex 14.3 70 26.567179744307758
      vertex 16 68 23.62269337144067
    endloop
  endfacet
  facet normal 0 0 1
    outer loop
      vertex 19.3 70 20.67820699857358
      vertex 19.3 68 20.67820699857358
      vertex 22.7 70 20.67820699857358
    endloop
  endfacet
  facet normal 0 0 1
    outer loop
      vertex 19.3 68 20.67820699857358
      vertex 22.7 68 20.67820699857358
      vertex 22.7 70 20.67820699857358
    endloop
  endfacet
  facet normal 0.8660254037844386 -5.800706543380046e-18 0.5000000000000001
    outer loop
      vertex 19.3 70 20.67820699857358
      vertex 17.6 70 23.62269337144067
      vertex 17.6 68 23.62269337144067
    endloop
  endfacet
  facet normal 0.8660254037844386 0 0.5000000000000001
    outer loop
      vertex 19.3 70 20.67820699857358
      vertex 17.6 68 23.62269337144067
      vertex 19.3 68 20.67820699857358
    endloop
  endfacet
  facet normal 0.8660254037844386 0 -0.5000000000000001
    outer loop
      vertex 17.6 68 23.62269337144067
      vertex 17.6 70 23.62269337144067
      vertex 19.3 68 26.567179744307758
    endloop
  endfacet
  facet normal -0.8660254037844386 0 0.5000000000000001
    outer loop
      vertex 24.4 70 23.62269337144067
      vertex 22.7 68 20.67820699857358
      vertex 24.4 68 23.62269337144067
    endloop
  endfacet
  facet normal -0.8660254037844386 0 0.5000000000000001
    outer loop
      vertex 22.7 70 20.67820699857358
      vertex 22.7 68 20.67820699857358
      vertex 24.4 70 23.62269337144067
    endloop
  endfacet
  facet normal -0.8660254037844386 0 -0.5000000000000001
    outer loop
      vertex 24.4 70 23.62269337144067
      vertex 24.4 68 23.62269337144067
      vertex 22.7 70 26.567179744307758
    endloop
  endfacet
  facet normal 0.8660254037844386 5.800706543380046e-18 -0.5000000000000001
    outer loop
      vertex 17.6 70 23.62269337144067
      vertex 19.3 70 26.567179744307758
      vertex 19.3 68 26.567179744307758
    endloop
  endfacet
  facet normal 0 0 -1
    outer loop
      vertex 19.3 70 26.567179744307758
      vertex 22.7 68 26.567179744307758
      vertex 19.3 68 26.567179744307758
    endloop
  endfacet
  facet normal 0 0 -1
    outer loop
      vertex 22.7 70 26.567179744307758
      vertex 22.7 68 26.567179744307758
      vertex 19.3 70 26.567179744307758
    endloop
  endfacet
  facet normal -0.8660254037844386 0 -0.5000000000000001
    outer loop
      vertex 22.7 68 26.567179744307758
      vertex 22.7 70 26.567179744307758
      vertex 24.4 68 23.62269337144067
    endloop
  endfacet
  facet normal 0.8660254037844386 0 0.5000000000000001
    outer loop
      vertex 26.000000000000004 70 23.62269337144067
      vertex 26.000000000000004 68 23.62269337144067
      vertex 27.700000000000003 70 20.67820699857358
    endloop
  endfacet
  facet normal 0.8660254037844386 0 0.5000000000000001
    outer loop
      vertex 27.700000000000003 70 20.67820699857358
      vertex 26.000000000000004 68 23.62269337144067
      vertex 27.700000000000003 68 20.67820699857358
    endloop
  endfacet
  facet normal 0.8660254037844386 0 -0.5000000000000001
    outer loop
      vertex 26.000000000000004 68 23.62269337144067
      vertex 26.000000000000004 70 23.62269337144067
      vertex 27.700000000000003 68 26.567179744307758
    endloop
  endfacet
  facet normal 0 0 1
    outer loop
      vertex 27.700000000000003 70 20.67820699857358
      vertex 27.700000000000003 68 20.67820699857358
      vertex 31.1 70 20.67820699857358
    endloop
  endfacet
  facet normal 0 0 1
    outer loop
      vertex 27.700000000000003 68 20.67820699857358
      vertex 31.1 68 20.67820699857358
      vertex 31.1 70 20.67820699857358
    endloop
  endfacet
  facet normal -0.8660254037844382 0 0.5000000000000009
    outer loop
      vertex 32.800000000000004 70 23.62269337144067
      vertex 31.1 68 20.67820699857358
      vertex 32.800000000000004 68 23.62269337144067
    endloop
  endfacet
  facet normal -0.8660254037844382 0 0.5000000000000009
    outer loop
      vertex 31.1 70 20.67820699857358
      vertex 31.1 68 20.67820699857358
      vertex 32.800000000000004 70 23.62269337144067
    endloop
  endfacet
  facet normal -0.8660254037844382 0 -0.5000000000000009
    outer loop
      vertex 32.800000000000004 70 23.62269337144067
      vertex 32.800000000000004 68 23.62269337144067
      vertex 31.1 70 26.567179744307758
    endloop
  endfacet
  facet normal 0.8660254037844386 5.800706543380046e-18 -0.5000000000000001
    outer loop
      vertex 26.000000000000004 70 23.62269337144067
      vertex 27.700000000000003 70 26.567179744307758
      vertex 27.700000000000003 68 26.567179744307758
    endloop
  endfacet
  facet normal 0 0 -1
    outer loop
      vertex 27.700000000000003 70 26.567179744307758
      vertex 31.1 68 26.567179744307758
      vertex 27.700000000000003 68 26.567179744307758
    endloop
  endfacet
  facet normal 0 0 -1
    outer loop
      vertex 27.700000000000003 70 26.567179744307758
      vertex 31.1 70 26.567179744307758
      vertex 31.1 68 26.567179744307758
    endloop
  endfacet
  facet normal -0.8660254037844382 0 -0.5000000000000009
    outer loop
      vertex 31.1 70 26.567179744307758
      vertex 32.800000000000004 68 23.62269337144067
      vertex 31.1 68 26.567179744307758
    endloop
  endfacet
  facet normal 0.6593458113823886 0.25714435982699746 0.7064983221647899
    outer loop
      vertex -34.71314214169979 3.6433361427135402 1.238570583099093
      vertex -34.860660172998905 2.7478906131553096 1.7021586104493551
      vertex -34.71314214169979 2.703643521927632 1.5805907264247616
    endloop
  endfacet
  facet normal 0.19509030759446638 0.3354483231563541 0.9216366932659998
    outer loop
      vertex -33.99578928947449 3.5417092092149796 0.9593528781033813
      vertex -34.18822856992483 2.6151086235554484 1.3373430923134784
      vertex -33.99578928947449 2.6020165884290716 1.30137302142905
    endloop
  endfacet
  facet normal 0.3214394637077399 0.32386917879453875 0.8898232555953073
    outer loop
      vertex -34.37402515113354 3.5763722633947945 1.054588836751755
      vertex -34.37402515113354 2.636679642608886 1.3966089800774237
      vertex -34.18822856992483 3.554801244341357 0.9953229489878099
    endloop
  endfacet
  facet normal 0.195090307594468 0.33544832315635364 0.9216366932659996
    outer loop
      vertex -34.18822856992483 3.554801244341357 0.9953229489878099
      vertex -34.18822856992483 2.6151086235554484 1.3373430923134784
      vertex -33.99578928947449 3.5417092092149796 0.9593528781033813
    endloop
  endfacet
  facet normal 0.5555702335092736 0.28437935585874996 0.7813258587809659
    outer loop
      vertex -34.54999999701977 3.60605317804175 1.1361364795330255
      vertex -34.71314214169979 2.703643521927632 1.5805907264247616
      vertex -34.54999999701977 2.666360557255842 1.4781566228586942
    endloop
  endfacet
  facet normal 0.4422886840707258 0.30674854464089846 0.8427846998514369
    outer loop
      vertex -34.37402515113354 3.5763722633947945 1.054588836751755
      vertex -34.54999999701977 2.666360557255842 1.4781566228586942
      vertex -34.37402515113354 2.636679642608886 1.3966089800774237
    endloop
  endfacet
  facet normal 0.321439463707741 0.3238691787945385 0.8898232555953071
    outer loop
      vertex -34.18822856992483 3.554801244341357 0.9953229489878099
      vertex -34.37402515113354 2.636679642608886 1.3966089800774237
      vertex -34.18822856992483 2.6151086235554484 1.3373430923134784
    endloop
  endfacet
  facet normal 0.7518398107392963 0.22550954891018346 0.6195823935021271
    outer loop
      vertex -34.860660172998905 3.687583233941218 1.3601384671236865
      vertex -34.99003001302481 3.7380373721492615 1.498760072568329
      vertex -34.99003001302481 2.7983447513633535 1.8407802158939974
    endloop
  endfacet
  facet normal 0.6593458113823885 0.25714435982699746 0.7064983221647899
    outer loop
      vertex -34.71314214169979 3.6433361427135402 1.238570583099093
      vertex -34.860660172998905 3.687583233941218 1.3601384671236865
      vertex -34.860660172998905 2.7478906131553096 1.7021586104493551
    endloop
  endfacet
  facet normal 0.5555702335092738 0.2843793558587497 0.7813258587809656
    outer loop
      vertex -34.71314214169979 3.6433361427135402 1.238570583099093
      vertex -34.71314214169979 2.703643521927632 1.5805907264247616
      vertex -34.54999999701977 3.60605317804175 1.1361364795330255
    endloop
  endfacet
  facet normal 0.44228868407072525 0.3067485446408986 0.8427846998514369
    outer loop
      vertex -34.37402515113354 3.5763722633947945 1.054588836751755
      vertex -34.54999999701977 3.60605317804175 1.1361364795330255
      vertex -34.54999999701977 2.666360557255842 1.4781566228586942
    endloop
  endfacet
  facet normal 0.6593458113823873 0.2571443598269979 0.7064983221647909
    outer loop
      vertex -34.860660172998905 0.8685053716377986 2.3861988970809267
      vertex -34.71314214169979 0.8242582804073542 2.2646310130573406
      vertex -34.71314214169979 1.523851239075253 2.01
    endloop
  endfacet
  facet normal 0.1950903075944681 0.3354483231563591 0.9216366932659976
    outer loop
      vertex -34.127327682047316 0.7315801709268708 2.01
      vertex -34.18822856992483 0.7669989586465599 2.01
      vertex -34.18822856992483 0.7357233820296352 2.0213833789480726
    endloop
  endfacet
  facet normal 0.5555702335092731 0.28437935585875035 0.781325858780966
    outer loop
      vertex -34.71314214169979 0.8242582804073542 2.2646310130573406
      vertex -34.54999999701977 0.786975315733233 2.162196909492122
      vertex -34.54999999701977 1.2051328878736167 2.01
    endloop
  endfacet
  facet normal 0.44228868407072747 0.30674854464089873 0.8427846998514358
    outer loop
      vertex -34.54999999701977 0.786975315733233 2.162196909492122
      vertex -34.37402515113354 0.7572944010844214 2.0806492667115264
      vertex -34.37402515113354 0.9514016660753675 2.01
    endloop
  endfacet
  facet normal 0.44228868407072763 0.30674854464089846 0.8427846998514358
    outer loop
      vertex -34.37402515113354 0.9514016660753675 2.01
      vertex -34.54999999701977 1.2051328878736167 2.01
      vertex -34.54999999701977 0.786975315733233 2.162196909492122
    endloop
  endfacet
  facet normal 0.32143946370773746 0.32386917879454413 0.8898232555953063
    outer loop
      vertex -34.37402515113354 0.7572944010844214 2.0806492667115264
      vertex -34.18822856992483 0.7357233820296352 2.0213833789480726
      vertex -34.18822856992483 0.7669989586465599 2.01
    endloop
  endfacet
  facet normal 0.32143946370773824 0.32386917879453964 0.8898232555953076
    outer loop
      vertex -34.18822856992483 0.7669989586465599 2.01
      vertex -34.37402515113354 0.9514016660753675 2.01
      vertex -34.37402515113354 0.7572944010844214 2.0806492667115264
    endloop
  endfacet
  facet normal 0.751839810739297 0.22550954891018318 0.6195823935021264
    outer loop
      vertex -34.860660172998905 1.9021033465913793 2.01
      vertex -34.99003001302481 0.9189595098489971 2.5248205025244213
      vertex -34.860660172998905 0.8685053716377986 2.3861988970809267
    endloop
  endfacet
  facet normal 0.6593458113823878 0.2571443598269976 0.7064983221647905
    outer loop
      vertex -34.71314214169979 1.523851239075253 2.01
      vertex -34.860660172998905 1.9021033465913793 2.01
      vertex -34.860660172998905 0.8685053716377986 2.3861988970809267
    endloop
  endfacet
  facet normal 0.8314696119753571 0.19001621089231724 0.5220652487569688
    outer loop
      vertex -34.99003001302481 2.333417215607126 2.01
      vertex -35.09903810918331 0.9747574095584044 2.678123972018156
      vertex -34.99003001302481 0.9189595098489971 2.5248205025244213
    endloop
  endfacet
  facet normal 0.7518398107392963 0.22550954891018368 0.6195823935021271
    outer loop
      vertex -34.99003001302481 2.333417215607126 2.01
      vertex -34.99003001302481 0.9189595098489971 2.5248205025244213
      vertex -34.860660172998905 1.9021033465913793 2.01
    endloop
  endfacet
  facet normal 0.8314696119753574 0.19001621089231688 0.5220652487569682
    outer loop
      vertex -34.99003001302481 2.333417215607126 2.01
      vertex -35.09903810918331 2.810412936074621 2.01
      vertex -35.09903810918331 0.9747574095584044 2.678123972018156
    endloop
  endfacet
  facet normal 0.5555702335092735 0.28437935585874996 0.7813258587809658
    outer loop
      vertex -34.54999999701977 1.2051328878736167 2.01
      vertex -34.71314214169979 1.523851239075253 2.01
      vertex -34.71314214169979 0.8242582804073542 2.2646310130573406
    endloop
  endfacet
  facet normal 0.8968727445646811 0.15127163911719177 0.41561541267837304
    outer loop
      vertex -35.185819298028946 1.0349443515738888 2.8434862361400146
      vertex -35.09903810918331 0.9747574095584044 2.678123972018156
      vertex -35.09903810918331 2.810412936074621 2.01
    endloop
  endfacet
  facet normal 0.9469301300366787 0.1099387714478471 0.3020542920755423
    outer loop
      vertex -35.24888873845339 1.098490524912283 3.0180779124676387
      vertex -35.185819298028946 1.0349443515738888 2.8434862361400146
      vertex -35.185819298028946 2.9143295903002993 2.15944595052432
    endloop
  endfacet
  facet normal 0.9807852832718772 0.0667248149649083 0.18332492243337345
    outer loop
      vertex -35.28716728836298 1.1643086351975138 3.1989116842546794
      vertex -35.24888873845339 1.098490524912283 3.0180779124676387
      vertex -35.24888873845339 2.977875763653813 2.3340376268464413
    endloop
  endfacet
  facet normal 0.9978589230898691 0.02236918840936868 0.06145884004626652
    outer loop
      vertex -35.28716728836298 1.1643086351975138 3.1989116842546794
      vertex -35.28716728836298 3.0436938739547044 2.514871398627782
      vertex -35.29999999701977 1.2312725170686953 3.382893437601749
    endloop
  endfacet
  facet normal 0.8968727445647314 0.15127163911714617 0.4156154126782811
    outer loop
      vertex -35.107390901296796 2.859935712659319 2.01
      vertex -35.185819298028946 1.0349443515738888 2.8434862361400146
      vertex -35.09903810918331 2.810412936074621 2.01
    endloop
  endfacet
  facet normal 0.8968727445646739 0.15127163911719682 0.4156154126783866
    outer loop
      vertex -35.107390901296796 2.859935712659319 2.01
      vertex -35.185819298028946 2.9143295903002993 2.15944595052432
      vertex -35.185819298028946 1.0349443515738888 2.8434862361400146
    endloop
  endfacet
  facet normal 0.8968727445646812 0.15127163911719163 0.4156154126783725
    outer loop
      vertex -35.09903810918331 3.7938352718551798 1.6520635420633336
      vertex -35.185819298028946 2.9143295930809927 2.159445949512231
      vertex -35.09903810918331 2.854142651069272 1.9940836853890023
    endloop
  endfacet
  facet normal 0.8314696119753573 0.19001621089231693 0.5220652487569685
    outer loop
      vertex -34.99003001302481 3.7380373721492615 1.498760072568329
      vertex -35.09903810918331 2.854142651069272 1.9940836853890023
      vertex -34.99003001302481 2.7983447513633535 1.8407802158939974
    endloop
  endfacet
  facet normal 0.7518398107392962 0.22550954891018357 0.6195823935021272
    outer loop
      vertex -34.860660172998905 3.687583233941218 1.3601384671236865
      vertex -34.99003001302481 2.7983447513633535 1.8407802158939974
      vertex -34.860660172998905 2.7478906131553096 1.7021586104493551
    endloop
  endfacet
  facet normal 0.9469301300366786 0.10993877144784714 0.30205429207554246
    outer loop
      vertex -35.185819298028946 3.854022213866901 1.817425806186562
      vertex -35.24888873845339 2.977875766415414 2.334037625841301
      vertex -35.185819298028946 2.9143295930809927 2.159445949512231
    endloop
  endfacet
  facet normal 0.9469301300366788 0.10993877144784682 0.30205429207554174
    outer loop
      vertex -35.185819298028946 2.9143295903002993 2.15944595052432
      vertex -35.24888873845339 2.977875763653813 2.3340376268464413
      vertex -35.24888873845339 1.098490524912283 3.0180779124676387
    endloop
  endfacet
  facet normal 0.9807852832718772 0.06672481496490829 0.1833249224333734
    outer loop
      vertex -35.24888873845339 2.977875763653813 2.3340376268464413
      vertex -35.28716728836298 3.0436938739547044 2.514871398627782
      vertex -35.28716728836298 1.1643086351975138 3.1989116842546794
    endloop
  endfacet
  facet normal 0.9978589230898692 0.022369188409368638 0.06145884004626642
    outer loop
      vertex -35.29999999701977 1.2312725170686953 3.382893437601749
      vertex -35.28716728836298 3.0436938739547044 2.514871398627782
      vertex -35.29999999701977 3.110657755841819 2.698853151969053
    endloop
  endfacet
  facet normal 0.8968727445646812 0.15127163911719171 0.4156154126783727
    outer loop
      vertex -35.09903810918331 3.7938352718551798 1.6520635420633336
      vertex -35.185819298028946 3.854022213866901 1.817425806186562
      vertex -35.185819298028946 2.9143295930809927 2.159445949512231
    endloop
  endfacet
  facet normal 0.831469611975357 0.1900162108923172 0.5220652487569689
    outer loop
      vertex -35.09903810918331 3.7938352718551798 1.6520635420633336
      vertex -35.09903810918331 2.854142651069272 1.9940836853890023
      vertex -34.99003001302481 3.7380373721492615 1.498760072568329
    endloop
  endfacet
  facet normal 0.9807852832718771 0.06672481496490827 0.18332492243337356
    outer loop
      vertex -35.24888873845339 3.917568387201322 1.9920174825156327
      vertex -35.28716728836298 3.043693876696529 2.5148713976298396
      vertex -35.24888873845339 2.977875766415414 2.334037625841301
    endloop
  endfacet
  facet normal 0.9469301300366788 0.10993877144784674 0.3020542920755418
    outer loop
      vertex -35.185819298028946 3.854022213866901 1.817425806186562
      vertex -35.24888873845339 3.917568387201322 1.9920174825156327
      vertex -35.24888873845339 2.977875766415414 2.334037625841301
    endloop
  endfacet
  facet normal 0.9807852832718771 0.06672481496490831 0.18332492243337362
    outer loop
      vertex -35.28716728836298 3.9833864974824373 2.172851254304171
      vertex -35.28716728836298 3.043693876696529 2.5148713976298396
      vertex -35.24888873845339 3.917568387201322 1.9920174825156327
    endloop
  endfacet
  facet normal 0.9978589230898692 0.022369188409368652 0.06145884004626648
    outer loop
      vertex -35.28716728836298 3.9833864974824373 2.172851254304171
      vertex -35.29999999701977 4.050350379349432 2.356833007652765
      vertex -35.29999999701977 3.1106577585635233 2.6988531509784335
    endloop
  endfacet
  facet normal 0.9978589230898692 0.02236918840936865 0.06145884004626647
    outer loop
      vertex -35.28716728836298 3.9833864974824373 2.172851254304171
      vertex -35.29999999701977 3.1106577585635233 2.6988531509784335
      vertex -35.28716728836298 3.043693876696529 2.5148713976298396
    endloop
  endfacet
  facet normal 1 0 0
    outer loop
      vertex -35.29999999701977 4.050350379349432 2.356833007652765
      vertex -35.29999999701977 12.16906673470654 27.58662726911644
      vertex -35.29999999701977 3.1106577585635233 2.6988531509784335
    endloop
  endfacet
  facet normal 0.06540313149938914 0.3412878518939944 0.9376806666129234
    outer loop
      vertex -33.79999999701977 3.5373201643609287 0.9472940764739024
      vertex -33.99578928947449 2.6020165884290716 1.30137302142905
      vertex -33.79999999701977 2.5976275435750202 1.289314219799571
    endloop
  endfacet
  facet normal 0.06540313149938834 0.34128785189399463 0.9376806666129235
    outer loop
      vertex -33.99578928947449 3.5417092092149796 0.9593528781033813
      vertex -33.99578928947449 2.6020165884290716 1.30137302142905
      vertex -33.79999999701977 3.5373201643609287 0.9472940764739024
    endloop
  endfacet
  facet normal 1 0 0
    outer loop
      vertex -35.29999999701977 3.110657755841819 2.698853151969053
      vertex -35.29999999701977 17.51143133834989 48.112262181039476
      vertex -35.29999999701977 1.2312725170686953 3.382893437601749
    endloop
  endfacet
  facet normal 0 0.34202014332566866 0.9396926207859084
    outer loop
      vertex -33.79999999701977 3.5373201643609287 0.9472940764739024
      vertex -33.79999999701977 2.5976275435750202 1.289314219799571
      vertex 32.79999999701977 3.5373201643609287 0.9472940764739024
    endloop
  endfacet
  facet normal 1 0 0
    outer loop
      vertex -35.29999999701977 12.16906673470654 27.58662726911644
      vertex -35.29999999701977 17.51143133834989 48.112262181039476
      vertex -35.29999999701977 3.110657755841819 2.698853151969053
    endloop
  endfacet
  facet normal 1 0 0
    outer loop
      vertex -35.29999999701977 4.050350379349432 2.356833007652765
      vertex -35.29999999701977 20.330509199612667 47.086201751461
      vertex -35.29999999701977 12.16906673470654 27.58662726911644
    endloop
  endfacet
  facet normal 1 0 0
    outer loop
      vertex -35.29999999701977 20.330509199612667 47.086201751461
      vertex -35.29999999701977 17.51143133834989 48.112262181039476
      vertex -35.29999999701977 12.16906673470654 27.58662726911644
    endloop
  endfacet
  facet normal 0.9978589230898693 -0.022369188409368742 -0.06145884004626661
    outer loop
      vertex -35.29999999701977 20.330509199612667 47.086201751461
      vertex -35.28716728836298 17.578395220221072 48.296243934386546
      vertex -35.29999999701977 17.51143133834989 48.112262181039476
    endloop
  endfacet
  facet normal 0.9807852832718776 -0.06672481496490738 -0.18332492243337126
    outer loop
      vertex -35.28716728836298 20.39747308147966 47.270183504809594
      vertex -35.24888873845339 17.644213330506304 48.47707770617359
      vertex -35.28716728836298 17.578395220221072 48.296243934386546
    endloop
  endfacet
  facet normal 0.9978589230898693 -0.02236918840936835 -0.061458840046265714
    outer loop
      vertex -35.29999999701977 20.330509199612667 47.086201751461
      vertex -35.28716728836298 20.39747308147966 47.270183504809594
      vertex -35.28716728836298 17.578395220221072 48.296243934386546
    endloop
  endfacet
  facet normal 0.9807852832718766 -0.06672481496490935 -0.1833249224333757
    outer loop
      vertex -35.28716728836298 20.39747308147966 47.270183504809594
      vertex -35.24888873845339 20.463291191760778 47.45101727659813
      vertex -35.24888873845339 17.644213330506304 48.47707770617359
    endloop
  endfacet
  facet normal 0.9469301300366793 -0.10993877144784638 -0.30205429207554024
    outer loop
      vertex -35.24888873845339 20.463291191760778 47.45101727659813
      vertex -35.185819298028946 20.526837365095197 47.6256089529272
      vertex -35.185819298028946 17.7077595038447 48.65166938250121
    endloop
  endfacet
  facet normal 0.8968727445646846 -0.15127163911718927 -0.4156154126783665
    outer loop
      vertex -35.185819298028946 20.526837365095197 47.6256089529272
      vertex -35.09903810918331 20.58702430710692 47.79097121705043
      vertex -35.09903810918331 17.767946445860183 48.81703164662307
    endloop
  endfacet
  facet normal 0.946930130036678 -0.10993877144784787 -0.30205429207554363
    outer loop
      vertex -35.24888873845339 20.463291191760778 47.45101727659813
      vertex -35.185819298028946 17.7077595038447 48.65166938250121
      vertex -35.24888873845339 17.644213330506304 48.47707770617359
    endloop
  endfacet
  facet normal 0.8968727445646827 -0.15127163911719083 -0.41561541267837
    outer loop
      vertex -35.185819298028946 20.526837365095197 47.6256089529272
      vertex -35.09903810918331 17.767946445860183 48.81703164662307
      vertex -35.185819298028946 17.7077595038447 48.65166938250121
    endloop
  endfacet
  facet normal 0.8314696119753584 -0.19001621089231624 -0.5220652487569669
    outer loop
      vertex -35.09903810918331 20.58702430710692 47.79097121705043
      vertex -34.99003001302481 17.82374434556959 48.97033511611681
      vertex -35.09903810918331 17.767946445860183 48.81703164662307
    endloop
  endfacet
  facet normal 0.7518398107393034 -0.2255095489101801 -0.6195823935021196
    outer loop
      vertex -34.99003001302481 20.642822206812838 47.94427468654544
      vertex -34.860660172998905 17.87419848378079 49.108956721560304
      vertex -34.99003001302481 17.82374434556959 48.97033511611681
    endloop
  endfacet
  facet normal 0.6593458113823789 -0.25714435982700057 -0.7064983221647977
    outer loop
      vertex -34.860660172998905 20.693276345020884 48.08289629199008
      vertex -34.71314214169979 17.918445575011233 49.23052460558389
      vertex -34.860660172998905 17.87419848378079 49.108956721560304
    endloop
  endfacet
  facet normal 0.8314696119753615 -0.19001621089231435 -0.5220652487569628
    outer loop
      vertex -35.09903810918331 20.58702430710692 47.79097121705043
      vertex -34.99003001302481 20.642822206812838 47.94427468654544
      vertex -34.99003001302481 17.82374434556959 48.97033511611681
    endloop
  endfacet
  facet normal 0.5555702335092605 -0.2843793558587527 -0.781325858780974
    outer loop
      vertex -34.71314214169979 20.73752343624856 48.204464176014675
      vertex -34.54999999701977 17.955728539685353 49.3329587091491
      vertex -34.71314214169979 17.918445575011233 49.23052460558389
    endloop
  endfacet
  facet normal 0.442288684070745 -0.3067485446408939 -0.8427846998514283
    outer loop
      vertex -34.54999999701977 20.774806400920347 48.30689827958074
      vertex -34.37402515113354 17.985409454334167 49.4145063519297
      vertex -34.54999999701977 17.955728539685353 49.3329587091491
    endloop
  endfacet
  facet normal 0.3214394637077295 -0.32386917879453864 -0.8898232555953112
    outer loop
      vertex -34.37402515113354 20.804487315567307 48.38844592236202
      vertex -34.18822856992483 18.006980473388953 49.473772239693155
      vertex -34.37402515113354 17.985409454334167 49.4145063519297
    endloop
  endfacet
  facet normal 0.19509030759448165 -0.3354483231563518 -0.9216366932659974
    outer loop
      vertex -34.18822856992483 20.826058334620743 48.44771181012596
      vertex -33.99578928947449 18.02007250851615 49.50974231057729
      vertex -34.18822856992483 18.006980473388953 49.473772239693155
    endloop
  endfacet
  facet normal 0.7518398107392946 -0.2255095489101844 -0.6195823935021288
    outer loop
      vertex -34.99003001302481 20.642822206812838 47.94427468654544
      vertex -34.860660172998905 20.693276345020884 48.08289629199008
      vertex -34.860660172998905 17.87419848378079 49.108956721560304
    endloop
  endfacet
  facet normal 0.6593458113823837 -0.2571443598269989 -0.7064983221647941
    outer loop
      vertex -34.860660172998905 20.693276345020884 48.08289629199008
      vertex -34.71314214169979 20.73752343624856 48.204464176014675
      vertex -34.71314214169979 17.918445575011233 49.23052460558389
    endloop
  endfacet
  facet normal 0.5555702335092753 -0.28437935585874824 -0.7813258587809652
    outer loop
      vertex -34.71314214169979 20.73752343624856 48.204464176014675
      vertex -34.54999999701977 20.774806400920347 48.30689827958074
      vertex -34.54999999701977 17.955728539685353 49.3329587091491
    endloop
  endfacet
  facet normal 0.44228868407074523 -0.3067485446408939 -0.8427846998514283
    outer loop
      vertex -34.54999999701977 20.774806400920347 48.30689827958074
      vertex -34.37402515113354 20.804487315567307 48.38844592236202
      vertex -34.37402515113354 17.985409454334167 49.4145063519297
    endloop
  endfacet
  facet normal 0.32143946370772475 -0.3238691787945395 -0.8898232555953125
    outer loop
      vertex -34.37402515113354 20.804487315567307 48.38844592236202
      vertex -34.18822856992483 20.826058334620743 48.44771181012596
      vertex -34.18822856992483 18.006980473388953 49.473772239693155
    endloop
  endfacet
  facet normal 0.19509030759444784 -0.3354483231563563 -0.921636693266003
    outer loop
      vertex -34.18822856992483 20.826058334620743 48.44771181012596
      vertex -33.99578928947449 20.83915036974712 48.483681881010384
      vertex -33.99578928947449 18.02007250851615 49.50974231057729
    endloop
  endfacet
  facet normal 0.0654031314993886 -0.3412878518939955 -0.937680666612923
    outer loop
      vertex -33.99578928947449 20.83915036974712 48.483681881010384
      vertex -33.79999999701977 18.024461553370475 49.52180111220667
      vertex -33.99578928947449 18.02007250851615 49.50974231057729
    endloop
  endfacet
  facet normal 0.06540313149942222 -0.34128785189399274 -0.9376806666129218
    outer loop
      vertex -33.99578928947449 20.83915036974712 48.483681881010384
      vertex -33.79999999701977 20.84353941460117 48.49574068263987
      vertex -33.79999999701977 18.024461553370475 49.52180111220667
    endloop
  endfacet
  facet normal -9.381364133872096e-19 -0.3420201433256677 -0.9396926207859088
    outer loop
      vertex -33.79999999701977 20.84353941460117 48.49574068263987
      vertex 32.79999999701977 18.024461553370475 49.52180111220667
      vertex -33.79999999701977 18.024461553370475 49.52180111220667
    endloop
  endfacet
  facet normal 1.9503960021757042e-18 0.34202014332566855 0.9396926207859084
    outer loop
      vertex 32.79999999701977 3.5373201643609287 0.9472940764739024
      vertex -33.79999999701977 2.5976275435750202 1.289314219799571
      vertex 32.79999999701977 2.59762754357502 1.289314219799571
    endloop
  endfacet
  facet normal -0.06540313149938982 0.34128785189399463 0.9376806666129235
    outer loop
      vertex 32.99578928947449 3.5417092092149796 0.9593528781033813
      vertex 32.79999999701977 2.59762754357502 1.289314219799571
      vertex 32.99578928947449 2.6020165884290716 1.30137302142905
    endloop
  endfacet
  facet normal -0.06540313149938834 0.34128785189399435 0.9376806666129236
    outer loop
      vertex 32.79999999701977 3.5373201643609287 0.9472940764739024
      vertex 32.79999999701977 2.59762754357502 1.289314219799571
      vertex 32.99578928947449 3.5417092092149796 0.9593528781033813
    endloop
  endfacet
  facet normal -0.19509030759446708 0.3354483231563541 0.9216366932659997
    outer loop
      vertex 32.99578928947449 3.5417092092149796 0.9593528781033813
      vertex 32.99578928947449 2.6020165884290716 1.30137302142905
      vertex 33.18822856992483 2.615108623555449 1.3373430923134784
    endloop
  endfacet
  facet normal -0.195090307594468 0.3354483231563538 0.9216366932659996
    outer loop
      vertex 32.99578928947449 3.5417092092149796 0.9593528781033813
      vertex 33.18822856992483 2.615108623555449 1.3373430923134784
      vertex 33.18822856992483 3.554801244341357 0.9953229489878099
    endloop
  endfacet
  facet normal -0.3214394637077399 0.32386917879453875 0.8898232555953073
    outer loop
      vertex 33.18822856992483 3.554801244341357 0.9953229489878099
      vertex 33.37402515113354 2.636679642608886 1.3966089800774237
      vertex 33.37402515113354 3.5763722633947945 1.054588836751755
    endloop
  endfacet
  facet normal -0.3214394637077402 0.32386917879453875 0.8898232555953073
    outer loop
      vertex 33.18822856992483 3.554801244341357 0.9953229489878099
      vertex 33.18822856992483 2.615108623555449 1.3373430923134784
      vertex 33.37402515113354 2.636679642608886 1.3966089800774237
    endloop
  endfacet
  facet normal -0.4422886840707258 0.30674854464089846 0.8427846998514369
    outer loop
      vertex 33.37402515113354 3.5763722633947945 1.054588836751755
      vertex 33.37402515113354 2.636679642608886 1.3966089800774237
      vertex 33.54999999701977 2.666360557255842 1.4781566228586942
    endloop
  endfacet
  facet normal -0.5555702335092733 0.2843793558587498 0.7813258587809659
    outer loop
      vertex 33.54999999701977 3.6060531780417504 1.1361364795330255
      vertex 33.54999999701977 2.666360557255842 1.4781566228586942
      vertex 33.71314214169979 2.703643521927632 1.5805907264247616
    endloop
  endfacet
  facet normal -0.6593458113823885 0.25714435982699746 0.7064983221647899
    outer loop
      vertex 33.71314214169979 3.6433361427135402 1.238570583099093
      vertex 33.71314214169979 2.703643521927632 1.5805907264247616
      vertex 33.860660172998905 2.7478906131553096 1.7021586104493551
    endloop
  endfacet
  facet normal -0.4422886840707258 0.30674854464089835 0.8427846998514368
    outer loop
      vertex 33.37402515113354 3.5763722633947945 1.054588836751755
      vertex 33.54999999701977 2.666360557255842 1.4781566228586942
      vertex 33.54999999701977 3.6060531780417504 1.1361364795330255
    endloop
  endfacet
  facet normal -0.5555702335092733 0.2843793558587498 0.7813258587809659
    outer loop
      vertex 33.54999999701977 3.6060531780417504 1.1361364795330255
      vertex 33.71314214169979 2.703643521927632 1.5805907264247616
      vertex 33.71314214169979 3.6433361427135402 1.238570583099093
    endloop
  endfacet
  facet normal -0.6593458113823885 0.25714435982699746 0.7064983221647899
    outer loop
      vertex 33.71314214169979 3.6433361427135402 1.238570583099093
      vertex 33.860660172998905 2.7478906131553096 1.7021586104493551
      vertex 33.860660172998905 3.687583233941218 1.3601384671236865
    endloop
  endfacet
  facet normal -0.7518398107392963 0.22550954891018354 0.6195823935021271
    outer loop
      vertex 33.860660172998905 3.687583233941218 1.3601384671236865
      vertex 33.860660172998905 2.7478906131553096 1.7021586104493551
      vertex 33.99003001302481 3.7380373721492615 1.498760072568329
    endloop
  endfacet
  facet normal -0.1950903075944681 0.3354483231563591 0.9216366932659977
    outer loop
      vertex 33.127327682047316 0.7315801709268707 2.01
      vertex 33.18822856992483 0.735723382029635 2.0213833789480726
      vertex 33.18822856992483 0.7669989586465598 2.01
    endloop
  endfacet
  facet normal -0.3214394637077439 0.32386917879454336 0.8898232555953043
    outer loop
      vertex 33.18822856992483 0.7669989586465598 2.01
      vertex 33.18822856992483 0.735723382029635 2.0213833789480726
      vertex 33.37402515113354 0.9514016660753685 2.01
    endloop
  endfacet
  facet normal -0.32143946370773957 0.32386917879453975 0.8898232555953071
    outer loop
      vertex 33.37402515113354 0.7572944010844214 2.080649266711527
      vertex 33.37402515113354 0.9514016660753685 2.01
      vertex 33.18822856992483 0.735723382029635 2.0213833789480726
    endloop
  endfacet
  facet normal -0.44228868407072564 0.30674854464089923 0.8427846998514367
    outer loop
      vertex 33.54999999701977 0.7869753157332329 2.162196909492122
      vertex 33.54999999701977 1.205132887873616 2.01
      vertex 33.37402515113354 0.7572944010844214 2.080649266711527
    endloop
  endfacet
  facet normal -0.44228868407072586 0.3067485446408993 0.8427846998514364
    outer loop
      vertex 33.54999999701977 1.205132887873616 2.01
      vertex 33.37402515113354 0.9514016660753685 2.01
      vertex 33.37402515113354 0.7572944010844214 2.080649266711527
    endloop
  endfacet
  facet normal -0.555570233509273 0.2843793558587502 0.781325858780966
    outer loop
      vertex 33.71314214169979 0.824258280407354 2.2646310130573406
      vertex 33.71314214169979 1.5238512390752526 2.01
      vertex 33.54999999701977 0.7869753157332329 2.162196909492122
    endloop
  endfacet
  facet normal -0.5555702335092746 0.2843793558587503 0.7813258587809649
    outer loop
      vertex 33.54999999701977 1.205132887873616 2.01
      vertex 33.54999999701977 0.7869753157332329 2.162196909492122
      vertex 33.71314214169979 1.5238512390752526 2.01
    endloop
  endfacet
  facet normal -0.6593458113823875 0.25714435982699785 0.706498322164791
    outer loop
      vertex 33.860660172998905 0.8685053716377985 2.3861988970809267
      vertex 33.860660172998905 1.902103346591379 2.01
      vertex 33.71314214169979 0.824258280407354 2.2646310130573406
    endloop
  endfacet
  facet normal -0.6593458113823885 0.2571443598269977 0.70649832216479
    outer loop
      vertex 33.71314214169979 1.5238512390752526 2.01
      vertex 33.71314214169979 0.824258280407354 2.2646310130573406
      vertex 33.860660172998905 1.902103346591379 2.01
    endloop
  endfacet
  facet normal -0.751839810739297 0.22550954891018338 0.6195823935021263
    outer loop
      vertex 33.860660172998905 0.8685053716377985 2.3861988970809267
      vertex 33.99003001302481 0.9189595098489969 2.5248205025244213
      vertex 33.99003001302481 2.333417215607126 2.01
    endloop
  endfacet
  facet normal -0.7518398107392962 0.22550954891018352 0.6195823935021271
    outer loop
      vertex 33.860660172998905 1.902103346591379 2.01
      vertex 33.860660172998905 0.8685053716377985 2.3861988970809267
      vertex 33.99003001302481 2.333417215607126 2.01
    endloop
  endfacet
  facet normal -0.8314696119753574 0.19001621089231702 0.5220652487569682
    outer loop
      vertex 33.99003001302481 0.9189595098489969 2.5248205025244213
      vertex 34.09903810918331 2.8104129360746204 2.01
      vertex 33.99003001302481 2.333417215607126 2.01
    endloop
  endfacet
  facet normal -0.7518398107392961 0.22550954891018352 0.6195823935021273
    outer loop
      vertex 33.99003001302481 3.7380373721492615 1.498760072568329
      vertex 33.860660172998905 2.7478906131553096 1.7021586104493551
      vertex 33.99003001302481 2.7983447513633535 1.8407802158939974
    endloop
  endfacet
  facet normal -0.831469611975357 0.19001621089231713 0.5220652487569689
    outer loop
      vertex 33.99003001302481 3.7380373721492615 1.498760072568329
      vertex 33.99003001302481 2.7983447513633535 1.8407802158939974
      vertex 34.09903810918331 3.7938352718551798 1.6520635420633336
    endloop
  endfacet
  facet normal -0.831469611975357 0.19001621089231713 0.5220652487569688
    outer loop
      vertex 33.99003001302481 0.9189595098489969 2.5248205025244213
      vertex 34.09903810918331 0.9747574095584042 2.678123972018156
      vertex 34.09903810918331 2.8104129360746204 2.01
    endloop
  endfacet
  facet normal -0.8968727445646812 0.1512716391171918 0.41561541267837276
    outer loop
      vertex 34.09903810918331 0.9747574095584042 2.678123972018156
      vertex 34.185819298028946 1.0349443515738888 2.8434862361400146
      vertex 34.185819298028946 2.9143295903002993 2.15944595052432
    endloop
  endfacet
  facet normal -0.9469301300366786 0.10993877144784706 0.3020542920755424
    outer loop
      vertex 34.185819298028946 1.0349443515738888 2.8434862361400146
      vertex 34.24888873845339 1.0984905249122827 3.0180779124676387
      vertex 34.24888873845339 2.977875763653813 2.3340376268464413
    endloop
  endfacet
  facet normal -0.9807852832718772 0.0667248149649083 0.18332492243337345
    outer loop
      vertex 34.28716728836298 1.1643086351975136 3.1989116842546794
      vertex 34.28716728836298 3.0436938739547044 2.514871398627782
      vertex 34.24888873845339 1.0984905249122827 3.0180779124676387
    endloop
  endfacet
  facet normal -0.9978589230898692 0.02236918840936863 0.06145884004626638
    outer loop
      vertex 34.28716728836298 1.1643086351975136 3.1989116842546794
      vertex 34.29999999701977 1.2312725170686951 3.3828934376017497
      vertex 34.29999999701977 3.110657755841819 2.698853151969053
    endloop
  endfacet
  facet normal -0.8968727445645962 0.1512716391172507 0.4156154126785348
    outer loop
      vertex 34.1073909012968 2.859935712659319 2.01
      vertex 34.09903810918331 2.8104129360746204 2.01
      vertex 34.09903810918331 0.9747574095584042 2.678123972018156
    endloop
  endfacet
  facet normal -0.8968727445646899 0.15127163911718763 0.4156154126783557
    outer loop
      vertex 34.1073909012968 2.859935712659319 2.01
      vertex 34.09903810918331 0.9747574095584042 2.678123972018156
      vertex 34.185819298028946 2.9143295903002993 2.15944595052432
    endloop
  endfacet
  facet normal -0.9469301300366788 0.10993877144784689 0.3020542920755417
    outer loop
      vertex 34.24888873845339 2.977875763653813 2.3340376268464413
      vertex 34.185819298028946 2.9143295903002993 2.15944595052432
      vertex 34.185819298028946 1.0349443515738888 2.8434862361400146
    endloop
  endfacet
  facet normal -0.8314696119753573 0.19001621089231704 0.5220652487569685
    outer loop
      vertex 34.09903810918331 3.7938352718551798 1.6520635420633336
      vertex 33.99003001302481 2.7983447513633535 1.8407802158939974
      vertex 34.09903810918331 2.854142651069272 1.9940836853890023
    endloop
  endfacet
  facet normal -0.8968727445646814 0.1512716391171917 0.41561541267837254
    outer loop
      vertex 34.185819298028946 3.854022213866901 1.817425806186562
      vertex 34.09903810918331 2.854142651069272 1.9940836853890023
      vertex 34.185819298028946 2.9143295930809927 2.159445949512231
    endloop
  endfacet
  facet normal -0.9469301300366788 0.10993877144784692 0.3020542920755419
    outer loop
      vertex 34.24888873845339 3.917568387201322 1.9920174825156327
      vertex 34.185819298028946 2.9143295930809927 2.159445949512231
      vertex 34.24888873845339 2.977875766415414 2.3340376258413014
    endloop
  endfacet
  facet normal -0.9807852832718772 0.0667248149649083 0.18332492243337348
    outer loop
      vertex 34.24888873845339 1.0984905249122827 3.0180779124676387
      vertex 34.28716728836298 3.0436938739547044 2.514871398627782
      vertex 34.24888873845339 2.977875763653813 2.3340376268464413
    endloop
  endfacet
  facet normal -0.9978589230898691 0.02236918840936864 0.06145884004626642
    outer loop
      vertex 34.28716728836298 1.1643086351975136 3.1989116842546794
      vertex 34.29999999701977 3.110657755841819 2.698853151969053
      vertex 34.28716728836298 3.0436938739547044 2.514871398627782
    endloop
  endfacet
  facet normal -0.8968727445646814 0.15127163911719171 0.41561541267837265
    outer loop
      vertex 34.09903810918331 3.7938352718551798 1.6520635420633336
      vertex 34.09903810918331 2.854142651069272 1.9940836853890023
      vertex 34.185819298028946 3.854022213866901 1.817425806186562
    endloop
  endfacet
  facet normal -0.9469301300366788 0.10993877144784689 0.3020542920755418
    outer loop
      vertex 34.185819298028946 3.854022213866901 1.817425806186562
      vertex 34.185819298028946 2.9143295930809927 2.159445949512231
      vertex 34.24888873845339 3.917568387201322 1.9920174825156327
    endloop
  endfacet
  facet normal -0.9807852832718771 0.06672481496490844 0.18332492243337395
    outer loop
      vertex 34.28716728836298 3.9833864974824373 2.172851254304171
      vertex 34.24888873845339 2.977875766415414 2.3340376258413014
      vertex 34.28716728836298 3.043693876696529 2.5148713976298396
    endloop
  endfacet
  facet normal -0.9807852832718771 0.06672481496490838 0.18332492243337362
    outer loop
      vertex 34.24888873845339 3.917568387201322 1.9920174825156327
      vertex 34.24888873845339 2.977875766415414 2.3340376258413014
      vertex 34.28716728836298 3.9833864974824373 2.172851254304171
    endloop
  endfacet
  facet normal -0.9978589230898692 0.022369188409368652 0.06145884004626648
    outer loop
      vertex 34.28716728836298 3.9833864974824373 2.172851254304171
      vertex 34.28716728836298 3.043693876696529 2.5148713976298396
      vertex 34.29999999701977 4.050350379349432 2.356833007652765
    endloop
  endfacet
  facet normal -0.9978589230898692 0.022369188409368617 0.06145884004626629
    outer loop
      vertex 34.29999999701977 4.050350379349432 2.356833007652765
      vertex 34.28716728836298 3.043693876696529 2.5148713976298396
      vertex 34.29999999701977 3.110657758563524 2.698853150978434
    endloop
  endfacet
  facet normal -1 0 0
    outer loop
      vertex 34.29999999701977 12.169063321006824 27.58661789005355
      vertex 34.29999999701977 3.110657755841819 2.698853151969053
      vertex 34.29999999701977 1.2312725170686951 3.3828934376017497
    endloop
  endfacet
  facet normal -1 0 0
    outer loop
      vertex 34.29999999701977 4.050350379349432 2.356833007652765
      vertex 34.29999999701977 3.110657758563524 2.698853150978434
      vertex 34.29999999701977 12.169063321006824 27.58661789005355
    endloop
  endfacet
  facet normal 0 -0.3420201433256677 -0.9396926207859088
    outer loop
      vertex -33.79999999701977 20.84353941460117 48.49574068263987
      vertex 32.79999999701977 20.84353941460117 48.49574068263987
      vertex 32.79999999701977 18.024461553370475 49.52180111220667
    endloop
  endfacet
  facet normal -1 0 0
    outer loop
      vertex 34.29999999701977 20.330509199612667 47.086201751461
      vertex 34.29999999701977 12.169063321006824 27.58661789005355
      vertex 34.29999999701977 1.2312725170686951 3.3828934376017497
    endloop
  endfacet
  facet normal -1 0 0
    outer loop
      vertex 34.29999999701977 4.050350379349432 2.356833007652765
      vertex 34.29999999701977 12.169063321006824 27.58661789005355
      vertex 34.29999999701977 20.330509199612667 47.086201751461
    endloop
  endfacet
  facet normal -1 0 0
    outer loop
      vertex 34.29999999701977 20.330509199612667 47.086201751461
      vertex 34.29999999701977 1.2312725170686951 3.3828934376017497
      vertex 34.29999999701977 17.51143133834989 48.112262181039476
    endloop
  endfacet
  facet normal -0.8314696119753585 -0.1900162108923159 -0.522065248756967
    outer loop
      vertex 33.99003001302481 20.642822206812838 47.94427468654544
      vertex 34.09903810918331 17.767946445860183 48.81703164662307
      vertex 33.99003001302481 17.82374434556959 48.97033511611681
    endloop
  endfacet
  facet normal -0.5555702335092609 -0.28437935585875157 -0.7813258587809743
    outer loop
      vertex 33.54999999701977 20.774806400920347 48.30689827958074
      vertex 33.71314214169979 17.918445575011233 49.23052460558389
      vertex 33.54999999701977 17.955728539685353 49.3329587091491
    endloop
  endfacet
  facet normal -0.7518398107393183 -0.22550954891017516 -0.6195823935021035
    outer loop
      vertex 33.860660172998905 20.693276345020884 48.08289629199009
      vertex 33.99003001302481 17.82374434556959 48.97033511611681
      vertex 33.860660172998905 17.87419848378079 49.10895672156031
    endloop
  endfacet
  facet normal -0.6593458113823599 -0.2571443598270059 -0.7064983221648136
    outer loop
      vertex 33.71314214169979 20.73752343624856 48.204464176014675
      vertex 33.860660172998905 17.87419848378079 49.10895672156031
      vertex 33.71314214169979 17.918445575011233 49.23052460558389
    endloop
  endfacet
  facet normal -0.0654031314993947 -0.34128785189399335 -0.9376806666129234
    outer loop
      vertex 32.79999999701977 20.84353941460117 48.49574068263987
      vertex 32.99578928947449 18.020072508516147 49.50974231057729
      vertex 32.79999999701977 18.024461553370475 49.52180111220667
    endloop
  endfacet
  facet normal -0.19509030759448162 -0.33544832315635364 -0.9216366932659968
    outer loop
      vertex 32.99578928947449 20.83915036974712 48.483681881010384
      vertex 33.18822856992483 18.00698047338895 49.473772239693155
      vertex 32.99578928947449 18.020072508516147 49.50974231057729
    endloop
  endfacet
  facet normal -0.32143946370772425 -0.32386917879453925 -0.8898232555953128
    outer loop
      vertex 33.18822856992483 20.826058334620743 48.44771181012596
      vertex 33.37402515113354 17.985409454334167 49.4145063519297
      vertex 33.18822856992483 18.00698047338895 49.473772239693155
    endloop
  endfacet
  facet normal -0.44228868407074523 -0.30674854464089385 -0.8427846998514282
    outer loop
      vertex 33.37402515113354 20.804487315567307 48.38844592236202
      vertex 33.54999999701977 17.955728539685353 49.3329587091491
      vertex 33.37402515113354 17.985409454334167 49.4145063519297
    endloop
  endfacet
  facet normal -0.06540313149942223 -0.34128785189399446 -0.9376806666129212
    outer loop
      vertex 32.79999999701977 20.84353941460117 48.49574068263987
      vertex 32.99578928947449 20.83915036974712 48.483681881010384
      vertex 32.99578928947449 18.020072508516147 49.50974231057729
    endloop
  endfacet
  facet normal -0.32143946370772475 -0.3238691787945392 -0.8898232555953126
    outer loop
      vertex 33.18822856992483 20.826058334620743 48.44771181012596
      vertex 33.37402515113354 20.804487315567307 48.38844592236202
      vertex 33.37402515113354 17.985409454334167 49.4145063519297
    endloop
  endfacet
  facet normal -0.19509030759444781 -0.33544832315635387 -0.921636693266004
    outer loop
      vertex 32.99578928947449 20.83915036974712 48.483681881010384
      vertex 33.18822856992483 20.826058334620743 48.44771181012596
      vertex 33.18822856992483 18.00698047338895 49.473772239693155
    endloop
  endfacet
  facet normal -0.5555702335092751 -0.2843793558587493 -0.7813258587809647
    outer loop
      vertex 33.71314214169979 20.73752343624856 48.204464176014675
      vertex 33.71314214169979 17.918445575011233 49.23052460558389
      vertex 33.54999999701977 20.774806400920347 48.30689827958074
    endloop
  endfacet
  facet normal -0.7518398107393095 -0.22550954891017785 -0.6195823935021133
    outer loop
      vertex 33.860660172998905 20.693276345020884 48.08289629199009
      vertex 33.99003001302481 20.642822206812838 47.94427468654544
      vertex 33.99003001302481 17.82374434556959 48.97033511611681
    endloop
  endfacet
  facet normal -0.6593458113823644 -0.257144359827005 -0.7064983221648098
    outer loop
      vertex 33.71314214169979 20.73752343624856 48.204464176014675
      vertex 33.860660172998905 20.693276345020884 48.08289629199009
      vertex 33.860660172998905 17.87419848378079 49.10895672156031
    endloop
  endfacet
  facet normal -0.4422886840707452 -0.30674854464089396 -0.8427846998514283
    outer loop
      vertex 33.37402515113354 20.804487315567307 48.38844592236202
      vertex 33.54999999701977 20.774806400920347 48.30689827958074
      vertex 33.54999999701977 17.955728539685353 49.3329587091491
    endloop
  endfacet
  facet normal -0.9978589230898695 -0.022369188409367954 -0.06145884004626414
    outer loop
      vertex 34.28716728836298 20.39747308147966 47.270183504809594
      vertex 34.29999999701977 17.51143133834989 48.112262181039476
      vertex 34.28716728836298 17.578395220221076 48.29624393438655
    endloop
  endfacet
  facet normal -0.9807852832718748 -0.06672481496491213 -0.1833249224333846
    outer loop
      vertex 34.24888873845339 20.463291191760778 47.45101727659813
      vertex 34.28716728836298 17.578395220221076 48.29624393438655
      vertex 34.24888873845339 17.644213330506304 48.47707770617358
    endloop
  endfacet
  facet normal -0.9978589230898693 -0.022369188409368412 -0.06145884004626571
    outer loop
      vertex 34.29999999701977 20.330509199612667 47.086201751461
      vertex 34.29999999701977 17.51143133834989 48.112262181039476
      vertex 34.28716728836298 20.39747308147966 47.270183504809594
    endloop
  endfacet
  facet normal -0.9807852832718768 -0.06672481496490953 -0.18332492243337564
    outer loop
      vertex 34.28716728836298 20.39747308147966 47.270183504809594
      vertex 34.28716728836298 17.578395220221076 48.29624393438655
      vertex 34.24888873845339 20.463291191760778 47.45101727659813
    endloop
  endfacet
  facet normal -0.9469301300366828 -0.10993877144784239 -0.30205429207553064
    outer loop
      vertex 34.185819298028946 20.526837365095197 47.62560895292721
      vertex 34.24888873845339 20.463291191760778 47.45101727659813
      vertex 34.24888873845339 17.644213330506304 48.47707770617358
    endloop
  endfacet
  facet normal -0.8968727445646778 -0.1512716391171941 -0.41561541267837904
    outer loop
      vertex 34.185819298028946 20.526837365095197 47.62560895292721
      vertex 34.185819298028946 17.7077595038447 48.65166938250122
      vertex 34.09903810918331 20.58702430710692 47.79097121705043
    endloop
  endfacet
  facet normal -0.946930130036685 -0.10993877144784055 -0.30205429207552426
    outer loop
      vertex 34.185819298028946 20.526837365095197 47.62560895292721
      vertex 34.24888873845339 17.644213330506304 48.47707770617358
      vertex 34.185819298028946 17.7077595038447 48.65166938250122
    endloop
  endfacet
  facet normal -0.8968727445646761 -0.15127163911719513 -0.4156154126783826
    outer loop
      vertex 34.09903810918331 20.58702430710692 47.79097121705043
      vertex 34.185819298028946 17.7077595038447 48.65166938250122
      vertex 34.09903810918331 17.767946445860183 48.81703164662307
    endloop
  endfacet
  facet normal -0.8314696119753613 -0.19001621089231469 -0.5220652487569626
    outer loop
      vertex 34.09903810918331 20.58702430710692 47.79097121705043
      vertex 34.09903810918331 17.767946445860183 48.81703164662307
      vertex 33.99003001302481 20.642822206812838 47.94427468654544
    endloop
  endfacet
  facet normal 0.7518398295631648 0.2255095415688891 0.6195823733320864
    outer loop
      vertex -43.09003000706434 3.703835357307045 1.4047908090894867
      vertex -42.96066017448902 3.6533812190990016 1.2661692036448446
      vertex -42.96066017448902 5.5327664606708185 0.5821289169935072
    endloop
  endfacet
  facet normal 0.6593457899178782 0.25714436626514003 0.7064983398534413
    outer loop
      vertex -42.96066017448902 3.6533812190990016 1.2661692036448446
      vertex -42.81314214318991 3.609134130419572 1.144601326621507
      vertex -42.81314214318991 5.48851937199139 0.4605610399701693
    endloop
  endfacet
  facet normal 0.5555702335092734 0.2843793558587499 0.7813258587809659
    outer loop
      vertex -42.649999998509884 3.5718511657477823 1.0421672230554395
      vertex -42.649999998509884 5.451236407319599 0.3581269364041019
      vertex -42.81314214318991 3.609134130419572 1.144601326621507
    endloop
  endfacet
  facet normal 0.8314696119753572 0.190016210892317 0.5220652487569685
    outer loop
      vertex -43.09003000706434 3.703835357307045 1.4047908090894867
      vertex -43.09003000706434 5.583220598878862 0.7207505224381493
      vertex -43.19903810322285 3.7596332570129634 1.5580942785844916
    endloop
  endfacet
  facet normal 0.4422886995523105 0.30674854202968665 0.8427846926771912
    outer loop
      vertex -42.649999998509884 3.5718511657477823 1.0421672230554395
      vertex -42.47402514517307 3.542170248552578 0.9606195732729128
      vertex -42.47402514517307 5.421555490124395 0.2765792866215754
    endloop
  endfacet
  facet normal 0.321439463707739 0.323869178794539 0.8898232555953076
    outer loop
      vertex -42.47402514517307 3.542170248552578 0.9606195732729128
      vertex -42.28822856396437 3.5205992294991404 0.9013536855089679
      vertex -42.28822856396437 5.399984471070957 0.21731339885763035
    endloop
  endfacet
  facet normal 0.19509031486020917 0.3354483226620508 0.9216366919079129
    outer loop
      vertex -42.0957892909646 3.507507194372763 0.8653836146245395
      vertex -42.0957892909646 5.3868924359445804 0.18134332797320185
      vertex -42.28822856396437 3.5205992294991404 0.9013536855089679
    endloop
  endfacet
  facet normal 0.06540313149939017 0.34128785189399446 0.9376806666129234
    outer loop
      vertex -42.0957892909646 3.507507194372763 0.8653836146245395
      vertex -41.899999998509884 3.503118149518712 0.8533248129950604
      vertex -41.899999998509884 5.3825033910905296 0.1692845263437227
    endloop
  endfacet
  facet normal 0.44228869955231026 0.3067485420296867 0.8427846926771914
    outer loop
      vertex -42.649999998509884 3.5718511657477823 1.0421672230554395
      vertex -42.47402514517307 5.421555490124395 0.2765792866215754
      vertex -42.649999998509884 5.451236407319599 0.3581269364041019
    endloop
  endfacet
  facet normal 0.5555702335092741 0.2843793558587497 0.7813258587809655
    outer loop
      vertex -42.81314214318991 3.609134130419572 1.144601326621507
      vertex -42.649999998509884 5.451236407319599 0.3581269364041019
      vertex -42.81314214318991 5.48851937199139 0.4605610399701693
    endloop
  endfacet
  facet normal 0.6593457899178782 0.25714436626514015 0.7064983398534415
    outer loop
      vertex -42.96066017448902 3.6533812190990016 1.2661692036448446
      vertex -42.81314214318991 5.48851937199139 0.4605610399701693
      vertex -42.96066017448902 5.5327664606708185 0.5821289169935072
    endloop
  endfacet
  facet normal 0.9469301300366786 0.109938771447847 0.3020542920755423
    outer loop
      vertex -43.28581929951906 3.8198202015729334 1.7234565497089758
      vertex -43.28581929951906 5.69920544314475 1.0394162630576385
      vertex -43.348888739943504 3.8833663749073537 1.8980482260380462
    endloop
  endfacet
  facet normal 0.9469301300366785 0.1099387714478471 0.30205429207554246
    outer loop
      vertex -43.348888739943504 3.8833663749073537 1.8980482260380462
      vertex -43.28581929951906 5.69920544314475 1.0394162630576385
      vertex -43.348888739943504 5.7627516164791714 1.2140079393867085
    endloop
  endfacet
  facet normal 0.9807852818266313 0.0667248174499386 0.1833249292609381
    outer loop
      vertex -43.387167289853096 3.9491844826402205 2.078881990825329
      vertex -43.348888739943504 5.7627516164791714 1.2140079393867085
      vertex -43.387167289853096 5.828569724212038 1.3948417041739913
    endloop
  endfacet
  facet normal 0.8968727369300099 0.15127164441220464 0.4156154272263013
    outer loop
      vertex -43.19903810322285 3.7596332570129634 1.5580942785844916
      vertex -43.19903810322285 5.639018498584781 0.874053991933154
      vertex -43.28581929951906 3.8198202015729334 1.7234565497089758
    endloop
  endfacet
  facet normal 0.7518398295631649 0.22550954156888903 0.6195823733320862
    outer loop
      vertex -43.09003000706434 3.703835357307045 1.4047908090894867
      vertex -42.96066017448902 5.5327664606708185 0.5821289169935072
      vertex -43.09003000706434 5.583220598878862 0.7207505224381493
    endloop
  endfacet
  facet normal 0.8314696119753574 0.19001621089231696 0.5220652487569685
    outer loop
      vertex -43.19903810322285 3.7596332570129634 1.5580942785844916
      vertex -43.09003000706434 5.583220598878862 0.7207505224381493
      vertex -43.19903810322285 5.639018498584781 0.874053991933154
    endloop
  endfacet
  facet normal 0.8968727369300099 0.1512716444122046 0.4156154272263012
    outer loop
      vertex -43.28581929951906 3.8198202015729334 1.7234565497089758
      vertex -43.19903810322285 5.639018498584781 0.874053991933154
      vertex -43.28581929951906 5.69920544314475 1.0394162630576385
    endloop
  endfacet
  facet normal 0.3214394637077397 0.32386917879453886 0.8898232555953074
    outer loop
      vertex -42.47402514517307 3.542170248552578 0.9606195732729128
      vertex -42.28822856396437 5.399984471070957 0.21731339885763035
      vertex -42.47402514517307 5.421555490124395 0.2765792866215754
    endloop
  endfacet
  facet normal 0.1950903148602087 0.3354483226620509 0.921636691907913
    outer loop
      vertex -42.28822856396437 3.5205992294991404 0.9013536855089679
      vertex -42.0957892909646 5.3868924359445804 0.18134332797320185
      vertex -42.28822856396437 5.399984471070957 0.21731339885763035
    endloop
  endfacet
  facet normal 0.06540313149938948 0.3412878518939945 0.9376806666129235
    outer loop
      vertex -42.0957892909646 3.507507194372763 0.8653836146245395
      vertex -41.899999998509884 5.3825033910905296 0.1692845263437227
      vertex -42.0957892909646 5.3868924359445804 0.18134332797320185
    endloop
  endfacet
  facet normal 0.9807852818266312 0.06672481744993862 0.18332492926093813
    outer loop
      vertex -43.348888739943504 3.8833663749073537 1.8980482260380462
      vertex -43.348888739943504 5.7627516164791714 1.2140079393867085
      vertex -43.387167289853096 3.9491844826402205 2.078881990825329
    endloop
  endfacet
  facet normal 0.9978589230898692 0.02236918840936862 0.06145884004626635
    outer loop
      vertex -43.387167289853096 3.9491844826402205 2.078881990825329
      vertex -43.387167289853096 5.828569724212038 1.3948417041739913
      vertex -43.399999998509884 4.016148364507215 2.262863744173923
    endloop
  endfacet
  facet normal 0.9978589230898692 0.022369188409368624 0.061458840046266366
    outer loop
      vertex -43.399999998509884 4.016148364507215 2.262863744173923
      vertex -43.387167289853096 5.828569724212038 1.3948417041739913
      vertex -43.399999998509884 5.895533606079033 1.5788234575225855
    endloop
  endfacet
  facet normal -2.566619193913647e-17 0.9396926207859084 -0.3420201433256686
    outer loop
      vertex -41.899999998509884 3.503118149518712 0.8533248129950604
      vertex -34.860660172998905 3.687583233941218 1.3601384671236865
      vertex -34.71314214169979 3.6433361427135402 1.238570583099093
    endloop
  endfacet
  facet normal 1.0955930334432949e-16 0.9396926207859077 -0.3420201433256709
    outer loop
      vertex -41.899999998509884 3.503118149518712 0.8533248129950604
      vertex -34.71314214169979 3.6433361427135402 1.238570583099093
      vertex -34.54999999701977 3.60605317804175 1.1361364795330255
    endloop
  endfacet
  facet normal -4.92350045884695e-17 0.9396926207859089 -0.3420201433256671
    outer loop
      vertex -41.899999998509884 3.503118149518712 0.8533248129950604
      vertex -34.54999999701977 3.60605317804175 1.1361364795330255
      vertex -34.37402515113354 3.5763722633947945 1.054588836751755
    endloop
  endfacet
  facet normal -8.328039784730517e-17 0.9396926207859086 -0.34202014332566777
    outer loop
      vertex -41.899999998509884 3.503118149518712 0.8533248129950604
      vertex -34.99003001302481 3.7380373721492615 1.498760072568329
      vertex -34.860660172998905 3.687583233941218 1.3601384671236865
    endloop
  endfacet
  facet normal -5.864031914106755e-17 0.9396926207859088 -0.342020143325668
    outer loop
      vertex -41.899999998509884 3.503118149518712 0.8533248129950604
      vertex -35.09903810918331 3.7938352718551798 1.6520635420633336
      vertex -34.99003001302481 3.7380373721492615 1.498760072568329
    endloop
  endfacet
  facet normal -1.2567429970552574e-16 0.9396926207859085 -0.34202014332566805
    outer loop
      vertex -41.899999998509884 3.503118149518712 0.8533248129950604
      vertex -35.24888873845339 3.917568387201322 1.9920174825156327
      vertex -35.185819298028946 3.854022213866901 1.817425806186562
    endloop
  endfacet
  facet normal 2.18921255054981e-16 0.9396926207859079 -0.3420201433256701
    outer loop
      vertex -41.899999998509884 3.503118149518712 0.8533248129950604
      vertex -35.185819298028946 3.854022213866901 1.817425806186562
      vertex -35.09903810918331 3.7938352718551798 1.6520635420633336
    endloop
  endfacet
  facet normal 5.853085267125741e-17 0.9396926207859077 -0.3420201433256708
    outer loop
      vertex -41.899999998509884 3.503118149518712 0.8533248129950604
      vertex -34.37402515113354 3.5763722633947945 1.054588836751755
      vertex -34.18822856992483 3.554801244341357 0.9953229489878099
    endloop
  endfacet
  facet normal -4.6837821041309305e-17 0.9396926207859094 -0.3420201433256657
    outer loop
      vertex -41.899999998509884 3.503118149518712 0.8533248129950604
      vertex -34.18822856992483 3.554801244341357 0.9953229489878099
      vertex -33.99578928947449 3.5417092092149796 0.9593528781033813
    endloop
  endfacet
  facet normal -1.8369029416721163e-16 0.9396926207859129 -0.3420201433256565
    outer loop
      vertex -41.899999998509884 3.503118149518712 0.8533248129950604
      vertex -33.99578928947449 3.5417092092149796 0.9593528781033813
      vertex -33.79999999701977 3.5373201643609287 0.9472940764739024
    endloop
  endfacet
  facet normal 1.7021959230980244e-16 0.9396926207859081 -0.34202014332566977
    outer loop
      vertex -41.899999998509884 3.503118149518712 0.8533248129950604
      vertex -35.28716728836298 3.9833864974824373 2.172851254304171
      vertex -35.24888873845339 3.917568387201322 1.9920174825156327
    endloop
  endfacet
  facet normal 5.954143453673319e-17 0.9396926207859084 -0.34202014332566877
    outer loop
      vertex -41.899999998509884 3.503118149518712 0.8533248129950604
      vertex -35.29999999701977 4.050350379349432 2.356833007652765
      vertex -35.28716728836298 3.9833864974824373 2.172851254304171
    endloop
  endfacet
  facet normal -7.347946008835688e-15 0.9396926207859084 -0.3420201433256687
    outer loop
      vertex -43.28581929951906 3.8198202015729334 1.7234565497089758
      vertex -43.348888739943504 3.8833663749073537 1.8980482260380462
      vertex -43.348888739943504 20.49749320405474 47.54498653307572
    endloop
  endfacet
  facet normal 4.615707813252452e-15 0.9396926207859084 -0.3420201433256687
    outer loop
      vertex -43.348888739943504 3.8833663749073537 1.8980482260380462
      vertex -43.387167289853096 3.9491844826402205 2.078881990825329
      vertex -43.387167289853096 20.431675096321875 47.364152768288434
    endloop
  endfacet
  facet normal -9.392839220796308e-15 0.9396926207859083 -0.3420201433256687
    outer loop
      vertex -43.387167289853096 3.9491844826402205 2.078881990825329
      vertex -43.399999998509884 4.016148364507215 2.262863744173923
      vertex -43.399999998509884 20.364711214454882 47.180171014939845
    endloop
  endfacet
  facet normal -1.831830829143715e-15 0.9396926207859084 -0.34202014332566877
    outer loop
      vertex -43.09003000706434 3.703835357307045 1.4047908090894867
      vertex -43.19903810322285 3.7596332570129634 1.5580942785844916
      vertex -43.19903810322285 20.621226321949134 47.88494048052927
    endloop
  endfacet
  facet normal 2.3574950993663515e-17 0.9396926207859084 -0.34202014332566866
    outer loop
      vertex -43.09003000706434 3.703835357307045 1.4047908090894867
      vertex -43.09003000706434 20.677024221655053 48.03824395002428
      vertex -42.96066017448902 3.6533812190990016 1.2661692036448446
    endloop
  endfacet
  facet normal 2.4847021143747874e-15 0.9396926207859083 -0.3420201433256687
    outer loop
      vertex -42.96066017448902 3.6533812190990016 1.2661692036448446
      vertex -42.96066017448902 20.727478359863095 48.17686555546892
      vertex -42.81314214318991 3.609134130419572 1.144601326621507
    endloop
  endfacet
  facet normal -1.016653185277613e-15 0.9396926207859083 -0.34202014332566877
    outer loop
      vertex -42.649999998509884 3.5718511657477823 1.0421672230554395
      vertex -42.81314214318991 3.609134130419572 1.144601326621507
      vertex -42.81314214318991 20.771725448542526 48.29843343249226
    endloop
  endfacet
  facet normal -1.6761342462632993e-15 0.9396926207859083 -0.34202014332566877
    outer loop
      vertex -42.649999998509884 3.5718511657477823 1.0421672230554395
      vertex -42.649999998509884 20.809008413214315 48.40086753605833
      vertex -42.47402514517307 3.542170248552578 0.9606195732729128
    endloop
  endfacet
  facet normal 3.263088823122751e-15 0.9396926207859084 -0.34202014332566877
    outer loop
      vertex -43.19903810322285 3.7596332570129634 1.5580942785844916
      vertex -43.28581929951906 3.8198202015729334 1.7234565497089758
      vertex -43.28581929951906 20.561039377389164 47.71957820940479
    endloop
  endfacet
  facet normal 1 0 0
    outer loop
      vertex -43.399999998509884 4.016148364507215 2.262863744173923
      vertex -43.399999998509884 5.895533606079033 1.5788234575225855
      vertex -43.399999998509884 20.364711214454882 47.180171014939845
    endloop
  endfacet
  facet normal -2.9209880201680206e-16 0.9396926207859083 -0.34202014332566866
    outer loop
      vertex -42.0957892909646 3.507507194372763 0.8653836146245395
      vertex -42.28822856396437 3.5205992294991404 0.9013536855089679
      vertex -42.28822856396437 20.860260349462955 48.5416810736048
    endloop
  endfacet
  facet normal 7.288814009913469e-16 0.9396926207859084 -0.3420201433256687
    outer loop
      vertex -42.0957892909646 3.507507194372763 0.8653836146245395
      vertex -42.0957892909646 20.87335238458933 48.577651144489224
      vertex -41.899999998509884 3.503118149518712 0.8533248129950604
    endloop
  endfacet
  facet normal 1.1445677711488045e-15 0.9396926207859083 -0.34202014332566877
    outer loop
      vertex -42.47402514517307 3.542170248552578 0.9606195732729128
      vertex -42.47402514517307 20.83868933040952 48.48241518584085
      vertex -42.28822856396437 3.5205992294991404 0.9013536855089679
    endloop
  endfacet
  facet normal -1.0568419842009213e-17 0.9396926207859084 -0.3420201433256688
    outer loop
      vertex -41.899999998509884 3.503118149518712 0.8533248129950604
      vertex -35.29999999701977 20.330509199612667 47.086201751461
      vertex -35.29999999701977 4.050350379349432 2.356833007652765
    endloop
  endfacet
  facet normal 1.4770210560258324e-20 0.9396926207859077 -0.3420201433256707
    outer loop
      vertex -41.899999998509884 3.503118149518712 0.8533248129950604
      vertex -33.79999999701977 3.5373201643609287 0.9472940764739024
      vertex 32.79999999701977 3.5373201643609287 0.9472940764739024
    endloop
  endfacet
  facet normal 2.014998058443059e-18 0.34202014332566866 0.9396926207859084
    outer loop
      vertex -41.899999998509884 3.503118149518712 0.8533248129950604
      vertex 41.899999998509884 5.382503391090529 0.16928452634372276
      vertex -41.899999998509884 5.3825033910905296 0.1692845263437227
    endloop
  endfacet
  facet normal -3.176857007491424e-15 0.9396926207859084 -0.34202014332566877
    outer loop
      vertex -43.387167289853096 3.9491844826402205 2.078881990825329
      vertex -43.399999998509884 20.364711214454882 47.180171014939845
      vertex -43.387167289853096 20.431675096321875 47.364152768288434
    endloop
  endfacet
  facet normal -1.661767547151273e-14 0.9396926207859084 -0.3420201433256687
    outer loop
      vertex -43.348888739943504 3.8833663749073537 1.8980482260380462
      vertex -43.387167289853096 20.431675096321875 47.364152768288434
      vertex -43.348888739943504 20.49749320405474 47.54498653307572
    endloop
  endfacet
  facet normal -4.502005162307621e-14 0.9396926207859083 -0.3420201433256687
    outer loop
      vertex -43.28581929951906 3.8198202015729334 1.7234565497089758
      vertex -43.348888739943504 20.49749320405474 47.54498653307572
      vertex -43.28581929951906 20.561039377389164 47.71957820940479
    endloop
  endfacet
  facet normal 2.280723313516312e-14 0.9396926207859083 -0.3420201433256687
    outer loop
      vertex -43.19903810322285 3.7596332570129634 1.5580942785844916
      vertex -43.28581929951906 20.561039377389164 47.71957820940479
      vertex -43.19903810322285 20.621226321949134 47.88494048052927
    endloop
  endfacet
  facet normal 4.383957901677011e-15 0.9396926207859084 -0.34202014332566866
    outer loop
      vertex -43.09003000706434 3.703835357307045 1.4047908090894867
      vertex -43.19903810322285 20.621226321949134 47.88494048052927
      vertex -43.09003000706434 20.677024221655053 48.03824395002428
    endloop
  endfacet
  facet normal -3.1303963424443754e-14 0.9396926207859084 -0.34202014332566877
    outer loop
      vertex -42.96066017448902 3.6533812190990016 1.2661692036448446
      vertex -43.09003000706434 20.677024221655053 48.03824395002428
      vertex -42.96066017448902 20.727478359863095 48.17686555546892
    endloop
  endfacet
  facet normal -1.6926731345063462e-15 0.9396926207859083 -0.34202014332566866
    outer loop
      vertex -42.81314214318991 3.609134130419572 1.144601326621507
      vertex -42.96066017448902 20.727478359863095 48.17686555546892
      vertex -42.81314214318991 20.771725448542526 48.29843343249226
    endloop
  endfacet
  facet normal 3.810128437466792e-15 0.9396926207859083 -0.3420201433256687
    outer loop
      vertex -42.649999998509884 3.5718511657477823 1.0421672230554395
      vertex -42.81314214318991 20.771725448542526 48.29843343249226
      vertex -42.649999998509884 20.809008413214315 48.40086753605833
    endloop
  endfacet
  facet normal 1 0 0
    outer loop
      vertex -43.399999998509884 20.364711214454882 47.180171014939845
      vertex -43.399999998509884 5.895533606079033 1.5788234575225855
      vertex -43.399999998509884 22.244096456026696 46.49613072828851
    endloop
  endfacet
  facet normal -2.206044471498018e-14 0.9396926207859083 -0.34202014332566877
    outer loop
      vertex -42.47402514517307 3.542170248552578 0.9606195732729128
      vertex -42.649999998509884 20.809008413214315 48.40086753605833
      vertex -42.47402514517307 20.83868933040952 48.48241518584085
    endloop
  endfacet
  facet normal 1.8804731947936e-14 0.9396926207859085 -0.3420201433256687
    outer loop
      vertex -42.28822856396437 3.5205992294991404 0.9013536855089679
      vertex -42.47402514517307 20.83868933040952 48.48241518584085
      vertex -42.28822856396437 20.860260349462955 48.5416810736048
    endloop
  endfacet
  facet normal 4.358912512542929e-18 0.9396926207859083 -0.3420201433256687
    outer loop
      vertex -42.0957892909646 3.507507194372763 0.8653836146245395
      vertex -42.28822856396437 20.860260349462955 48.5416810736048
      vertex -42.0957892909646 20.87335238458933 48.577651144489224
    endloop
  endfacet
  facet normal -1.5335378095703564e-14 0.9396926207859083 -0.34202014332566877
    outer loop
      vertex -41.899999998509884 3.503118149518712 0.8533248129950604
      vertex -42.0957892909646 20.87335238458933 48.577651144489224
      vertex -41.899999998509884 20.877741429443386 48.5897099461187
    endloop
  endfacet
  facet normal -1.8858929416436226e-16 0.9396926207859084 -0.34202014332566877
    outer loop
      vertex -41.899999998509884 3.503118149518712 0.8533248129950604
      vertex -41.899999998509884 20.877741429443386 48.5897099461187
      vertex -35.29999999701977 20.330509199612667 47.086201751461
    endloop
  endfacet
  facet normal 0.9978589230898692 -0.022369188409369002 -0.06145884004626785
    outer loop
      vertex -43.399999998509884 20.364711214454882 47.180171014939845
      vertex -43.399999998509884 22.244096456026696 46.49613072828851
      vertex -43.387167289853096 20.431675096321875 47.364152768288434
    endloop
  endfacet
  facet normal 0.980785281826632 -0.06672481744993732 -0.18332492926093397
    outer loop
      vertex -43.387167289853096 20.431675096321875 47.364152768288434
      vertex -43.387167289853096 22.31106033789369 46.680112481637096
      vertex -43.348888739943504 20.49749320405474 47.54498653307572
    endloop
  endfacet
  facet normal 0.997858923089869 -0.022369188409369967 -0.06145884004626985
    outer loop
      vertex -43.387167289853096 20.431675096321875 47.364152768288434
      vertex -43.399999998509884 22.244096456026696 46.49613072828851
      vertex -43.387167289853096 22.31106033789369 46.680112481637096
    endloop
  endfacet
  facet normal 0.9807852818266324 -0.0667248174499368 -0.18332492926093294
    outer loop
      vertex -43.348888739943504 20.49749320405474 47.54498653307572
      vertex -43.387167289853096 22.31106033789369 46.680112481637096
      vertex -43.348888739943504 22.37687844562656 46.86094624642438
    endloop
  endfacet
  facet normal 0.9469301300366794 -0.10993877144784557 -0.30205429207554046
    outer loop
      vertex -43.28581929951906 20.561039377389164 47.71957820940479
      vertex -43.348888739943504 22.37687844562656 46.86094624642438
      vertex -43.28581929951906 22.44042461896098 47.035537922753456
    endloop
  endfacet
  facet normal 0.9469301300366765 -0.10993877144784933 -0.30205429207554824
    outer loop
      vertex -43.348888739943504 20.49749320405474 47.54498653307572
      vertex -43.348888739943504 22.37687844562656 46.86094624642438
      vertex -43.28581929951906 20.561039377389164 47.71957820940479
    endloop
  endfacet
  facet normal 0.8968727369300118 -0.15127164441220234 -0.41561542722629796
    outer loop
      vertex -43.28581929951906 20.561039377389164 47.71957820940479
      vertex -43.28581929951906 22.44042461896098 47.035537922753456
      vertex -43.19903810322285 20.621226321949134 47.88494048052927
    endloop
  endfacet
  facet normal 0.8314696119753614 -0.19001621089231543 -0.5220652487569624
    outer loop
      vertex -43.19903810322285 20.621226321949134 47.88494048052927
      vertex -43.19903810322285 22.50061156352095 47.200900193877935
      vertex -43.09003000706434 20.677024221655053 48.03824395002428
    endloop
  endfacet
  facet normal 0.7518398295631613 -0.22550954156889105 -0.6195823733320898
    outer loop
      vertex -43.09003000706434 20.677024221655053 48.03824395002428
      vertex -43.09003000706434 22.556409463226867 47.35420366337294
      vertex -42.96066017448902 20.727478359863095 48.17686555546892
    endloop
  endfacet
  facet normal 0.896872736930005 -0.1512716444122083 -0.41561542722631006
    outer loop
      vertex -43.19903810322285 20.621226321949134 47.88494048052927
      vertex -43.28581929951906 22.44042461896098 47.035537922753456
      vertex -43.19903810322285 22.50061156352095 47.200900193877935
    endloop
  endfacet
  facet normal 0.6593457899178804 -0.2571443662651378 -0.7064983398534401
    outer loop
      vertex -42.96066017448902 20.727478359863095 48.17686555546892
      vertex -42.96066017448902 22.60686360143491 47.49282526881759
      vertex -42.81314214318991 20.771725448542526 48.29843343249226
    endloop
  endfacet
  facet normal 0.5555702335092753 -0.2843793558587477 -0.7813258587809654
    outer loop
      vertex -42.81314214318991 20.771725448542526 48.29843343249226
      vertex -42.81314214318991 22.65111069011434 47.61439314584093
      vertex -42.649999998509884 20.809008413214315 48.40086753605833
    endloop
  endfacet
  facet normal 0.4422886995522908 -0.3067485420296875 -0.8427846926772014
    outer loop
      vertex -42.649999998509884 20.809008413214315 48.40086753605833
      vertex -42.649999998509884 22.688393654786132 47.716827249407
      vertex -42.47402514517307 20.83868933040952 48.48241518584085
    endloop
  endfacet
  facet normal 0.3214394637077553 -0.323869178794535 -0.8898232555953032
    outer loop
      vertex -42.47402514517307 20.83868933040952 48.48241518584085
      vertex -42.47402514517307 22.718074571981333 47.79837489918952
      vertex -42.28822856396437 20.860260349462955 48.5416810736048
    endloop
  endfacet
  facet normal 0.19509031486019 -0.335448322662053 -0.9216366919079161
    outer loop
      vertex -42.28822856396437 20.860260349462955 48.5416810736048
      vertex -42.28822856396437 22.73964559103477 47.85764078695346
      vertex -42.0957892909646 20.87335238458933 48.577651144489224
    endloop
  endfacet
  facet normal 0.0654031314993945 -0.34128785189399535 -0.9376806666129228
    outer loop
      vertex -42.0957892909646 20.87335238458933 48.577651144489224
      vertex -42.0957892909646 22.752737626161146 47.893610857837885
      vertex -41.899999998509884 20.877741429443386 48.5897099461187
    endloop
  endfacet
  facet normal 0.8314696119753614 -0.19001621089231543 -0.5220652487569624
    outer loop
      vertex -43.09003000706434 20.677024221655053 48.03824395002428
      vertex -43.19903810322285 22.50061156352095 47.200900193877935
      vertex -43.09003000706434 22.556409463226867 47.35420366337294
    endloop
  endfacet
  facet normal 0.7518398295631762 -0.2255095415688832 -0.6195823733320746
    outer loop
      vertex -42.96066017448902 20.727478359863095 48.17686555546892
      vertex -43.09003000706434 22.556409463226867 47.35420366337294
      vertex -42.96066017448902 22.60686360143491 47.49282526881759
    endloop
  endfacet
  facet normal 0.6593457899178803 -0.25714436626513787 -0.7064983398534402
    outer loop
      vertex -42.81314214318991 20.771725448542526 48.29843343249226
      vertex -42.96066017448902 22.60686360143491 47.49282526881759
      vertex -42.81314214318991 22.65111069011434 47.61439314584093
    endloop
  endfacet
  facet normal 0.5555702335092796 -0.2843793558587462 -0.781325858780963
    outer loop
      vertex -42.649999998509884 20.809008413214315 48.40086753605833
      vertex -42.81314214318991 22.65111069011434 47.61439314584093
      vertex -42.649999998509884 22.688393654786132 47.716827249407
    endloop
  endfacet
  facet normal 0.44228869955228567 -0.3067485420296889 -0.8427846926772035
    outer loop
      vertex -42.47402514517307 20.83868933040952 48.48241518584085
      vertex -42.649999998509884 22.688393654786132 47.716827249407
      vertex -42.47402514517307 22.718074571981333 47.79837489918952
    endloop
  endfacet
  facet normal 0.321439463707725 -0.3238691787945414 -0.8898232555953117
    outer loop
      vertex -42.28822856396437 20.860260349462955 48.5416810736048
      vertex -42.47402514517307 22.718074571981333 47.79837489918952
      vertex -42.28822856396437 22.73964559103477 47.85764078695346
    endloop
  endfacet
  facet normal 0.19509031486018977 -0.335448322662053 -0.9216366919079161
    outer loop
      vertex -42.0957892909646 20.87335238458933 48.577651144489224
      vertex -42.28822856396437 22.73964559103477 47.85764078695346
      vertex -42.0957892909646 22.752737626161146 47.893610857837885
    endloop
  endfacet
  facet normal 0.06540313149939468 -0.34128785189399535 -0.9376806666129228
    outer loop
      vertex -41.899999998509884 20.877741429443386 48.5897099461187
      vertex -42.0957892909646 22.752737626161146 47.893610857837885
      vertex -41.899999998509884 22.7571266710152 47.905669659467364
    endloop
  endfacet
  facet normal 2.6567660524965936e-15 0.9396926207859124 -0.3420201433256579
    outer loop
      vertex -41.899999998509884 20.877741429443386 48.5897099461187
      vertex -35.28716728836298 20.39747308147966 47.270183504809594
      vertex -35.29999999701977 20.330509199612667 47.086201751461
    endloop
  endfacet
  facet normal -3.356852245319855e-15 0.9396926207859025 -0.3420201433256848
    outer loop
      vertex -41.899999998509884 20.877741429443386 48.5897099461187
      vertex -35.24888873845339 20.463291191760778 47.45101727659813
      vertex -35.28716728836298 20.39747308147966 47.270183504809594
    endloop
  endfacet
  facet normal 1.4744333148992835e-15 0.9396926207859118 -0.34202014332565933
    outer loop
      vertex -41.899999998509884 20.877741429443386 48.5897099461187
      vertex -35.185819298028946 20.526837365095197 47.6256089529272
      vertex -35.24888873845339 20.463291191760778 47.45101727659813
    endloop
  endfacet
  facet normal 3.552107379978355e-16 0.9396926207859091 -0.34202014332566644
    outer loop
      vertex -41.899999998509884 20.877741429443386 48.5897099461187
      vertex -35.09903810918331 20.58702430710692 47.79097121705043
      vertex -35.185819298028946 20.526837365095197 47.6256089529272
    endloop
  endfacet
  facet normal 5.560549283707363e-16 0.9396926207859096 -0.3420201433256651
    outer loop
      vertex -41.899999998509884 20.877741429443386 48.5897099461187
      vertex -34.99003001302481 20.642822206812838 47.94427468654544
      vertex -35.09903810918331 20.58702430710692 47.79097121705043
    endloop
  endfacet
  facet normal -1.6805341956582464e-15 0.9396926207859019 -0.34202014332568637
    outer loop
      vertex -41.899999998509884 20.877741429443386 48.5897099461187
      vertex -34.860660172998905 20.693276345020884 48.08289629199008
      vertex -34.99003001302481 20.642822206812838 47.94427468654544
    endloop
  endfacet
  facet normal 1.2483823767123641e-15 0.9396926207859152 -0.3420201433256503
    outer loop
      vertex -41.899999998509884 20.877741429443386 48.5897099461187
      vertex -34.71314214169979 20.73752343624856 48.204464176014675
      vertex -34.860660172998905 20.693276345020884 48.08289629199008
    endloop
  endfacet
  facet normal 7.402235946081572e-16 0.9396926207859121 -0.3420201433256586
    outer loop
      vertex -41.899999998509884 20.877741429443386 48.5897099461187
      vertex -34.54999999701977 20.774806400920347 48.30689827958074
      vertex -34.71314214169979 20.73752343624856 48.204464176014675
    endloop
  endfacet
  facet normal -9.488304038825852e-16 0.939692620785898 -0.34202014332569725
    outer loop
      vertex -41.899999998509884 20.877741429443386 48.5897099461187
      vertex -34.37402515113354 20.804487315567307 48.38844592236202
      vertex -34.54999999701977 20.774806400920347 48.30689827958074
    endloop
  endfacet
  facet normal 1.4685138765357737e-16 0.9396926207859112 -0.34202014332566105
    outer loop
      vertex -41.899999998509884 20.877741429443386 48.5897099461187
      vertex -34.18822856992483 20.826058334620743 48.44771181012596
      vertex -34.37402515113354 20.804487315567307 48.38844592236202
    endloop
  endfacet
  facet normal -4.2619349099607513e-16 0.9396926207859011 -0.34202014332568864
    outer loop
      vertex -41.899999998509884 20.877741429443386 48.5897099461187
      vertex -33.99578928947449 20.83915036974712 48.483681881010384
      vertex -34.18822856992483 20.826058334620743 48.44771181012596
    endloop
  endfacet
  facet normal 2.2988625684969754e-15 0.9396926207859665 -0.3420201433255093
    outer loop
      vertex -41.899999998509884 20.877741429443386 48.5897099461187
      vertex -33.79999999701977 20.84353941460117 48.49574068263987
      vertex -33.99578928947449 20.83915036974712 48.483681881010384
    endloop
  endfacet
  facet normal 0 -0.34202014332566966 -0.939692620785908
    outer loop
      vertex -41.899999998509884 20.877741429443386 48.5897099461187
      vertex -41.899999998509884 22.7571266710152 47.905669659467364
      vertex 41.899999998509884 20.877741429443386 48.5897099461187
    endloop
  endfacet
  facet normal 0 0.9396926207859028 -0.34202014332568426
    outer loop
      vertex -41.899999998509884 20.877741429443386 48.5897099461187
      vertex 41.899999998509884 20.877741429443386 48.5897099461187
      vertex -33.79999999701977 20.84353941460117 48.49574068263987
    endloop
  endfacet
  facet normal 0 0.9396926207859078 -0.3420201433256707
    outer loop
      vertex -41.899999998509884 3.503118149518712 0.8533248129950604
      vertex 32.79999999701977 3.5373201643609287 0.9472940764739024
      vertex 41.899999998509884 3.503118149518712 0.8533248129950604
    endloop
  endfacet
  facet normal 0 0.34202014332566877 0.9396926207859084
    outer loop
      vertex -41.899999998509884 3.503118149518712 0.8533248129950604
      vertex 41.899999998509884 3.503118149518712 0.8533248129950604
      vertex 41.899999998509884 5.382503391090529 0.16928452634372276
    endloop
  endfacet
  facet normal 1.6553411212524088e-16 0.939692620785913 -0.34202014332565656
    outer loop
      vertex 32.79999999701977 3.5373201643609287 0.9472940764739024
      vertex 32.99578928947449 3.5417092092149796 0.9593528781033813
      vertex 41.899999998509884 3.503118149518712 0.8533248129950604
    endloop
  endfacet
  facet normal 4.221523027033015e-17 0.9396926207859094 -0.34202014332566566
    outer loop
      vertex 32.99578928947449 3.5417092092149796 0.9593528781033813
      vertex 33.18822856992483 3.554801244341357 0.9953229489878099
      vertex 41.899999998509884 3.503118149518712 0.8533248129950604
    endloop
  endfacet
  facet normal -5.0679023096106745e-17 0.9396926207859077 -0.3420201433256707
    outer loop
      vertex 33.18822856992483 3.554801244341357 0.9953229489878099
      vertex 33.37402515113354 3.5763722633947945 1.054588836751755
      vertex 41.899999998509884 3.503118149518712 0.8533248129950604
    endloop
  endfacet
  facet normal -7.062461440680162e-17 0.9396926207859074 -0.3420201433256715
    outer loop
      vertex 33.37402515113354 3.5763722633947945 1.054588836751755
      vertex 33.54999999701977 3.6060531780417504 1.1361364795330255
      vertex 41.899999998509884 3.503118149518712 0.8533248129950604
    endloop
  endfacet
  facet normal 8.226912743085247e-17 0.9396926207859089 -0.34202014332566744
    outer loop
      vertex 33.54999999701977 3.6060531780417504 1.1361364795330255
      vertex 33.71314214169979 3.6433361427135402 1.238570583099093
      vertex 41.899999998509884 3.503118149518712 0.8533248129950604
    endloop
  endfacet
  facet normal 2.814898854494973e-17 0.9396926207859084 -0.3420201433256685
    outer loop
      vertex 33.71314214169979 3.6433361427135402 1.238570583099093
      vertex 33.860660172998905 3.687583233941218 1.3601384671236865
      vertex 41.899999998509884 3.503118149518712 0.8533248129950604
    endloop
  endfacet
  facet normal 7.547066305422811e-17 0.9396926207859086 -0.3420201433256678
    outer loop
      vertex 33.860660172998905 3.687583233941218 1.3601384671236865
      vertex 33.99003001302481 3.7380373721492615 1.498760072568329
      vertex 41.899999998509884 3.503118149518712 0.8533248129950604
    endloop
  endfacet
  facet normal 5.4201939368843175e-17 0.9396926207859085 -0.342020143325668
    outer loop
      vertex 33.99003001302481 3.7380373721492615 1.498760072568329
      vertex 34.09903810918331 3.7938352718551798 1.6520635420633336
      vertex 41.899999998509884 3.503118149518712 0.8533248129950604
    endloop
  endfacet
  facet normal -1.8636818819937224e-16 0.9396926207859079 -0.3420201433256701
    outer loop
      vertex 34.09903810918331 3.7938352718551798 1.6520635420633336
      vertex 34.185819298028946 3.854022213866901 1.817425806186562
      vertex 41.899999998509884 3.503118149518712 0.8533248129950604
    endloop
  endfacet
  facet normal 1.0301791420937594e-16 0.9396926207859086 -0.3420201433256681
    outer loop
      vertex 34.185819298028946 3.854022213866901 1.817425806186562
      vertex 34.24888873845339 3.917568387201322 1.9920174825156327
      vertex 41.899999998509884 3.503118149518712 0.8533248129950604
    endloop
  endfacet
  facet normal -1.498756914469816e-16 0.9396926207859081 -0.34202014332566955
    outer loop
      vertex 34.24888873845339 3.917568387201322 1.9920174825156327
      vertex 34.28716728836298 3.9833864974824373 2.172851254304171
      vertex 41.899999998509884 3.503118149518712 0.8533248129950604
    endloop
  endfacet
  facet normal -1.9912119944051726e-17 0.9396926207859083 -0.3420201433256689
    outer loop
      vertex 34.28716728836298 3.9833864974824373 2.172851254304171
      vertex 34.29999999701977 4.050350379349432 2.356833007652765
      vertex 41.899999998509884 3.503118149518712 0.8533248129950604
    endloop
  endfacet
  facet normal -0.06540313149939016 0.3412878518939944 0.9376806666129234
    outer loop
      vertex 41.899999998509884 3.503118149518712 0.8533248129950604
      vertex 42.0957892909646 3.507507194372763 0.8653836146245395
      vertex 42.0957892909646 5.3868924359445804 0.18134332797320202
    endloop
  endfacet
  facet normal -0.19509031486020917 0.3354483226620507 0.9216366919079129
    outer loop
      vertex 42.0957892909646 3.507507194372763 0.8653836146245395
      vertex 42.28822856396437 3.5205992294991404 0.9013536855089679
      vertex 42.28822856396437 5.399984471070958 0.21731339885763026
    endloop
  endfacet
  facet normal -0.321439463707739 0.3238691787945389 0.8898232555953076
    outer loop
      vertex 42.28822856396437 3.5205992294991404 0.9013536855089679
      vertex 42.47402514517307 3.542170248552578 0.9606195732729128
      vertex 42.47402514517307 5.421555490124395 0.2765792866215754
    endloop
  endfacet
  facet normal -0.4422886995523105 0.30674854202968665 0.8427846926771912
    outer loop
      vertex 42.47402514517307 3.542170248552578 0.9606195732729128
      vertex 42.649999998509884 3.5718511657477823 1.0421672230554395
      vertex 42.649999998509884 5.451236407319599 0.35812693640410204
    endloop
  endfacet
  facet normal -0.5555702335092733 0.2843793558587499 0.7813258587809659
    outer loop
      vertex 42.649999998509884 3.5718511657477823 1.0421672230554395
      vertex 42.81314214318991 3.609134130419572 1.144601326621507
      vertex 42.81314214318991 5.488519371991389 0.46056103997016945
    endloop
  endfacet
  facet normal -0.6593457899178782 0.2571443662651401 0.7064983398534412
    outer loop
      vertex 42.81314214318991 3.609134130419572 1.144601326621507
      vertex 42.96066017448902 3.6533812190990016 1.2661692036448446
      vertex 42.96066017448902 5.5327664606708185 0.5821289169935071
    endloop
  endfacet
  facet normal -0.7518398295631648 0.22550954156888914 0.6195823733320864
    outer loop
      vertex 42.96066017448902 3.6533812190990016 1.2661692036448446
      vertex 43.09003000706434 3.703835357307045 1.4047908090894867
      vertex 43.09003000706434 5.583220598878862 0.7207505224381492
    endloop
  endfacet
  facet normal -0.8314696119753572 0.190016210892317 0.5220652487569685
    outer loop
      vertex 43.09003000706434 3.703835357307045 1.4047908090894867
      vertex 43.19903810322285 3.7596332570129634 1.5580942785844916
      vertex 43.19903810322285 5.639018498584781 0.874053991933154
    endloop
  endfacet
  facet normal -0.06540313149939068 0.34128785189399446 0.9376806666129234
    outer loop
      vertex 41.899999998509884 3.503118149518712 0.8533248129950604
      vertex 42.0957892909646 5.3868924359445804 0.18134332797320202
      vertex 41.899999998509884 5.382503391090529 0.16928452634372276
    endloop
  endfacet
  facet normal -0.19509031486020928 0.3354483226620508 0.9216366919079129
    outer loop
      vertex 42.0957892909646 3.507507194372763 0.8653836146245395
      vertex 42.28822856396437 5.399984471070958 0.21731339885763026
      vertex 42.0957892909646 5.3868924359445804 0.18134332797320202
    endloop
  endfacet
  facet normal -0.32143946370773857 0.32386917879453897 0.8898232555953077
    outer loop
      vertex 42.28822856396437 3.5205992294991404 0.9013536855089679
      vertex 42.47402514517307 5.421555490124395 0.2765792866215754
      vertex 42.28822856396437 5.399984471070958 0.21731339885763026
    endloop
  endfacet
  facet normal -0.4422886995523098 0.3067485420296867 0.8427846926771915
    outer loop
      vertex 42.47402514517307 3.542170248552578 0.9606195732729128
      vertex 42.649999998509884 5.451236407319599 0.35812693640410204
      vertex 42.47402514517307 5.421555490124395 0.2765792866215754
    endloop
  endfacet
  facet normal -0.5555702335092735 0.2843793558587499 0.7813258587809659
    outer loop
      vertex 42.649999998509884 3.5718511657477823 1.0421672230554395
      vertex 42.81314214318991 5.488519371991389 0.46056103997016945
      vertex 42.649999998509884 5.451236407319599 0.35812693640410204
    endloop
  endfacet
  facet normal -0.6593457899178784 0.25714436626514003 0.7064983398534411
    outer loop
      vertex 42.81314214318991 3.609134130419572 1.144601326621507
      vertex 42.96066017448902 5.5327664606708185 0.5821289169935071
      vertex 42.81314214318991 5.488519371991389 0.46056103997016945
    endloop
  endfacet
  facet normal -0.8968727369300098 0.15127164441220464 0.41561542722630124
    outer loop
      vertex 43.19903810322285 3.7596332570129634 1.5580942785844916
      vertex 43.28581929951906 3.8198202015729334 1.7234565497089758
      vertex 43.28581929951906 5.69920544314475 1.0394162630576382
    endloop
  endfacet
  facet normal -0.7518398295631649 0.22550954156888908 0.6195823733320862
    outer loop
      vertex 42.96066017448902 3.6533812190990016 1.2661692036448446
      vertex 43.09003000706434 5.583220598878862 0.7207505224381492
      vertex 42.96066017448902 5.5327664606708185 0.5821289169935071
    endloop
  endfacet
  facet normal -0.8314696119753574 0.1900162108923169 0.5220652487569681
    outer loop
      vertex 43.09003000706434 3.703835357307045 1.4047908090894867
      vertex 43.19903810322285 5.639018498584781 0.874053991933154
      vertex 43.09003000706434 5.583220598878862 0.7207505224381492
    endloop
  endfacet
  facet normal -0.8968727369300098 0.15127164441220473 0.4156154272263015
    outer loop
      vertex 43.19903810322285 3.7596332570129634 1.5580942785844916
      vertex 43.28581929951906 5.69920544314475 1.0394162630576382
      vertex 43.19903810322285 5.639018498584781 0.874053991933154
    endloop
  endfacet
  facet normal -0.9469301300366786 0.10993877144784703 0.3020542920755423
    outer loop
      vertex 43.28581929951906 3.8198202015729334 1.7234565497089758
      vertex 43.348888739943504 3.8833663749073537 1.8980482260380462
      vertex 43.348888739943504 5.7627516164791714 1.2140079393867085
    endloop
  endfacet
  facet normal -0.9469301300366787 0.10993877144784701 0.3020542920755422
    outer loop
      vertex 43.28581929951906 3.8198202015729334 1.7234565497089758
      vertex 43.348888739943504 5.7627516164791714 1.2140079393867085
      vertex 43.28581929951906 5.69920544314475 1.0394162630576382
    endloop
  endfacet
  facet normal -0.9807852818266313 0.0667248174499386 0.1833249292609381
    outer loop
      vertex 43.348888739943504 3.8833663749073537 1.8980482260380462
      vertex 43.387167289853096 5.828569724212038 1.3948417041739913
      vertex 43.348888739943504 5.7627516164791714 1.2140079393867085
    endloop
  endfacet
  facet normal -0.9807852818266313 0.0667248174499386 0.1833249292609381
    outer loop
      vertex 43.348888739943504 3.8833663749073537 1.8980482260380462
      vertex 43.387167289853096 3.9491844826402205 2.078881990825329
      vertex 43.387167289853096 5.828569724212038 1.3948417041739913
    endloop
  endfacet
  facet normal -0.9978589230898692 0.022369188409368617 0.06145884004626635
    outer loop
      vertex 43.387167289853096 3.9491844826402205 2.078881990825329
      vertex 43.399999998509884 4.016148364507215 2.262863744173923
      vertex 43.399999998509884 5.895533606079033 1.5788234575225855
    endloop
  endfacet
  facet normal -0.9978589230898692 0.022369188409368627 0.061458840046266366
    outer loop
      vertex 43.387167289853096 3.9491844826402205 2.078881990825329
      vertex 43.399999998509884 5.895533606079033 1.5788234575225855
      vertex 43.387167289853096 5.828569724212038 1.3948417041739913
    endloop
  endfacet
  facet normal 8.59970673809386e-18 0.9396926207859085 -0.3420201433256688
    outer loop
      vertex 34.29999999701977 4.050350379349432 2.356833007652765
      vertex 41.899999998509884 20.877741429443386 48.5897099461187
      vertex 41.899999998509884 3.503118149518712 0.8533248129950604
    endloop
  endfacet
  facet normal -7.248692169149707e-16 0.9396926207859083 -0.34202014332566877
    outer loop
      vertex 41.899999998509884 3.503118149518712 0.8533248129950604
      vertex 41.899999998509884 20.877741429443386 48.5897099461187
      vertex 42.0957892909646 3.507507194372763 0.8653836146245395
    endloop
  endfacet
  facet normal 2.9350631127038445e-16 0.9396926207859083 -0.3420201433256687
    outer loop
      vertex 42.0957892909646 3.507507194372763 0.8653836146245395
      vertex 42.0957892909646 20.87335238458933 48.577651144489224
      vertex 42.28822856396437 3.5205992294991404 0.9013536855089679
    endloop
  endfacet
  facet normal -1.1997178482863635e-15 0.9396926207859085 -0.3420201433256687
    outer loop
      vertex 42.28822856396437 3.5205992294991404 0.9013536855089679
      vertex 42.28822856396437 20.860260349462955 48.5416810736048
      vertex 42.47402514517307 3.542170248552578 0.9606195732729128
    endloop
  endfacet
  facet normal 1.7017145552803525e-15 0.9396926207859083 -0.34202014332566877
    outer loop
      vertex 42.47402514517307 3.542170248552578 0.9606195732729128
      vertex 42.47402514517307 20.83868933040952 48.48241518584085
      vertex 42.649999998509884 3.5718511657477823 1.0421672230554395
    endloop
  endfacet
  facet normal 9.862036259677697e-16 0.9396926207859083 -0.3420201433256687
    outer loop
      vertex 42.649999998509884 3.5718511657477823 1.0421672230554395
      vertex 42.649999998509884 20.809008413214315 48.40086753605833
      vertex 42.81314214318991 3.609134130419572 1.144601326621507
    endloop
  endfacet
  facet normal -2.517024723931997e-15 0.9396926207859083 -0.34202014332566866
    outer loop
      vertex 42.81314214318991 3.609134130419572 1.144601326621507
      vertex 42.81314214318991 20.771725448542526 48.29843343249226
      vertex 42.96066017448902 3.6533812190990016 1.2661692036448446
    endloop
  endfacet
  facet normal -1.9328767467644258e-17 0.9396926207859084 -0.34202014332566877
    outer loop
      vertex 42.96066017448902 3.6533812190990016 1.2661692036448446
      vertex 42.96066017448902 20.727478359863095 48.17686555546892
      vertex 43.09003000706434 3.703835357307045 1.4047908090894867
    endloop
  endfacet
  facet normal 1.814931052994458e-15 0.9396926207859084 -0.34202014332566866
    outer loop
      vertex 43.09003000706434 3.703835357307045 1.4047908090894867
      vertex 43.09003000706434 20.677024221655053 48.03824395002428
      vertex 43.19903810322285 3.7596332570129634 1.5580942785844916
    endloop
  endfacet
  facet normal -3.2692348396156437e-15 0.9396926207859083 -0.3420201433256687
    outer loop
      vertex 43.19903810322285 3.7596332570129634 1.5580942785844916
      vertex 43.19903810322285 20.621226321949134 47.88494048052927
      vertex 43.28581929951906 3.8198202015729334 1.7234565497089758
    endloop
  endfacet
  facet normal 7.533991261291307e-15 0.9396926207859083 -0.3420201433256687
    outer loop
      vertex 43.28581929951906 3.8198202015729334 1.7234565497089758
      vertex 43.28581929951906 20.561039377389164 47.71957820940479
      vertex 43.348888739943504 3.8833663749073537 1.8980482260380462
    endloop
  endfacet
  facet normal -4.672194214589813e-15 0.9396926207859084 -0.3420201433256687
    outer loop
      vertex 43.348888739943504 3.8833663749073537 1.8980482260380462
      vertex 43.348888739943504 20.49749320405474 47.54498653307572
      vertex 43.387167289853096 3.9491844826402205 2.078881990825329
    endloop
  endfacet
  facet normal 9.496766327769094e-15 0.9396926207859084 -0.34202014332566877
    outer loop
      vertex 43.387167289853096 3.9491844826402205 2.078881990825329
      vertex 43.387167289853096 20.431675096321875 47.364152768288434
      vertex 43.399999998509884 4.016148364507215 2.262863744173923
    endloop
  endfacet
  facet normal -1 0 0
    outer loop
      vertex 43.399999998509884 4.016148364507215 2.262863744173923
      vertex 43.399999998509884 22.2440964560267 46.49613072828851
      vertex 43.399999998509884 5.895533606079033 1.5788234575225855
    endloop
  endfacet
  facet normal 0 0.9396926207859028 -0.34202014332568426
    outer loop
      vertex -33.79999999701977 20.84353941460117 48.49574068263987
      vertex 41.899999998509884 20.877741429443386 48.5897099461187
      vertex 32.79999999701977 20.84353941460117 48.49574068263987
    endloop
  endfacet
  facet normal 3.6059332629723017e-19 -0.34202014332566966 -0.939692620785908
    outer loop
      vertex 41.899999998509884 20.877741429443386 48.5897099461187
      vertex -41.899999998509884 22.7571266710152 47.905669659467364
      vertex 41.899999998509884 22.7571266710152 47.905669659467364
    endloop
  endfacet
  facet normal -1.1215956239098692e-17 0.9396926207859083 -0.3420201433256688
    outer loop
      vertex 34.29999999701977 4.050350379349432 2.356833007652765
      vertex 34.29999999701977 20.330509199612667 47.086201751461
      vertex 41.899999998509884 20.877741429443386 48.5897099461187
    endloop
  endfacet
  facet normal 2.0998939467039584e-14 0.9396926207859084 -0.3420201433256687
    outer loop
      vertex 42.0957892909646 3.507507194372763 0.8653836146245395
      vertex 41.899999998509884 20.877741429443386 48.5897099461187
      vertex 42.0957892909646 20.87335238458933 48.577651144489224
    endloop
  endfacet
  facet normal 3.2396158010034918e-15 0.9396926207859083 -0.34202014332566866
    outer loop
      vertex 42.28822856396437 3.5205992294991404 0.9013536855089679
      vertex 42.0957892909646 20.87335238458933 48.577651144489224
      vertex 42.28822856396437 20.860260349462955 48.5416810736048
    endloop
  endfacet
  facet normal -2.8736636988373275e-14 0.9396926207859083 -0.34202014332566877
    outer loop
      vertex 42.47402514517307 3.542170248552578 0.9606195732729128
      vertex 42.28822856396437 20.860260349462955 48.5416810736048
      vertex 42.47402514517307 20.83868933040952 48.48241518584085
    endloop
  endfacet
  facet normal -3.0474122997397644e-13 0.9396926207859083 -0.34202014332566877
    outer loop
      vertex 43.399999998509884 4.016148364507215 2.262863744173923
      vertex 43.387167289853096 20.431675096321875 47.364152768288434
      vertex 43.399999998509884 20.364711214454882 47.180171014939845
    endloop
  endfacet
  facet normal -7.378970786646734e-14 0.9396926207859084 -0.34202014332566877
    outer loop
      vertex 43.387167289853096 3.9491844826402205 2.078881990825329
      vertex 43.348888739943504 20.49749320405474 47.54498653307572
      vertex 43.387167289853096 20.431675096321875 47.364152768288434
    endloop
  endfacet
  facet normal -1.1054720842336468e-14 0.9396926207859083 -0.3420201433256687
    outer loop
      vertex 42.96066017448902 3.6533812190990016 1.2661692036448446
      vertex 42.81314214318991 20.771725448542526 48.29843343249226
      vertex 42.96066017448902 20.727478359863095 48.17686555546892
    endloop
  endfacet
  facet normal -1.478231966821438e-14 0.9396926207859083 -0.34202014332566877
    outer loop
      vertex 42.649999998509884 3.5718511657477823 1.0421672230554395
      vertex 42.47402514517307 20.83868933040952 48.48241518584085
      vertex 42.649999998509884 20.809008413214315 48.40086753605833
    endloop
  endfacet
  facet normal -7.994050300350154e-15 0.9396926207859083 -0.3420201433256687
    outer loop
      vertex 42.81314214318991 3.609134130419572 1.144601326621507
      vertex 42.649999998509884 20.809008413214315 48.40086753605833
      vertex 42.81314214318991 20.771725448542526 48.29843343249226
    endloop
  endfacet
  facet normal -1.2018776389009489e-15 0.9396926207859084 -0.34202014332566866
    outer loop
      vertex 43.09003000706434 3.703835357307045 1.4047908090894867
      vertex 42.96066017448902 20.727478359863095 48.17686555546892
      vertex 43.09003000706434 20.677024221655053 48.03824395002428
    endloop
  endfacet
  facet normal -1.6533565033758717e-14 0.9396926207859083 -0.34202014332566877
    outer loop
      vertex 43.28581929951906 3.8198202015729334 1.7234565497089758
      vertex 43.19903810322285 20.621226321949134 47.88494048052927
      vertex 43.28581929951906 20.561039377389164 47.71957820940479
    endloop
  endfacet
  facet normal -1.4614420639976684e-14 0.9396926207859084 -0.34202014332566877
    outer loop
      vertex 43.19903810322285 3.7596332570129634 1.5580942785844916
      vertex 43.09003000706434 20.677024221655053 48.03824395002428
      vertex 43.19903810322285 20.621226321949134 47.88494048052927
    endloop
  endfacet
  facet normal 3.380679293102324e-14 0.9396926207859084 -0.34202014332566877
    outer loop
      vertex 43.348888739943504 3.8833663749073537 1.8980482260380462
      vertex 43.28581929951906 20.561039377389164 47.71957820940479
      vertex 43.348888739943504 20.49749320405474 47.54498653307572
    endloop
  endfacet
  facet normal -1 0 0
    outer loop
      vertex 43.399999998509884 4.016148364507215 2.262863744173923
      vertex 43.399999998509884 20.364711214454882 47.180171014939845
      vertex 43.399999998509884 22.2440964560267 46.49613072828851
    endloop
  endfacet
  facet normal -2.3083342302500245e-15 0.9396926207859122 -0.3420201433256579
    outer loop
      vertex 34.29999999701977 20.330509199612667 47.086201751461
      vertex 34.28716728836298 20.39747308147966 47.270183504809594
      vertex 41.899999998509884 20.877741429443386 48.5897099461187
    endloop
  endfacet
  facet normal 2.9633199061751415e-15 0.9396926207859025 -0.34202014332568487
    outer loop
      vertex 34.28716728836298 20.39747308147966 47.270183504809594
      vertex 34.24888873845339 20.463291191760778 47.45101727659813
      vertex 41.899999998509884 20.877741429443386 48.5897099461187
    endloop
  endfacet
  facet normal -3.2763065303705418e-15 0.939692620785916 -0.34202014332564773
    outer loop
      vertex 34.185819298028946 20.526837365095197 47.62560895292721
      vertex 41.899999998509884 20.877741429443386 48.5897099461187
      vertex 34.24888873845339 20.463291191760778 47.45101727659813
    endloop
  endfacet
  facet normal -4.833114782191797e-16 0.9396926207859096 -0.342020143325665
    outer loop
      vertex 34.09903810918331 20.58702430710692 47.79097121705043
      vertex 33.99003001302481 20.642822206812838 47.94427468654544
      vertex 41.899999998509884 20.877741429443386 48.5897099461187
    endloop
  endfacet
  facet normal 1.113757160670435e-15 0.9396926207859048 -0.3420201433256788
    outer loop
      vertex 34.185819298028946 20.526837365095197 47.62560895292721
      vertex 34.09903810918331 20.58702430710692 47.79097121705043
      vertex 41.899999998509884 20.877741429443386 48.5897099461187
    endloop
  endfacet
  facet normal -2.121476713136351e-16 0.9396926207859091 -0.3420201433256668
    outer loop
      vertex 33.71314214169979 20.73752343624856 48.204464176014675
      vertex 41.899999998509884 20.877741429443386 48.5897099461187
      vertex 33.860660172998905 20.693276345020884 48.08289629199009
    endloop
  endfacet
  facet normal 1.5896428161423384e-16 0.9396926207859071 -0.34202014332567193
    outer loop
      vertex 33.860660172998905 20.693276345020884 48.08289629199009
      vertex 41.899999998509884 20.877741429443386 48.5897099461187
      vertex 33.99003001302481 20.642822206812838 47.94427468654544
    endloop
  endfacet
  facet normal -2.0833561380372016e-15 0.9396926207859676 -0.3420201433255061
    outer loop
      vertex 32.79999999701977 20.84353941460117 48.49574068263987
      vertex 41.899999998509884 20.877741429443386 48.5897099461187
      vertex 32.99578928947449 20.83915036974712 48.483681881010384
    endloop
  endfacet
  facet normal -1.3157658615592388e-16 0.9396926207859113 -0.34202014332566105
    outer loop
      vertex 33.18822856992483 20.826058334620743 48.44771181012596
      vertex 41.899999998509884 20.877741429443386 48.5897099461187
      vertex 33.37402515113354 20.804487315567307 48.38844592236202
    endloop
  endfacet
  facet normal 3.813765775830582e-16 0.9396926207859011 -0.3420201433256889
    outer loop
      vertex 32.99578928947449 20.83915036974712 48.483681881010384
      vertex 41.899999998509884 20.877741429443386 48.5897099461187
      vertex 33.18822856992483 20.826058334620743 48.44771181012596
    endloop
  endfacet
  facet normal -6.554517777824623e-16 0.9396926207859121 -0.3420201433256584
    outer loop
      vertex 33.71314214169979 20.73752343624856 48.204464176014675
      vertex 33.54999999701977 20.774806400920347 48.30689827958074
      vertex 41.899999998509884 20.877741429443386 48.5897099461187
    endloop
  endfacet
  facet normal 8.4206752703119e-16 0.939692620785898 -0.3420201433256976
    outer loop
      vertex 33.37402515113354 20.804487315567307 48.38844592236202
      vertex 41.899999998509884 20.877741429443386 48.5897099461187
      vertex 33.54999999701977 20.774806400920347 48.30689827958074
    endloop
  endfacet
  facet normal -0.8968727369300185 -0.15127164441219912 -0.41561542722628475
    outer loop
      vertex 43.28581929951906 20.561039377389164 47.71957820940479
      vertex 43.19903810322285 22.50061156352095 47.20090019387794
      vertex 43.28581929951906 22.44042461896098 47.03553792275345
    endloop
  endfacet
  facet normal -0.9978589230898692 -0.022369188409368967 -0.06145884004626787
    outer loop
      vertex 43.399999998509884 20.364711214454882 47.180171014939845
      vertex 43.387167289853096 20.431675096321875 47.364152768288434
      vertex 43.387167289853096 22.311060337893693 46.6801124816371
    endloop
  endfacet
  facet normal -0.9807852818266319 -0.0667248174499372 -0.18332492926093402
    outer loop
      vertex 43.387167289853096 20.431675096321875 47.364152768288434
      vertex 43.348888739943504 20.49749320405474 47.54498653307572
      vertex 43.348888739943504 22.37687844562656 46.86094624642438
    endloop
  endfacet
  facet normal -0.9978589230898692 -0.022369188409368967 -0.06145884004626787
    outer loop
      vertex 43.399999998509884 20.364711214454882 47.180171014939845
      vertex 43.387167289853096 22.311060337893693 46.6801124816371
      vertex 43.399999998509884 22.2440964560267 46.49613072828851
    endloop
  endfacet
  facet normal -0.9807852818266307 -0.06672481744993883 -0.18332492926094038
    outer loop
      vertex 43.387167289853096 20.431675096321875 47.364152768288434
      vertex 43.348888739943504 22.37687844562656 46.86094624642438
      vertex 43.387167289853096 22.311060337893693 46.6801124816371
    endloop
  endfacet
  facet normal -0.9469301300366758 -0.10993877144784997 -0.30205429207555
    outer loop
      vertex 43.348888739943504 20.49749320405474 47.54498653307572
      vertex 43.28581929951906 22.44042461896098 47.03553792275345
      vertex 43.348888739943504 22.37687844562656 46.86094624642438
    endloop
  endfacet
  facet normal -0.8968727369300118 -0.15127164441220234 -0.41561542722629796
    outer loop
      vertex 43.28581929951906 20.561039377389164 47.71957820940479
      vertex 43.19903810322285 20.621226321949134 47.88494048052927
      vertex 43.19903810322285 22.50061156352095 47.20090019387794
    endloop
  endfacet
  facet normal -0.8314696119753615 -0.1900162108923154 -0.5220652487569624
    outer loop
      vertex 43.19903810322285 20.621226321949134 47.88494048052927
      vertex 43.09003000706434 20.677024221655053 48.03824395002428
      vertex 43.09003000706434 22.556409463226867 47.35420366337294
    endloop
  endfacet
  facet normal -0.5555702335092753 -0.28437935585875024 -0.7813258587809644
    outer loop
      vertex 42.649999998509884 20.809008413214315 48.40086753605833
      vertex 42.649999998509884 22.68839365478613 47.71682724940699
      vertex 42.81314214318991 20.771725448542526 48.29843343249226
    endloop
  endfacet
  facet normal -0.6593457899178803 -0.25714436626513787 -0.7064983398534402
    outer loop
      vertex 42.96066017448902 20.727478359863095 48.17686555546892
      vertex 42.81314214318991 20.771725448542526 48.29843343249226
      vertex 42.81314214318991 22.65111069011434 47.61439314584093
    endloop
  endfacet
  facet normal -0.7518398295631613 -0.22550954156889105 -0.6195823733320898
    outer loop
      vertex 42.96066017448902 20.727478359863095 48.17686555546892
      vertex 42.96066017448902 22.60686360143491 47.49282526881758
      vertex 43.09003000706434 20.677024221655053 48.03824395002428
    endloop
  endfacet
  facet normal -0.9469301300366765 -0.1099387714478495 -0.3020542920755481
    outer loop
      vertex 43.348888739943504 20.49749320405474 47.54498653307572
      vertex 43.28581929951906 20.561039377389164 47.71957820940479
      vertex 43.28581929951906 22.44042461896098 47.03553792275345
    endloop
  endfacet
  facet normal -0.0654031314993945 -0.34128785189399535 -0.9376806666129228
    outer loop
      vertex 41.899999998509884 20.877741429443386 48.5897099461187
      vertex 41.899999998509884 22.7571266710152 47.905669659467364
      vertex 42.0957892909646 20.87335238458933 48.577651144489224
    endloop
  endfacet
  facet normal -0.19509031486019002 -0.3354483226620494 -0.9216366919079174
    outer loop
      vertex 42.0957892909646 20.87335238458933 48.577651144489224
      vertex 42.0957892909646 22.75273762616115 47.89361085783789
      vertex 42.28822856396437 20.860260349462955 48.5416810736048
    endloop
  endfacet
  facet normal -0.3214394637077553 -0.3238691787945374 -0.8898232555953023
    outer loop
      vertex 42.28822856396437 20.860260349462955 48.5416810736048
      vertex 42.28822856396437 22.739645591034773 47.85764078695346
      vertex 42.47402514517307 20.83868933040952 48.48241518584085
    endloop
  endfacet
  facet normal -0.4422886995522907 -0.3067485420296908 -0.8427846926772
    outer loop
      vertex 42.649999998509884 20.809008413214315 48.40086753605833
      vertex 42.47402514517307 20.83868933040952 48.48241518584085
      vertex 42.47402514517307 22.718074571981333 47.79837489918951
    endloop
  endfacet
  facet normal -0.06540313149935419 -0.3412878518939926 -0.9376806666129267
    outer loop
      vertex 42.0957892909646 20.87335238458933 48.577651144489224
      vertex 41.899999998509884 22.7571266710152 47.905669659467364
      vertex 42.0957892909646 22.75273762616115 47.89361085783789
    endloop
  endfacet
  facet normal -0.19509031486022288 -0.3354483226620502 -0.9216366919079101
    outer loop
      vertex 42.28822856396437 20.860260349462955 48.5416810736048
      vertex 42.0957892909646 22.75273762616115 47.89361085783789
      vertex 42.28822856396437 22.739645591034773 47.85764078695346
    endloop
  endfacet
  facet normal -0.3214394637077607 -0.3238691787945373 -0.8898232555953004
    outer loop
      vertex 42.47402514517307 20.83868933040952 48.48241518584085
      vertex 42.28822856396437 22.739645591034773 47.85764078695346
      vertex 42.47402514517307 22.718074571981333 47.79837489918951
    endloop
  endfacet
  facet normal -0.831469611975351 -0.19001621089231907 -0.5220652487569778
    outer loop
      vertex 43.19903810322285 20.621226321949134 47.88494048052927
      vertex 43.09003000706434 22.556409463226867 47.35420366337294
      vertex 43.19903810322285 22.50061156352095 47.20090019387794
    endloop
  endfacet
  facet normal -0.7518398295631613 -0.2255095415688911 -0.61958237333209
    outer loop
      vertex 43.09003000706434 20.677024221655053 48.03824395002428
      vertex 42.96066017448902 22.60686360143491 47.49282526881758
      vertex 43.09003000706434 22.556409463226867 47.35420366337294
    endloop
  endfacet
  facet normal -0.6593457899178996 -0.25714436626513437 -0.7064983398534235
    outer loop
      vertex 42.96066017448902 20.727478359863095 48.17686555546892
      vertex 42.81314214318991 22.65111069011434 47.61439314584093
      vertex 42.96066017448902 22.60686360143491 47.49282526881758
    endloop
  endfacet
  facet normal -0.5555702335092518 -0.284379355858753 -0.7813258587809802
    outer loop
      vertex 42.81314214318991 20.771725448542526 48.29843343249226
      vertex 42.649999998509884 22.68839365478613 47.71682724940699
      vertex 42.81314214318991 22.65111069011434 47.61439314584093
    endloop
  endfacet
  facet normal -0.4422886995522908 -0.3067485420296908 -0.8427846926772001
    outer loop
      vertex 42.649999998509884 20.809008413214315 48.40086753605833
      vertex 42.47402514517307 22.718074571981333 47.79837489918951
      vertex 42.649999998509884 22.68839365478613 47.71682724940699
    endloop
  endfacet
  facet normal 0 0 1
    outer loop
      vertex -5.5 70 3.75
      vertex -5.5 68 3.75
      vertex 5.5 70 3.75
    endloop
  endfacet
  facet normal 1 0 0
    outer loop
      vertex -5.5 68 9.25
      vertex -5.5 68 3.75
      vertex -5.5 70 3.75
    endloop
  endfacet
  facet normal 1 0 0
    outer loop
      vertex -5.5 70 3.75
      vertex -5.5 70 9.25
      vertex -5.5 68 9.25
    endloop
  endfacet
  facet normal 0 0 -1
    outer loop
      vertex -5.5 68 9.25
      vertex -5.5 70 9.25
      vertex 5.5 68 9.25
    endloop
  endfacet
  facet normal 0 0 1
    outer loop
      vertex -5.5 68 3.75
      vertex 5.5 68 3.75
      vertex 5.5 70 3.75
    endloop
  endfacet
  facet normal -1 0 0
    outer loop
      vertex 5.5 68 3.75
      vertex 5.5 70 9.25
      vertex 5.5 70 3.75
    endloop
  endfacet
  facet normal -1 0 0
    outer loop
      vertex 5.5 68 3.75
      vertex 5.5 68 9.25
      vertex 5.5 70 9.25
    endloop
  endfacet
  facet normal 0 0 -1
    outer loop
      vertex 5.5 68 9.25
      vertex -5.5 70 9.25
      vertex 5.5 70 9.25
    endloop
  endfacet
endsolid OpenSCAD_Model
